S00E0000647269766572732E6865787F
S219EC00004C5A4D41000280255D00000100002F940468F7A903EF
S219EC00151DE519DE49BF70E1CC64120A95574A679B716E870E9B
S219EC002AD85950F48ACC59626E88767A12C68CA196B125105192
S219EC003FF312C344845F5D7F5CFEE95F5DC27CA66B079218A150
S219EC005472240EE4897410980433FD06E6A7D995186A5E423DE5
S219EC00696CB4E6C610317DA6B937D0DB23158E47C72E67B104A8
S219EC007E5826C53487A35DCD629763D246FC1FD5BA2C5DC7C57E
S219EC0093DDF7130E5D953DB968754A45563020006E8E8F1DBA16
S219EC00A8055838B85D0B316C05BE56AD741DB3C73326DB89343E
S219EC00BDAEE4DF309575FEB05E6974D82D05F0B46AAB6DDFC9D1
S219EC00D21657A55C91FCEC68EBBC818DCBCC68B4F80DE62F3720
S219EC00E7BF789AFC4935CD9C36312033F28E2D2F1AFC1C741B08
S219EC00FC49C1BACCA37B4BB2C96525815DE5C0AE6109EB04B6C0
S219EC0111B4A77A35590BF4586E8C57F299BFCF1ED41261CCC1D2
S219EC01260BAEB0EF631E0A6BD3F1BB6E2DE6985261D98A07EAE6
S219EC013B7F6C6C688F079B0420067535B55061C22CB52BC8F40A
S219EC0150AAE0E9545296F66B82C754A92C2876DBDF6B3AAF1F5C
S219EC0165B2D0BB4F58467EEF601B59887FEBFA09656BE42089D7
S219EC017A58F1613EAC9BB7D7418A6E58A8D18F629FD6274020CB
S219EC018FF86CFBDB9C15E77818D83EB4C40A13812478DFCA2671
S219EC01A47B35EEBE31D92CF41E48C89E617ECFB1319BE29C4614
S219EC01B911C40212912AC1C9FD50DE0D71C0F42EEE9F687222FE
S219EC01CEA9249FE0685CFA315F9E59206AC480F09D507A83F200
S219EC01E3694DEC97B3C42A8CBEF6FA895625D860A55C5E995975
S219EC01F8689BEAAA7B12F810AD1BDC01181EFF0BCA5637846FA6
S219EC020D61946DDC1F0EFB1304025E6F1F626C250B4866EC7870
S219EC0222FAE9122C9EE6263AD30CA17ED456AAC904955D798641
S219EC02371E8FC4FF4708D307101D025CC8E3AC733143C385F91E
S219EC024CDFB4A2992A188A1E33B8D143B1A74B410A7A2A0A2D2C
S219EC02611C09848284149E3E3B525F032F041FBF35BE7E25035F
S219EC0276DA23BFBD3BE6B20932C61C645151AB0611CCEFFA6933
S219EC028B0E5CC9BBC6740C61C8DAF7C0265B6A267489128FFFD1
S219EC02A0AAE943ADA3E862C49BEF1624F313479D00F58DA057FD
S219EC02B50E7F1108C4ACB7ECC399A0345632020F6EC58D816818
S219EC02CAA96DE1AEC7D6B03F3B2A6F7AB34D1C7CCFAF730A40DC
S219EC02DF030469A4A5F32413A12EBF74530E493B2728BFE8FF5A
S219EC02F4B7AF852ADFCE2C971A8A0F1EC846648ED8D827DC6D8E
S219EC0309B8A097C68785D949BA073F87059D7839B7E7543BBE46
S219EC031E1015F22DEFE71BF25F5D15E0B9A6502D6BAE98BFC7EE
S219EC0333FCDB168EAB1A4095A522537DDC4CFECADBAE8FFE26EC
S219EC0348FCB2AE5BA084B4D78116C48A6C8F7B03DA381810B2FF
S219EC035D7C3A3507289EA95BE95384AF95AE5C0134E76CD7B7BA
S219EC0372E3949B8A2F1C64746BF858E0E4232435CECBBAEF0782
S219EC038712855062B880ADFFB16619E9AE57B98A91198721117F
S219EC039C4FFB7280EEC1168D2E40B6043584298C27565655E629
S219EC03B143666C16C939A1937C34B6CAF3510CFD588B65E3A598
S219EC03C658470489E87C7C71A79DC8FF84373849EB33E8F186F0
S219EC03DB81A5A1ECB342E35896D964F3E13440289792DE8C481B
S219EC03F0FDC8665BC7D5187E28E0E159B3F77072216ABBFBA69A
S219EC04059CF99CE26E1FD1E9F2CB933B0FDDD549A80168846607
S219EC041A3D14FBFE831D065DD1CA3E0665983E9064D3B213F1F8
S219EC042F285D4C8EF9A7824B72AACAFE47C30469B860E4554906
S219EC044416003DFB5AD90C7333AC7E262A82D6AE02C84504D11B
S219EC0459738B0C94301E8BD94A05BE5590988C2BE497A53B822F
S219EC046E8641DCEC20716D925401348461708D59727047856790
S219EC04833D799AE87EDE258DFDEFEF1F50B3863BEB2043269F5C
S219EC0498FAA0FF1B966730BBCA649E63B26B3E67CCC485C00DEF
S219EC04ADBF9CFBD0ECBD9E760898ED8DECB05D4058BAACD1F68E
S219EC04C2ED1F979C198505D84B773413BCDC8A40390802C946BD
S219EC04D7B3ACCF8044AB7A2DDEA66F1C10EA0CAA54783F40F8D9
S219EC04EC9893083BCFE7D630481B28B04925AA341C3CFD2EF1E5
S219EC050182E083DD1E259741343D913C7BC2A5C13E1808F501E2
S219EC051625AADDCA5ADD9D0458F064FEB897C8EE4708FD3C4F0B
S219EC052B6FB02E5702CB4DD89CD95449767D8FAF0ECE97CA555F
S219EC0540CE2495548113636D0F741E60F6360F190ACD210AAA75
S219EC05554930160F8C9F0043D73DBD23BB2186A8537655A8E6EA
S219EC056AA73B777CFE490D06F116AFC4BDA779F4775B24467461
S219EC057FB127297965837103F8A38AE3F4DD3F56EDF7A90B8812
S219EC05948F2930D291960FC861D55C86580A23470CB40D8A7DF1
S219EC05A96212DCA50662478EC61A010995E3E40A705FD7FEE442
S219EC05BE64B34309326078C56EB61562FF4CBB88DF8EB8FE5A5F
S219EC05D37BBCD3BD2DBED91A7C374CC2F618F0A97A240FFC4725
S219EC05E88E9E4806CA10C3F935D08B63C97BED03769626054956
S219EC05FD30D08662C3D8A65343D211F2A5414BE4CF079F842135
S219EC0612B49388869E9DD8A90250BEDAAF539BCC18217EA4BC67
S219EC0627BA8317FAC212C37887C8D74A4B2CECD1B78D6EC7CC87
S219EC063C2D49E1D910175CA86F7012761720634478B2089D3D0C
S219EC0651E97E73167A1A4219B43B1543104932F5F74E7981338B
S219EC0666F9722A8382E76772DD8BA33A65CFBDABDD1E8C8F69D4
S219EC067BE4CD6EB050156D460CADCDA439991B2E09741D1D4650
S219EC0690C949E6342605E95E2B9519924A63DA17EBE864D5C2EF
S219EC06A55697F426CC6804BB73049D50D5A13B240F7E76DAB18E
S219EC06BAB2C474061B3A846AD659FF20A31E8088759CEDDDA570
S219EC06CF9325BD639734D03930D1FB86755EAD1EA20635027505
S219EC06E4C1CF285BC6BD701A7633AC1F9724B4B8C8D418372A40
S219EC06F941F874B6A63FFB2CB892F5F7F00194761D496D2CBAA2
S219EC070EAF15166A1851A5B49A9C96C4D9A3D30D99E67A8ECD9F
S219EC07239AFF99330A8340AE11B23CC8156C079BC9D34D9295F6
S219EC07381F42440E959083609A042261B22A300AC5615520EB43
S219EC074DB8024372E3B4F72EB8BF86CFD76F99BB832711E21D5B
S219EC07623CC273BE120BE3D541AE755B3F837192BB774B2EC49A
S219EC0777822DA14BA6D6910B446EB5559093E10C4A8CA4FECDB8
S219EC078C75E653884C40356C73CC2A1482FAB2D4A81B3A85986B
S219EC07A15DC9B9B7410DBB2C314AE390DA4B34ABF7D42B738BA1
S219EC07B6EBA0940D659223156EF638797403338DA80EEADC49D1
S219EC07CB06C8261AF1340B4CF8BD66CCE4A15E8A5EAAF4175CDB
S219EC07E06F463AC5359326E1A15FB198BBE79E332C22248C0FC7
S219EC07F54516A27E566689AF896237210F0FE5233ACC0F7ACBCC
S219EC080A03F9CC5928EBAAE9613303033CA8D06CA03230F8AAC3
S219EC081F09E09E109374BA2686BD2CB98A1C269C692592A58F71
S219EC08340AB6955324E845022AFAC0CA023987CE7EC318C31653
S219EC08499C077DF0509BD224B21D4C5EE753A5A02CAE4AA82EC6
S219EC085E6431997AFC8D53F29840505D1A6AD75EC5E70B1963AD
S219EC087345FB6C24FF29BFB8B83F73693F13DAD012C408F54B23
S219EC088867E9166ED80930B95FA4B45D2CBFB1C552CFDF3C71AA
S219EC089DFFB7140892930487CF0CBE1985C898A69206297875E8
S219EC08B2D8B7B239B5EBAE854E0D4BB413515AC696434F97381E
S219EC08C793EBE3F3506E5FC924080395A98F85463602F619A043
S219EC08DC98B132287526F31997B51AFA18D406FAA3239E618F2C
S219EC08F1AF48D7D02A134D0BE4EBC633901ACD87707E8A269DCD
S219EC0906E18F78438730BAA91DC2AC1AEA3E194990F457D0FDCF
S219EC091B9B86B31C9FD92E924F2E93485A42BD3A917316BEC823
S219EC0930DECABAAF58123A104E44E671BBBDF954D774713CD086
S219EC0945224CF800C78EBC38A213CE7AD47FAAF4B37E34FA7739
S219EC095AC967A719F14F07661BA0FB019161C6037F9D8A13428D
S219EC096F0028913A406CF978818632407FC2195AFADDE9E8BEDF
S219EC09847F1FDEB7DD1E3371D2C72ABCECEF6AA2D6708EC4CFCE
S219EC09996214073D88F5A49F506410174213D0F2FA32C7B4360F
S219EC09AE916BA712124FD9A168A71013625DCA9988F9BD896137
S219EC09C3B62A364CF3FB0E690A1D40CEAE8FDA3CD5873965568F
S219EC09D830059B1222816018BCC83CF1BD33C6CA3C9594BAD4F8
S219EC09EDCF0F28247F8E7C886B5FAA97B6AF08AD6D5AC5CDFC4F
S219EC0A02AC694C277EDC9869282BAFEC370E5FA64A7681F65943
S219EC0A176D969CAC2762E49A1138118FFC529434EE1F920912CE
S219EC0A2CA060997250C749D13EB6EBE2357F93425DFB25FADDEA
S219EC0A41C8B9574C70E2B9BEBECC0BF30F8B1FC474EB768A98C6
S219EC0A56A6A5C8E3A79BDA869FF1C4855F22DF01F3DB457090B5
S219EC0A6B163EE28E9851FD4EC07E45F1A77E3541BE2C73E7E456
S219EC0A805BD1CAA97CCA7F38DDB5047ECAC4772D37CFFB8EFC03
S219EC0A950F4C04EEC2DDBCF42C285173FCA9421464854FC5AF00
S219EC0AAA59990ED22FAE50096457031C0ACBA0F875A742CB9836
S219EC0ABFA59A421DA54E8512E6374869DF1C9B36517F175A36F8
S219EC0AD4BFA10643831C5A95DEF8160E60F06FF376BFC3B3BCD2
S219EC0AE95181D82B8E7E30C622B44DD9E77B09ECDE35CEC1E05B
S219EC0AFE9D851657695AA39B5CF90043412E91BDCA29F3CEE178
S219EC0B134D365221C64E431E20EC65565391B0B8B40286FA1E0A
S219EC0B283EFF18DC741BD58530E109F35E04C08A4D6AC96BF316
S219EC0B3D9A00FD8FF11E3A58744632B039976A905C0535233E8E
S219EC0B5241B198863E75A0B20B5B434FCBD1F8D9F205B3FC4637
S219EC0B67997E425A77B94FA3389C8A7F7784FBCD57AEF0A0E49A
S219EC0B7C74F114A0053A632660896126CEDA606CB9B3F0B4227C
S219EC0B9183944B7CA6AA32E3BC181342D937FFFA4B2FDD73D24D
S219EC0BA6072245FA87FF771CFEA10BAE21764F024A6ABBD351F5
S219EC0BBBAAD89C25A8196D8C7D0E7F23352AA03CC1F80D235195
S219EC0BD042FFC4C2ED847CE459C156D7D8C914A06E8A18245D5A
S219EC0BE5AA73540A4A5293110B80F764B8F7EE7AA54401EC621A
S219EC0BFA328F9B7C21DB651D90094059707E5734F5DB6E5ABF9D
S219EC0C0F4B5B103117FE173D8F0CBF09A6A00C09A47B7CCB9AD1
S219EC0C244E9FF35D19360260A11DE6899D4013F13E9B267DF959
S219EC0C39AEE59F1B3E42B3A7CAD0DDF8C2080D6FAFBEECB2D2FC
S219EC0C4EABB52482139D6708393A93DC85DE83FFEB12DADF38C6
S219EC0C63A162E546EA9FE0B070956FE5CF33832B5041DE305349
S219EC0C78E8211C4E88C3C729F3B6BBA11693A080E3BA545F2486
S219EC0C8DE989408DFDE75C72D6E0BBACA9C18819550B36DA7068
S219EC0CA22AA9169939755DE05966B22118658DE35719198AA0AD
S219EC0CB7374FC6E33AFF0DCA9477EF2096D16F8C0AF3CEEB4A7C
S219EC0CCCF6E903D9659C9A7BFBD2EA5624BBE02D57666D71239A
S219EC0CE1F3015F7FD8ABCF92C6BBA81B8B166F942AEE194E6B85
S219EC0CF6CC05663D9017F7E3ABCBF4198B3C9785C3D598F0F28B
S219EC0D0BFB023C4EB7ECE5E67FD16F61519520E11A7C06FDDF6E
S219EC0D206E25B93FBB8B9277A7B3283A6549B55C5E427687BC1F
S219EC0D3511E8681593CFC347F1B275FF8D22D943E2621B7C0415
S219EC0D4A7739481EB8041E0B281E83A41935DCE19E731905B64B
S219EC0D5F135A952532D76F321E33B37DF31BEBE15528AF406591
S219EC0D746E074549DA4098C169F20160965FE6387A93394B3370
S219EC0D89D048884DADF81F4B74745861F4A3AA8DD862A8499E30
S219EC0D9E6CB632DDA8ED7CBF461E4239B4773D993DABD423D7B8
S219EC0DB3DF19B49F25E33BBBA56603D51A7E79FC071C7E88D305
S219EC0DC880C2A51FB7FC31A84AC6AC7BBABAD2841F2378AAF43A
S219EC0DDDB570EDF5F7F869A1D14791A4AAB496D376DB18C7F3D9
S219EC0DF2AAF62617FC72B9A98F4FBCB5E66DF046538D91A274EF
S219EC0E077AB53979FDB8CF8F972A1267FBDA931F0BE14A516049
S219EC0E1C44D98C64C0CA38DBE18E2EFAF2C5873DF514B3545FA5
S219EC0E31159FCD057D548B43851FBD02BEFB2EBA05F09C939FCF
S219EC0E466DEBF9F4A24B13571BC327AA2EC113F0B3206926A661
S219EC0E5B65FDA12B75B2EE4041A3E8EC8FEDCA94DB374488CDD1
S219EC0E701F5E0DC1E28BDB2D2D4A97865FA1989B8797650C9ACC
S219EC0E856034B632318D3D620ADBC717FD73CFAC39379F32B4EB
S219EC0E9AAB004F394AA7D59CC8E003736879D94E4A11273CD801
S219EC0EAF391818AB815EE2BD941FDD7FA225E4B7C1DB6F1124FA
S219EC0EC40B5979EECBA00B331184EE01BCCCEA1F5487CAC43FF7
S219EC0ED9373B09D639114B527D355CB3299E7899576574C80B3F
S219EC0EEE4512A615B4886679043CC99453569DC0F4A35EA73A58
S219EC0F032137C14A294CC82A31D75B35E4B921B61A1E49124936
S219EC0F187A38F925F633D9D977CFD1E7A8E4AE160E70A08543F4
S219EC0F2D92CCD4D103A76F44E6E0A39E8288226C3CE6027ADD44
S219EC0F4292D2E89B479BAD7229703DF62DB08A52369D4A2FBE32
S219EC0F57B6F950FD5DE57989AC7F7A810DDBFCC531A63F50130C
S219EC0F6C1A29134110DCE04A6AD0D55DACA200490F29684E1FC2
S219EC0F8143EC20D67CC1209B6C22159F0BA24CC8A78BF7BB5C0A
S219EC0F96A9537E2247F10186CAECB6F10B99B8F9F0B273117AA8
S219EC0FABF5B18A51CC3107F7867B3AC38E8B2BFA79A9F03B7EBD
S219EC0FC0A5184F0D650C272ED661A2622074EAFDE133547ED4DC
S219EC0FD5E628619A4C41B6380B3533845A70FC4F27D42D8507D2
S219EC0FEA38FF48794658D28346D1BAD0307BE14EDD0623CEF5D2
S219EC0FFFCBC45AA438325896B7D97F8EC197D7F83E6AFCE6BAFF
S219EC1014B9AE06D548520E81AE222D466D49B8C4926A10CB859A
S219EC10299C7E931CA98832C1F7DF9E4C86FD529F5A702006852B
S219EC103EF0550D1BA7FFCB6AB4E7D51941A4E866248D5E27ACC6
S219EC1053384969A4C81598286362617E4AF976F0CABF9A86E195
S219EC10681D4E55E7C8328ACC9C47EC34DB9EEB37E4A64DD3D370
S219EC107D6CAC35B6B438E5845A64C074164C06CB991DB9650517
S219EC1092E965453C999E7617C2A312D914586000E151A85781F7
S219EC10A785AC75E27E880B7EEF546ADC6A1E9DE9FD4B273F8562
S219EC10BC285032A7A5A6DD386E226D665003B61565A321869EAF
S219EC10D128E7E6D80E73FF9A2793B704086403F5C7E6C1195D75
S219EC10E66B340DDC05591BB9C56B983008B54889C4F29412ADBB
S219EC10FB37A3D324F4597F277EF9C905B50152DF333D035D3EF1
S219EC11108A30387F2BCB006B3D2772D845A6F7D90FE13C73ED12
S219EC1125C9EC4B1308C56A1CFDC03D755E3C9E7B261374191165
S219EC113A97326905369E7A44C82222AE551EFB40D73B36C38DE6
S219EC114F8BA1C8925C9A70A32FEE5A72A9ED1BB9856EC96EE2AC
S219EC1164E46F995156128F592BF4FB10081FCE3098B8CCF14854
S219EC117968869599C9797572AB9E045A77090E41ACA1173ABA5D
S219EC118EFE2060B7CD393072A6754030501FF388D083854AC027
S219EC11A3D1E545F66AC370860D1463B54242741B1DAD2D2CB70C
S219EC11B81C7E21B24E81086899F921A69B5678E3566FEA18A277
S219EC11CD663C58346E1146479B517CABCBDD65BA607CA47F7594
S219EC11E26E982950F9DBE41D8224794B7CA507FE88ED2ECD9D16
S219EC11F7FC163E0A0F78FBF255FB0E4D9037684DDB7CCB9DC07E
S219EC120C03AC2829915C1E10B21E09D590AE97C721775851B680
S219EC1221ED01CBC1DB44267062FAC44AF6E72872FEE710314D44
S219EC123699F7C1A0F5083C9353DEBAC2D2B8C54F39D2EDBD32C3
S219EC124B6E8512E2B4BF85ED7C111E7E5B99121117CE17900BFA
S219EC1260245C4FE98E8E10CC030EBE16575C8445B742BE36E8A2
S219EC12750D906A3276F6DC3054947C7F7609406A5D0D0951B73B
S219EC128AA213AAD3B0EBF9ADADDC87E6970B67FB66344A4A7251
S219EC129F69CCE66225A432C1032DA7F324174B5068F1DC0081BA
S219EC12B4423203FBF9DC1EA54A75D4B3A72B0FA694F8358464B4
S219EC12C9D3304069A26B4A4E1956FFDAF68A252D5AA2DCEDA54A
S219EC12DEBB93A5671FC31C80E417A800901D2828AB759D33534F
S219EC12F3ACE583F4D35E0E3156536AC195A9302D3A21BE4DA305
S219EC13082FBCE5C9E144328A278AFCD39FF45BA9F5F5A020C4E0
S219EC131DEF3EAA8CC86CA2E85614732F3BA66A1BC8E36DFDAC76
S219EC133231C00192CDDE1CD91063E3A04C24D8592F59BFEC5473
S219EC1347E949AB43105EFB33482FCF3B54B6A29D097ECA951E16
S219EC135C1FDAA0DFE81E71AC3644E56BDD421989BE2D88EF8E75
S219EC137186B218892105B2B0A157759D402E0E6106E7576290F8
S219EC13869B6397AD8F55286EFC20F03CBE47D21FDA637702268B
S219EC139B43537B6482BFEFCEED19E28DF25C7DA91C750238F233
S219EC13B0819A17AED4CAB7C431B74C4D9FDE752348D8F55088BB
S219EC13C5973AD37B408F694B474F32192D975580A7ABF70200BB
S219EC13DA7D7B18FB7EE9F24A80CB16FA53C0514F8720B176DCA7
S219EC13EF7A42CB80C82D34DF9AB946575AA0AA50F707942763E9
S219EC14042CD83CB3269D23F35112874174786579043DD96F2474
S219EC1419E816105C7B2B14D6023CB6BF79A6031BB35F41D416A6
S219EC142E099DA344AA0CBCA0B18C6AAF3CC3CA97848E58BDA29A
S219EC1443FA15C0A169C227B9AAADE30B4DF551A57ABA5CF8859E
S219EC1458AB1C0A191DA52B539DB67DE51E8FE1B41A5F029372ED
S219EC146DD5C21F49ECE82ECD486283D98D730BBC30B126CB8F7D
S219EC1482969096C127D668A456E19C17E80966D711BA29C457B7
S219EC14974099CBCB631259F325CB2EB683BC909E354D00C8C4D0
S219EC14AC0E027F3F331755DA1C2024D8C15B89B587C18DE0525A
S219EC14C11097E252B1B4AB0BAA57C1AA539043DD96346E49B28D
S219EC14D6729DAB6F32CC613E9A62640A53082891EF3CF50B2978
S219EC14EB1FED58F51B54488B4A8AE888202E88D962E1090957C1
S219EC150036AD1C42582F3680A40442E5442419988B22D7DC130C
S219EC151538ACEADF5DC06D49930E4A90E3CBDBEF592A4E363323
S219EC152A2495CE189CAE4428943F1346595F0766FFCD72061AB7
S219EC153F7C367C5092C20A72B559A03B289B8355530A937CC1A7
S219EC15545B12F235187CA2F5DDEF192185EDD3D092061FE5908B
S219EC15698F096B9B346DE22C9C0BB4AC351D32F283CD8271EC83
S219EC157EDCB98A84A97345DFAD0C0142D2A51E8EE7D9FD73C471
S219EC1593681FA751DFE41ED27503816E5EFCD857630ECC9C5BFC
S219EC15A86D73C07AE1CE0C198D5D7E66117DFA1D274C94CB3ECC
S219EC15BD7A3FE9091ED3207639270ABAFD125999C441EFDB5AA8
S219EC15D26510277787A1785927941C2E1A6F2775E92742B48552
S219EC15E73906AA70A71AD15E93F41EC58811B413C89475CF90BB
S219EC15FC30CCD2095DB893EE80BC07D1266DB3685A502BA694AB
S219EC16118A273EE7A7FE90667706B5814F7C762FC091AD6DBC18
S219EC1626BF8896ADEEB07C4C82339825B5EA766FD373F0AA8375
S219EC163B934951420495FCA7EEAB624AD0F09DE8C43ABCE94C85
S219EC1650082786A0E79F72AEB64FDE76F6EF5FD8DF4D6AC8774F
S219EC16653A1C831A57CA3D0E5E145E12A04465C1F038C85D6D7A
S219EC167AD452F83961EB211E4BB3185B835CBFE610B2031EAB05
S219EC168F8BF8E19F6C28A7AB0A4CAC057BA3F5BCA9A62492A5EC
S219EC16A492834CBDC8A2F5766D83E0A03F551085563852B01410
S219EC16B9E2B5B39E570DBDA62FD45DDFF2F549F75BA10F3311C7
S219EC16CE493915019FDDD2F0E98DD9527C75ED164A75A4042C18
S219EC16E319A229584ADB87071DE73E45CE37C53BD96D1EBEB1B3
S219EC16F8456641BADC90B1C22A2AED89BDFEAEEBFA65471AACDD
S219EC170DAC1107EE66B9528870559EBD6A26D0747753D63E7BDE
S219EC17221A99CB10D4075B850DA834965C1F3893B1DAF31FC74F
S219EC1737907D191C0C3E31E5F93C161959581D900784000ED0DF
S219EC174C5FA8BB3714240FF18DA4C8D658BD0E4DB87652427FE6
S219EC1761DA5FFA2046ABEAEE228D8383339215E1697A50FBC602
S219EC17764BE9F739194CF9E63936C8656DE088098229FD083C5F
S219EC178BFECB826B3AC79CA9D0D8988F519865FE082F4FDA20C1
S219EC17A0CF50293B75C478F9B06640C74B0BBD0E333A261741ED
S219EC17B53FB667D3663338FF6C043CF37EB50A083D0E0FABD274
S219EC17CA89141CB0B7F2DA713200BF2694F155F0C1068A662400
S219EC17DFE2424B883FC2CBB63C1E6824AAF4E15F04774EE04AD4
S219EC17F4AAA682AAF0F81D4F24018D7E80AE7BFA198758A9F7B4
S219EC1809A46AE708F16E1FC6B918F0BC076EA19823FFC1C0AD1D
S219EC181EB37B385C99193D6B40CC97922C4962FDD69CD440F128
S219EC1833FE01BDEFE2796EC8CD5FF5DD379E136E7EF2C6599BF5
S219EC18486E6D7868DE507824F16408B2E3157C6B5DEE38385D0F
S219EC185D6CFF286575D94CB8F348D3A679727693A856B9A6092D
S219EC18722BD768BE10A1A0F8307134300B4FDAA594513B7A1077
S219EC1887C12C6B6A185DF47A84FA0A4AE9CC64FEBE4DF1344D50
S219EC189C2A82FB66FA4B062BF6DBB987679FA009FBAEB2341C58
S219EC18B16680C6C611D83568225A899D17B572174472EA4F95BE
S219EC18C6248110EAEFB80BF9CADD0C994D9E34C0A2D384213657
S219EC18DB5C3A4BEA4B7598EB61C41146A2468B94EA5F4CE2FC03
S219EC18F052AA4A1BE20C827037CEFF6B5872CF254C1794DA11A2
S219EC19052D5B3BA9779A7A9F45313EDA9188112A2CDCC3E5991B
S219EC191AF538848AED2BBC5A50F6F104C6329FEE497407FC7F5F
S219EC192FAB2F8125516D34B9A4E97FF653473A1E76DE58DF8E7A
S219EC1944D78C36B06D49E86E23F73B6B9D50D94F281BC639E44D
S219EC19595CB4FFC32C9D33F93452F3A7B1D20150AED4F03082A9
S219EC196EAA2D890B8E7BA63B1CF54727332DE7AEDEB84D23C4E0
S219EC198391EC8E73085A3AE93A803EA7F4B4E44B5BAEB094CBCD
S219EC1998B40BB7ED3A2F328E972EE68B84E38B2F44813C3B7BAF
S219EC19AD33C76074FB03BD72C8C4CA5BDE4FF2E2CEB6428CEB4A
S219EC19C208EEBAEADDF13FC8AD86D09E9A0492B3952C0D695C99
S219EC19D71C06F098BB5555117054BDCB1B71746618167F9FCF1D
S219EC19EC1ED61F51DC9FAA9999FB38514BDA8186B39CE85E2EC7
S219EC1A01AD6D67B95910F3AF6A8EFD9D1C114F528CCD91F7E970
S219EC1A16FAAB0FC44DFFB748A05DABDCAFFD99CFFD893442FB78
S219EC1A2BFAB90BB927315F368BAC725E1EF2D064344FE85497B0
S219EC1A40E5F22F6FED2620A116A12B1E434F76B26D369FA16852
S219EC1A55645AB292C4D5D133F957EC665C33767BC2AE6124CB0A
S219EC1A6A0B6FF570098B9DC97E3B316E245BC4636D1715132FC4
S219EC1A7FBE0CAA2C0F3468506A201D0003078307414A9EF7E08B
S219EC1A94852E604F4CEF4F5C5BAC2C734FC24643C6E02EEA0EF8
S219EC1AA9B4C0359461ED92BC8F7F83625754700F34529792ECA6
S219EC1ABEFFD02731388258C0D334FF56D5B55AEEAD6EFC075489
S219EC1AD35BA32323BC784014C5DE1EB30F72BFA9E82CFD72C69B
S219EC1AE822A426283CCE69B0EB5EF4D7E18BFE029B74FFAC582F
S219EC1AFD42CFBA01CD8C3EF2C81F6A64E7C7463687DF382546A6
S219EC1B125B5C30D8A60AD481E944E48E9F59213143DFC073705B
S219EC1B2775238F1FDBD228CCA30B9CBFF83FBD2294532D065D3B
S219EC1B3CB2BBCAFAB536D15D5F24B2907F1AD98E03057EB64E0A
S219EC1B51044DA589F15FE1F9497D996C3F9822B83AF7F3B4BAD7
S219EC1B668A3F7A1AD345F12490E501E19B2322ADE1E9EA933A8A
S219EC1B7B9A6835A102B1F4762A600FCC1538648AAE2DB4D0E68A
S219EC1B90623D7A33539148144CB6314FBE349C53D937B166B386
S219EC1BA5F12449F32C698F45024AAD0606E489B4FA036C2E08BB
S219EC1BBA10D42066C4693A62C18CB94CDC16A54C4906DC92916F
S219EC1BCF783CA39097A9A3ADC987997779E64D803EBDB67DBB24
S219EC1BE4A95BC63C8EF8A664CCB299FF5AD9B2B3C63EBBC79A97
S219EC1BF964ABADEAE529C562E0399BB2F172DB6201F886A7BE21
S219EC1C0E18FA0812C22B6737211E32859092193EC936ECC37E7E
S219EC1C2319149AACD87AC41EA5D0F3D74270AC84E0F1D8E695CF
S219EC1C3886C6CAC6730D44A7B809671A9ACCB7FB5CCE146B98C4
S219EC1C4D64CA93DB4BA4957FF94A7922B6AF2190D14879352E09
S219EC1C6247424457B0F7FF48F210678EDA9E9988FE9F927ADF52
S219EC1C77BF8D5E040B3DB6AC4B4CC997EFA044154B54E2F52298
S219EC1C8C347A2D5F8B3207347639A43CCAF6620B04A6DEBFC25B
S219EC1CA1A281D1067689FF98AE76980015E5A4D8835D61CA95DB
S219EC1CB64D3C87493B5A06A7C4A64D13D58E0DBFC1C3962A80D0
S219EC1CCB75C69026558717DA9596646AF434A72891492301BDAA
S219EC1CE08DAC9AA539507A85B4F570AB9D56268D6A288B7DEC0E
S219EC1CF5D5BC6984710A2EBD50A88DC7D8DC220D080853499E8C
S219EC1D0A1D6E96486E945AE84555A43A4B65C9559CE07974F186
S219EC1D1F883181FB87528163ECAE320D90DDC0AD0B6F159303F4
S219EC1D346FCC4163BF9C70A3F049B8C2C8C9EF18EA8ED3CFEC0B
S219EC1D49A4647FEEEE4C84B66A36978306F4215EA34C5819E038
S219EC1D5E38EAB83A24AC43D1562AE7059D67733826201C7B2867
S219EC1D73C201D91354669778C8E7A18924AFCB320B0C02516976
S219EC1D8853E31A4C635F3C253D97827DB01B583A986F7E6DADC7
S219EC1D9D468C33851EB2A986C178DDFBA7B6D5E474B532F61B24
S219EC1DB2AA7136A0D70EF1AE5F7AEF0A263640B4B010022307A8
S219EC1DC72C9237BC9FE922229DD57C5B4AE08C2C90708EF31CD1
S219EC1DDC620E203E69CAF66761B1017EE2662B4C2E339D3CE336
S219EC1DF1DC38AEBE2E80E07319F46F963B99A768E4507DCB1AE0
S219EC1E06B435DEFDC336B74BBA2D9F85942997F7196305FE4DF5
S219EC1E1B773A13792A71B1028A335A07F28B5330ECE2295F734F
S219EC1E3091F5132A152605DE7ACC20B92840E897E8E847BAFAFA
S219EC1E4527299944367416CAA0BE1A8FB92DD211B2B7CF1A823C
S219EC1E5A7FA981B3361921875178C3B3BA0877BFB3F60BC5D5AA
S219EC1E6F24F6E0B26E01F15049AEA9448C590FD514B3198A34C6
S219EC1E84D79EEC1A947D19461A5D03FF9E5A77AD99C3D78374AE
S219EC1E99CB6894A00787C98BDB1FB89C3E09A1626288C5280F7C
S219EC1EAEF6718EB22E9920918E834B1A023E5435E2442CFB374C
S219EC1EC304E4867E329012E7DB8F037031F1EC68CF0E86FC3987
S219EC1ED8B2994AAB81C040E32D3D86578482DB9937407451362D
S219EC1EED27311522981AF502DD06D695779E1C072DBC5E9F0447
S219EC1F02A75DEA2F8B827E950712C583680EF1475B2CF5DB80B6
S219EC1F17A225F31307AF526F91B9F611C660A277AD177A7DD461
S219EC1F2CF8060267127B68F1152E4EAE553D05554D89ACE6C50A
S219EC1F4167C1177B82D6986AC44263B74FA6E679046B3F416AB9
S219EC1F560814D167FD84E01DE8B7987AA91EC6CC7744918D537D
S219EC1F6BEFE4D0D6B84DBC3E373102C78B25C55E6BDFA10255B2
S219EC1F80561E162F7F8116B3ABB023658A22C9C781EAF1E91C59
S219EC1F95139AA40B6D25A0980B46E686D0690DA2F844C8B56C56
S219EC1FAA80E1747F4FAA38FEFFD5822EB5DC8A27CBA1831B4B93
S219EC1FBF28B46406E474293EE144CF6E8B6639DCD0455317EE42
S219EC1FD4ABA995150814B31BA691DC703D386BA8F891AE161DAA
S219EC1FE92EC95CD2C7F041D8C0E74595720C0847E4FAE5A73C09
S219EC1FFE448442803FBD425193751498041FF761FCEA25A77A69
S219EC20138E19DFF9A8E67F1ED690024EF1862E1248C80B6A8F9C
S219EC2028F54CE2D397131202816500890EE28D467DD476979CD2
S219EC203D5BA3DB8729CCA76554042BB110DD8795A13956D049B6
S219EC2052EB14BC26456D902EAA2C36D7C11C20EDF70495EB1ED1
S219EC2067D6996E5B50F30218295AB142904241859B9CDD3E3648
S219EC207C84729BFF4035AA6501647A6EBB3311E707C74AB52C1E
S219EC2091953A25266E337357150F48FAABCEEFC3B2495426447A
S219EC20A6AE467275925E4296CD839B7B32B66D13FFFE092B7220
S219EC20BB128074AB7CFFDC4A76E4AD08499B6DEF97B6CD2383BE
S219EC20D06897101030B00A510F0C58018CA987F96A13980C7AEC
S219EC20E5C7E57C06390688B1F2FBD00948E37A41DE4A9462A0E5
S219EC20FAF5AF5D3A32A4573CB398F52C026FCF641F3F079D1218
S219EC210F31DFEC97CC5CA8F5C82837EBCC515D952566211F7313
S219EC2124CDE4F5C6D0FFED7B9090E3C0079F823519E6C0A8D0BB
S219EC213951F92344C51C65645B3ACDBC85537AF086FF53813755
S219EC214E37BA18E234115F6A5ADFF5A47E08CC31C529A1DEAE22
S219EC216324F1D4370C97DBB9F527916D818AFD9FCF5B0959A52D
S219EC2178C6E9BD6F8875B0FFF53B86627D0EDFC585656C4A25CE
S219EC218D65D1E6A7A7C4C1BD07F022D6D537698FF6F2AAE6A293
S219EC21A21DDC4FA6704AF73E9C0072607584691A1DF50AFB2831
S219EC21B7E4C426F30C1C34B0384428CE6F6B84C66F60901A271F
S219EC21CC7D0F490971546B46582CD711D8F5049E74A2C1C41D26
S219EC21E12EC04B0A2B62B0AEE21748CB9FE6B31EE92B1B6037A2
S219EC21F698CC670764C3AEB0D401D150F8CF516FDDF5731B6B44
S219EC220B1B9E1D5013AAD4622C5E19C6EF6DBB2CA63256590879
S219EC2220E8B3CD17563800606787376A61EAB23D1507BA517EDD
S219EC2235006905C83E6CD7AD9C3F973FF7D2E4332B061BED94E1
S219EC224A412006AA5C9FDFE864C9178D2F6ACB9E676675DE7D4B
S219EC225FB762508A9DA25A368A6A766D8B306D5CD607B68C6DD0
S219EC2274F325DE49B3C2505DD3CD1D1DD66A6717A3D31CE619DA
S219EC2289BA9AA6D2717E891817D8A2F9D995CF8002B74654EC6D
S219EC229E4DCEA2B3B7F826BD9EB09F407FFCCFBE5B0BC8B49C85
S219EC22B3BD9739855A2C5F7DD759F9866356E021F74AEADBAF93
S219EC22C814EF983A4BBB2A01EF6002743235262D91ABF49BDFE1
S219EC22DDA1E59765D37BE3C51FE1A8ED193081D993C48998EBE8
S219EC22F28B69B4CAAE016EA0188D76BBD9C45035053306A09150
S219EC2307F9945224DA2F9A6FF61A511B699B53B51AD6FFD70F5E
S219EC231C0A35020FDA0CA1F7690785834C86D53321255131A72C
S219EC23319218A0ACD4D6CAE3A48C417EEE625BFD5795880263E9
S219EC23466AFC0C5024035E06B99E8DABB269176EB568E815D922
S219EC235B4941FBC072817F96C9E665A69B19208F8D45CF032E40
S219EC2370BAFA9458314F410625955E1B12450FAA2F4D90AA4FB8
S219EC238512698B7DCD8CD29DAE35702FAE0A454A2236A86419C1
S219EC239A7C96172A2A7916BDEC7E9B67BE76F0CCD8AA5422CC54
S219EC23AFCDB6C64F0EF5736DF1F40E94E8E60035DE087A67203C
S219EC23C495D3671CA07A89B3756AD9E93AD8B09AAA2EA708B995
S219EC23D943351FD760DD33B79AFF68DDC1D629BE7E2AADB5748F
S219EC23EE2436BFF9709410C45E92D92B96A7769001CE6F561C18
S219EC240359FB1FC74BE9237EA5F242756968264587860B0C8A8C
S219EC24180F3BCBDFA7A407FEFA6B7233798AE3BDFEB3F84D488F
S219EC242D6CEB4647319BA33959EFD5FCEF4DCEC642A43DD4B489
S219EC24424E546CCE231DDED31F1438F2FA3CE602E7AC4A580413
S219EC2457AC88D2DCF8356C44F41FD972E28AFC757C5B44324BED
S219EC246C10BE2ACEEE044687FB86E6E13F91B528B8ACE9E6C5F8
S219EC2481A87FFE3FCBC21B2ACEC1A25FAE10CB01CC4C67E7A2FD
S219EC2496CAA635AD4288E29EFD6624C124BC4C6ED41539342745
S219EC24AB6CE5BDF963F0D1276517999FE9CC3CBC2FF6040653F6
S219EC24C092235B47C6217975C201DA58760A68CA4D1FEAD9DC38
S219EC24D5749BEDEADE93325FD6B3889A15FC8C57A9FFA51E53BC
S219EC24EABF5D95EA69E1605BD90E39572AF533E4016F75BB738C
S219EC24FFC40220FF1BDDEB0AB32A7568724821694C93866276CA
S219EC25146F2C0B7F3E22A335F7A4D8C52456B0D24A789B54C7B8
S219EC252921E3FB019EBC90583578300FF7743F4E00031893CE0A
S219EC253EB68AE0F9934F769E01B10306BC61296B94C9F0DDB53D
S219EC2553BFC2308E6A115CE1DC6A09524A725EAA63C1F8E3A087
S219EC2568463FEBD67D8EAA84A82A437EA75C70B650EFC35A18BE
S219EC257D391AEE5FCCE884574B0C3A5127E608F61443BC913662
S219EC2592D3B95F370703755598DA49A34D97F98654324314BDF2
S219EC25A716EC0195FC7CE988740AF4F409E2A5EC284A6185B0C3
S219EC25BCAFAAAADBF399AED040E8F4A40AD80E36C1E84E554FB0
S219EC25D13AF7CED8DE66A968042E0719DE242C61B91DD82337EF
S219EC25E6EF2550B2324C87A0D6AD05AF11CB9BFCB42E301E66F4
S219EC25FB39CE5BB0F54A2880E2B26CFE55764284913C29071342
S219EC2610B9C883BE6C6044E9E03CFDDC0348942C566D144A499F
S219EC2625080646FFC5409075C14866FB9147D23DBC2B271316CA
S219EC263A8EBB311451AAE02A5E0B18F489F6573B79C317E2D478
S219EC264F4FB075A23B9B9EDB44642A73674B30DAC4BE7CF51A12
S219EC26645934A95130A5FFB8620664ADC389FCBD268AA081739B
S219EC2679F0CFF6293C04E6F87C9645C5BA01A002B45D492C82DE
S219EC268EE9C36749687C2218FA7E4128AEDA914E5425998E34B0
S219EC26A3E19D195B40763ABD14148C570BEF8F450A112F8F647C
S219EC26B840C9905879C5A5B8BB70F9834EB5512BA3FAB6079A76
S219EC26CD5FF8A9DA2626C0D48451915D7B3411F7471A023C0034
S219EC26E26F76C451C0EFBD0288F3D7E0EA217A6BA05FF72DB095
S219EC26F7FE9360E224A5481BA6B9E50FD5B97D5CAE416BBB29E6
S219EC270C7DFABFD5D5E1089827834A97E68B518D9A80F4D6594F
S219EC27218A2022852493B3444CF4E2ADC73C4497932A646BF08A
S219EC27366EB21ABED0498ECF003F98FAE31DBCADE17E6FB94826
S219EC274BACD6125E25421352C4E22D4DE1C6A74538ED9688359F
S219EC27608D57F58E06EC256E3547816516E0211298749F6D5A8A
S219EC277501F6407E4638B66524A3C928C63EF6CF84CDF9A35B47
S219EC278AB202BE91361182911698046C469F94D428251A1D7F7E
S219EC279F7CAA76476EBFBBEA45CFA76F0E4002A8A1CC1F0A7F48
S219EC27B49F11FF74EE5C8EAF7D4B76D80CA7731364F3AC1BAD5B
S219EC27C961991817C5048B106C36C0986AB40665C3B243E33D22
S219EC27DE0C0C4C7426A60E1BD2334AA5B4FEAEB8E231C5F8420A
S219EC27F37994B2857D7FD1A714F0499D4AAF64A5EBD7586A3286
S219EC2808D0172E2CDC944D8F7A017443B9C8C5E71CF80FE8C013
S219EC281D0A5079D7850A03A33DCDCE737661625D5EC4221F0092
S219EC2832481095A976255D03BA17241F27EB8A5AF5A4086A5E9C
S219EC284773808CD49F019E9C9E798BA35BD8072E217A95160467
S219EC285C5DBE2A30D61EABD37978EF553E25F0CB8FC9C4C93423
S219EC287160FCCC7C0FA81A148D7C9B460F2C0AF540FD70A6C59C
S219EC2886D720D126EE197CD6FC12BE591BD45B57C682E9D51425
S219EC289BDC4A9C2B057582ACA157B014F80C23B7821B51F08E9C
S219EC28B0F5E8FD4311A68E4842796C75F3C78DF7D515D6570384
S219EC28C51F68C55BBA86033766E4BFBBC67B6F0B66A1317203C0
S219EC28DAC51EC36C41FBDDCD44360E1A157CCC59A4E8E3D5DF85
S219EC28EF9C5AAAE4B30E70AB457F92EE64F9487ED601C97FD825
S219EC2904F3764BE8253009ACA9095C0D27A7EE3314F805F8F51F
S219EC291917A43F6800EBF5576E78C1CC2E0C752B56995B7C7D8F
S219EC292E7FC2A45CFE5824F20DD0D23849C1427C4F40254B0C3C
S219EC2943EFE0B394ECF903371C5B159FD4AB04E9FEB9AF190E35
S219EC2958DBD094C1782A250007D93612790C7A8E1C75F76B62A8
S219EC296D05797B75C7EDED0C6A524AF78FAF23FBA9393A5688F6
S219EC29824D375AE19F88768B96643420105B475FAF27BEEE582F
S219EC29971ABEC99237834FBF7F378C5750FBA0A2FB07708878A7
S219EC29ACFEB45A269103658918775996D8ABCDB733C731C2BA45
S219EC29C1790CFA213A8A493E8377EAB29CC1F5D18E5FAE607EF3
S219EC29D690F7364827BB893E39B98ECC302E68D621D13740629A
S219EC29EB37B45D036745674FFCC36E6682D5D613BABC7E688288
S219EC2A00B9C0A6C44F07DFEB815AB9EDA0761F8D44D48A16BB17
S219EC2A154A9D5294C76451E5C38EF5C103F434E996F85A77B360
S219EC2A2AF224F10177298288E0B83F2451524E592D0C0C4CF02E
S219EC2A3FA1F8B18F96118163E180026FA4FD55B5E4BFDEEB073D
S219EC2A544A50B33D05EDBA040B324F75F9125346576A8CD43C40
S219EC2A696AF765CB1C4D0385C4BA623BADAC59FFBC205104F2F6
S219EC2A7E45279D6983CAFB1E606A8480C4488D9996AF54DD3DC7
S219EC2A934A0A0E266B34FCD1003E6FF914DDA1119BB8567F5484
S219EC2AA8BA4F247B36FAF40F264258948946C4B8FC847F5DBE94
S219EC2ABD3C4C0D578B076AD30BE3E6B2D719CC22B9F55876A1D7
S219EC2AD2C1AD6E1EEDD466B2C4EF93F716FE9C3FDB56056F0B4F
S219EC2AE717666A4434577DEC522C258525D6C890750D6BD3632C
S219EC2AFC2477A0002C3620B05612FCC7E367132B4213E42EBD90
S219EC2B1156C2DDF168C9F78270B44F59D63DAE7386260C829E56
S219EC2B268A17D9844E138440DA977604565CCFD1A94C40AAFB6F
S219EC2B3BA3C00EBEC1D158A59CF4C93A41C710998CC7FF9FADF4
S219EC2B50D8B95EEA6B43C4B7B15A214455AF366C5E5BCF2EE1D0
S219EC2B65D584C1285834C5527BF6143779B9D4AABBB75EFE5EED
S219EC2B7AB27EE1001FC92E6DCE58B689C77A6BB2E26D958FDDAE
S219EC2B8F05EAFF847EB87BB9991C40F2789D044CA2EAFA5CEC4A
S219EC2BA4289B3A49605235E0330BA9BAE9F41BBC8C6BA0F8003A
S219EC2BB980D8AA981EE1DC612441DEE460048CA66E7C66E170E2
S219EC2BCEE34D3E59CA5C37C235D91861E469D6D404B58468F305
S219EC2BE3AE67BC089C79E7519756E91C600B50D6E2A1A4CC7BD5
S219EC2BF813BFFA9A43F44562A9173BD1B1D0638D0931560A803C
S219EC2C0DA307C2645BE02C642EC61F38C553628A2EDDC6DC0228
S219EC2C2297BF5666E826A0657E30C13AD70F36C2E1DF3F0BCB2B
S219EC2C37C97F9CF294FFFC2F2A1209B2CB8FEA340C829A573CD9
S219EC2C4CD25EF28F895641DCAFC15E2617DABF82A6B564CCDE46
S219EC2C6154AFCBCA9B057D6F80290FF689941AA818421E188E9E
S219EC2C7633E89F6D9D33FC656CFED0219DB5C679E7A909CEF2BB
S219EC2C8B4189DAB87F2825F40DBD13369C7864D924D082D3F981
S219EC2CA0620B6CAEE49479029902A44CDEF25DE9DA0D2BC6B784
S219EC2CB5208C528CF6C486B3909667C160E38BB0718C7ED75727
S219EC2CCAF4C9B722D120B47D26470DDA058D602F06697DE5AE58
S219EC2CDFE032787C885C042E6889810A2D34BD1915704D7C17BB
S219EC2CF470C90F5672110693F578D3BC4CC42B223BB38AC52466
S219EC2D09B5D573B8922A9A5EFE560237BE30BBE259F91857ED95
S219EC2D1EFAD1A86EB9A63D4909BCC40B4A75219AB74DB4BE382D
S219EC2D338ECE33A7D3D2FF01B414D334B9DF85B5A30577EA51C4
S219EC2D4805A82EF0014E49EEF51B25E93C15E297EE207D811729
S219EC2D5D1BF802DCDD6824ACE130A7B4E8BF390195F54A544EA7
S219EC2D729349FBC4877561774CFC396DE20C3DD31D0A1BCD39B8
S219EC2D879311709E0035A4F3E11BCF18C129AF45C4103F894625
S219EC2D9C3DA55C047C002E3112670E7B71B278B29A5C5AF8611C
S219EC2DB1327525DF946F641E318A9EF45543EF2A755A3E358329
S219EC2DC6A60F7DB1CFA055038FB6B202A2A254F98445FF19FBF7
S219EC2DDB623E33B2CFA8E305B69B17786D93CA5310DBC91B182A
S219EC2DF0CD2A76D2E8548CFE059E00935A3CA406191F4FD240C9
S219EC2E0523BDAD1DAD313FA098B5D24B65CF2F34436855A2635A
S219EC2E1A10CC08D3A3A86950B31373931820BC7D376FCD14FD36
S219EC2E2F9FF713F73081BA8F18015ED13FC465F88AE3F9C9FA32
S219EC2E443403F23EC3E977669274F8665D01F4901E6536B5865E
S219EC2E592EC5B6720731C4D7309059B10944BD327015AA135EDF
S219EC2E6EBF17DB8B215AB29A76E9DEACB84F51550D2FFB0AC2C2
S219EC2E83ABD50866662B926C71AEC89E5C0EF122EDBDEF87A901
S219EC2E98DCB7F6402895B5E000F210BF8FDC753BA6F00375A986
S219EC2EAD2814868E61CDF678F4FC471B3C4CD4B34C887954A190
S219EC2EC27F15F2F9EDFFBC941F22BB5B32FCA3020546C33620C1
S219EC2ED71855437840489BCB969A01A5856D64654532A9522CB0
S219EC2EEC8050EFF40ED79EADF73F9244362B82A3753BCBE4E626
S219EC2F01C9462E867CD89DC1DD6DE319F52BFB723CE1AF3B92E9
S219EC2F1639E406D9197AE43662E09F7814BC7817A67E1F098D7B
S219EC2F2BD84C96875B51960B6CD587B63E5724883DDBCC15C991
S219EC2F407F96F0E03773E664C67541B8507A9A73D385FAE94923
S219EC2F55963ED866A300B57056DE967D4EE6D47376F8AD405926
S219EC2F6A1075812D03846BEB057A75057755D6B8CE184DAB37E9
S219EC2F7FB58597AAB55C142C4FE75307A89A68EF689A246B11B5
S219EC2F9427179173939ADD6CB7602C46AA32B295406A5F44CDB9
S219EC2FA9BFCC14E758B4117A471A8A9E6E17E5F06359648595E8
S219EC2FBE921E0E68D8DA1B23961B9DEF20B465F4D0646243B9FB
S219EC2FD34772F29BB3B4BB3AC00404D9AFF6856508E434C670D0
S219EC2FE8FA3FC330181BB7B321F01D8151AE4A22A4564019D3DA
S219EC2FFD38831CD37F791D08C31413417ED4F388891496D830D4
S219EC3012AE8B83D3914C1836AA9986F8081A0B9C49DE8BF61BB1
S219EC302792CB3B6A2BE54BDD023A1557604A1C20BB0246C3A174
S219EC303C476CEF696699E675079D89B367930578F56CEAE7A6FA
S219EC305135BFB5C3087CFF7226E0B4EE60C97E4836DA6957DAD7
S219EC306648A7A30A3FB139104E134B5DCA2042F4193DFB84ECA5
S219EC307B0800B194C8F2D483E0B4B4F412402D013B2A4C10BBB9
S219EC3090BD58631124ACAF64BBE7BFD61EA52B88763A87757AFB
S219EC30A5B6F630A80904CD200EB762BB29862257BD679048574A
S219EC30BAD45A11B585F4EE1263E448008816909E90845A5FC4B7
S219EC30CF56424EE7C11DF96ACB219ECE95C2B743D252F11A8A8B
S219EC30E4D5280CB2A14A96F045EB8CB8EC08ECB47A5C323BE48B
S219EC30F99776D0B172D97133D0B27B8D2D868D7C21972203B47D
S219EC310E89E87C3BF0AF98515C55B5B9BC45990E2DA2626B9B0D
S219EC31238C5D58760A490724AEF84E09D8149B6F3B8B58FDC49F
S219EC3138A71892D9B37E2B6D9102A3CCFD6BF8D389E6B23443D1
S219EC314D2AE02F08C443418B40F88F60123CC1E4E156F3CB3128
S219EC31622CDE8C5DBA870969B0E491C3655F37C77B95AC8532A4
S219EC3177C4BA309FACD4CA6C2B7B151FC2A2C5433FF96DCDA5F2
S219EC318C3652939D5E19016A540BAC7F620F7B1678DBF80D3887
S219EC31A1822C72D9F8F87B158E452341FE1BD4906899F3954E24
S219EC31B60EEB32A9AD865B81623189A048301B8E3E9EE6AFCB17
S219EC31CBD4ABE53CAFFE00C6DBE0E23D29DEC3B96E79D40405CA
S219EC31E037090C09CE84FC214A12D427B5E407C1968604A5DECA
S219EC31F5E54695360985576EBBE1EDFFF232CC57351F39E2D776
S219EC320A8E3E73D60AB622C517CD50D7DC7E04C3EAB4551AE4E5
S219EC321FB10D69A1A1054D5C3C76512AEDF494D5D31F229AAEBF
S219EC3234D44FDAD0F7B0B1627450F110699C49E444E23834D0B4
S219EC32498C0AA64E50D34B5675185868E1443E6A5A42F56ABD5F
S219EC325EE917E414913DE4E7EC29F951DFE51DB1B223F5442CAE
S219EC327343F8A039D5C699ED54D543B7D2148B22C7C2EF8B1057
S219EC3288C5588D6CE090CA8F92083A681FA3BE2A91E74A25CDC7
S219EC329D462656E04FF0EE4094BE0ED10D5F4EA68E792032AE84
S219EC32B2D43E5CCA005D10B50FF0B32BF88CA68DC12919D7AEA0
S219EC32C790542A6235981B1D6A1B7E2E03A1F8372A62EE53A813
S219EC32DC96272D88628B6864DDF90C7ED7735EF0769679C43C44
S219EC32F1A717D56A380B1EFBC82813E67B20AE13F64C72A28E55
S219EC330607C15B17A26CFDD9EDF626E0B244E7FE6199D682F29B
S219EC331B164E4FB5DC8DB37DDA607E36CC24B70785BB944E529B
S219EC3330FCC86B14ABB4AF705F6D6922E063A66C1C701079D243
S219EC33456D001836F1642CF24D0FCEC0095F034B2E55DAE0DB9C
S219EC335AB049E05835DD7B14F5F1A4FABAB085C56D687435776E
S219EC336F1A20C2D33F99972F8FF1D92A1F7625BF55816D50D08C
S219EC33849F48C4E6C4C9F13FE667BE126344777B21C68725C6E6
S219EC3399F0D3BAA452A0C9EA576292AF730D8A9AAEF29FC7F4D0
S219EC33AE8A0941927BDEB99ED5FEBA70A4DC7A7A402736E5BD53
S219EC33C32C55E1F329F34E4DE910ABEB50BA026670343D2D45A4
S219EC33D846134B6A38E75F11C06713AEF6E5B3DD0879304AAC58
S219EC33ED348CD9906581AE3B8895E107D86A1F823FE1156EC592
S219EC3402E47D383C4261EBF76FE26BA6F47A8E3A9FE7341A7589
S219EC3417C8A241C056C0C4C789CC202B21940519E984D152C2DE
S219EC342CC4EAF78250088ED2BAFB37A097F445CFDFDE02F8C019
S219EC3441515A77675967156D7623D9CFAC1382D553BF5DBD87B0
S219EC345623B9725F894DE03C7BB47BE9C6BEDD91B9ACB1129B89
S219EC346B7C7A4F6C6B0B65C36696AE47CD6AFE872D1463B9B44E
S219EC3480316F4EDB0019BA5A9601A00EB03CE39691E7A187AD59
S219EC3495EFD4D14A368C39BA96D3823938F0EC5B0355ACF03DDA
S219EC34AAA16645E673146D8DFC093F861B62F63BBA110F3A716C
S219EC34BFBB0D2C534F60D8779301A08209207A677900D0E822AF
S219EC34D4C5EEA62C945300954027F3079C0EA47A31F7B55CDAB5
S219EC34E9F5E5555234FF501D6906B21E2D02DDF8AB3BD4DF4B95
S219EC34FE1E7856236C3E966CB36C04650F30CDDF5EC95DE362D1
S219EC3513E71CF069188DAE7100805D5C9D5F72DF66FBF09A968B
S219EC3528C5440CD8495417B9F2038619C9E3786A13AEFC3C8A9E
S219EC353DC5BBD1F79299F588536526977772C6C42AE9972C10CA
S219EC3552FBEB8079329194FDB9601315053BF9885033323495C0
S219EC35671F7E530800CD1485E419E567A6CACB3D63A246A260F2
S219EC357CF421E605120815F2203DA5F4D27EE0C133E015820295
S219EC359103C7FE1AA70F6D2FB6A93053F9674F593C613D0F0D20
S219EC35A60405825DB5EA449A968F4765C7D870FE04D8E9B50D55
S219EC35BBD69680B0AA9BC2477CB188084F82B0B05DDF894FD747
S219EC35D0075F930CFB1689E45C2FE47F882E9B21C660E900D132
S219EC35E5C625395C4C14D5F5020443D474E5172D5E79CA26288D
S219EC35FACD59967FED24144D86CA8150CBD950195905DC96D749
S219EC360FC5D7BB162E57711211E3025EFFD16A8E3F4DB2912F26
S219EC3624CD1BA5E245F2B3123FD6D905E76F57595E8C45EB65BD
S219EC3639F078B02EADE6A8FADF1889C6275816FD041851E3C127
S219EC364E19933A5C9F0CFB9CDDBE8F99620A8BC01520723E4251
S219EC36633C179710BE0FE4B5166F980BCBEE8B1FAD4EDF38C89C
S219EC3678F95EC67E4FE23A1F4FFB4E42C83A43502449CBB64981
S219EC368D1C293286301D48DBE3D6CA30C2BCF0514191081D3F22
S219EC36A25740B396FCF20290B47690D44FD511C22FEB75F37942
S219EC36B7ACA290A580ACD529669DA4FE14A868F8DB7C7E406E1C
S219EC36CC0BD30D00761734359E73705459D561BAFD5714C74486
S219EC36E17A9F0B83D7F087CEEA6F579CCB2D3973094677E9D6AB
S219EC36F614424598EDBD880DDAE4AE753CD98795F895FFE3D803
S219EC370B05F8016EE79BF273F36518BC0BDB553BF7929F5C102F
S219EC37202DAE696B6F74DDA61622817405972772BDDADD5C4A12
S219EC3735FF5937D07B00817A4ED1AD4A28CF496C7343EABD0C8E
S219EC374A547F037AB8D4E000BAC3B1392D3621178725D607A092
S219EC375FA978023228AB6E9F1CAEEBB8BB803A4E9741936A54D6
S219EC3774F96E53942E3196C3B19C148EE3B2C3C6600575FF64FF
S219EC3789A9648128C3830984C19B03F36F8FCB46166CBF937903
S219EC379EAD96124F540CD5A7BA526B6F1DE3C64BC0073C315B1F
S219EC37B3A6C1264ED1F35EF3D3D50734EF38982976E1B46D35A8
S219EC37C8CB4A07657CC512C771484E135F9FA4CF5C8D4CDCFBC9
S219EC37DDA61E65338A3C6C6439A7AE8BEA3D2FD88060449226D1
S219EC37F29BD4944E1ABE94A1D84D4F7856DF1F85F9C8C0A4CCBD
S219EC380761C6859022888F53986FC8C840E3270B0575F626AEC3
S219EC381CAFD20DE21F66BD053E405122DFA2B5743834EDA997BB
S219EC3831CC711E2115313824CE3FB6A53DA71D0C5BF5739AFEA3
S219EC38469A5C52768DE8A5FD85AE3EB5D76BD8762F63589B93D9
S219EC385BAB334B6496CB254486B8D632F9FA81656712966F254E
S219EC387037F795D5C0C2B0313110017ADF2B51E827971D515DCF
S219EC3885E15871334275C7BAA774A951F1EF4B48DB09EC843C10
S219EC389A2345EF04477F02486C913E8414665C59707870632FE5
S219EC38AFFE8758161F68E7681183967D19EA260990D6E4635470
S219EC38C41AF8276623DAF979D3CF2A207B1E522B1213892DC350
S219EC38D9773A78F80F8C7B9F9C95592B4D703A416204D7AE0734
S219EC38EEF960A2DEA92568A1C4A01DA62B9E8F7A91E18B60A925
S219EC3903068112B6907B83CE82A76E9A2CCCCE1673A5DE4EA51D
S219EC39180E7233CF88F40571D879421D7D48D6CBD2C78C2FE7E4
S219EC392DA2B835DF48A1E2A1E188FFEC8831D00D3E0D293EBB63
S219EC3942EA948A2CBBB906C7A6B5BD00900368AA9ABEA098BC01
S219EC3957B187EB5161117B998DB0F9D039694E25D4A2AC2AED1C
S219EC396CFD94982BE696670EE14D5C0D2AD805B723D3DC3DECC0
S219EC398148C11FBFBE453661CCDB7E731DA81F5EB59170723A83
S219EC3996E0BC1E1A61C6AE933B2007859163805CB5E478C4DB88
S219EC39AB046208D66B3AB8C19AB16B54071B3D1AB38CD87E6834
S219EC39C0C829A8455E0C2D69225DA3F766A5EBF105A0F73D3A10
S219EC39D58A9F6FE00E2D5EE0FCD983A736E0BB04F350CCFC1FFD
S219EC39EA48CD39887E176215961C3C4065218C0C62A4374241E9
S219EC39FF787FBF30F09AE411E6D29ADCAED647A294B8019BCF0B
S219EC3A1457C16C78189B43D87DE7ED17C7A56681B3E6B9B44FD2
S219EC3A295B712B1AD58FAC5A0878F2E8E6241163FF4D972C81B4
S219EC3A3EBD8F8FA0FC290287102868316F000B1D9264B5321AFA
S219EC3A533732F13B1C4AE1382C23051EB33D4716ED81D993BC04
S219EC3A68108C2C535541E4E0B7198F8CBA9243587A59E57BE8F6
S219EC3A7D37512FA285A77F2619E646C94230ACB8F39CC235F5BA
S219EC3A92DAC449926D07AA37B789D0F18F3F6816D643473CB9BE
S219EC3AA765A5D9FA5194CF3CBC053C6BEB185CBAEDDBC392941A
S219EC3ABC08CDB496914BF4889B2F3825043C87A46DB51142D7AF
S219EC3AD17C8F0EFA0B5451AA35792C64E75BFDC5660A782FA386
S219EC3AE6C46634BA16ACC447DB42DDE7E53AD07B587858AA1FB9
S219EC3AFBBE60DA5900E28CBCEC172036BE301EFA8D630A4C396C
S219EC3B101B9491F75F597F9B95A16E2CB4B52D067F6F6FB14FDD
S219EC3B25E067A99743162ED189FC9FBF7A8629D9BE0D7B89897E
S219EC3B3A967B8BA499401E128958F00EE45A3C5C9E6611BA02B6
S219EC3B4FCF779A5BA3D9BB4B3C303C329DC3629DF7083302AE98
S219EC3B6405BF30911AC9344DBFB58EBC3C3D718CE4958E6A0CC1
S219EC3B79A5EFDDBDFE8A2DCAD241CB89F867ACF9ACA06AA814BC
S219EC3B8E953ADA5210CDEBE8A1604C2C0298A936944D9BBC3428
S219EC3BA379B05DA235CB98E7CB38DD484440BDBC5D62E249A4C2
S219EC3BB8755C8DE9D93D4260F69B9D23C6A5F249017D5B09DA55
S219EC3BCDE270BE4FCC14A11163F48EF50E66860863FDC6EF040C
S219EC3BE2AEDD2AE736358B926B9955B275496EFA76A4C7F12591
S219EC3BF7C68C2078D14E1BE37BC787B69C7086051D62509854F0
S219EC3C0CB8849FAAF06F0FEDB5896D2A8552D6F2143C183FD3E4
S219EC3C2108399846D5C90B9444A36BDAB7A6F482F39CFA30C9C0
S219EC3C369E38536F33666A38675A0EA6E4F69D2A2F77A03644DF
S219EC3C4B0EBF492DBC30D073064FD20494A8600099FD387E44AA
S219EC3C60D43233F00723303EDBA73DD0B8E827C620BFE89EB567
S219EC3C75687A951ED885A1350AC061968C68661E25403F233051
S219EC3C8A8DF42C6930B1EBC971F212329B5E5470669FCCD91B60
S219EC3C9F7A8484060531A421BF3162BD2F755F98654920247789
S219EC3CB4CF3A1DFE6AC5DD1A1DF94A3A80AC3594F75B6C0779F3
S219EC3CC97D72639B647F879F9FA7D3C2A500CDE6385D438C81E7
S219EC3CDE4B10BE0481A8D775A98F85F5D8BB3DBA4CAFEB4642A4
S219EC3CF37721366A870F87DCC1085B12899E4855884BD4DFFD1D
S219EC3D08A8034440E89ED87622A8B737EE28BFC852CB7DAA8C8D
S219EC3D1D749C2C44A55EEA6F84E4B9A266AA873C0EE444363D85
S219EC3D32425159810752FD80B824839E1F2D9AE44D5718F79B33
S219EC3D47FD4C8330F524C55FAC7ABD387F5BD663B6649D25F63D
S219EC3D5CA64B5C33AA1D0B86EB44BD09E08445EF1601401E186F
S219EC3D71BDF7719E3D5454002249B55244352A2658E06D285C40
S219EC3D86F9FB243144FFFA148AAEE7D6FC06AB6B37EA544B4C84
S219EC3D9BB6698B20F5825FF7FD7340AF83DCC35FB87B57AD5B19
S219EC3DB02FFF5EDDD47C67BDD91675C6F200E6905253A9C9B8CF
S219EC3DC52A9D02AC72E8EF34B9F90267225B539D8530C75C594D
S219EC3DDAC132A094AE9716AAE2575A0C290D788EC8FFA1EF0580
S219EC3DEFFD27FEBEBF17E5661380498562E08AFEB4114A31B2B0
S219EC3E0471B2137405E08FB30C6B46442C563B66FBCB00B9E75D
S219EC3E19929C110690910B7F9AA8F4A7946AA42569FFAB3D4C73
S219EC3E2E329CF13EE15213D599324F661E4E2D99FB24FDABED10
S219EC3E4317852A3BB0229CEC96509D9A0754F900F58AE3EE322B
S219EC3E5864F1290F7FEAF8FB6CFFA3F813A1518B9560D0567A50
S219EC3E6DC9B82F984BFAD413B7DB6C6E5D5A410A5BAEE97D609E
S219EC3E82CF70306C764BD1FDAE05B88DC444E2FCBE0E34A8202A
S219EC3E971E6E0CAAC5A0EC435D027A35BD05CACE57FB3AEE72FB
S219EC3EACE0C10D59F42DA0282365C8FA2701A3F937361E2574EE
S219EC3EC18677B23A8B4C204FFEB1BB3218356F80B160C266C9F2
S219EC3ED6933B6DF389C0FD7C0264014B16E6E71A70DCEAE5D755
S219EC3EEB1DB919B5C84A4A19125B382E0CE66C9CD9800B91ED09
S219EC3F005535EF89ACEF1E4918EF4392AEDFC87BAB8D6C67966A
S219EC3F159178AADFCEC9A77286DF5884051E1AAAA8564B7E462F
S219EC3F2ADB0D0C010D35DFF1128C03B687DB4D32D7380EF5D26E
S219EC3F3FF2F084B44ED86BC93C392D57F719D9CC41C028F5F943
S219EC3F5457F619E3780F6D940347A938C70F2CE0CEEB00CC16EE
S219EC3F6954F2DE15245B0BBF5755C130297A777334269FF83C79
S219EC3F7E2FDEDE3345E5CBE89897E28304A3C6394E26C75C1A57
S219EC3F9341DCEAF35D8B9295D319066379DD14B9E9B73E29920E
S219EC3FA8635AA42BEC6894F204F1AFBBC029D5202BCFB2094C6F
S219EC3FBD9A1CE73CFA29BCE3A128D57A7CA8A41F7774E6D99624
S219EC3FD241DF0C95B04BCBC0E8349511E41D96B26B4F2B73D966
S219EC3FE7EEF84551B903EB4EFA54B67B2CAE9E15277613FDFDAD
S219EC3FFCA94867F2FF1D63A1432C4DF46CA4BAB657221636D888
S219EC401163646A31D5BCF7E14B354757C3CBB15B3B6638BEE2AD
S219EC4026BDC644A8860DC047B27878E95A6E8F101B380FFEE653
S219EC403B6E981F972527419563AE73081642355F7F1A3002B7A7
S219EC40508C022349C7779C15D36D4A46F7CA6BC8AA7891049F67
S219EC406585F22F1A1573F215904B0FF5CA684927A0B77EB96097
S219EC407A57B73D18DA06AF0EE01EEC71A0E8094CD5FA8F77240F
S219EC408F68C8C102DC5F39681256E1CAE085ED774DCA438F0F88
S219EC40A4F229B93371D4BA744BE748A7B916AF74141C44F451D0
S219EC40B962FDDC8350329C9C5CCF1AAE8518CC69FDB74DE7B329
S219EC40CE9C6BFF5598CCB6B513F69B4F69E7A4D22A65B49F6ABD
S219EC40E38AFA515CCE8E1914FC2BC4EE7EDACF30079CF7AB2B7D
S219EC40F818BCC3FF3957A4B9F86D8E67A7E2339F80C6F860E309
S219EC410D47A0E22626F56AE353895B76F933DFBBE868CA9887A9
S219EC4122110F6B64C73A2929566EDF0C4D5AF736745C68C727AC
S219EC413734F1E02DB9A35BE7215698313A91EBF6B5B4A7F8F7C7
S219EC414C9B194B2A6C008E6A496C887057D18021C27507AD641B
S219EC41613FDF7EE09900E7C72A51CD0F021FC5E04A356758AF8B
S219EC4176D80176AF46EFE11EB6FD2A7DE646FD24DB1CB4C5F604
S219EC418B2BB645F7ECE278F73DA379CA1EB7116F8831789AD4BD
S219EC41A04E098D26376123E90A3A7C31BAB14C10EADB85558193
S219EC41B5E9E2C7261BA42B027003687B57576215BEF401CA3E2A
S219EC41CA8A65F57785F207185087B2644571C044587EFD39CB80
S219EC41DFF745AF70E9CD7DF24D5246E408DD07944899057C02AD
S219EC41F46512B6B246B4624F73C3034EAE522D530378E9305050
S219EC4209BE7D1615BEDCEECCFE511D816B4D97B65F51CAE21196
S219EC421EC90A5D15335E052C22D0EE73AD73FEA67B31DFE3AA64
S219EC4233BBA7AEDC645AEC672D674806E0E3DEFC04FE30218F27
S219EC424844C4A14AA63F2DED6066AE291496D692BE2134421565
S219EC425D65F8BE9795F2A59985F9B774B6316596C86F796CDE5F
S219EC427272C7EA3F9A851DDAEFDA318849848183E810DE173757
S219EC428776571ACBAE021B27BC396D1DAC03187977A442D4C9D4
S219EC429C5C4A9C018B54EABDAF3E9FE45902050E33D392DB0AF8
S219EC42B1D6856A51F88195C409D965468B221E5E37DAA9F49823
S219EC42C639823D7E24448BE8ABC3F22B69018F6D24BB93B9E79E
S219EC42DB4BCAB3458FBA7F424E14F08435998E10D74BAF7F0B29
S219EC42F00DFCC7D0E864B529CDCD4DF13785F29A88B379D460F6
S219EC43050EC53DE32FC4058DF868E98CA96CC15FB9629C878072
S219EC431A36B2EFF4C8EE851A3CC719972E98A3BA01FD66C1D5AD
S219EC432F026C730A8BAD71459ED8BED78A0E3E1B043320EC1060
S219EC43442D0579BC34DBF7B4D9C09D7D0198E0B9269E5118251B
S219EC4359EBCB0DED152EF9381547A1406369834563AEE814A1BB
S219EC436E4E0D81F2DC31E7D8793FB0FAD38958749B9601714C36
S219EC4383973093E5A5B4E61F95962324E743702ABCAB453D1563
S219EC439880EDCC03E16C86780623F4E3CE1D4209A11E0B50FF49
S219EC43AD8C5A06E7EDCA632C543FC32852A8CA565E3E130D5746
S219EC43C224C320549A13DF362F2791FF7A13BF3E69BA340FF210
S219EC43D77E601BD02237DD0D0D04254B5697ADEEDAC4FB471ECD
S219EC43ECD8AE080A5CDB7699FACF7E87CB7893112A44C2CCC577
S219EC4401D3CC88B105A6D2180F4C68DCFA817AC8F0A5B7C45686
S219EC44169BB34B914BBF102441CA3A1542DB218F452E1BD2723F
S219EC442B7911754AD893FBBC99A4D0391ACA98160FBF8BD0140B
S219EC4440F72DCD242B12684D783AC4EC22CB4AD672FD1E9123BF
S219EC4455D52B6D6A6C1D182A65DD07D0E9BC335E6AFB56342160
S219EC446A2EF12A42C363DE7385800273038E3FB2E649608B3DF7
S219EC447FEB3F60DADA5D8BB578DD811ECB4002D9DAE8C9A0183F
S219EC44946D1EC7A3EDAF11B94F095815FA16FAAC262ED31136DE
S219EC44A99F3A4FC11F4B617BD7C1C8BD5497DC1F92C469BE4B13
S219EC44BE4B453CDD3172124705ACF83E8B17D32FEEEC2E8949EE
S219EC44D32619673D81F12CAF6E6B7EF5A075ACBEC2E51D6A9624
S219EC44E875409BBC73D892A12226CAE18DE31A817A3C32B5DECB
S219EC44FD63B7413467A6A0B98706624AD2C7AA0AF3F0885C0C6B
S219EC4512B4FEBAF27980B15C43C808DFD479DAFA668C39E0E73A
S219EC452773A67E9ACE901CF4F408508953C2D4836C743687CF42
S219EC453C1B2C5B9ED79BC8A1D7FEC6FC99E6864D4D5926821710
S219EC455121964F56CA25512F6065582FD2AE3C79B77716D0887C
S219EC45664DFEFDD7FE3C0C2A625DD5CEC468DE5CA7B6AF06D115
S219EC457B478D026771BACAEE5D7AB88342B931B06A2D2F0F7CDB
S219EC4590B65DF6A51BF639CC16CA08F98C3D4E17001780800C2F
S219EC45A58A9FAB4B7D10D92DCC11B7444A04CA2E2D0B1B1411C8
S219EC45BAD03EC6E888DD021238CE269ECE85EAF5B0CD081180B4
S219EC45CFA72C0D4159219EDEA4EA76AE29892935D67556206EDE
S219EC45E4C0ABC5ECAD1367D76B4B3E221305980815DAFFE0EA31
S219EC45F92F350C2BD43F529E351F07A5D69E5709783355FB55FA
S219EC460E0430B5BE60E5ABBEEC6073FE0A6F0C2F0DBD761B3F46
S219EC46238C9427EFD0715FF31F46BDDC979149787B28A71B0B71
S219EC46387FBDCA926811E87B23BEEE6C5883A179F3580395678E
S219EC464D00ECFA14DC43333859EFEA9197868CCA711C36EED527
S219EC46629918AD61F4B686D84B8BD7B288FA104331090156B412
S219EC4677C0C89FFFDE46C2597547AF0A806FE741284F334D163F
S219EC468C82DE0FF5BA1F08518EB02F7F0C2038204666E85E81AF
S219EC46A1944519C9B57138F404B6D679E9374A3115C954BC7301
S219EC46B626C69FAB1DF9571DE910E5B329DC7AD985C520B21326
S219EC46CB8F4B62C45C8B71B1B925B81D8F5ED220F977DC7EC5BF
S219EC46E07E58008F3E02CF1FFC381B0A9E9C825FA0EE99AD8871
S219EC46F536AFBA990E0EC2CCA782353BAC6B1349F2E512DD34D7
S219EC470A3DC268640AE35DD756684DE8D40A8D86AC92EB404030
S219EC471FAA07BD2079ACCEAE85FCD8769280EEFED169CFB05689
S219EC47347127C6A5C2C2A60E230F6C9C7591F51B58A17FCDE2CD
S219EC47492DA6FE502C24974740115AC06482C648FD58A81FEFB1
S219EC475E81D7A0FD140A10D6B1ED7142EF2324E25A56DADBB1DD
S219EC47734325442BC474EF3B210C33096C63AA779E815907A986
S219EC4788368A0D27C129C6E3991FC60E9F88347F51814362D8EF
S219EC479D596DDF6C92961D9793281FA1C588995F1554B2C7EE99
S219EC47B2BCE5E2242EA4586564FEF6FF2C73D730769D581175DD
S219EC47C7F18B101D2670E3184953CCC1865ADAC01138FF35850D
S219EC47DC19D107EE3CF1F666C9D4A45297B635BE41150E24EC28
S219EC47F1368DC08B28CA50A0423026A7C218D4C601DED45EC846
S219EC48060DEAD8112D249A01F9F0D03240ABC3EFED6573006F24
S219EC481B0B5BC1455A8AE4F12320949449C8C40E9573967C0CFE
S219EC4830030200CC1F0B8459EF53D8927C698DB24935728FABB0
S219EC4845A1567E1BB833D1DC2313884F909DB6DBF31468A36008
S219EC485A9B3FABE72063F94B34AECF98AFFDFA2BFECC982C0F6E
S219EC486FBAF837666B8263765FDC987AAE7A0F2A1F5BF6005CB4
S219EC48843B32E4F9D2D709D69A5D1C32321C2DB023E9360D237A
S219EC4899B93F6C84BFAB5A8D995580D5667CA268A4FDF193800C
S219EC48AEF3D16B0008266BAB47BB6B529C5D329A30541EF3195F
S219EC48C3BED2F81D542F2036503955302D671568FE3EE0A2BFD5
S219EC48D8293F28C668C503B6AB20C3EC8D2E9B73B3D3332E1262
S219EC48ED4BC73B9E183EFB44AAFB33CEF7F1F8008CD2A6BCC43B
S219EC490280345CB3D9B3E7685EF977D1522C2C1D8A1158C3D520
S219EC4917D5727E30971F2C439A106B2203533FF329D78576A422
S219EC492C1E0E8BF5394AA9298C0E6B219C8736400629ADDA68A7
S219EC494166770D2829F5E9EEBB9A83926F936A8FB24227B0BA7F
S219EC495681FC7EB6BB6673011F2F8238A405C006B1DB59CE7675
S219EC496B8EA0D3468BC7C40071FEC4C5AD833BA810743F1DAE50
S219EC4980DDB62FB0C10B56123839065E0A377E35EEA906E7B18D
S219EC4995D92FC1F61DD3224E70FB6A609EBBEECAD382DBC15C6A
S219EC49AA165010477C9080B80CCB1B67BD826BA2700FA1F2D877
S219EC49BFF58C77D16E7DA3BF847894A609FD9D22BDD69093BD6E
S219EC49D43908207522438A603C1212FA13A9CB2198DC7874FA5C
S219EC49E9B807D597CD879F73D2DC4288BCE579D93ACF491587DE
S219EC49FEBF53E1DCAF1A0AAFA01019171FF4C1254957A843D32B
S219EC4A1300459693162E90896F0DE56FCDA386C99EBF360E534F
S219EC4A2850DF732D31A888D6E31056C0A89B33E440543588C30B
S219EC4A3DEB443D1348AC82A91095920FE2AB198DF40C75980946
S219EC4A522E2CD23977139407A5987F8956A644AB9026008170FD
S219EC4A679AF38FC0115A463D1A3D8B306C87A8E3CA0B80B7994A
S219EC4A7C5E85C57655542535C0DC2560A1D89615FF7F3AE1181D
S219EC4A912D467AE5CE8B92AAF62C1BC7F35B6F650B1379152EB8
S219EC4AA6399212C4CBA2682ECB2FD2BB06FD11667CA507FDF34D
S219EC4ABB5CFFC620061941D20B75AA7A1A9A66CB5F531B0F65B8
S219EC4AD0BF59AFD41D1B92CD2412FBCEBCADFFEAC1BE129DCB64
S219EC4AE5EAB71AF7E37FEE2C6A61F004298F7B7BE8C68A84B9BB
S219EC4AFA21D8D6450F3164CFFBD357E36A9D53DA542FF0E46636
S219EC4B0FE6D4A1DA33FC752429E089CC99E45A4851FAE097154F
S219EC4B24CC1D97C9E19B8F9B967775C424DF185FF06CFB0C1069
S219EC4B398E9074F524CEA6FCF660C57D347B4670B1B2ACED63FF
S219EC4B4E0D91B430349F2D9B4F47BC528EC223F6EAAA0E0A8605
S219EC4B637724ADCC8674568EA9353050A832FCC3829A02B33161
S219EC4B7878ED9EC30C683A202F94895E043100695AFC21ACB880
S219EC4B8DAE3C7689873C7418A62FD543EA3499E264F6BC80CD01
S219EC4BA2007E6BA4DEB161AEAB70DBBB72C04AE4EEB12F52565B
S219EC4BB7DF875157E70D75F9382602D6E770F86CBA743FE782C1
S219EC4BCC48A6C9C9F9BD750F1BAE64AFA35D96D8434BA00A7532
S219EC4BE17A407F519118B4901E793F496BE575B290783E6E0C01
S219EC4BF6738BC60DB0DBD32B743373862F3BD289491F6DA41968
S219EC4C0B75B3C675B8BEA3031A45C24C5F9714815D8B76310499
S219EC4C20A4A348E23E1E3EA0903CC12230FD33548BACC1104F29
S219EC4C35A4FC9F96F26B286C99BA92443EC635AC49DB59C90B54
S219EC4C4AE5C5B9E128F9EAD244DC7252AA16FC70C164BC8417B7
S219EC4C5F49D4BE507418DB6BF3B4C920021B085D6A00C5374F8B
S219EC4C748EABD83834E5DBFE38B38683EACAF53FDDEDD8323D12
S219EC4C89FB26A66B5848EB63D20698A6B4EBFC1D35AC7B530D7B
S219EC4C9E5033841D2E1307A0061DAC62B4DF004F5B01F47B61C5
S219EC4CB3DB4CAFFA6BE6330E4BFDA34BCB8DEC4EE4E7BC98A909
S219EC4CC8E96942E103296F2EBE5F430A109A94A95A6FFF4D4DF5
S219EC4CDDCAEB0242ED835BE870312553922D6E255480A792E1CC
S219EC4CF21ED757B5DD74B67F1A39C718DB4602177CE4C7F7B1FA
S219EC4D078164BA5215B09A3FFD7FC7060ABBA06237148CF5C576
S219EC4D1C4AEB91A1EFE620FFF060E5FECFF17036B31A10A79485
S219EC4D31F83F27CCBDF7302B1FCF95C870E8DF9B0D3D9EA74E49
S219EC4D46B64F84253C1926117C8BE2D143F5FA2A20866157BCFD
S219EC4D5B91CAA03596EEE650FFADA9FD3C4CC977FF8361303CFF
S219EC4D707FDA904861E2BFBB3FF70B6589B9874A262F99C2DC0A
S219EC4D85718DE3BC0E416BC58D0A41DA1CBE10F1638C92EA9084
S219EC4D9A63B4580715D7632647844F0D4EC81C78016235B69376
S219EC4DAFA2053931ACBD4C40623757B3209DFB1719BBEF87C27A
S219EC4DC4A64D5CC760CF3999AEBC724C44A945697BCC3C52BA80
S219EC4DD93E4AA0EDCAB0788319E22734A63535189F5072F679FC
S219EC4DEEBA4332C2B52B73DA57917975AB3C77676810F0F83175
S219EC4E03E742A5A6EFA69F349E81837531A0D0FA72E05233B58F
S219EC4E18B3FE994D87608BB11493716D33FC7BA7CF5B03912C1A
S219EC4E2DA05C612BFAEAE717888B850C54043578EF3A64E76593
S219EC4E42BD8C688D34086C71891D45181B972DABAEFC88ED6AFD
S219EC4E5703D4E63C10E0DAAD13202F3F8A5068C9926392700141
S219EC4E6CBCDDF4E04FBDEB3F6DC1FA63D3F5E790E309648E53A2
S219EC4E8130079BC442334449502001CCB1BE3BBB549C7ACECCED
S219EC4E966A6A3772E912E5FC8ED169ECF1F9112CE737A4ACF87C
S219EC4EAB33C4292994C1AE734468430BB8809B1B566EBE8759F8
S219EC4EC003BA7216C9F4CFBAA7B27EBA82D08EAC3F0560E4912B
S219EC4ED5B5962E896D1EB278ADCBD334C6C409F75714DEAD71B0
S219EC4EEA100720A3BADC6513D804DE1D27FCB37E126E1163E4D7
S219EC4EFF375730C572BEAE2036DF67EA390ECD35E468E0D05B26
S219EC4F14C9E9196DEE37F64296B4483C76DD5CE3B7A7AD64B083
S219EC4F295BE6FAD3A6226E909CA4E63213F1B4359809A64F6D66
S219EC4F3EABF4BB7C736589D137114BB58553246B17873C792F34
S219EC4F535E4BCFC4968A2E2BAB11B72F97880D41B98B7B006F66
S219EC4F686878E1D7D2468DC61C40BDE81C9F320CA5E40A7AE059
S219EC4F7D1599153A93D4BAD050D1C0B642429F76AFB78A518946
S219EC4F923E99D84946496C2795B15B65951D38E83AEE15F915DC
S219EC4FA76604BC6D16D7AEE43A95CE2ED4BA7D8F4C717FA4EBC2
S219EC4FBC87E79F8F6203020275C5B68EFA5216C51CE188BEF210
S219EC4FD131673D7146ED80C47C3BBDCEA97DA624232EB09199C0
S219EC4FE6E9FB614D7E41FC349CAA0C3EBB816F65A0CD8C582330
S219EC4FFBFE3A2EF581D874288238B7F843DB19FA15B8AADC581B
S219EC5010504E9EE662D65BE2982EEE57ED9E009A7AD9311073CC
S219EC502529E4C5A757402ADA2999D977E8D7440BFAE6EBDD3871
S219EC503AD628E022172FFB15221F974192C7ED825DDB001B875F
S219EC504FC1E71574BD7F41A7CCB7D55E937C156F2B15D725C4BD
S219EC5064E6F9611584B5ECF909377D066A506091E30D47CBF56E
S219EC50792D843A0C6E12380814687BFBB6C7D4F380C58DE791FA
S219EC508EFF83E9D506CAA1088A5A624903761638114C6E8A496F
S219EC50A3F27CB4567AD7C2E21E71DDEB81A8DCBEF6E439EEE19E
S219EC50B8FF9C9F9A456D7D14C1E683B4EACA4A4F67CF9BF88E59
S219EC50CD118C8EA773CE76E9D1E3DB6F1E1242946CEA20B6FD3E
S219EC50E241741F3897C554986ADD179D82819F98CF4681646ADB
S219EC50F723349F93005B830824FB2FCCE6ADF183265C2BFCFF7B
S219EC510C316233E3F9EC84D9D82ED67463081BBA3ADD58BAF801
S219EC5121DB8351BE46170CD58D08049DD20CC330668C86203E00
S219EC51368EA03ED1BD6973A827B74546115F68567DA31D745C51
S219EC514B70B2885FE8373AF60911CA4A655CAA4F3C2C42942AB6
S219EC51604745F2A86BA73520CC89C5153BC6524AE1928ACB44E4
S219EC517565573C45E8B2996D617A069A46EBC967E3E52D4D99A0
S219EC518A5C747F23B292966D1B470087D4A818505D9DEFC78267
S219EC519FEDD82C659256B49BE21AE3B0143B05F687955B130911
S219EC51B43DFF0651DF256987E97F979CBFD6DC8BA5CACEDE9527
S219EC51C9CDA1DA0F77613F1B5B6E085010A05A9886D9D618182F
S219EC51DE51BE6A4175F6169B1E2298F297E16524BC75C170BF09
S219EC51F3DAD145A21A9FD4ADBD616D8B58E3168EB1A4988688FA
S219EC520822C267EC47CD0C5F28920B28A571C0B33D16AFC63B71
S219EC521D21A3C9E12ECE25EBE073B4723AA2E62AAE5D3021C18F
S219EC5232AD9B45ADD5E9997D94C52178B4A3DBD965DE62C96C91
S219EC52474374DC4A21A6FB8F8EF7233286BC3C91CCB7201A0687
S219EC525CB1FED965811E6C7C63FF79ABBD902D867D8833A6571D
S219EC52714CF810341CB8DBA22DAB56A94C49C3EB40F0692DB3CB
S219EC52865580B901A36918D402D2BAE491C973EFDCD54BCE396A
S219EC529B515FB7D3C49FA7697B60DE7948221A73F962C734954C
S219EC52B01FD118880CDEF67D0C493932BBBDC7672C37F899634E
S219EC52C5F4A77050F388F3DF9D5A1F05BBD0C335E031163E91A7
S219EC52DAE336C7BF2A5B9B7B10D4D8B24D656CC95BC07087919C
S219EC52EF7EBBC3B09009B9FD9093CCABC1D7DFFBA5BEA4D9884A
S219EC53048065EA5A29316228FA1E8BC1547C11B256A324A31FC0
S219EC53193AC152D81A1823E041C95A3BFF3209A80FAC5D805EBD
S219EC532E38C60C39A1C0CEC2146A6692F9BA7BF461566A96C531
S219EC53434A49403816CFCED3B0EFC0566154ACD42836D7D329B8
S219EC5358A032C8490C7D99479047679A6E3C0A134A4F41EEEFAD
S219EC536DAC402A1D00E49BBFA9123D778DCBACBB4471FE2F04B5
S219EC5382F5AD6945A1C8D292ACF5F9157AC50BD7EFFD527DA7D6
S219EC539794B0B39F8E68F4B0FBBE0C8B3FFB66BA5D1DF2BB9F70
S219EC53AC51194A93A2BDA781D347F72DAE5790B7BD307DD4461F
S219EC53C12EF34EFAF103B11C37DFF25824B13F2178C0CA815B49
S219EC53D662A3668F5B4D7A3D94AD68D0B22AD8F4BB59A2FA2681
S219EC53EB28F4F1C137D0816A889F2EB18308EF28BC4FAB21E994
S219EC54005065181C1E6FCE7D51C9EC2F52EC7893BFF520334917
S219EC54159E837EE0B40467769A690A4BECD42790CE956F61304B
S219EC542AD351B5DF4DCB2B6E0BB60DE3FECA24F7E684518F2114
S219EC543F556A770B95CA665AB6E4D81FECBA5F438A7F12EC9A8D
S219EC545404CAC3A9CC7E651DD2CA8998479905F72CA84E8C798C
S219EC5469FCDD963B64A3A6E272E52A5F4D4357CB11546FC2B329
S219EC547EF5D883CFADF7E62F1BD3A60146B44470433FEE434D0D
S219EC549390FAC376999C88E4D7A53908201BC916B1FC37D573AC
S219EC54A8E60C7CC9A10DE418F97037CBF47CE2A2EA072E6ABF76
S219EC54BD79C90FDE0335208A2ECD48A07A22A4997C741877BDE0
S219EC54D2B66E4A9BD207D73B432CCC640EF6E102495D1F3AB8A3
S219EC54E7A4513642D1FFC5928438FA0EB15002042848AD4E48AD
S219EC54FCBE5655C6C8B04D7A6D3BEA5D99784532E5921D9E7320
S219EC5511B3D27AFB384F2697842C1715DCA3410199D3ADB71FCA
S219EC5526F4DD91D522584081E24A63F6B6530A6AF6C429D8D878
S219EC553BE6DDF7B34C6BDE5BD5DB8F1A58007DFD213055360CFA
S219EC555043D2109690B45E92870F7332C55E8288EED23A7EBEC8
S219EC5565F85BF505EF63AD1615BFFF88E5ED36ACDD68E6D78746
S219EC557A5098AC33B80EA08B2CAC71E0307E47AF3B519CE65642
S219EC558F792A5DD297E11E0EF1768D140E28F186703B39E0B86F
S219EC55A414C7B13758F81B94F632079221E931EACE0BCA229EF6
S219EC55B9A870D798053B50A40103F918877D235FA8EBDFF0F044
S219EC55CE3760EA4E6D7B24C6A5DE0226D90D12C0D2A7D0D38235
S219EC55E38979E76FC858B8AE968CBFF8D52D9F317A02E6904CFB
S219EC55F870CBC3E9D6134B14AB1CC3ADCA0EEE025D603C7CA268
S219EC560D47AB484013D6231EC1A8110518E07491F9A56E8FE6F6
S219EC56229935A9F1BF5FB100F559432EC4930D718BA7B80F9F1F
S219EC563725E6B6A90A21C7E4CD35278D61BB6BA90BA8AE50197D
S219EC564CC23F0FA86A0F4E371C8DC15893209211768060EE3214
S219EC56616D0F0D16E20BA97F4D3189FB208AFE2D1F2775E82FE6
S219EC5676AB15AB88EA450868965229803752CAFB154A91D43DBC
S219EC568BF17F5FAD83E67A6F668882C63EC26AC493A5D3EA4AA8
S219EC56A04DF7E94907B8D05259465F4341162A6A01FD3188804A
S219EC56B5B7598091B55B61BFD4580BE9C744B376E4807E97725F
S219EC56CAABE3C6D5589AA5D714BB8975D4A3339E753426851EBC
S219EC56DFCFC57694E539683F1A70FBB5766A9090192D8296E5E5
S219EC56F485FC591A81E4352106DEB395F7B6604C056855D443A3
S219EC570968BF37FCF718065F8256C6B899704C41F187D24E7BCD
S219EC571E7BD786C1E47E6072255B73B9A63927CFC788208293B3
S219EC57333A87A6264BB8D728A61228996A498E25300CA14833AA
S219EC5748641AB26F4DBB512D3C6B7E6B0CB0CD3703D407520CAA
S219EC575D1F302A2362FEC8C17698AF97013FBA61F689492FB764
S219EC5772C7ED18B675BB09C62A3F43AC7CF3B4189614B35B560F
S219EC578718F63AD04A960F9BA7EAEFD189CF5BDA40F0A573470D
S219EC579C277CA9C0A7EF3F4D5C68680610423791142BCA62BB67
S219EC57B186F379AE16930B2919E06436B6DF1A1B1BA557B73317
S219EC57C6B227126BB2FB4514757D969FBF16856F1DA382B04C53
S219EC57DB4EDAAF08E66BB1832D6687E7AFF0E1F2729E244DA1CF
S219EC57F0B8D16D96F09FAA37F9A7311200D2A75AA276843E8C9B
S219EC5805BA5F0F79F2A84C3C752E0D7A3F3036C59883453BFAB1
S219EC581AAE1E027B50AD591A898C1741660A7422777C7F167B59
S219EC582F8D10D1E8A3244F64F1583272EF768E7241C434FB5DC0
S219EC5844FC1A5C075E5CD71C53ABF46075D382083DE842D39545
S219EC585991C07EB51A0EEED7E2885B42A774FD13666A487C36DC
S219EC586E34355A82FAB4828292A1DB92470D08681B169C40DFED
S219EC5883030B23CBF960A17F4601F3822C500B69A1929239C33D
S219EC58980A447CC39E022756AE9168ABAA1D3D161C8F38AE4023
S219EC58ADB4DF53A1D595715F31C08403C5B623EAF8A315E8E4B8
S219EC58C2378B1A434A5127C65A1B1CFF3CF0DF166AAD7AAE2920
S219EC58D79CCDC96524F12500EADC799BF2B7F2DD061D6C79613F
S219EC58EC90AA46CEB3FD17B2AAB6144E736F26F806B952A33F3A
S219EC59016B134214CC089F134286911549E8072E50EA5AD1DE2F
S219EC5916F1D0C60F5FBDB795E0C8247E05357CCBAC707B554096
S219EC592BA9F3CA56A68D04543D89E26F2FC75837D80AA9ACC795
S219EC5940424610930CC0ADC1549E7435F3500BFF95FBF2163448
S219EC59551997EA5B83CD3FDE4CDEF8E966D615738129F5F7FA8B
S219EC596AFF41470DCD3FB8C9A045D57D88371B9D1E2FA628DB72
S219EC597FAF18D1DC13872D5A036A747EAA7278308AD5314F7A11
S219EC5994419999C1CC03C220251BE88C816150F68990387CA4DB
S219EC59A9E7A85C87095892A48319CAC8E7A5C6E65830C72631E3
S219EC59BE6507C38A4345B46442D819036456E96DCE0FE9E3ACEF
S219EC59D3CEE7767EEC04780C7B866E7456C28C6E5BD2093897B7
S219EC59E82064D7803C29AF07896972BB9E8F666BEA7459D943D3
S219EC59FD6999EB4537B0DA4239E26692D907BF6372181B152F71
S219EC5A12B5EAFC30FD3AABE8E1521615E9163540CDEDFDFE7EF4
S219EC5A27BFDD7D01B1138F9464BF6BB1764D1CC0F655B27BA67C
S219EC5A3CAC46FFEED97CDD699935DF0F2B97F25EBA8372DC523F
S219EC5A51F00D966F6A63C54E2F8C850A7A482E74550A6F5C1D78
S219EC5A669A621D5B5D56E4EFC7E4B5629F80669AC66DD7C81E6F
S219EC5A7B6B39CFF3F673B3327D67F2F8FC82A8FBA834D4D045BD
S219EC5A90F979AC6D4AB85187D31978DE2396014AA8ACD1C57704
S219EC5AA52216B7DE9E45EF4082C22631FA2FD1D46224A234A2B5
S219EC5ABA82A6B57CE57054198C8B13864ECD3BF637F58CF02BFC
S219EC5ACF6498236241E70EC0212E9DA094C45626AE34E65C4294
S219EC5AE4C60D1767ECF7AE47019B65E5B4FEE071665027E2A348
S219EC5AF93841D83844C74813103DBC650B3FFF74EF118D7E5A28
S219EC5B0EFECF081B6D886B7A5933634CACE987759E6E0F4CDABA
S219EC5B23F2C76F3DA676F355B42DA76388820B068FC077FE6C7D
S219EC5B38EE2F17500FD99DF845807C84C9E616F1284E87143D9D
S219EC5B4D83DD030F09D71D0FF18A06E0268C95FB5AA574D2EB01
S219EC5B62632D606D1B31809F5CB7DD383FE6B23C4480D5DF01C1
S219EC5B7738B1540820722EF66DE920CD6552E1D8E4BB552DD287
S219EC5B8CC756798ED1BB1572D19AB0E63856AC2C90FAF0F2B455
S219EC5BA16F37D24ED8931631BE2F67B363565CA34AA99AF10643
S219EC5BB6FCF94B6D956C5668DB1F2F8B40B9953F675060CC54C5
S219EC5BCBF8048B2F7ACAACBD181F77A37B28CF9F3F977E0F6F3D
S219EC5BE026DA8767176050C685B086222281F5729891740EE7CB
S219EC5BF5B40CC46AA927B1FB91938982B7D4386CE0531AEF9511
S219EC5C0ABE8AD779DF86B983DC2F70CF51A00EA7CA890549C505
S219EC5C1F164E52F9862F458B428770FC26A3DC035703AD6825DA
S219EC5C343EF46F5082468C895EF4F7181E0CC19AA99EC3E6B214
S219EC5C49B7D8A79CF96161FA88F37C29D802EC210B07366127F7
S219EC5C5E345FD233B30736571EFE3194B57AF39588BDCF12D6CD
S219EC5C7384E2BDEB2D56FC39ADD093B404446B80CF1339C56529
S219EC5C8871C322E353272065DD7C2F88011B92FE25B71DB5066E
S219EC5C9D08956317E05DB1B845D5DE2CC83E8164076F0AD88954
S219EC5CB271FCDD7EF79CE7900267A6C9270D36ED619C1D4C364F
S219EC5CC7969959FA044DA53CDDFA82B9512F2ADF5FDEB448A7A8
S219EC5CDC115D19DB273F66774FA03459045C643E5E6FC577D2C4
S219EC5CF1422B8F07875DE8017CBF458F07D17641A7C69E7E8432
S219EC5D0657D4A4C92F925431D14FC58961DCCF0407E7B1334326
S219EC5D1B1D5B132D88BECB92E911DE12EFD6317D9B755C744E9C
S219EC5D300B31FAA3D543667BF211FE0FB1278DD5A2651A36BB3F
S219EC5D45D0431DB2AA94BD58A05DD033585B7DCC725365FB3FC3
S219EC5D5ADA575AD65F1E42F04F6DB74C0BA60B9CCCC6ECA3A15A
S219EC5D6F5D35086A899435B3CE7897B44E2BB9971B13DA38DCAF
S219EC5D844C1707888448944283B96998AC4B2FD397D23BAB748C
S219EC5D99A10A4237CA88A7E5D8957CF9F79D6EEABFF053A0B5DD
S219EC5DAED61BC26D16230069564655B6ED625A776DF20599B3B6
S219EC5DC3A45423DCDEF5CBBD1AF9C7DC9E1C458AD09D3C4AE076
S219EC5DD8E96DE87B19CB3CDCC428336A4607C38BA23C22B4BB7D
S219EC5DED4505C8164C77E9A61A5E7859D3636072DE37E7408623
S219EC5E026CE7BBEBC225A3E25D16B5EA8ADDE4C6A87451111E76
S219EC5E1789C99CF2C261A2011DD1EE41418AAAC317ADC1A286DD
S219EC5E2C067D3E3572273E2CA57B93E55561361726BB4BA77A8F
S219EC5E411B2AD41D4AE4229144DFE18F5068151BC77DC0DDEEFA
S219EC5E567A59749FF8FBC0A725F7901CEC4E529F220902EBBC3F
S219EC5E6B794EA3116FF6A91E03E350EDF455B97032308824B235
S219EC5E808A074B015285033270ED52B4B742BC806222116B5645
S219EC5E953C1EB15F57FAF4BDF4B56D4246F4BEE759AE8F20723C
S219EC5EAA2788577C4791E9EE00052EB662F1B510201CE58839DE
S219EC5EBFFA23E25A023F8EADCA58B15DDA14581B34CC2EB24F48
S219EC5ED4AA7E2C1A8AC00123DCE7F23751DE8F3A32140A7164E3
S219EC5EE975E6DED54356D5076BC71EA69314E0BD6BADCFD6AA8F
S219EC5EFE59B744534A8728E642CF4FC47F3D5E95F16BA249B24C
S219EC5F1368F81EE965DF65903E28093099454B62AB00FF07D33A
S219EC5F28A855939F771F0CA17B85B00372009FCB451F41A433F6
S219EC5F3D1D044956795611CB81739C0A423788BE1E162E92BAEC
S219EC5F52311C71A284E40B4909D364D45DA2CFEBEF016E585357
S219EC5F67D5D18951A8C0205165DAAA4D4A9C2AFA37B8C13D3777
S219EC5F7C5BEABA3208582AF54C5656ED35AF54EC008F14C7B745
S219EC5F913BC3B2A5622A59DD2AA624DB1BE18639D9E1AB8D3F38
S219EC5FA6F59F2DDF5A20CBA7491E106915F5F0941D7B66367B4C
S219EC5FBBE64AE0F07A9B0B574A8BAA6AE751E84EDB014B7B4B25
S219EC5FD0644045F12255D7032969DA26E04B4026FC1DB982BC6D
S219EC5FE55E84F9D3112418624E70C1F5A0E05B5A9DA59C1C1A9C
S219EC5FFA892684E1CA4BDFC32AC3BA58349091E1CE523B101F17
S219EC600F87A6D092988881121FB7590930A217BF67C1B46784A2
S219EC60245F95D61C83102AC64DCE2A50ED8702059D3315D9CC73
S219EC6039FE17D6D7A3CAAE1EBDFA3EB74D16D0924B11AA1C25AE
S219EC604E86F086CD85465B092C3601732EFD96C5BF55D9F0A675
S219EC6063CF3BC3195BC47A3C9F38A075A4C4F4E7E3D419E02875
S219EC6078D811CF054423B6F1F5950D16A5B583B4995384DB2EA0
S219EC608D4F7687E4D85948FBE00580CC351D5D55408F28A6791E
S219EC60A2D2BBAB1E126849CD603E51DB9673C35316185D1FFE81
S219EC60B75740C0B22428DA0787863B86D1641ECCCAEC439764CC
S219EC60CC794506CE4E8FF565D370524770B7CA87F296FBE0222C
S219EC60E152A1DE3F386950CC8F8573021D4BDF128137F582BF1C
S219EC60F6C10B9C584FA19EE12354B8020B81E6D989B722A9F1FD
S219EC610B9033F7C72D1A0D0134A30C096DB7A37FD3EA9BC76502
S219EC6120ACED01BA5A1B73FCDF7783163AB803FCF60D1B0A55E4
S219EC6135D001685871087515C08ACD90C2129D3E18B6EA9355DA
S219EC614A2A58F2D2E2C9F09C4D4F3896F0CF180CE11DE631DA96
S219EC615F462B96C7443C98C5202CBD97717B6CBC949FE9837CC0
S219EC6174EF64D199A96951E4B377FB87B6142B96EA2336F9E2CC
S219EC61897C49D8E5DDA8D182B24360C699D9B4B01670EE04BA93
S219EC619E423228228CCEDCEDEA9A614A0805A5BB901C744B3FD4
S219EC61B3EF80358C5D81A9696BFC90693586FEA9DF3FF0F66898
S219EC61C89EAE27279B83FAF0751A38D7CB849F2E99442E64EE18
S219EC61DD625508062EE3AF5A1EB8A7BD3A3DC0B094A816EE8BF1
S219EC61F229E9B9EA71467DC1B76ECC2ED8C52D9FABB0FF06789D
S219EC6207FB32B58EDAD6822DA782A97B0D4F9B751CDFEBC1481A
S219EC621CFBE20F1122B22E407E7B709F51C11C34CCB54C30F9DD
S219EC62315D68D64DC0DD57E2764E1E799974D40258E1BC431122
S219EC6246E468B7C5ECB84F83B52DFE60D188346F319B93A4785D
S219EC625B5C3A496AB2DE4DCBB64A0867B1FF8383E89B3B909F3A
S219EC6270C5860341A54154025A0DAA228F0EFB5E063898C8880E
S219EC62853B4A2B18F40BC55C5C0BD4F3DB091EDE841C57C485DD
S219EC629AB0FE7713C3F8715581713CE71411B2174C2488806466
S219EC62AFEB514A6C066181D9AF5D95FAD6431412BBABE5CF0939
S219EC62C4FF6C8833863ED504C959267CD1F184224FE8DFFB0EC6
S219EC62D9909BD534D5113FE1B938B4CB3026E34867B7B8AC13FF
S219EC62EE3F78D867499A588DAF896501E1ABB65C1110BE47CFBB
S219EC6303BB98103C2B9E178F6FA79A78CDEB57E9DE829CC6D5CF
S219EC6318E4E31EA1C5794B59C89FBC02A1A592A8001E3A0A0A06
S219EC632D2AFAAC6B53F9C8684A4E47A6A82302B92B52A478FA15
S219EC63422B685A22E2051BE443AB4F08C760C5D5841523662117
S219EC63575FFE7007850BB0C7DFB775A3B0121167B5F494259388
S219EC636C4F4F75ACE88E271348FB1A9714BB77D033F52AEF7CF5
S219EC63814BD28409D11FC2BCA1F92442B62BE9E76654741BAE56
S219EC639664B18696367E9D753B1F04D1A386E0BCF989D6B3E823
S219EC63AB2B417ABDEF5C1331BC91AAB30D1754955EC663C2E6D4
S219EC63C0FC5B552D1FDC58F09962C385B78B46466701ED8C6267
S219EC63D567E4169A2A97BA1E10C89C1727851A5F9F0AD31221CF
S219EC63EA63D477974C37B71A527402546E3500C87AC695F83C84
S219EC63FF4D0FC02B67DFA04CBAFD112354296E1BC2D33DD5B1D6
S219EC641431BB137B4C885F561B5C6AC3550467B62348FC6ED4BC
S219EC6429F157A4CD81783560A3F7713DB74D58A92F94446C89DD
S219EC643E1D04B23042DE654E19E57C56D24D821D14519CFD6D89
S219EC6453CFFFABFF4063AEC4369F73328CB266A445BC83A7C504
S219EC64681F3D26B8E7F02A09238EE50D6A28CF8F2D4B21534823
S219EC647DA2F878270EAB3BDEF68CE585626D549A837BF7A37B52
S219EC6492F10E03B3A2DAF7CA4830A12092FE73A330209F3D8087
S219EC64A7585DE77B0809FA62F3BA60486F64CAABCA5F1ABBA12F
S219EC64BC7EA842E83FD59232A48A66F8D29FE09D3822EF939FBD
S219EC64D181A85E74886B632BBD30CC97BA32D4F5F6A6D6C510FD
S219EC64E6D8EBB3701EBCA9C01A51E6A08B286FB032B082B74B5E
S219EC64FBB8F36E5C5742B778726AE31FBE93BCBB6EF038968705
S219EC6510E81846ECC9EF469817121476D698D998C657A19B3F93
S219EC6525ADDB7E8F70CEDF38A81CDC6E96122163E1CCAC333D83
S219EC653ABA54F0FDC034213D18C91AA8EF59E4D9F80BE7EAFF93
S219EC654F14D3875AE8767598A59CC113AD924AE44936366B6A07
S219EC656458D2F5E744C2E7D1FDF2915597B7CDAFC235790DC48D
S219EC65795598E078D3316ED9503A4A12DF3645889F108AB96171
S219EC658E44824191BDD668F5C867D4E44E37A410479B5B26906C
S219EC65A35D73B5E0D27C0762714C516218C637881FA59651AF6F
S219EC65B8309197D8D2473834159D42A625343195573635D55D7B
S219EC65CDED1D4B04D90420D6E012C6540CEE884D4D58FEBD1150
S219EC65E2AA6E895293F78F692ABD0227AF22506FACCA15B2E879
S219EC65F7C72026702C2CCA9EA218F4DC58D0F8D23EE099566177
S219EC660C3922C5540EE40E98492D4553EB1F622544827F9905FA
S219EC6621576555D52DA3BF208AD7315E1FB1BC3AC0A5B0853D51
S219EC6636EC9B210CBFC75DD1CD43802AA98DE148B56556713FBD
S219EC664B24E2D85B24B72DB02E5CA31FF8FE80171991A01951CB
S219EC6660C4513FFBCB5C4B6D7BAF9CEB13FE113A676A09BA590C
S219EC667556E6301D6CD263D48F0BB85F6B655278B99A360A370C
S219EC668A1B2316DB215D8B8E661982EFFBCC41B9DDD779AADDDF
S219EC669F98BF8A94235175CF53999254C34555F04788FC6F521D
S219EC66B439FFF597EBBC24E85EB1ED26B4ECA9F3D941B155F7F4
S219EC66C97E45C292BCB2D4C3D3C770388719E1DA0CCE455F2272
S219EC66DEEF621DEF19B381D7C5DF4227C67D7FF04F8C6F12C654
S219EC66F36CF478B0341DF62E3F0B4EE2AB2B77654AF82E9D3932
S219EC6708D11FF131BF0DBE2ABB8F554DFDFE89B3F78E6A0E891C
S219EC671D02231094DA27D7070FAE70BF7DD056BAA1FD12A5E24E
S219EC67328B2D20FB94CD56926E0D8948CABB161B3B5D90764164
S219EC67471BE78716D7C5ABDEF3193E06D7C59AA41D7AD307F8F5
S219EC675C102246E41E93A1EE2E5C9997E603458A615201C97A32
S219EC6771D855AF8921F9D3D063F99D3A980293BA16ED59B7E9EA
S219EC6786EF1C435430F64B75B055B09AFEDEE8A9C1A8C8F8C7D9
S219EC679B36BBA9670A5140A58DDDFE5B5A3A8AC6A89DC2096B95
S219EC67B0920DB2E684DDCD14CA3D77BFBDE6A1720CF65D266E84
S219EC67C567A5A80365F88E08CDB1E30B3DCA10BABB0DDC9F3F65
S219EC67DA2808F2B34EAD2D65CF6DE5F4B299156CC69F5040B6CB
S219EC67EF0AB24FC245E59B69A7DEAD1F4D135CB34D8A2935C1F3
S219EC6804F95A1F08143DE18B500A9FB8FA3A0D958A51F3B5E964
S219EC68191FF1667DFCE54DAE1D2545B5C6792E44C6AC1FC46008
S219EC682ECB20D45BBF5A584FF292E0006F08628D055AA3356623
S219EC6843F6490DBEF25643AD94CAFBA2A50C9766518BE57473BC
S219EC68581E27A96AEE8F8F40CFF84B15297EC9EE9AA6D5E2F228
S219EC686DD121D878680AFEDB70074ADA550F554FDA32E02B5D81
S219EC68820A37C30593CD1B58A9C6A20CF86694ECADA62E78C080
S219EC6897EEF48B6F9C94F48F826E3C0ED64F82670AC8AB70181F
S219EC68ACE62DFA211C0D8DE47594622FBCE3A6269A1F4C67317C
S219EC68C12E2D123F1ABC15A27717893D74A44AFD94D20374AF59
S219EC68D6F10712D2265E37EF2486ADEA1EA927A2CD05938C4B29
S219EC68EB769347EB2C95FC242DBFBB842AE1989EEA094AC0CF53
S219EC6900E2F65C23AD4178112B5B5BB15F273239C4DB6E74536C
S219EC6915122F4F6217068D16E65B1C883D298C637DA3BD926FB2
S219EC692AF954A48B62372CC497AB22A89070E8AFA47087E0F64E
S219EC693FD483831D1C7B3933515B6D5E77435C3A51128A1CB1D7
S219EC6954F3904DB0AFC7228ED355C064B5844026671312272CCD
S219EC69695EFEA944245CA108A4416730FD03430B9BD361AA0B68
S219EC697E04808AFEE8020F8085B3BD36034B038E1E771D23F9B6
S219EC6993FF9DE57A46C06D157154C9ACEC9A86AD4B74F3C4BE54
S219EC69A8A5349D5C0393F7FFBA99AA33FA0BD9FEEB9A42A38392
S219EC69BD46FEB6B599868D7A7437B0F0F7A8E37DE2FEDC317A4E
S219EC69D2E8EB1F72350C6262CA07902622CB911210B9744F0BA8
S219EC69E71CC6C6C970748E0C261270F15B15A3637B5114DCBA36
S219EC69FC5C7EFA73D5D097B12359CA1C3CADFCF94051C1FA8E47
S219EC6A1153D70720880045B1D1660D1E11AD59A705913F5B4A16
S219EC6A26B31E4EEA819F8023FCF52D8501E7C6334453AA138F37
S219EC6A3BB65636F3097D6689A9DC9A93EB2060A939A0FEC21438
S219EC6A504B34558F89D6DA60354DE067FD693A37AC077AD2980D
S219EC6A65F440C7D1E994F02735784468FC37BAFAB7283E724FAD
S219EC6A7A301F74EEDEB292110E6F3B9EE1E9806B7BDDD073CAC2
S219EC6A8F41EF4E0040C6FABDF461D3FC70041CE323A06A944E20
S219EC6AA44EC0944FB4C95D9F2D24950730B7AE03F927D608926D
S219EC6AB968E3D71F2A6C47B284983843791757AA716CE9B36AFC
S219EC6ACE276465EB3AD253A37A2C7543F2932CB13C2DA5F280A5
S219EC6AE33342812D4842D89A07E49003E59EBB351E850AF351AC
S219EC6AF89549C398A970690E1065CE299C1685B74D3332E0F1F2
S219EC6B0DD95733549ABD555832C15FC78E20763241BDEA728A74
S219EC6B22B2D78B1C6CFCA84EB1581527DF7BF1662C8B837BE94B
S219EC6B374F1B82FEF527FDC6CF79595EA03E6C45DBE52F5E862E
S219EC6B4C6A4956F608B6FDF9532E8F094A1BD9C1A2E081FAACCF
S219EC6B61D6FC319303FDC2F71E4E1EE3EB5A39AAD89507D09F67
S219EC6B76E3AC579565C29471906C78B8F7D39C2E0AB128C18985
S219EC6B8B6B9283373F8BE88E8D68D873268C6E775C3CA3F3D731
S219EC6BA026FE72319FE1A79B20D80118FDE9EED5DDE61357A9D6
S219EC6BB514D4799A1A9D9A5DFB02EABEA3881D9E2E85BC515A8C
S219EC6BCA2AF5186EA5E29EF6118451793A0B47834B43C54334CD
S219EC6BDF500FEAE2449948E3B3942495FB3EEC618C6BAFD6C1BA
S219EC6BF46AED48398EB7C2986FC54C70D73112684D760B5F6A1B
S219EC6C09B4D861BA15BA9197A275229FCEB43AA50D8EDBFCD765
S219EC6C1E46DBB05382FE333B21007E126C96320812C366345EA4
S219EC6C3323E03AB0306068196AF601C83532FB6EADDE15C036CE
S219EC6C4856CCB2605EBE9B47266695EF689B7D37B2171AFDBAB3
S219EC6C5DC0FA463CA11F831CF0CA0527EA076EB220A3AEDFFA55
S219EC6C7208E72E1A0E0F3C0D2A02C78F31A2516921E404A6774A
S219EC6C8722C70A57559834BE35695671B62427DFF49F63BCC81F
S219EC6C9C58B50F07CC1F3CBF5CEF26ABBEC681C950C64F157C09
S219EC6CB1D40886BBB8B63067395CFCD6A9F7A367C78C2FF13205
S219EC6CC64E8EE45D8F4BC3B01CA05F9AC43176944C1422A11671
S219EC6CDB13C9FE99B35E7FCA64A3160942B4503F559DD0B01BAE
S219EC6CF042C4444786C7A5804991F99DB4BA02464C82E873CD7F
S219EC6D0572DC3043399058E9296297E337ED9CA7CF76AF6A8271
S219EC6D1A88B8DA6C9A2CE385DF0E075934D3DF7A5F1AD2642241
S219EC6D2F3700A126308F8D3C6A85B4C49EA9D560390024F7930E
S219EC6D44C3AB72A25C5E6EB28080F588198DE33125C4046CB7A6
S219EC6D597D7B90DC4DF4235BB5BB556D0960473788F2A4463D57
S219EC6D6E6E39A88C9B05A561EDCEE2DF6F1AB5722A0557A6D175
S219EC6D836A5177E0073636E844589591B780CE5D7B8821CBFD8D
S219EC6D98622C8A7AF46245CCDA7B5FE23E39B07D295EA7EB5C4D
S219EC6DAD0B6C4598EE242652D615EFDC3B9BAE0A1A6A9965ED4F
S219EC6DC23B2E7A04863FD79B6644F625432F9C42F15B1728C04D
S219EC6DD7E4063E5F550D97B11B2CB85C60E3CE872CF74F241AE2
S219EC6DEC486754A6B85E6058CCBDB7DD78FB3C366CFDA82E33B6
S219EC6E01CF25B424DB05F0847DDA56FC10B16EFC84DF67168E29
S219EC6E16816535FA198C0C5BF962274A61299F2FE61D349888DA
S219EC6E2B4D1F64832CBE6F45CB19CF149A2E7F2D4466F7DA3E7C
S219EC6E40C6A14E9A9E2DBF347FCCB871E8FB19024A2BF879FEE9
S219EC6E554238CE1EED451A869FDD0CA251F54DE81F6E92A7177D
S219EC6E6A4FB15513FBD98437ED6E84817904A860711918C37C65
S219EC6E7F91D238731FE20214D255199B0EF0D1EBCE76507E6DD4
S219EC6E942799FC2080989D464D92D2DB5FA388E87F79A29704EE
S219EC6EA9BF758248EB44CC19BA73004294A546FBD4E9AA5E9A89
S219EC6EBE39BAC5C02FED21A499DCBDC1C6166BD458CD4F7CC3B4
S219EC6ED3E783478C75CFBDA75415FDB715168EB92BCB29914253
S219EC6EE815E2F13E9EED34FDB6FC62ABB300554A0DFC8075A310
S219EC6EFD1A65A7EB1BC3B7D9C9E14CBE75062C6CA8D65A5BCB4B
S219EC6F124F67B0975573FDE813BE8F735EE4CC142CAA93FA5423
S219EC6F272C44DBD44218F83B68BFA253A67020C59ADCFA59A830
S219EC6F3C103E96105426D95B7A2BFCAE6D51AD6B1A4BE533C843
S219EC6F518E087E6CD76436B9327C7361F5942FD4651F51A1719B
S219EC6F6674F444FF3DB409C9528F3EC09A7F679FA2CD75B26DB6
S219EC6F7B5D9ED3D5C7FD47C79868537FE01572892DF7A075663A
S219EC6F90F099465965B5368703871FF284029B6BAF0E1B92B1BA
S219EC6FA5B7607FBEDDE34CBFD4E202EBD97ECCF7A9379F1F74F8
S219EC6FBA44721B18AC7F90588DF054EC8999734525EF4019656C
S219EC6FCFF2654C0460AD29F2B2BF1CF74C48F01CF286971D5A43
S219EC6FE48AF93BDCC84149093F4FD943357D9460AD1EC653720C
S219EC6FF961C1D9285FB152F65EC08057C67A8CE422CB19E66E18
S219EC700E67DCB6F10F68B408D5FF0F2E15375C9F575D72A681BA
S219EC70237B899AEB0E2593E0F85BFE059A7704F5635A47B61C02
S219EC7038ECC3D64C953EBCEEBB209A5DDDAC07F93EDF3312F84F
S219EC704D44E5EF6BA9A271BA5A9C480D6B697160F518EE2F2109
S219EC706207F8CDAE629BF5ED1A7F94E180286FE0F7A448026F76
S219EC707791C00E94E9617B994153C02480FB0AB6A899A7B6E28F
S219EC708C116B0D924053EEE3F9A4519D71D1EFDF72368EA60DFB
S219EC70A1EE4A16F6A332EADF0957CA9E493807A4915D3252475A
S219EC70B6320139B0F65E28476AA103ED2EFC49222947E30FCA39
S219EC70CBCFC3C2B4836D69AAF92513C86D2993520A5DEA9E95BC
S219EC70E050E595192EFD1FE222C2F15C9F88A706D76D6A3D317A
S219EC70F514B534BD26F9B65CCA2ADE3344BA7CA9175BB1CB197B
S219EC710ADFC667ABBA8969E669719F69A68ED0D036127F09B3FD
S219EC711F565B7915128759EBF38598E8F94210755B4D881B2328
S219EC7134876D506709A7C75DE40568846DE425DDD54D5A68DBEF
S219EC714942EFF0D0B0A69184A0FAA04E6A86FF9C77F504F54B21
S219EC715E59EB72BEF0A6008347FCA6FC10DE8D4DD66DF08054EA
S219EC717347B23A037E7E32C7E512C8D0B5D8418AB2EF5AD9062A
S219EC71881857440FDB11088BE2072A1632B1EF4AD86090F93A80
S219EC719DF5175B05011C8D9C3388E0382B40127A5F8317CBB5F7
S219EC71B2D6EAF46CD3E53D044F0D6122BC7DB193BAB8693EE267
S219EC71C75CB70DEA599263A50E67BE76D9226B7C14F46C624C18
S219EC71DC17E635E83B13840CD16E31BB2C95DFC1409658097D75
S219EC71F1FC9ECD149EDD06D5B5BD59257A5FBEE79AC138588CE2
S219EC7206FB088C4B53281C058A8BC8A4AB0DADF86B49A7BBFD1B
S219EC721BE6592AC60753561A2FB1039B2AD1475E2D023014CB18
S219EC72301323F24C728E44C873DC17307F723C2658A8EE496751
S219EC72451D7A2B626A788DC1E971B4F46DA4C4B634F12F51CFEE
S219EC725A6E5567414BD669A241F9EA38576675AD30A0A3FC23CA
S219EC726F8A7F29C8D64CC1E1259ADF908FA8DE90E5D68DBD5D26
S219EC728495ACD66D58609932D535393989FDE5A369AB079C5E5E
S219EC7299175E2B53BC064198778F90565EB6075FB92623A72D25
S219EC72AEDCBBE9E630F089318E0C83A963D438C2432C11DB74D4
S219EC72C36E155EB120DA872627089675257E997B4023E811C47B
S219EC72D825894E67C9C17B8E3112F31683C1F291D01B8C332DD0
S219EC72ED14A934A6D3030CFC74D3BAB102A92483360A191100B8
S219EC7302C810A5D92356549F472EAA6A9C19D35493BB9DA93D8D
S219EC73175060FE9C4919DEF1BFEBEC586DF78152C482D6B75E9F
S219EC732CA4AB04220097AA247081C19E4C11EA41D5525920CD3C
S219EC734193F74940D733BB99EE66B12D5CAA351609F8E8F53D37
S219EC73564F492B1DFBF88689B6774956B2AD35B32EBD1CBFC8AE
S219EC736B96F89B3B176DF96841F9A1309D1B64A6A4E3046066B5
S219EC7380228F283457C4683E705327166A0B22BA554280ABB670
S219EC739513D25952C0F3B2148B2DC1D46DEFF9910845FC600508
S219EC73AAFE877F9AB64B4BFA4E74473807B958A160AB7A4DAD80
S219EC73BF83DC09ED3B8D96336D304D7BDC05F1C9F4AF6B93C879
S219EC73D4C9A0D0406BCE1360F807296D472DCD5B961B4701D490
S219EC73E9330BB7CC8051A07EA7072A5529C97D116067C7C316DA
S219EC73FE158ACDB10ACC1CA852131D44E309FFF6751399CB2B14
S219EC7413325E2538703B88D311555ECD768DA2DF2F1B7326D8B0
S219EC74284B27B2C813CB779A8EEA78BA40DE65692408B5B79CB9
S219EC743DBC33121451A1B361771F6D7BAFEE270E10D63976AC9D
S219EC7452929157F7FF3B10C33349E6A0004E76AE68FD7C1351FD
S219EC74677F99AFEC5E28BA9F173DB2418F76146AD56F8085700A
S219EC747CDEE417DE66D542EA2C7EE5E10AC22369ABFE9D881F37
S219EC74915A06E36AAF1588ABBCDE655FB15E56E750D7ABDBCC2E
S219EC74A674C78367A78AEBCB3C3D9CD866309049E829A650F57C
S219EC74BB4EA6D92066688CD8A83147E95203DE53578593FF228D
S219EC74D0045E3510CFD6FACA3D71B006BD86F0467BDC45A28209
S219EC74E5DBC12B6D7433F8485E1A48E8ECC7919F011A1D1CA9FE
S219EC74FA69D8B24CCEF90FB8C2B46C79714ECC056A0C746FE398
S219EC750F64F371A97378283E708F66DA6B8B34A5E26C24B3473A
S219EC7524D20457EEFCEC9E8E85D2DCC4DF9AA50A9E983B3DF76E
S219EC75399A09D246D03ECBB449436AAE4807345B9D89D03B86CB
S219EC754EEF5CF318A1F7E609044AB384C751FF2C1A4B521E704D
S219EC7563DD240F3E9C7F42879084BE5E58A867EFF9E6B1CC6DA1
S219EC75780C7E86213D556450EF833025977B69A11EDA7DAEE0B0
S219EC758D5BB9C42626F2B02F16E27F82978C997C850EA45E330A
S219EC75A23F36495C9662E3E6806C4A817519877F8001131EA566
S219EC75B739CAC794215E2A640C1E564DEB94E800715BA2289FFA
S219EC75CC685E93E6228CA32A817918062B8CE9A9EE33119405D3
S219EC75E134D454F5BC553FF94275728204A5171DADEFD201A66D
S219EC75F61673F6609DE5FA63D02A94B0A2FB4C7702C1C59561B5
S219EC760BAE51D1AF378727403AB4B2FB553186ABA4FB402C0E6A
S219EC76202D659862F08FD418B746FC525F50CA6E1E2203646F25
S219EC7635F8D53D971BFDE56F8DAF26FA7D88FC8E91BDC9CE165C
S219EC764AA5022EBC014A2F6514A98D8A423F8667C273BF93E51C
S219EC765F97402A9CF7563C98CB6992C07105040BBDA067D03B8D
S219EC7674950F674292C9E04A677A148523D36D744111FF4867ED
S219EC7689B27C8CAD15A825D37D4197299FCF0B8D04D2B2065C71
S219EC769E18D16A5527CA013D9914226990A037EC62DDC53090C0
S219EC76B38DB808CFD71737049206E564813CA223B520ECDD5437
S219EC76C8F04A47F6FFEE8678C5CEC618E5DBBEE94E978296FE87
S219EC76DD5B5B0A60A9ADB714E8DA6D558DC1A443FB81D762ED0B
S219EC76F2F448074A3D94AFCAB0E11B9CB267A22C6AF570E215C6
S219EC7707ABD3558552DAA0C903CECF24AE6AE909C66350B90E81
S219EC771C62B25F2CF807313A8D7C321E72A20BA56613535F18FE
S219EC773116685CE94C18677E69330D1B2704268800B4A48F0CB6
S219EC77466D49ED7A0C8FE20C47C50A3CB2BFE53927E91B85FD09
S219EC775B62A08A41396268C8A3858EFC5B256377FF569F2A1D49
S219EC77705FFBFEF326734625E052E1BCB677C53CF6A43C58A4F5
S219EC7785BCD890A8C881B0EE6CAD2E167A5839298F892AD31F86
S219EC779AF5280AF6607D9CB6333B07A29E6E293B93E64E9AEFC6
S219EC77AF9DEB8A40E70F991148188BB8F59F81B454D136A30771
S219EC77C4B89D58E4AC2F612E8D9096E04083F73A0071F99FD75D
S219EC77D9B6C253E7D7BD6BD9822AE1BAD0AF5A87987017C55144
S219EC77EE33487E8A393BC7A441FB639EE0583B76F32CE016BB3D
S219EC78034DE9D0B8F01F1B463DC84E592230DB8DAD7F207B60C4
S219EC7818E7DA29415D169F65A514BC465B18B781B4728BFE13A0
S219EC782D45898BC7CB008B7D970509C6F2210DBF7066094C3BB2
S219EC7842AAA1564A7157479B7E33A976F81C17689E6F094D7A6B
S219EC7857D71B7077575FF7BACA484F4ACB26A2B8C41D2E73E88B
S219EC786C82A598294525BA1CC37DA54EFF5FA9FC7D3C5BE0497B
S219EC788184BE7245B6C55FBFC9F5A0383FBF020A0AAF4D18CEE3
S219EC78961AAD5AC224BDA7E2208A9483CDDB3F8A361C005C813E
S219EC78AB9C72F1C044317C0FB3441A8065E6389BF297371BFE90
S219EC78C059E05BA5BA945E872BE128CD19F8534990BA68918ED7
S219EC78D5A9EC2748FBE5EF4CC96390D9243977B474D34F3B3B65
S219EC78EA6C0009C7CC2A1CACE47769C9411AFD3961E5E10A1F30
S219EC78FF3D89BB6E62791B69655EF0AD3737D21008BA6B83D6FF
S219EC79142B56868EF47DB8BFE9375F3832D33454C70E9A760BBC
S219EC79292FE0CE9FABB490FC617BA9762227BE921DDBB134027E
S219EC793E191FC5772015573EFC26B094D180050E5576EC999D4E
S219EC7953C7D2F59B8A360F8003B73D3BAD95BC8A623BB95FA2A5
S219EC796865CF64EE31CB69976578B4EAEA8C0F9FE7A4C1B9D221
S219EC797DE35F8C1BFFB1F2FD36A836265441D8BC267046C87203
S219EC799222AFDE6AB10E9A666AFA965BA23B5801AB35DAB870AA
S219EC79A75F0DCA65994C18F45C568ADB65D80FCA31CE130439D2
S219EC79BCBB03481AD51FAAF69DDBF0C53CACE4132EED6DD24962
S219EC79D1331E2ECA50530441A2181858908092E169CDF1241A6D
S219EC79E69BE348DEE31F307CCA6B75A6B8C921BEF5929C14FD65
S219EC79FBE48F897526F987C54D0856D400E10DA987E30CDEF14F
S219EC7A109631B60F2B2F761645007F482B2C3DA3940C79D99435
S219EC7A258D440DFA4DFFB287A290A2F954BB629333B0ED873A9C
S219EC7A3A240ECB7698CF3263B383678FF0B3CFDC0148B877FCE9
S219EC7A4F3D42A9A67437AF19E3E448E3A8BC7479D7595ED27BD2
S219EC7A64FD2011978A6ADC4D15F5C2EE41967EB0ECED6304DA61
S219EC7A79A43B48345CA332E8DE8C6166AA1C5B054F6D9F406938
S219EC7A8E1FFCFB774A1AE50A65C194764804B7C6A00F146B13D8
S219EC7AA36B6A07F9A8197EAE47196204D52070884CFC5FC8BD3C
S219EC7AB850AF250F4645DEE30B574DDF47CDAF8D7A3777D50866
S219EC7ACDF99FB607205D0165BB1C75E5620F1A9F433A7C23C63E
S219EC7AE2E3352B333A26A281F9783037999E18A89649FE0321D5
S219EC7AF76ED407FC5BD5F7DAC01BAD80B665B33CCFAB72C97EFE
S219EC7B0C47E15388F65A2232D69DBB8F20009851BE382C46A8F6
S219EC7B2194174BDF5C97D91E28B89E28D91713F143520A1B5CEF
S219EC7B36C7E0C161BC3F5FF8E288D07E7F0A9421D0121AB14843
S219EC7B4BF17A12762DF17F220839E79E673E0A6996B6D0E19B0C
S219EC7B602F8391D4558506B78E299B23491C62A64936A874C034
S219EC7B754858D54C4E37B70FEEE331E3CEE8952C2F6822823C2B
S219EC7B8A36DDE7034AF1266C819A9495CB6F0C12DC56D7D09224
S219EC7B9FF3BA22EA12EC8C139E28B943CDBC768AEC0A96724AF7
S219EC7BB4D38AD6C5E7A00A7BA560460F8B6F0C3FC044608EBB7B
S219EC7BC9B2CB4A96A95B53E0EE88C5B0F0E88F4EEABD2CCF01DF
S219EC7BDE249149273B1D2D11B97839EE9DF1C1B22B879E756860
S219EC7BF3CD8E0DC92AFFA618E96BA35EE5A01A6F9BC8178B927A
S219EC7C080DCE3552D878F0DE4B21D88997F107B22763762EEFCB
S219EC7C1D20C1E88A1F9E465E5BD42089707B378BDB4101B3C395
S219EC7C328B9A58148EFB5D18693271555D0C567C9F63BF89A92E
S219EC7C47E1A8CCBF276E27F460E69859FC62C7B9EAF3FDFF285D
S219EC7C5CBFEE222429D4AC99E8D97515593B719D74C29CD6CC8C
S219EC7C717F68745FA0D6FA2086FE36E432DD59CFF4B7AC4F2622
S219EC7C865765202D908B03D5596DE56849851E804D135F6E9AB6
S219EC7C9B79AB0877C8501F1896A2D52103CA336AFE8858D01497
S219EC7CB05E2B6BD7E35C8A71D2424C777E4DB370DDB7018546A4
S219EC7CC5E02E63EA9825F861CBA4A601DCC271E4B84DF98EA60D
S219EC7CDA7A35AA439D1BE63D17D48BD1DD3E2F9687D79EA21256
S219EC7CEFB41DB8D535DDD9824A4A64690CAE2FC898EAE5153303
S219EC7D04C156C3FD4B10CD35E115D82B971CF499D3E93755E0E4
S219EC7D193E1A3469407FD74862034CC4F9E91C3233769E3C85E4
S219EC7D2E0EC63E420132EFAF342B9004B4174A038404B862B7C6
S219EC7D4362DE0F38177CB38D90384D5370F24CBD8D8EA1BD058F
S219EC7D586A570A979F4515DCC21B90828C320D55D4492270CB65
S219EC7D6DCF21E31DA41CCA5C0AE7629B7F1A22E76B3A5EF23283
S219EC7D820CDF2BFFCDD4C1C4439348483054F1188017E7E790D8
S219EC7D97B6E3CCCE3BA0FC9FDE3FCDC856F8735DD940040E6BD7
S219EC7DACE48B5021467C6755364F1E96450DD866C118938E931D
S219EC7DC14955F3C0659292105FB64910173D596C1BEEEF873498
S219EC7DD6CBEA3CFD569375B0FC84CB868FF3AA16F3EBE623278A
S219EC7DEB6F388C772519F0BE1CF2F552F57A6897C74F98CC0EB1
S219EC7E00C90E20CA1206D3F57D2DEC79DD50190CFF33C8CCC9EB
S219EC7E15423A036A9F6FF3658099120F9F5C75722883785B334B
S219EC7E2A2E14CEB71EA92E4A66BC74E8735235D4003BA04D894F
S219EC7E3FFDCA489D783077DF35F33C0B50031F6EA17EE1AE9AFC
S219EC7E54A340B1DCE583CC651A231DBBDB31C4CFA7795DEFAD52
S219EC7E6993647EB6499C63FEB75442A4AC26BF4D017FE5B76354
S219EC7E7E2924CFF7398E6B5135659F9754BB061B3104C1A4428C
S219EC7E93925570AF7221EA571C1B6D1E61FFEB368495723116FA
S219EC7EA8E0A278E9B141E2DB975195C1C76041FD438308F215CA
S219EC7EBD2B1F26D61921C4B3497BD5CF9B0BAC0C9A2FAB3EC090
S219EC7ED2365F3347DF30623CC98A8C35D617F93A49D065A5D7C0
S219EC7EE789C3F69A3163B7EBD4F501BA9E95CA8C92A418CA312D
S219EC7EFCB0DB85836265751EB1427232F633264935FF2B3C2E9B
S219EC7F117F6F8794EC7A311D422FF59BC88E8ED204D72B30437D
S219EC7F26A2AA6DD5A718A5A4BE90D6921282FF5B6BB805DCCB4C
S219EC7F3BFCACAAD7B5E34A749C657F25DD7D4A0AD8F526A56670
S219EC7F5042F8C9AC294F499838582547BD8BC4425D35F6B82475
S219EC7F65107036B222E508E69D7ABBD72CD3D1797FDCEEE95441
S219EC7F7AC0419ADF3D82B9E42FDA72EE8786643C46DCB0B5CCC2
S219EC7F8F0739932D5B1900BBC0E83E231CB3BEAD6A96CF447BEC
S219EC7FA44AAC6E876079B4B61BBA1C91C7F62FF2E577AC92C5EA
S219EC7FB9501AA8E6AA7E2E516A41F39FA9CBEADB9B2E99B19109
S219EC7FCE6A2AE892AAA5CDAFCEBFB213D92A1839E1DA199A3888
S219EC7FE3EFE5AA8C6D3784176E2D17C2815404764EA4B3BD32F8
S219EC7FF8E83C0EDF83BB2C0ECDA639872513979E2F23C922B06D
S219EC800D5E14E4B8BB91081D7CB7B11A02298E971346C4D51995
S219EC8022B13B36B093464FE16D15D05CEDA7EA224FE84831F18E
S219EC8037C6B91EF84638E23D84D01F873A912774A0362A1DB3E1
S219EC804CCC6FC6C5AB62BEF6A59A8446216BD06A7D607C8BD61E
S219EC80616CC53AA5A353D0EBE7FED603E274870B9F9BFE5744DF
S219EC80761EEEBCA1E4155F8EED6E41C2A88AD2B83BF0EA12FC78
S219EC808B0A6E52B1CC68992AE7FEA291B10CA0C9CE8C06D5EE1C
S219EC80A0FF78574D1121079232BD53E919C9FA85ECBC1E80859D
S219EC80B5CF737DB615FE797677DD8BF9F505B72050405EB9F509
S219EC80CA7377CFA62D625D7E500299A214DE50728D4DF6696805
S219EC80DF793E3598DCD66C7215AC2E4175190588FC15775B5EFB
S219EC80F486CE6573A33FC52364E4FF85E30C14F485650C36B6EB
S219EC81091C390CEEFB627A5B65562B0B2BA7211F5EA347097B20
S219EC811E49E207EA715949D64DCD2C57E345A8C6D144EDDDA99B
S219EC81337FE746374389ED06DDD881A10F10D29F67ACF2B9A4DB
S219EC81486B1B8E9ECD9062BD4B42AD411F13B7E67D7A8EF9E05B
S219EC815DF16D6461BF942B6F58D1487B6C79B3705E8033DB37F5
S219EC81723527E67A39F70B6D8C679E9D4A3A3673247476C80D65
S219EC81875F51DEEC7C97D2DACC64AE964090CA7B3AFC2175B3B1
S219EC819C51E3976C2D98A1C2DD41B3A4AC681C81E76784B2D004
S219EC81B1B49F770A760B003D6FF744E514262891D9A6DB5E7785
S219EC81C6EF1696627DBB01B16BC707E54B4415DA4FEE5FDAD5E5
S219EC81DB35CC637F51105A5923B9D0A7198E62A9B88486B1200F
S219EC81F054CFD4E35CCF09EEA190F92E0495AE284AD9D4ECF8EB
S219EC8205EC1EB4DCCD552CEFC21FE3528772055DE5D4FBF7720E
S219EC821A8604A3286E058C3BE96A3C09FD3B444C90D25ABC27D0
S219EC822F836248257796BB51C7491B88669D14C6C19C7F7F28CB
S219EC8244FAFC33FA1E149BCAF864E024BC48994E3CDEAC6326E0
S219EC8259E6A7C36B9FECD9CC2CA3AD15849F4C6FAE55B555B404
S219EC826EF371188421BC6C4DC09427D6E515B4981E41312B081A
S219EC82831432579D2CBAF428C8F08A187C8BE4182EA68D92EC7D
S219EC82982EED3FC5C80FB25524DC6D4C1698ED258E09EBFC727A
S219EC82AD127B058B1F7CF10FFCF4D5FF31B59524DBC3FEEE31F5
S219EC82C2773195B8651430E62953197375C3271D0FCA0621C0EE
S219EC82D79D4B6D00A936CA8CB5DAC48D3C42ED0A0D6BF1B89F02
S219EC82ECB65327D9DC343DB6AB4E75CFD872B02CF323EE80DDBC
S219EC83019732D5ED81B326BD4A5128ECB1A87522E90B4D94332D
S219EC8316DF9E5B679CBD4099FB352BC66428BEE8B73DF683062A
S219EC832B40A80EC9E1B23CC543D123719CCD82BCCEFD1076FD5C
S219EC8340D5FB06C96F56299F37071B3B3284E127B12E0E2002AA
S219EC8355FB269CB078738B3981A5DD8ADD36C23F748294A6E352
S219EC836AEE656C6C756997BC801552554AC8BA1F792FC7527257
S219EC837FF671DBE85F8981D83B90303404B131F2E2E4BAA4D290
S219EC8394EDFA92946CF933E0BFCEBB6BCF12D0EE82342E2FDB1E
S219EC83A96DB704E573AAEB1E78C6FB79531CC9BFFEF365D3AD1C
S219EC83BEAEC3D1C0BB8A9E5CABC3901DF67D16187EA919E99AF9
S219EC83D30EB006557C613F4AB4B6EBCA64325E1742177F67B507
S219EC83E803D5D16A2D6F43184C03E33934B6AB7E48A0DA2D32E6
S219EC83FDA9D0D727EA2D6D5740B77D82096F2679C10A67E86B96
S219EC841253E645C2771E1BF2270B18327758DEE7D666918665BA
S219EC84275765E667464DC9CFCDB43EFEE2A48ADBEEF1DF518BD9
S219EC843C20B40B0F3D8C803C26EE491D8DBF67CF7488FF82FE50
S219EC84514027A01E06203F550854BFD0D7406F61C03556E5D86C
S219EC8466AC4A3518E75BBDC9FA375A145EFFED08DB170C47DCF3
S219EC847BACA296CC096444A1A3B0DBB6F19C9D29094DCFA09568
S219EC8490E70B16A1488653F4E837C8D1187641AC7DEC102DCF80
S219EC84A514EB3D22913CCB6DFE67D7318798112D9419359B77B0
S219EC84BA1F90F2D2A72533BAE1DDDC67AF77E433E060876DAB73
S219EC84CF2DF27842592931E70DA7AB9327AF769DCE51B3C413B0
S219EC84E44B29EC8F4152E1BD8760DA4A4AD8FAE6AC7E4A8282ED
S219EC84F90B3EF78A258499500AB6F2564E1D20CD0BE429F49322
S219EC850E39CDB7274297685F3898D573A6C320580EFC0F6BCA9C
S219EC85234CD9D0075CD4B3D95DD9585ED01ECB0E7BD9979B2041
S219EC85383CB7FF1A0FF7830AF3F66E2E0FA54258230B7F9191FC
S219EC854DB0018CD21E63D9992DD3B44DB6D400BDD0A660F811FF
S219EC8562E1475B0D99252B8A6B4B90ACAD2043ED8A291ECA0482
S219EC857767492D22189BA5904DCC31D374A9C1805FFC12204EC1
S219EC858CCB513DC1E8EB19B85A251F1009D06FE4CAF61C75CB35
S219EC85A1C270DFF4A5B9431408B95CB3610E33712434297195B0
S219EC85B61C8FA8A0FD9FD90E8847315F7B36FF961226F3E14A4E
S219EC85CB2BA8B171E9108DE5741F59EE36DED816C86E661C7046
S219EC85E011EF804D6B0EBA32BA539FAC932ED9B087BB28BEE1B8
S219EC85F50C2725C117877454051349A1C4E759F059B9CA257397
S219EC860A302D80A849F04A7EAADDAF2AF42E33E72437BB9D9DF8
S219EC861F715DF7D72473D74ED57FA82A3B9F588C408D82149E18
S219EC863455BF74C3AF6B15F3D2E7560BD7EB9C39211F4EB97D5E
S219EC86497237C01C827ABF08DC43CF0CF3D0DC56CB8BE28B77BA
S219EC865E109EA7E24F82414FF06BC9B0CB8608265E705E7CEB98
S219EC867398D143190EC6D166876F98DB8E082C1F934D7BA8657F
S219EC8688873B2993D16F1DEF48235BEE2BE28F921E6FC964BEC8
S219EC869DED5D46FE4CD6A54EB645143D3E98A027842256F32F2D
S219EC86B232BC01C7287660C160A820F6DB36415C72692B52CF5A
S219EC86C77F6D39B8904E97BC9524617916E347527B8BEF021B68
S219EC86DC7A5B051FA929E6A75A86B88BD5511E63C37EEC839E28
S219EC86F1D9148DD4F21899C56DD8F5C700051F33C9F1C78286EC
S219EC870656164156CFC9BF772624287277381E7B8A613A1067D4
S219EC871BA715314A63BA2F94B816BAADDB06AF1B065F5D4F2B25
S219EC8730DB5046738E5E6B8FCF58BD5464DB91E7A66AD631AFC4
S219EC8745FA116C9BED10DF45BC87C57C100A0F8EF807EDEADE0C
S219EC875ACA8538EDC34B972EBB5CCAF0856EA66662625C6F6310
S219EC876F8C10DC8CACC85D8F20836884B05A81327968870DB22D
S219EC87845AD80EAA8AC80AECE32333B27F03EFBEC0EE7372C64A
S219EC8799E9FE1A8D91AE26FA80412D9AF3889BD82D5742642A23
S219EC87AE95BE5725B1DFE6B0E91B15786A99EF6B18D32CA00F1C
S219EC87C337E4C79A0826A2360FF21F663C24BD54560FE9B4E84D
S219EC87D89F46AAFBCD81A82A59E8AC652CB4E3F4635E93755EC1
S219EC87EDC7E000DFB787052F40AEEA8AF590300A7689F75C7F9C
S219EC88027F9265231CA8AC7C957F071AEAF6548E0A637FEE56C4
S219EC8817C8DC446E26834C85D0B70F0CC4CE1E74B09BC304FDB6
S219EC882C12392CA462051BC59CED3DF34893AC43A80D7B5D08CC
S219EC8841E209DF509CEADBCC4917F38FA1D310EC945456783FA3
S219EC885698E7EC67405421D0C543E0FF2F8A85EB322978977AD1
S219EC886BBD0DB06D2B253F066A9F31A9744C9D8937EC4EDF8EE4
S219EC88805A80C7896F683435F45ACB958E5567D301CB347A7EC5
S219EC8895EAFB5885EF5F292984C47A590809F6BB917CF9C14394
S219EC88AA36BC7018C014424620D2E81C1ED8421EE5803ADA919C
S219EC88BF1E0D90D0E370E0F5597A0ABC9E4B51A07AD479920331
S219EC88D40FBE9D16F87BDCC00B6022F2A5452154283C99F7320B
S219EC88E9EB49932121D55AC3D5D034B4B2FA2CB4B86BB8402337
S219EC88FEE74C5BF71F9516EF308A06B0BF7B0439892A4243D641
S219EC891333F4A1173DD7EDF6DCE43475F5B4BDAA3E3503F86B36
S219EC89283B24A3358B3E65D76BFD663F562E8E36EBA35FC47097
S219EC893DC9052E0F9B18B5386E60957026F9EB7C0B1659E0F0E6
S219EC8952CEE63F89C203AB3F2709CCD2130AAD03E01261D49E94
S219EC8967FA5F3AF2D797DB1D59F479C1FDE8C00931DD20A528EF
S219EC897C203D2E4B2D4EAFDAE12FBB9A428BC36CCE4A7EF345EC
S219EC89912BA8159C5D53F96889F2763B09502CDD4E1106FA510D
S219EC89A6B9AB5D23E4549098F9A03F524D595717799290B6DA1E
S219EC89BB5A3095154149C7ACC279DDBB5F47A73C16BF3E56853B
S219EC89D032C63E0E676615A18FDDC6F6EA96DAEE7E2466494FCA
S219EC89E59204B4621E77AD854C3B8676B8C1059343D525A1CBDC
S219EC89FA2FDC2EFF2276EC0B772282824E5F6DF36D478D205154
S219EC8A0F150482E001C8728047B34CEF06D99A3D6664B7F3CDFF
S219EC8A248451EB3CE942ACD300837EE7D944F431F26B39E3EE15
S219EC8A39AC7ECA5089503703B1CC1B77F54AB8F5E3051C53D5B9
S219EC8A4EA19D63F92388456223F4894719EB97076F41DCF842E7
S219EC8A635922DE2FC00B57AB013BD51511A097A122C242168DE0
S219EC8A783C4D5C50AD7CCFB2802F0C43AAEC0AEFF3F70CF2EBB9
S219EC8A8D8793E3E831A08AA58835F05F09EF4D49431DEA44DAFC
S219EC8AA2F9230CFFFBEC4525E21AEA376B7CEFD554D38E30CADF
S219EC8AB70C7CDB2D7AC1BDB78C114B7976F31E61AF806BAFA246
S219EC8ACC54EB383F841A4443BAA598DDB6A7EED8078898F0B704
S219EC8AE187B3ACC61929628E3906C24441B2F9DA1D17AC72D97B
S219EC8AF65A0F2C4811FBBC3EF00C0CF5BA6830751B1DB44B2A72
S219EC8B0BF7FF9B65A43207814D46448E4DEBDB95E5E6C6E5CAC3
S219EC8B20547AD5B2562755CEDA3A14D8D3E4AEC8C6A616129DFC
S219EC8B35CA7B0A882B2A074E8FE2A74C428EC175868D18EA90AA
S219EC8B4A1C1713FBBA5964C0830E6FFFD6EE8450ED1F6D6355E5
S219EC8B5F1DBAAF022A9AA81C68B1F546C12046CD30A1DAA3BFAB
S219EC8B743BA31248C1836C72FF2E89D513F6DEEA6648AC6CFC83
S219EC8B894BEEC9C94B74E1F732A24B1A82FCF340D7EFDA720C7C
S219EC8B9E25C6D561134EFD4DF718E308E8C6DCF96D4F88BA8BFF
S219EC8BB33C38D7F087BF55F558D4BDEAB07795808DEC2D958B1C
S219EC8BC878559246031FAC5485D6AE682CCD92AB690FCCD98E8E
S219EC8BDD54D217BFA7E26D6A70C58C5DF7AF1A4B5049482C0BF5
S219EC8BF2913FD5E183D7BF0DE4256E1B4A94035DB93EE7994347
S219EC8C07D305CD46747141C6BF797DFF4901A91CD87960C46CEC
S219EC8C1CBB25708646FBEFF027F761ABD7B344B2E20BCFCFFE29
S219EC8C318E3DE870FB6B3A0241FF06005EA335F9281031C31EB9
S219EC8C4609347364D5E54A6B2305542D61713D4CD7C204D7A687
S219EC8C5B25DCF73FE1B81C6F0CC71DE85417562101E1CD705C83
S219EC8C700A68CEA1FA699A3C62AB3243F901DE654759452F71A0
S219EC8C853A3C24C4788ED3D48876228CECD332CB49A844132FFF
S219EC8C9AD0B68879C472A57DCDE4DC8F466CDA027F7AAC4CD288
S219EC8CAF4735E1FEF1EDE89265E5958DEFB3BC767C4C892E76D7
S219EC8CC406CE55D269F6B8759A85404F63E7B5D477FB475CE5A8
S219EC8CD91747871951D8B23F94B7A7E5A6D4504E688B8DE035F9
S219EC8CEEB0426084817A21EBE1AD0D47F266B5E0694D8143A6B4
S219EC8D03075729AFC0E5A39CCF25AF3C2EE15B1069E324A8EAF5
S219EC8D18210130C3C40E9DF857A8FB89FE6A8EBA3056004422BA
S219EC8D2D3C3523AC11909D257BB1AC4975FC70CF1B33EA2EA2C4
S219EC8D42A2135E102CA7401A9386DB70A73017B71C25D7127A2E
S219EC8D57ED150232317E0BFAB8A8B0F5D15143110804E5EB8E47
S219EC8D6CA9ECD27A597FF250C8FF8E5A63D9F11CE361A656F0DE
S219EC8D81ACA0B8718EF08FBA20826EAB25EE3EEE6F83BFD5012F
S219EC8D96C00B077DAE5C877365668D43186DC7329E3FE95C62E7
S219EC8DABB930BEFFEA3AB6F7AE2477E51C3C831F2B11FBEBDC25
S219EC8DC036BBFC72C78460EAE857B0926FED486D2B3898FBF43D
S219EC8DD5BFFE406ED5493175DD038708CC75EDE5B6A6C4C66C95
S219EC8DEAC51143CD82474EDB32FADE8293EB59CEBF6F101B8F92
S219EC8DFF8FB65BE639A5700CCB7E60C54DF2ABFCB679CD121D0F
S219EC8E147F392F17C7560F95CAE196933EB60F3B26C34C3722F9
S219EC8E29FD23CC9E7F65FB10EF6783317296BAE7F4C73250508A
S219EC8E3E1BC64886CCA00ED3854D8D68DAF6A040E7BB8A64C16A
S219EC8E532F5F266FEFC9EB357D4F288062C973320148FA890D01
S219EC8E6884B60361292695B5C450E6892711B4C09D4AA37F8510
S219EC8E7D76AC9A2726F4087EC355A609D334C3A17B3FFA5059DD
S219EC8E9271BF95CCA12C12A31E5BCFC8DEB325E64484132A69AD
S219EC8EA72A78F49D0017570EA323ACFD4A9E52DA9DF018402B83
S219EC8EBC98DD8B79FCB8E3671CD857C1B3A7A52386243A3B20CC
S219EC8ED19E468D5758C4F382F51B22A45C3A8CDEAEA7A33158EB
S219EC8EE61AA84A2062A813660FEAA8CCE83C0400FA93EC8789B9
S219EC8EFBB50091F0BE1C60D6A0D06BA28687F582D3882CAEE213
S219EC8F109A2E5687E39B83315CF0764446F163383FEF4FC1D49A
S219EC8F25553D106BF70177D068D607093B5CA4D814A7BD5E873C
S219EC8F3AA02222078284F5CD6F2AF16481248558EA7E6DBDEF8D
S219EC8F4F3C2C123C90DA8BD0B15F30E80492C7731F8BBC208D96
S219EC8F6472FB1EB969C3B770F2F8E5360C7A44CE1A4BD6AAEC02
S219EC8F79286B97E7FBD7E15B0EDFE7D1A5321556E4B15CC00B30
S219EC8F8ECCA1FBC90804B1AF265CF4B03207CCD12982812608EA
S219EC8FA3AA20AA17E20FA2B344EB46B0E9822951BCEDBD4D5FDB
S219EC8FB8E063719CD7A5F84049E559A276FE26B16FEA2CFC9426
S219EC8FCD9E8B9D97E6598AE2D14C85CABBAFAA244082518B5FF5
S219EC8FE20A6102F20397F31BECC7D125E9118FC09A7E7AD9AA7B
S219EC8FF7BB47C9A8A2CE58B202ED5DB5846DC5A5942D39F248F7
S219EC900C332546323A60D56326965DED3F74937D614E0ABCD4AA
S219EC902157D043B1CE7CC59214B09F08D909997834D3A6CFF8BB
S219EC90364C32A0146BED8853BE8EBC9FE1D99DDBE5791BC88332
S219EC904BDD834ED319AAAC907C1D0556229F8CAEA319CDED55E5
S219EC90608AB6375293F95087E95C0C495214A60B7B79C02E0348
S219EC9075650F65E3D9101BF26B288D6298D3605742EB9060A9D9
S219EC908A611119D813416B97E2716716436E306C741E213BA07C
S219EC909FA1C13EA9E248DFEB7397AB8900CC68B7FA45075126A8
S219EC90B47FA2DF1B34593950AD3147C93774C15328516536AD17
S219EC90C9067CF32787A87E8E767397531DC405F10A4B678332AF
S219EC90DE6FB6838F53890966A75FC0BEAA930458B92FDF39C429
S219EC90F333E3D412E671D8CC7E4C8F80A0332C09B6EF790F551D
S219EC91089744E7DDA9302F5C8EB721E77B4A2413DED805ADDECF
S219EC911D79414D118505360426594E3FB77A1A5051E9C57263F5
S219EC9132953B2E216A19980AEB3CDAE4CFE16590DCFDEE4397C8
S219EC91475A8BD57D5EB7033D3CD3E91D594E1B6D1181B3C37CCE
S219EC915CA64EA08342181FB65A3F3E5657D10A2568C93410DBF3
S219EC9171DE3D38088CD7621098C48D2A3DD3B33CC80DDD5FC4E1
S219EC91864998602726AC5C87E9C55BD3DE0C9F5479729EA2E002
S219EC919BED42377FFE381852A32699E12578FE41F080334161E5
S219EC91B0477F58578869E8D951A57C63924263452FB754994A24
S219EC91C5FF3BC1AB7EA8B5CA91362FE25DA35B77E4A859792C25
S219EC91DA83509A8BD046C4C7917D8D0741A7EF3A17389802F367
S219EC91EFA2F18929B5EF7E0DD2DBF67CC9A3750EE04E3F3988CA
S219EC9204DD12346BFB935A6D1D790C574E84C1B5A796765CA68B
S219EC9219F0718FCB9A8541C7575EF7F2F28388614C4544D35277
S219EC922EDF4B3A20E9F94D323634817C143BA27672209DA113A4
S219EC92434A199F7582DC67A02F28C63D8C12629F70F6B825CE3F
S219EC925858FEB2008EB477AB3E5689CF556DA11E21A6848071FB
S219EC926D521C2B3AA5BB6D96804DA477AF8CABC182E2E635694E
S219EC9282AE98B7D11F00B89A27CBC620A6D3185D51FD1B3F65D4
S219EC929773057FC2D09585309EE8DB781ADBA2E4A0DCE843FD06
S219EC92ACDA416BFDD0E4B67C0EE713531D90D24DFAECC2D0A014
S219EC92C1206C40FC9F4498C51772D206E968BACF0A8E362C2446
S219EC92D69DFF9FEAF4EB346E5DC5A5FC1D8002A7884257E2B42C
S219EC92EBD8617E49826D6C76D047A3E95CA0E217390D074DE09A
S219EC93000EABA016FF4DFE3CC6295ADA84626C4257AC13F01B9A
S219EC9315A123E98BDAD92E1FE94531135BB0804D2D1C2F263101
S219EC932A27B9A9451531349267B581D443BF4F995A30DAC34A97
S219EC933F0D7FE26AF8CBD15C6CB09FC1A9C67095360EF8B0057F
S219EC93545B2201F1E5B9B0FB17676CF4B12C2EF9DEC94D21C69E
S219EC93691CAA95DFBDA01A9D02C3AF85DDD1A3CBE6F493C897CF
S219EC937EB6B63CEDF7BC0B0645E27ED6244879BBF2E19BA369FB
S219EC93932C2EFF631E38940EB55AB09B9120DF28AD71B96C8F3C
S219EC93A8D272A9687A94D6E19278E8B0997498E568DC57EB9F54
S219EC93BD22DA52C9D757DA2434B27EC18303CEF26C420BB1E1B1
S219EC93D221DC564068B8D5F850EA4C9FCD71ADB56A6E888A84E2
S219EC93E7474422283B22D4AEACAC08ECBC31E9ACE4AD5082C2D9
S219EC93FC70FCFE405062788908BBF54152D953D2FF1FE1E5BF22
S219EC941117F46F939CD345769F353A1178CAE0800D82C29A383A
S219EC94260A0D568182EBB6FD2953A2161F60A0DE12B270EB667C
S219EC943BFA142407BD086044E3339E2FD4A17E3C6E3D9D542DAE
S219EC9450E47410EE3A14383E53131A212B9589E2FF1C47A48AA0
S219EC9465E024A3F0B0E9BFDD7F961C3EA7F0154B0088AF77DD44
S219EC947ABAAEF9767E04753206A9FEFA707C025F107E46B76508
S219EC948F4479A34A1524FC3D7275424A37D2670E6C070395C8F7
S219EC94A4F4A52BDEE94A2132BFFED372653BB204475147C0554E
S219EC94B904F4D5C297ACAFF63474735AB31EFA98306F595B8784
S219EC94CE186A4552DCC11A3C20E74348D008E64872EB670B64C1
S219EC94E361A26CAAA96C0D91547AFB25412F792396ECDC0262FB
S219EC94F8B07B5E8FF96A565ECA51C3FC9C1F05513DC8D1041D5D
S219EC950DF16B3856B74023B0502027193065B2B16EE28A83A5FA
S219EC9522CFF832A615BFD46BED73E15CAA8C75BCB7DAE7F5EA36
S219EC953748103FAD1E35ACD9A496D88AEC9EDCCAE845FFFC4DD1
S219EC954C7141EB93DD974A6984C7274ED3E2C4595F285594219F
S219EC95614364364E8AE7C459152B5654B7639BFEFFCFC30B3AD8
S219EC95760D7F9252040AE69D7FF56FB4737688B679620563F6F7
S219EC958BFB953778E7BF405B9411932ABE62664E32DB1931E8E5
S219EC95A0078EC699549785FC99DA90A3B7E5561FE4FC1BF810AB
S219EC95B5BF48E23A782C4590B95F164DA0931FF5175CCB2D19CE
S219EC95CAAB807345038132DE6C5762886845CB9888416D47EEFC
S219EC95DF255FBFB2178AFCAE0286D689669FD9C1FB08ACCE350E
S219EC95F4900BC1B1A8045CD26639193CAF7114735F0D85754445
S219EC960991F1D3AC90CBB570FC7AE1B3401BD81C145FD39FE5B7
S219EC961E8A5ADA4683EE0BB9BDEDB3FDA6FD50C945B720E422D5
S219EC9633AE9DDCFD612EBE92483DF52E06B397E5D935C5984F97
S219EC9648483C2666C9A65C31459E5F265D165FFA7C559B674FBA
S219EC965D17D87801A9F45913553304596F4804C23E6D9871E29E
S219EC96726FC5EDA0F2792EC8A6B26860BB83A55C7BC2FC4DA447
S219EC9687AE96A1FA743AB1C16005B0658FB518D9ED0C6ADC5B95
S219EC969C39525B8B703D2EFF371DB24E3F9C0FD0FA19034CD03D
S219EC96B176ACFD4261E624EDFA249AE979F906B2502927729984
S219EC96C6C58528777100EAF29760875D08A7BE0E5CF14A34F84F
S219EC96DBB5D8A1692002F10624C6DCDD9878CC739D94BA885E16
S219EC96F00AC25A51552E0EB23E8CC714BC559813699B5D51ADFA
S219EC970510DAB3166460FEAF8A3D2E80554BEF4BDE97DD3D5705
S219EC971A95691C8BDB71C3DE717541B3D898981C8613F635EC09
S219EC972F2545826153B2FBDA54B0E77C7D37FC0D8FEC8184B2B7
S219EC9744C082CD60648ECAE2365C385157BD79BA172A2A6D9147
S219EC9759734EFF62E2756449C1E1D750C3EE212ADEF5DB27D179
S219EC976E2C8D713B5E4F27363996E05EC089AA80705B814B234C
S219EC9783A36B0F34941668783437963639B66E3F60447D896424
S219EC9798535C9497051F464047D13C437FF994922E6D506CBDFE
S219EC97AD9AC938BCFE2590D7F860C24E8FE97418A502B2651B90
S219EC97C2F3FDD36DD85D7D0545E63148B53E2A9E65F9D2B2D1A8
S219EC97D77D880CD316CB53C136AB975F62FE2E1B815C44514978
S219EC97EC1052773A0173D7D863324CF7891180C53F0E5CB372BC
S219EC980142BEFC32EBAB4F022CDF17AA04ADA81DBCD5EB034942
S219EC98161F1C6B00614B2133873A53CC1FDD8483CE00E4D93107
S219EC982BDF184CD7E297521F48E94A95CDC0804F1B6B18823B6C
S219EC98405A72595D8B2FB2FC3972B29E795B288D4A54991C69F8
S219EC9855C338DC93A621C36056DE98003E698327E4286A70EFC7
S219EC986A1A47B6591DDB6A865C529D4CAACD4AEE660DC3D30051
S219EC987F27417A81C94168713C6F1569D59EDFD7D5BC63C95A34
S219EC9894620958A899B5B50FF9AEF68D46DC2A2BC0C8A89636B4
S219EC98A96B4B78229183A58C5552FFEA56CB854089307825A6B2
S219EC98BE1179BB5E0764A7C10CC343A0A3D532AC0D865845A254
S219EC98D33FEE63D8EAA910A1046DF47622900D964CB16846E325
S219EC98E836802118D5FA2A2CDAA4E4913D6A9760ECCD0209CD44
S219EC98FD0E3A9E845AA260CA76A74B5ADEC8D2DB7B0499E35B6A
S219EC9912226E68582D14C9CDB585AA3BAC46BB57A5E8CD8B57C9
S219EC9927771715C3C9AD4BB9D8E1941DF7C6D19253EB9D3BCFEB
S219EC993CE360C1B0157CDDF36615E03DF37F4AF4E6B2C81EBF8B
S219EC9951C76334A087E64741006CA06C90718BC87B18C9EAE427
S219EC996698C161FCDA8DDB113F9F7447F8A3F96DB334294F16E3
S219EC997B1F849B82987581F759C83F5CA02F2A15A4E5278FCACE
S219EC9990DAA9DF269A09943CBED512877C449A91A795EC2F3F29
S219EC99A557A84F49B572D892B7938635F5351C0F0991EB05921E
S219EC99BA71586A4090EE9A79E2969DAF0D6763D554EF9D6FCE16
S219EC99CF0BC25657331B71C1044D94DA3FB7C57FD701EEC9937D
S219EC99E4DA4D178C943AF5DDD451B347034E84E01E014F6F5A08
S219EC99F968AC5800446D609B2164AB44D9E20BEC2269CFA08BA5
S219EC9A0E27B29FBDB8C6AC896EA5F1212CA77EB0500EA4899029
S219EC9A23F883FBB4C7E2B06C14263A3FD37A5D8606D86FB84B1B
S219EC9A38FC1BD5F7925F4C522ECC1BE243B89154D577C3787CDC
S219EC9A4DDDC24ABC70B3BCE875DD447EB47FC53DF1E7EF4076E1
S219EC9A629142882473ADD20E888235BD78C527A4A81A17339BD4
S219EC9A772508F5F7AF5D13DF6FAD105525C4055482D4E0744D18
S219EC9A8C94C12546FA6117D5DCF35F55E92033C25BA7E0FC82EC
S219EC9AA12D961775E350A0F6DAE855A92F61C75F509365A2F94E
S219EC9AB67431A891780E538C63668274BB78FE32760A5E1063F4
S219EC9ACB7E412CA1FA6DE3D2D2D8BFDDE4CD039B18A1C085EC6E
S219EC9AE050F0A8BD345316234B04E976616394FB49B1CF2FC959
S219EC9AF54423663C222393E544863FED77174BD12CBD5DCB5A9A
S219EC9B0A15994ABE298867F17809051E126C0BDDD6F9DDA0A19F
S219EC9B1FB38EB9427730E335CFDE21029A8F5E605BA88F1EC31B
S219EC9B34EB0244A894ED897B9C35B3A3FF583B510F83EFD76209
S219EC9B4905AB98F01529DDBAB866C92EA226A7F692E3A33CF04B
S219EC9B5E6B1591E5E72882D35532D5592C63F31393DC4691B364
S219EC9B731D9A009A8BC2EEEE94E78A68BF71BBAEB795E5D3A4C4
S219EC9B882AE1F56B8F4757977802566F22C2E7CAFC054B801CEC
S219EC9B9D8FEE59849EA932AB2E03FAA30C39508B7B3F4E71DEFF
S219EC9BB23C4B078239B879312829A9447932EEB756343194BF66
S219EC9BC7B9975976CD1B3B2E4A7C0190CDD92370105FC76158A9
S219EC9BDC70BCA8F3CA6917CC6BC432B3E0EFA1A47B04136D96E9
S219EC9BF13767795977F33D6C7D7FFD28E04EE329DFE520E029A3
S219EC9C06054A47F05FE2A6ED8996291EB90FDDDE29CA89B89E43
S219EC9C1BBFBC108CE8B8B620862D631151593DD3C744BC2A974D
S219EC9C3085D9AAE2BE675CD337A7D501C240C8651DFD255C3240
S219EC9C45CF2B3A6258A96E7DF6EF6E473A77CD0DEF0E5E4C8A41
S219EC9C5A08FF17290F9BD406B4AB72224BAEFB64E6D22E616F38
S219EC9C6F793B3D29172F2CD8DA490C6B0BA2227D59197A9570B4
S219EC9C840AE7168355AE96A344AA07045436DB68BF3A4F8F88EF
S219EC9C995BCF2E1F28AA6CA9669DA03148A1BF83374F7D6E24D3
S219EC9CAEBD80C02C0ECBDD3A74142CD35FDBC433A76F94AB7218
S219EC9CC361EED0CC605E684BF70427BC672188B05BC5F2EBA004
S219EC9CD8016999EFE26CA9350961C060BF7B671892F3EE452D40
S219EC9CED9363A86710CF092E5B7DA83B212E517CF16ADEE7D48B
S219EC9D0247699F796AF4EB83BEC7EFB470D3FFF3F9708451F13B
S219EC9D17AD43DBC367A536E7D9F84F69C7723413C62B6D51399E
S219EC9D2CDE6C0454CA41410053BB8900C654C42D8CF766A9FA15
S219EC9D4123FCC7CDEED0D21D026D44C3DF2EF25DDD9E6EDE2102
S219EC9D56BC479504E08D274C9AED1B84B899908AA89A4B147FDA
S219EC9D6B055451FAC4F35BC765968DC25099EFA90F1773C4ACA1
S219EC9D800FBA796F6FBFE4094433268984F1A4F85A1093289223
S219EC9D957C3F4AA2663CDF4206B356ED633F99C996680D486E9D
S219EC9DAAB84588C240C7D938C36E4E054BAA23F9F850AD83A3A4
S219EC9DBF2E207F7032F6F185CA6EB26F9FEC7B20017A6039F23E
S219EC9DD4B89913372CBE7167D0C8F177071D9E32705661F0D849
S219EC9DE97067E7DFF78FA8959B471A87824A366773B01198E775
S219EC9DFE2B3E48F2E684076804FB7A211657536AF239608ECD39
S219EC9E136A7AB37E2B16275608E3DD620AFFF3717D823CB67B73
S219EC9E28A359955B626A83DD90A0964E7899AF7D2E8FD625DD36
S219EC9E3DD1ADBDD9A57845DC05D5890426E098D3F9EA03CAD372
S219EC9E52122D516B0A1E6DF9C74C2450D9CD9405377DC2DA5417
S219EC9E67D4DBCA52361DF8939AAE5798B4F78D3BE034B5A295A2
S219EC9E7CB4238FA443C44F16C846C8A2E7CADB1562C2F74FD80F
S219EC9E915A4F1E7C33F01319B432E59C2512C82548957CCB7C0E
S219EC9EA6D78F52671DD3CFFF3B303A222D8BB858BD9A733980C7
S219EC9EBBF0B0936A9795F9A74551D1BCD62F0486A06810DBCDC6
S219EC9ED0F19187E7B1D7D41EBAC613EB836CDBDF86770AB5DE61
S219EC9EE5FABC85A2DA47173DF6278532F6371A12BF3205BEE85C
S219EC9EFA690F4C7512F64D1E99CD8958A411ED7731049C1FCB9B
S219EC9F0FFD88981CC327067736219D8DC54FBFCC87A2B4D46873
S219EC9F244217DC218BF43DD6202FD06C5329D89512AD1E288D49
S219EC9F391AB0B4D377EE9360BBF70B3E472BFAC90326B7E93050
S219EC9F4E2C34932D754444B11EC2EED0BD535746F2E74D5E2C44
S219EC9F631BD06A40DA8EA2DC63850CDB0CC309C01304291F8D2A
S219EC9F78E97F1F129BDB3C12B963F52813AAEDC60CBF163E902E
S219EC9F8D2EBFFAD318D865F1326189C399AE7E07E8C4E746103A
S219EC9FA21933C09A6B837475AF08E36FEE175D27C59C5A2C5A69
S219EC9FB76FB44D29839A85BACA565D4A9A218E84FCC5D785A05E
S219EC9FCCCCBB29CEC7DD3867091CA45D143B9748BB65CCFB8D06
S219EC9FE1261CF8E3CAE9851FB207227C2A5730F0110333465130
S219EC9FF686FB625A090B9D56996F794A261600FBCBDAFE4EAD81
S219ECA00BADB9BB15CEBB9F538DCF52B652EB5609B4ABB1FC9AF8
S219ECA020F870304312EAC63B193364713582BD3CA41E07A4091B
S219ECA0359C06F66C621E97FE182F65D1FCB89DD90F2FCED17F09
S219ECA04A344A9CB4376E58F47178A0657B7ACC2F73FDDA75793B
S219ECA05FE7C792BD6C91F4F82C1227DD8AEDC2ECFA7963E118DF
S219ECA074CDD9BFB32DE59A29602856A09F23C643DBEF4434BFAF
S219ECA089C71860A3ED464B51CDF8B28F8ACAB7A36A1AD8D13A05
S219ECA09EB58218D4D380D517083341782627C7E2687F3B4B5FA4
S219ECA0B3E582997791F71E1642947567BB44D118389FCF32A65C
S219ECA0C87E5A860CF17C54FF8298789E2F494B163BD3E744BA6C
S219ECA0DD1200ACB60B00F7D26442FEC905970E5FBDD9F2D14E18
S219ECA0F24514DE4430F5B12D264AEFEAC0B8374AED853202DC26
S219ECA10790F303AA2BF0CE925B5CD92DF1BC5F8047C7C2B0F3EB
S219ECA11C1FEDE252B360944B190124A00B0A72A6ADFCB6B1BE32
S219ECA1319EFC4C6876DA4FAF250667F938BEBD37A939F5A0613F
S219ECA146EFFC5A86A5BD06159D9E7604F6AB38C92D3E8BD69513
S219ECA15B2243B4E3DC4C5230D26E4184731E677B95F024ADB6D4
S219ECA1701FF6188424C52C229AB5BCAAA9936D7A74DCC94F526F
S219ECA185B97668E8C1017311FCEA22228453544FF459074DD4F6
S219ECA19ADDCA4E2481DEA65F6FBD74164EC1053D36CA6294DF66
S219ECA1AF1F2DFF4E424810110B9A8243C2A40E955FF14AE05F1A
S219ECA1C428BB3A634016384EF93490F02EFD92543B2EFD1BF109
S219ECA1D934A00C8E90DD8E9F3287CABA483D33B4891BBA280C3D
S219ECA1EE28B5109D022A4CFFC4DD3D0AD10CE644BDBC88FB552A
S219ECA203AC8076ECCE12619E76BAC17EA95AB384188E9D466353
S219ECA218B4F81E9150A1894646C4EB9EB63004CE51F1B0D81CF4
S219ECA22DB500DFB9DC711A034797A61AF42DAF0F031A4C8C0AF8
S219ECA2426DCC5932CD8485C2CCD504274E747CEF3E741AD2F62D
S219ECA25736F0A675D1E4F2D10A0C16B96101433027F486860E59
S219ECA26CA0BABAA76D57C2BAA39086A081ED3DEB9F1879F76E6D
S219ECA281198B50451E186417F5AC10176BF4D603C9601E89EC31
S219ECA29609AE15D90E63A05B721DB7B8B6EAED1638E5E1579229
S219ECA2ABB07DFB2498C46568042237AE6278715A96B9768376CA
S219ECA2C00DC91CF0143981882C8F47E9C7DC98122F774AE370E5
S219ECA2D513D87E5B4451528DF5D98B98704B415F4FAF85120565
S219ECA2EA1C760501A56399366FAB0DF3589BD1C5BB776128376A
S219ECA2FFEB143EB784492D45A464BDD8DA8841A9CAA26B876877
S219ECA3148DD1ED35FC1F49AC94724C63BEEEF3359DA4F09E4A11
S219ECA32940523A8AB02A9A8745E728909E9FCFF3225FBD255641
S219ECA33E423D8F5306004035E4272B21BBBCB58C24DE72DF5C7F
S219ECA3533DAD4A1DB3D18E2D1615DC850734EA00A489B4E0788A
S219ECA368BD92167170CE80DD4403C36CBDBCFA1BFE0EB1D24C9F
S219ECA37DCCBCBB97DB8282BF119E10241AE9EF16DD2A82580492
S219ECA3921F25319BD73C635BC2B4396DDB9E0062518A85F10E8E
S219ECA3A7EC56145A7BFC0594281A70083320601B6BC72953EAD0
S219ECA3BCD4B7B0AD8D1D44E72B191F010D209296E39153EBDA99
S219ECA3D1302C7F5950F2003F0902032324C05B34681A4A8FC012
S219ECA3E6E0784413300C0119ABCE73D1F47B23D0FB5D5A87E92B
S219ECA3FB82088A87AB8947258704833B0809650F11A517CC7B3F
S219ECA410E40F77BF24F07373E3BA1EE9D0371CF21051E2AE87F2
S219ECA42587BA78CAC9AA1CE8A7FD4449F395CA2A4D7EBC0116EC
S219ECA43A550D5DC05A062D4D90EB4C9298D4F5518E9B413CD63C
S219ECA44F0291F9A44EE34A6D165E6858862E3042D90DD2734921
S219ECA4648DB0250DBBB33DAAE2FFF7A85C2F8B4C4D648F231ECB
S219ECA4793B2E07E9424F574BC67EFDCC6C2E7AAD55F2E5F0EA7D
S219ECA48E6006CC3E32EF16258AD9D51CA4513699063927668197
S219ECA4A3A7ECF6855CF634F38A8E99FF46621A00656A5A36BC9F
S219ECA4B8073125E2D6CCBC5913BF78D8DAF6FC468950375553BC
S219ECA4CD4C502E29768EF4794469CAED04B19E21DE648569918C
S219ECA4E2188126547432E93116CC67616C77002817168F8BF1B4
S219ECA4F7E039A8C7C894C893CFF13D28E7EC09819C923BD8FF5E
S219ECA50C367D4BC7A85FBE3F56B54DF6B33D3AAB65A2E8AB9F24
S219ECA5216251CA5AFFD72DC876718FE17B2CF04953409E189280
S219ECA536DC2196DFD11DDA04C0D2B357545B7E25152CF0EBB621
S219ECA54B482B4951B98BA3D989C64007D43423EDCECE2C5B82EA
S219ECA5609E8DD889D283EB6A9D806D714EAD20A0387ADF4CD25A
S219ECA575B99756A8F695B26DEECD2E02794540153A81FEF16CD4
S219ECA58ADA187814C57152DB119E872AF7F804286B44EDFDA72F
S219ECA59FA42096F14704C7BCD167951D76445842FCA3730B3C06
S219ECA5B4A9F206DCDF7CB906B07156DB4B9E44114D084CB9B16F
S219ECA5C90281BA81BE3B5410886DC5D07BD331547E44D0648797
S219ECA5DE5BF18FBA0E3D7698BD323A0DC7982610DB514FC7B7C5
S219ECA5F3F8E99C08118CBC1765D7332FA065C8026F1D47C3D298
S219ECA6086425A839B05058CB19723B633A271279072EF0737B97
S219ECA61D54E39000B90C0625CF5F9F29039583F40263B9608776
S219ECA632E940436DC99C14080E52379F381513E9A8E756F697D7
S219ECA647EE1EE4F8D818E5F79EAD00547AEBD46BBAF1A046C4C1
S219ECA65C90ABE1351BA055A974C370D766BDD01BCD0EF771BC63
S219ECA67158D82D51A5648BA141F9C42DE809C299890F1976B4AE
S219ECA686CA0EB15E9261CC63160B377BCC88BF2610DD6F02F16A
S219ECA69B61CE265D561EE0CDB25B827F9F61D62387C2E88750D7
S219ECA6B028AB5E26D5A8A485CD32BBF1FB024E92887481D2DDF3
S219ECA6C5428B1D30A02F94673EE9AAEEDF820BA7097D91EAFBDD
S219ECA6DA601E669B62CBD4173F6545DA0CB7C4DCBC7EA5D98283
S219ECA6EFF05F23844F68E906C4971868CC798C4CB400DCEC59FC
S219ECA704B8D82A3B0A45CBE35F9C21074690EB77F3599F5A4974
S219ECA7196B19098A21EB6399AD6B594A99B7E4FB4949367516DE
S219ECA72E0B4F096201E72A040989705A8047CC0E90E7E932CEED
S219ECA7433FD215C06B17DA758AFF7DD2E622FC9770F1FF3F3A0D
S219ECA758D3A30308E673220AE38E70877516E451A18DB963BFC4
S219ECA76D9E27F807A3D10B1F3F2853CF09491A3753BDF8084206
S219ECA782D5A642116A72408501F0B9B5F47C108D4463618A1450
S219ECA7977BA650812AF1FD6DD6A02184F5FC51D3A46D6FBCF9E0
S219ECA7ACFC4160A40848E1EE804CF0FDAD578AEEDDFED123AB98
S219ECA7C1ECD67B661574746202E6DAE00AFBD8BFCCD22C880FF1
S219ECA7D6B323041C127B6D7230AFD629495D31A449BA3E757399
S219ECA7EB56D119156F8DE36699E2DF227AC12FB6049D0502B3D7
S219ECA800C8E044C6A8FD95E907FCCB25BBF18E4C90DC1BF6DAAD
S219ECA815F3A7F679D1AECC58676A575FF74028FA25155EA90D63
S219ECA82A185824DBDD9CBCA684AF747F7EBA411B6CFAC4A399BE
S219ECA83F72ACFA20C742926178CEE9110FE6EC0CC63185CE4523
S219ECA8540E7BEC7792BEE1CC4BCB9711C8684F83A7EEB58ED3AA
S219ECA8695374A6C62BADEA260AC9D729B49F3EE7E15C0CADCBC2
S219ECA87E77871E77CCF30F0F42382DB7FC127462C77124D9B33A
S219ECA8935787FAFDE352A26B1D2EA1D483D5D716F0D8880FEC58
S219ECA8A8DCD31AD5D8E302E5658A2AAC59ABD0161F94BA4FCD32
S219ECA8BDE180A880D16F039FD882165CE7ABD910E4629EA1F36B
S219ECA8D2496BD658F864CE04909A9D9216D74770B6721BC7CC9D
S219ECA8E75693719D3A0C7DB2D8002CD5F9E31DA41DBA124094CC
S219ECA8FC202C855D59A6B7E57C909F2F90357D927A7B4B246615
S219ECA911BD71F6E113D4066E1869C0C5FD07CCC90BDB815ABDC3
S219ECA926C4CA4CEC8C678BCDC3BD3D18F17F27FEF93813C8B1F3
S219ECA93BC8C50BE803380873ED0BF971EA9B196CEEE847CE8DFC
S219ECA9500DB12EAEAF7203B9FE29C3F63FAF8AC8189A33AB37A3
S219ECA965EFD51FB14D064D48F41AB28A9F8DEAB3650B086D86F2
S219ECA97A6746550984C48342D732E1085F398F37BED70A9B51E4
S219ECA98F55D5CEB48404289D6EDB0F6CC020144D2A80C468519D
S219ECA9A4963177FC59795FDD0C3CB2E56E3E16243C6F7E97F4EC
S219ECA9B9EE1477222D3492455ACE8FC09DF540D771A30543C287
S219ECA9CE829F721D8A4BA0F78C8FF7178FC5E98DAEFA7BFE4F04
S219ECA9E3D86149DBC89B9E0EB2645F1E0386CDCEE468B040EE21
S219ECA9F81E81DC6762B47F5109DBFA4FEA55B27256F5E122B6FD
S219ECAA0D03FD85F119CA0335F8D5B01D9DDA7DD7FE08C16844DA
S219ECAA22B25BFBF0D6C74F879C52070FDFF398BBCB176CED4E11
S219ECAA3777649E4976D6B841AD56AA47C151A84A1D50D36C9CD2
S219ECAA4CC3CA128594A74F5992ECC0B84F4CAD22689CAE308239
S219ECAA61F2D6D182C2DA79F64EECE06DDDD378C1F633B25C7AA8
S219ECAA76E1535816A0CEF6B652B6DE87788D49D78B86C805B2FC
S219ECAA8B6778A5598A71CDD1C7B4CBEC4B9C76D50A989DB1D12A
S219ECAAA0976ABAC63006C1923715D4033BDF859AC16286D68C3F
S219ECAAB55E3FAEB8C97E6472E53AB90FBC3BDDA5961C29EA0D49
S219ECAACAC946F963CF3764A819A98404E25454087F7E401AD7FF
S219ECAADFDA509F6785CD7475B16922A926F2E8DD9B9F0EAA034F
S219ECAAF427DBDDDD936AE0F59CA045214ED755C6E0069542A08F
S219ECAB091DC79CAB87876CC34066505A8A8D863F33273A2716E1
S219ECAB1E3F22924F126AD2D218238A2B5DF324665B2C67E537FB
S219ECAB338CFF92B1B6901BD59264E5759838EC2801AAD4138EC4
S219ECAB486CFC541AA3B633AAB8AE13277A7FC3741B103C233C65
S219ECAB5D89B8CC5DB09A6ECC7A8E82D66A15F3657326F5080A2D
S219ECAB72728DE329A3F0B29809C23FE154FF833184800B7693EB
S219ECAB875219F9BE759CF2A08338FB13C85E2D0A59A8E51E1BBE
S219ECAB9C62F02A62EBC24484602275FD5CC7215484218E83C757
S219ECABB1CA4C7F8F946E44E1600A103EBB8E8C964E25D2F58472
S219ECABC6623B720A12FDD1F6DEF2E11D2D371B34DCBA7F897CFF
S219ECABDBB4D5265A892905C17383114820CD27B08CAD4FCF1A6F
S219ECABF02C3BBF7799826C2603D1EB8B322CF7ED9D93C88CCC39
S219ECAC05377FB2BD6504FF0031AA1DDA7F33FAFA7ABE891D095D
S219ECAC1AB513B5D619088CE38FB97B943EE593FA8A22912E449B
S219ECAC2F19EC7A2A99FD8D393F22A4212335E5601EDE4C78B5E2
S219ECAC4455326F39E872195D07EAEDCCC3BBC905C9DD5A32964D
S219ECAC5971BFAC11F9DFFE9FD4000388B8C14CCFCAFA9BC7ED8D
S219ECAC6EA60CA6D0632A402CC24921232F6DB7C50247F0205EA1
S219ECAC83ED27A9ECDB0DE051016A1F92565E4A3835EBB8704728
S219ECAC98463195135456B7CD9FE2C50845F2D4009A68AF441EFD
S219ECACAD5B0EB71CF68E7BF5610945576D3476385728B29997BB
S219ECACC28E743715312F8841CF5C5094D2CF97067A5157691B22
S219ECACD7CD1AFF38474FEEC85608ADA8D026473A24BBD47CDED6
S219ECACECBC02252C025D1634BED46ACC533B9219E5B2DFD7E973
S219ECAD013DEE5FA9A8C757615B6BD3230968AD99AB85D6ABD0FE
S219ECAD1615ABF8C71D32C8C76467C8F3BCA5E90E93CF44D4750D
S219ECAD2B25488DCAECFFADD7454D4E99D558B5D6FB6D36623985
S219ECAD408CFB8D32DDE7E4209F935039B435EF3A97BBB0F58DAE
S219ECAD555E38A4465424C0E3126933055087384E7B7FAA223750
S219ECAD6A3803BA2986D9600E32586B77E6768F82C9A8817DC7E9
S219ECAD7F08A77CB0A374E8575EE1E0F4938BD1D9EEC475E78232
S219ECAD94B4A71BBD21628D241E15068DBE94702DDB2656835A69
S219ECADA934880B442659A8C62E5FEB21D329093ADAD610556D52
S219ECADBE0EAC77E92EEEEDA1FAD7FDE9C234A93775D01638EBC0
S219ECADD3F5540555845506E3E5AC08A0143541FE1BBD7901EC16
S219ECADE873B508320CE2E0B4F359071C527BB713FF298B8D2615
S219ECADFD47B9B78D9AC8C6D1A780C6C81277174A0B92879FD9D8
S219ECAE121411DB3FB1D77535409A71537E235A07278A6AB571E8
S219ECAE2733391FEC63528DB87277981896E68C476761D72C56AB
S219ECAE3CDDBE55BCE06B421955EF32F74AF26D8DE302D329B585
S219ECAE51C203EC8BA9E79567C9C570DE8A347AEA0DA3B3E1A948
S219ECAE665D31C5C827DDCED7B1D209AC77EC41711D69D7BC8B31
S219ECAE7B21A7FC31788B8D1C58344E8643A7CA2437BEB2B57923
S219ECAE90A65DE7DDDB253304E4AB89F4D1415994F8493693A009
S219ECAEA53E7A9F7306F8BF5C672A76274A78F921ABFA24E815F4
S219ECAEBA57DDC633E382A70BE7A7F1DC2C7651056746CBA14C96
S219ECAECFC68D522091F3A578B9B8EE9E1B561E71777A8612840D
S219ECAEE401980378B735ED6FE054B061603142F29E3438D7A67B
S219ECAEF92C663622EB34287B9BE47C0D46515929F28253DA22C3
S219ECAF0E3B143076868FAA641106008CBE9F038B9856E54995E6
S219ECAF23F0EFD70748585F53D38848A1E9C869BD3FA1F420DF2B
S219ECAF38D1E64B7488A3CC81F0D852BB9AEABD0CBD72DFD8D24B
S219ECAF4DC7EDBDB37F87F53AD14A73475A1650BC22CE40676954
S219ECAF62E615419D662EBDA4959F08F6F793CFB23B1291B795B4
S219ECAF7786E8BC42A2EA821502CF88612CB7B08AD4C71B2A7816
S219ECAF8C13013813662CCED23587590C321A79421D1458A54098
S219ECAFA16F2DC7719615D3AC38DFC4820F2E15E60CD4FFE20551
S219ECAFB6E55D6A9D0A1D88613232224D576099B947CEB64FE561
S219ECAFCB34C45C24DB74C42D5FD7C792941DD104E04C644D478F
S219ECAFE0C3B30E705E7F5CAD3EC4BA2403E91698E02213553A73
S219ECAFF5428697B72195D5473DAAB45A94DE0AA7812539FDBFBB
S219ECB00A3A2B5BD9783B600939FDB345C1820B520BCF10CDD72F
S219ECB01F46F03CDEC2A0C6CBD3973715FA009BE2C72DD20C8861
S219ECB034717964F029AE1B9CEBDBA9F5F8FBC071F9F4E744D8D2
S219ECB049122CA244FDE9580CF2F7DA517E00A5E118F46CAC3C1B
S219ECB05E7441BB016E3B9750F16304A0F5C27CD90C04A555924B
S219ECB073A30DA8C456F0CCE4AE5013C456E4D98E7FA259F8637A
S219ECB0884B4B3AED465801F9D061A0664E85DE7FD54725AD9781
S219ECB09DE5D4E8D639EDEA235D3C7DDDAC56B19C0AB83A6773EB
S219ECB0B244BEEA5F05BCB40EA24E4EC39119126E83A912F13A36
S219ECB0C7D90B8A45AD2495EDDEACD060964245BB0E5B40148AA4
S219ECB0DC905EFACCC3C33661A9F5DC92DA32EFA1C775FE1E039A
S219ECB0F132F765FC0EEF28D0641C5A8B5500B88707153BA2B434
S219ECB1063C8F3039E46A1A0763399A7B3E30618A48934772649E
S219ECB11B4907B006366853839E72D494DCF0FF341D713FAADBEB
S219ECB130984AA25EB5F38F0BD862BD51DC8E1C209C2899BF7F6C
S219ECB1457C0BBE1055443C0F48790889C76B64DB942F12F7CD6F
S219ECB15AC2DAD589D443708B2B708B746A7159392B5560C4EC4C
S219ECB16F030AF03BE487A59245B62DD352645AFD39AB7AEAF5BB
S219ECB18461C7E13F28957AEE446174FFA96572E3053BB462AFD8
S219ECB1991CAE6CB5CA087BA6885161A5D3212411035AFDE82068
S219ECB1AEC3EE3E10C3E70387116D949C6D907F78F4799405A51B
S219ECB1C3EB01DDAD359168A96A3C80549C1E8BB56C0DCA8D9263
S219ECB1D8E3FD3788DB55CD47949FF15320117CB852863571052F
S219ECB1ED7DA520FDF043A4486FA6F4448423BF8D4870F62502E9
S219ECB202886CE3CDF79D6998BE89C49B62D034A29680D8BDE7CD
S219ECB217037F0586419FD48E148083EA220D3D7DAEE5AA7CD36C
S219ECB22C7638CAE0B2B27942A609FC24D67D8EB2E6E4DEFD920C
S219ECB241E83946E26A825A804DC73BF736E9CB48B15BAE7DB297
S219ECB256127C844AB47B8471DE4A5F8811D28D0BD8111B1EC006
S219ECB26BB94D43D668B1470ED9979B381678811DBCA82337C261
S219ECB2802BBD2F4A3D29F978DCB650B4476640613A9E56080274
S219ECB29539424C0AE34BA8144BA53346BFFF609368E581763F5B
S219ECB2AA3727BEDA66DA40BED7B161F54E1145F88CF584692260
S219ECB2BF019C47B75A706F2A3957441C33546F76C051CB2F9193
S219ECB2D423228B73DE4817F76B65A75196B1304E6C13BF99A2F7
S219ECB2E98564CBEF7DD8527FC7A7550F147EEE5CFC96FD63A155
S219ECB2FED5CC3BDEF6929EE79EB7DAB456A7B11E8539E3A74E3E
S219ECB3132E6BB6059070D88E5848598B48A5BEED2C12E12C1003
S219ECB328FB6DE04AF1101C47BBE6984ECA8FC11FF68983323FF6
S219ECB33DF005D259B03A3B35F3118E5D86D851EA3C5159A45628
S219ECB35255910908EA449C150E7D18EA0FD954BB04AFDEE5D055
S219ECB367A20F58B20FC7B4C1D8E17B040DC02C80455EFB70E734
S219ECB37CB95448F1F373FFA9056B22B9119C1B002FF18A87999A
S219ECB3919DDE68FCD3BD04BF931C99CC0E9A134A49D2C406671F
S219ECB3A6FBF435C109B4216925D205C9046F37181737E82B1B72
S219ECB3BB02AAA01DB98FA80016263B8E13D6DC4F96BE7CEA7FE1
S219ECB3D0CD8288BCB94556E42E17008256D408BFB777BE47A819
S219ECB3E5934FD60DA2BFD672246AAE5A1AC85966305FF61039EF
S219ECB3FA867CC3AE98188363FA465334383322539C2A3185F031
S219ECB40F1165B2F3340DAE6550CBA157687AD92158ECB4D24BC4
S219ECB424C73AA76D013C00566A7220DC2C063DFE3FE504E9B86C
S219ECB439805FEB792E2A12173778FEA74DEAC902F3D21B434B85
S219ECB44EEF190FAEB57F29A392FB9D469F00047996D504BE80FA
S219ECB463C356A89AE5E3296F4B13C3A19AF04EDC86CA11E5F17B
S219ECB4783E0C06ABC713ECAEDB7495F12B6CE9FD4C8C52F01AD9
S219ECB48DDF04FE6B847B304F2093CFBACEA1E57056B743574DFB
S219ECB4A2849672CDBB482B2877789F09BD1DBBA2ADD5B0901B4A
S219ECB4B79CBFBED370A360612F7EB87DD922F03034E2F6C5738E
S219ECB4CCFAA91AECC7959E8B64EFB1663B4521698653E31E6F8F
S219ECB4E1CF3E75BC7911C4512603195B16A8CA5AB53FBB764E96
S219ECB4F6521DCA528B51EEB04962BF7F9C67D0CC63CB9ECCE843
S219ECB50B168636FE127D274E1E01251CC9FA516D34F502C20593
S219ECB520B6ED5A8AC9A8A5D707051BB901BA41DF639CCE6B6856
S219ECB53545BD568A4333613C50F091AF654FB8C620EFB46DD366
S219ECB54A9772CC5B2EC9CE6976A2D16E70911427E374EE90F144
S219ECB55FAA24B1BAD5060D9883076A09120892F1B90BD72E09C1
S219ECB57467B23611F2B6B745EA415675B1115EB9820287E41DF2
S219ECB58900515C04D81AE30A8ACA8197D45FFC6150F4DD8DA1E1
S219ECB59ED463B728E492986CA7D05076A934917993AC61E1F57D
S219ECB5B3661D256DCC547B7CCD40A77EFEACEE786329AC1D7E51
S219ECB5C87DB390C94F9CF0E0D5E1780789531802E7CC5687D7A7
S219ECB5DD6A28A8AC3899A2412141182CE65655C3D5A8B56CA294
S219ECB5F2AD31921A94ED429EF3BCF1126D6B014119166348EDD5
S219ECB6071CF25DAF8641129C7AF4C9AAE14DF2D0DD8B7D81C1B6
S219ECB61C8C208504FC19C05497DE19BA496A0057971CBDA9EA75
S219ECB63123A4469088CAF2C5C6AC5A6B4861D6D2F259072FA6BE
S219ECB64654746FB432A1FAF36D83424D24C547009D02DB827D2B
S219ECB65B84083BA06C88A7F016E994821FE58F48928EA1D7531C
S219ECB6705F70FE47D47090D3DA3FFDC1F687B86DA5AA490108FF
S219ECB685758C96E69B6C186C981B5CD394DA4E55B72707B97EA8
S219ECB69A8153AF960647A5B286A7CD40E2ABB8485DDCEF47CCEB
S219ECB6AF8EBACF7524C8261A3570D2C0910FCF29B880C38895F6
S219ECB6C40DFB17405659F81D9AF032706C6C642FE0F3F5801965
S219ECB6D9B656019D2892AC4FDA45E118BB982AA32732A1DB5BA4
S219ECB6EEE39B1471007ACD591C3613F64C97E38184098308DF1A
S219ECB7032A5A3F04F275A47E1E0A2A9F3C6D1D25370C9FCE95CF
S219ECB718C40098540AA3688AD64B3A54ED0A5C5C6785434FA060
S219ECB72D0E810625D6F207DDF196BA638C8CD1DE0564DE1ACB19
S219ECB74269D4D1EC425592562CFECAED37D19EC4FC487E56D451
S219ECB757AD712C950016EB04BE11D534AA166E19C7ADA4922F10
S219ECB76C721F13447CC935830A156F809DC6F6A0CC568720DD45
S219ECB781AF1681A8CF0761C699D83816821E24CE5D21F8FC878D
S219ECB7969F3ABB6126B5B698A558DEFE2D5A375E9284D629FD88
S219ECB7AB2979DA5DED33DD6C4C7DD2DF39FB6B4680C12D40B495
S219ECB7C069A3F3F6C3D7A7E3A01D23FABB34F3C5AC6EA524D82E
S219ECB7D5C85DB9EEE723224B661DF0402C55CDB36041B4697346
S219ECB7EA3A8D301D07B46DF99147BC2F3378709EAC27B41AEA1D
S219ECB7FF28B8FEDC25C1A33E6C3CDF81C8FC2E48FE35892DACEC
S219ECB814FD1368BBE869668DDC7B79D20C52FF8FEB8A6BB52371
S219ECB829F945571F9551A252131155775578952D4783E7B9762C
S219ECB83E8EC7C3D065EBE41575C0A667BA0529081CC21450EC73
S219ECB853B917BCBCCBA5C7394EE7B8C89EA2ACF612AA60EB8217
S219ECB8682A5CC5733F81B26BB966029847B1445EAB70B14F4F82
S219ECB87D11B3D89ACF2732992F083DBB06F8B517AE9651DBC2A3
S219ECB892EDB2582CD57C8967A19B50F3884CA5D882B73C9EC6A3
S219ECB8A74E05AC7D684E1BE36327446F7D265CB2B73519510A1D
S219ECB8BC99ED87FD06257FDEDBEB0939B675FE0A659E8A5F8647
S219ECB8D10829759C1B31E8F3A5449748B77CFABC08878CA6197D
S219ECB8E6E0359552534DE05153B6D38BEE5BF84E96CED7BDE7BA
S219ECB8FBA8E9167BF2A1FAAE8A9C5A918562AE0E800027792EE8
S219ECB91023F5CDCCD194F595EF3647319829A0706619FCBBDE0F
S219ECB925D073717597F125488C115C9BFBF38737B6D13E9AAFB0
S219ECB93A4FE874FD5B19626665C9461CD54E7D6F51D077EFE716
S219ECB94FFD2EC4E58ADFD712233E2A162E4D89F5FA733AB8A52E
S219ECB9649D2902FDA577CA41B54E05DE97BEF3DD896368D24A76
S219ECB979CC3E95A99670B07237BC3A81511BC27A0C5EF276C26E
S219ECB98E246DDEA074EC04A6DD4B11180E8A51614DA6DA3D579E
S219ECB9A309CE14A0B38455EB17819178A054F8762D7F384B6901
S219ECB9B84F4A6C99AB89D24A4AC2E158436FCEB5DC218F104045
S219ECB9CDCBB826FD77D1FDE915774F5FEA9E3D34C76B9C9811F6
S219ECB9E27622999C73278D1F2F3D43C9FC2E9A5951CF6F33CB2A
S219ECB9F73F8E786B34FE6214163A30BD794B0ECDE5DDB94955FD
S219ECBA0C3148A9AE2D4C76885F0E1AA226FF05DFA21479FA0989
S219ECBA21D4F3913860B29D8D13B2F4D9D90F6FE466854C77DFF9
S219ECBA361C0CD492EED03922822F23F52F55CEFCC457B0C1F7C9
S219ECBA4BFC239D25964BFE9A70E5821E8A77CEE3100B433E0E4A
S219ECBA60FDE29DC417CE20A695EC194D584F723C57DB0A2465F4
S219ECBA75A7C24B8EFF437A7370E6DD6128241E5DBA14CFF1234E
S219ECBA8AC9DAD48FAA076C2C82AF5DBD59E68291722E786CC086
S219ECBA9FC9E15FD0DFB5D73B75D5E256B39272E2BB9BA9BF2D1C
S219ECBAB4FB3B5A119A167FC21268AC350D7A328EFFDF5F7FABF1
S219ECBAC9CDDCD63A7EA6BA9BE0FB71DCC5F833A7623896815382
S219ECBADEBC5B3BC23CB911B31525C0337AEA7ADEB73FC948CADB
S219ECBAF309E3D77ABD73C0007EECF979FFA653D73BAE8FAB173B
S219ECBB08700AF7B0934B9128AF0E80CDE10B57BE365141D77D58
S219ECBB1DC3EF637BAD6F76B95EFC65D2D2CD645DA70479BD9CD9
S219ECBB326C7D1F1AEDC37AF4875E9DC9EE8784449EACE1D0FF4B
S219ECBB47CC2448A0F36FCE2D8B25DE2BA6EBBF60007BACB23A47
S219ECBB5CF054F64705E4CA0F58B08F09EB305860487312B7F8B1
S219ECBB71AF0C181AC22607292C931FBDAFEB516C5CBEE0C0D944
S219ECBB86C0EB4D1D147A48F70A754F6C23DEB857EAE07B59955A
S219ECBB9B7B2AA712B83CE17E1C654F932CC9010B73B3063A4DDC
S219ECBBB0E857ED38C5F5F5DA7C05D76D767293223124E0E1EE3C
S219ECBBC5060A77DA8C0D57975C2F8AA2DA735CD52CB7371669C4
S219ECBBDABF09E25323625AE703905AB2F02847B5413A1BEF5E0C
S219ECBBEF9CD3BD788FCEC661D5DCAC1B422894CF68D929265AF9
S219ECBC04D89CAEE31BBA9AC205E0C004C4446B2A2869D758946A
S219ECBC19B0A2A617BD1C6C222D96C291C7A8314B5BD93F5C746B
S219ECBC2EA41396A456EFE0458A8635EEA568FB2DC5220E254AE9
S219ECBC4378DC65DB97D3F2FF35A091BBBB4F61894D87D70E0638
S219ECBC58CFFE9928CEB0AAC2C84D4A51704194249ED18044ED35
S219ECBC6D9607CE151694E9C842DEA13ACDB8A3A9CD7A2B7980BF
S219ECBC823BA8668C846F784D6230B71607D3872CD219D9FE750C
S219ECBC9760F4DBA4EB6F24A291B0EB9992D6724744DFFC9B2FE5
S219ECBCACDCAFD28922D1BEFCC2A0FEC48DCEB9839F41BDA6639E
S219ECBCC12322646F4E581323A183EAA06A687327F0A902253F70
S219ECBCD6093B2EE8A3764C2AF72F4EF13D5F2ECB28E024C32175
S219ECBCEB9A95BBA6529794C3FF0602F74268CF6AF952C37C70A8
S219ECBD00484198D01C2F9942A3ACA0C6EF080693446E57DC15E7
S219ECBD15C4121CF03E59E7D3D41535913A9B4C4CD7FE92FDB8BD
S219ECBD2AA469725BF7564DBB679D57BA8EBF4F3A5E26A89B260C
S219ECBD3FF35A646D6C4AE19CF245119F97FD3409E1C2FDEFA6C0
S219ECBD54F793882654E5D228BF4048012D59CF203F0C920D20B7
S219ECBD6955E0FC0CCE6E5D931EE7706A3C44758705097D11B9BB
S219ECBD7EAA4BADB6F76514B09028C23A213FED144A4F730A8B91
S219ECBD931CCB94B22E1D6C31C332A3D01719D811D36368B6AD13
S219ECBDA88E67574D55CF42F2EC2053D0B16F637B9899919B59C1
S219ECBDBD32518180CC2CBFB3A3F800051702366FF6CCD65B132E
S219ECBDD24EF4E8C44DC5F607C6B54B27AFA71FDA15D510D42143
S219ECBDE70C4BE4C30AA621B6397CA92EE932AF003F9BB2804A25
S219ECBDFC55047B0629EB77736CC00DD23F5ED3EC3B41E463A996
S219ECBE11327803A11590C1B3EE47CFAE857D3B12A768AF51852F
S219ECBE26F5ADD915F218753EE481932A1E202604322CAE0DE442
S219ECBE3BADDBA6F8598944367A9F8C7349484E5A27731B77E220
S219ECBE501A706040BDEC8D96C278CC5CD163D777A962ACB6C9DC
S219ECBE65701C0711743217FC78088146A309926190C076769FB9
S219ECBE7A9049A5848CBE56BA3A08B55D6A0F79869FC766E81FC7
S219ECBE8F7E18F1EA407A76324F24757810B006E444C200A9BB66
S219ECBEA479D565BF34820FCF5EC123DB16BD97B8ECA2EC748CD9
S219ECBEB9ACACCA0967831AE8A741F8EC60C5D3B3B82F5CC8E307
S219ECBECE36576E7D57318B23BA84544E9FF6F601A9F65CFB2D31
S219ECBEE33CC0B0F8E01E55D11E12C72CB28AE497DE24CC2B18A6
S219ECBEF83D47A34E12C81B26E6BD339D1B20614D40DC3D3210BD
S219ECBF0D6225733A5664109B6B0004DD1B855500E817461D8D65
S219ECBF2229AE8866F314F31C48A430542E038074041CC6A468B7
S219ECBF37A3CEF3DBD0617FA4D8D7568F009C81CC03639AEBA168
S219ECBF4C93627F2D8817AF9727B11916D72246D7F2D19DEE44BA
S219ECBF61D853E4B5180A748FA78BB51BE37E747DEA9C1474F59A
S219ECBF7660615CEFFD9DCDF50E5481E721E7671BF4851295F4F5
S219ECBF8B4068C61FAAD92B9A0D5996EB512C00A434958BA7C90F
S219ECBFA0D146AA030A938ABF595AEF041CDEBADA9C5EC4775E2A
S219ECBFB59FB2E2509B22C0D3EFABADA989D916E7EB840F55048D
S219ECBFCA24164854EFA359EC9E553550AFFA57A757BEEE55004D
S219ECBFDFDE7250FA5D3E0F635EDC463019C8DC16EDDEE0F1296D
S219ECBFF44F3E5871F094E76C7719CB506526D33D95FEDA1DAE9C
S219ECC009E915BF1116E28EED1EEC5A4A37C73D7BB4316A7C4C75
S219ECC01E0DDB01880B6ED32BCD742B5513FE71B3914078D5AC74
S219ECC033BC91F2FFF407959455F0CD4AA63FA7811C3E1BD610E1
S219ECC0488A79343A39B69852E4AC7540C4C87315236AB7C3D672
S219ECC05D88DEB4AE2B64E4A8EA3D66D4554567FA97FE69593D0A
S219ECC0726A42B198D7FBB1FADCDB4BFADD4566DFBFF5A68A7699
S219ECC08732D4487A57ADDCAE35184CD8284696AA407517013938
S219ECC09CD36C593A3B025015C74F5438EF187711DB97946DBFC7
S219ECC0B16CA7AD8EEB5F3A13C2016FD9CD7A4AABD5DB79606B69
S219ECC0C60F66B5715255128F4939E233D12710B79987E745FCF3
S219ECC0DB84B1AEED8E6818124BAFFBBE3E24368B4F606AA2F5E9
S219ECC0F0D1D159DC1B84106DB8AEDB494B10B60DD36528EBA6BE
S219ECC1051175B7626643BC70E99FE1E56FFFAAA52716002D5EED
S219ECC11A6DCD159B782A23AEB1E9B07C7DC4CDE18D6B37C28894
S219ECC12FC43F64807991D602B0C6FC0FD88127571151ABB59C8B
S219ECC144F8EE40BE05A09542A5679531B8F6DBE5D1E95FBE0876
S219ECC1591F797E0719BCBA7D6D4B1F02C91FA97FEE94DB5CC94C
S219ECC16E5AC2879DF130F06830A9DB15AB932E6299FA7BE5EE9A
S219ECC183AFEBD28DEF1B22D27015B67CFEFDE10DC9FD1EB04744
S219ECC198A941B5D7D0F00D236E33472EACE8FADD1806B43D9E0D
S219ECC1AD6E977F0A71CF6BC88AD1F15D3D7DEDFF73F1FE293A77
S219ECC1C211DAA2DF6AF46474A74D95B0E1B5F8F8B9987C8D9A22
S219ECC1D73C88C48F0C7FF5192F0AFA7757411BF82EC18F1E229F
S219ECC1EC9AE3175939AB3F524E8BE536AFC64284B892A7594032
S219ECC20115C83B7A7A768B220B8EB6BB2E4C5223CBEFD4290652
S219ECC2167E2FD033856AFD4BE6EC618A46B78CBAB40C778AA1D9
S219ECC22BCBEFE14B188D1553FB8E9177038668AD0B678D70D6A6
S219ECC240F18D2877AB0B618995935D6D25734F46F1CB3A1D37D2
S219ECC2557BB397527F7156AFA4FF8B3D2AE460514287496D3DF1
S219ECC26AD552179902DAF7983631445DA562E722459914490534
S219ECC27FB5AC2185C3EE015A196F591A12F9F1B5536DD6A88E2E
S219ECC294131DC12CC47DE8E51B29A77B293AF121F8C710486F18
S219ECC2A9EC02170C687D5F364ED8F5F9A0A6893A1690E79F6655
S219ECC2BE556E84B767DABDBF84D580C2CE32DEDF95182FF42077
S219ECC2D3A5D8AD8BE0D9B68ADAEEB00FAC21FF8D333557EAD856
S219ECC2E8DFE284CE85A00DB91A4A35720F94D946CC47FDDE5E39
S219ECC2FD9031B6BCF9CF14734FFF726A2DBEA538FC6CA9254051
S219ECC3128554A2E13530E820E535D0A13A3926C63C5820495C19
S219ECC3278B247F3BE73D90AA2974289DF5BAA4709BA6D161D7DA
S219ECC33C2A586BB9ED5053D3079F08255D684C7F7676D3894106
S219ECC3511B3AD6D680797583944787558416E5B3A0F3E88F08F9
S219ECC366D5466C30FE6BEFE3019ADE1BD8D692DCAF7EB4744694
S219ECC37B3E3730714EED8C25CFA6C2A0407BD4E19DCB1BCEAC76
S219ECC390914B6E4F75D247297EA275FB2CD29D0AF22EA20F55FC
S219ECC3A552949F22FC57031A8E00B8A2C4183A51CFA09563B114
S219ECC3BA2292375DAA3351C5D327E218C9199D35F5999694B032
S219ECC3CF2EB456782F09B9DE621BE001B999590A0AE915224D5F
S219ECC3E4BDB4BE8E45347A352EF6DDD61EAE50EBEC8AACD66D2B
S219ECC3F940A6F9E39F26A44EC0F8B8F5FF4BC6A4C2EBEDA65814
S219ECC40E256C3FE1505A8AC202C4B2A95A9CE4EDE358B924146D
S219ECC4231AE77C5622CD238C1BFBA985112441674142A4FC0E50
S219ECC43825E0B4BFD0A06BC284B3E1A6F2B3C39D455C7FCC79C1
S219ECC44DB93EEA2D05E7C34C4789F3972B06969E7E66AED1A717
S219ECC462FD1501C033AE2251E7C050CDEAC3097B24AB7673AC54
S219ECC47745A6AF143081F78B2F47B7EBFE029896002E1C4E12EE
S219ECC48C5C456D01AE6D200BDEC0551B65B76EA81ABFC7952FB1
S219ECC4A17A85BB0F74E76DF9E754B3DD05B41D911B2CC8E9964B
S219ECC4B67D8D0EC17ED695B213FF4797B856AB6CAF8D218EA369
S219ECC4CBEFAD32FD94EE2DBBEDA09B66129ECE35BBFE010DD45A
S219ECC4E0DAA452B5A1173B9826946F7E5658BE4406507266BD04
S219ECC4F5A0FCB9EED70829D06C46732CBA95037F752877A889BF
S219ECC50A93FEE247CD20D980EE5EBF40E58387EEADBBFD7F7CA3
S219ECC51F440FA50C5C1BBCDD4F5564CCA1831D1AC31FFDCB9A8F
S219ECC53471239215FFBD72CE2E4A093C49656C9A6424FBE103F2
S219ECC549047A5D9777906FF5736B083367334C6EC7E69A51A763
S219ECC55E51EDC23029E8A816571806F23BD684E93A889CC011C4
S219ECC573D68F265B21DF57139C72AC7C6A0693BDB79AC09A656C
S219ECC58828DF6BF202C735172AB1F5319424CB15657FFE1B3D61
S219ECC59DA1E4CF6406D577E78627AA6BFD869061D07FEAF582C1
S219ECC5B2852FC8D4BF1E74D4AF396DD75464AED03BB2116C350D
S219ECC5C74162E1E58011D9A514AAF34D4EB06935EBB39C97A2E9
S219ECC5DC4991BE4091CC8D3E3FE6F753B7AD7CAA031D4656C9DB
S219ECC5F1A6D728626163ED269FA4BCB0A2A1B39B268928757961
S219ECC606780F409DD35393A00301EEB88B7FF9191872D4DED699
S219ECC61B490C6D3C8FD244A5136F738E5C70176D506C47639701
S219ECC630FCC2B90611F38E024BA5879B5211929B30E1394FF3C5
S219ECC6455C9B14CD30B34B23B24BE25298DCBC1E47AB3C057A9A
S219ECC65ADF3D609C4E2ABC09F5236FBBFB59E4E2DA3423C7EA47
S219ECC66FA81D7ECACC53AC5B42C04F5C77D2411D67342D85ED04
S219ECC6846837DD7E5AD70EC6C716722B4A469B3AA0CF19368C88
S219ECC69946695A07E2A8FFDE991B405F8E079FC814899A4ECC84
S219ECC6AEC1B845A3F70BDB3BD14F735F821F632AC19BFBB1DB0A
S219ECC6C35ECA97773C8BADF18BA1057196486F8B83A33C737215
S219ECC6D84340D9B70AF334DAD5FD8F30DEBA2B99DB4110155AB6
S219ECC6ED777C8803A44F42F27FA7AB9C37C792D03C4FDE3A9E94
S219ECC7021A49AF4EDE2D344A22AE3A43B424EAC2C9B205169B46
S219ECC717E22B1AFBE5DC20CBD2B7AC1D0A4947931489F74F13D9
S219ECC72CD9D929DDCF0AA31C6B65DA23CC8A1D52B7C62B5938EC
S219ECC741495E53FF6841293A33A872F7CCAAEE5BA291AD97F182
S219ECC7567CC11B01D7E7A54DC6D088CB3291F5DF07CA3E0D76C2
S219ECC76BB6BEF0225D6241ABBFB9AC8C126F14A3D19F5FFF875A
S219ECC7809696CE63B4813CABDC49EAF46D052C36F86C13289E26
S219ECC795AF1373B67B9E13B4DE8C419D82500141029244BF825E
S219ECC7AAB2D008E00A6D3CCDE72EC41164D55132850AA3B3ED27
S219ECC7BFEBCA8A81A1DAF9D13905FE180C8F49FC1B5664A89529
S219ECC7D46F1015395CEE8224BF21E6942166417091DDE13E7F04
S219ECC7E9E734B07AD26CC7C8B533CC4EED2CE16B3580FF6C139E
S219ECC7FE08E7D89FE4175CC59BB1C42A492FAD6C13D2E3A52754
S219ECC813ED717265B3A510A79AFF0D79F11985C704046A79BEBD
S219ECC82882C256FDBC65290E162CE97BB37729312F213BB91598
S219ECC83DCDDEC17D1739B614F7E0A0E43260AFC210BD95621FB1
S219ECC852E3BB3E7E3E46805BADC57D925F193D6CB9595BEF88A1
S219ECC867205596C7C55F8FA6CB8A17B4B3C1463CC502ABD96BD4
S219ECC87CB846D9DE853F138D1AEEB4C7E5A4A47F59340D13DAE7
S219ECC8910A552D18AF4CB9FF6534D8393EC3771950231A149ED0
S219ECC8A621CA4ADD412A6014BA38BF49FC123033714AA3D3B649
S219ECC8BB61D59F0330B5EFC96F65E891CD4C3032FDCDA352E497
S219ECC8D04CAD7A540DB5BB77CCC3F0B0737B95C56F8C3B3EECD0
S219ECC8E5E9BB9180B6F574DB04E829CCC896110AE7973EDEDFCB
S219ECC8FA20ECD06763109D8398461EFC80C51C5CC8F15BE87C35
S219ECC90F9F76E5724E69CE649FDF2038C9B9ADCD9C89309CE327
S219ECC924EA8B670E1CA7BED23DD18C6B591389107CA853DD442E
S219ECC93908AB4CCF230BEFA270C17D0A89AC4E63EA2BF344473A
S219ECC94EF14A5DC2CC6771B8A054D825CB317820645BCE229E5B
S219ECC963B886DBD001B539632AB61D7F534B3893F330D1024771
S219ECC978EE65FBFB9CC7DB98677F4E7FB2B438B2B7B144C8051E
S219ECC98D132DE54E22621B922919E1C410396C6866F64F1F71C1
S219ECC9A27D2BB0A204B79661BCB3305D2F169EB2A3A1F59EA2D9
S219ECC9B73C162F408DE0F724E3EB3FE800AB259658D0FEB67387
S219ECC9CC92A10018C4B0A4255238EF44DE5EEC4EAA2F620983E3
S219ECC9E19F579435F62BB21E78CAF9E9E10423903452831D3688
S219ECC9F6CBD7C85B425335B610CD2830E6515CE2D7457215B2F7
S219ECCA0B2E841D2B9D27001FC05986CF5285B995BBF8E017E328
S219ECCA20408B7FFA84BA6168CCADBB81C6F4F1E57BEBB5902EA7
S219ECCA358C7FF24C642550E152A68E6F14187082C8E918D497B1
S219ECCA4AFC1EDFE710657D30C667DC62BC2F5E53CC395CF9BEC5
S219ECCA5FD844B6003A507CBE125A8D53D13A15198E982BA4556C
S219ECCA74E7A308199CCA1AD54319DBCB8582571829AF48BAC3A7
S219ECCA8925CA252FFEF60EDD8B5ABD18D556A1F986D11D5343FC
S219ECCA9EBC64C5ABEF0CAC82E890FE687A5D0FEADED4B35D87E2
S219ECCAB3B243AAFE2D808367792930A1A73CC03F7A9A80CD890A
S219ECCAC823ABA71794B190E3A75BA7C6A144F444741E645AE95F
S219ECCADD4D1FE0A8CE7B3D2AD2BB82F457CF974560BE5C074EDB
S219ECCAF21C1E775C9DFADD1CA7561663CE9473E1639BBC27FB99
S219ECCB076DD0EF58E742713535CA771AE38587F0B689CCCC1976
S219ECCB1C7B77745E950B906B297FD9AEC9981C0DFE02500FB8E4
S219ECCB31F0020A1C277CA8241C6FFA43E16DC4EB500A8AEECF11
S219ECCB464E9ED1934BF14F9CBB75779576F44D5DD6D0A4602553
S219ECCB5B466306BFACB30CE4A5D4A9467D17A6F1C5B7ADBCC3DC
S219ECCB70820E33D0ED6F4038C48F3D3917B6AE5B352E85FB4195
S219ECCB85FEE8CB995AB77228057E03BA9DE805728457E4202F6B
S219ECCB9AAC16C06E33870FDDB98C88301E2CA50A08E00BE8A28C
S219ECCBAF0037847A6FE721706BAE60E6DB20CCC76541CD65D0CF
S219ECCBC44BAE2A4E5B59C3EB5410A2CF5A3FF77F87798EAC6416
S219ECCBD943D3786A5E04FB6FF30F486A3632543CA0712478CA6F
S219ECCBEE668249803C53C1A813B0EBF7E8E6CBCE5E2FF5FB41CE
S219ECCC037F92B341DB585DF4EEFA98134FD18DCBA5C2F6C54134
S219ECCC18A3EC01CAB71DF1EA236E3E303F8BDBFA6C9B7CDF21EC
S219ECCC2D37880FA48C0C1C7188F68545D2282B5C2FF44A5EB71F
S219ECCC420E89663CDB5521A4D85FDF72BAE41E4911DB48F7C93D
S219ECCC57896CCDD4D89921C4B43EB9A6DB74C93BCA5FA46468AE
S219ECCC6C9CF77139882E26AE9519B0183F0890DD3977C4B8F2B3
S219ECCC818FAE24212074E9CCC4379E9C91BC2C0C621ACAC1AF72
S219ECCC96C6A605F3DEE8BFD2248B5B01AD7A7BC5B042F1EF4158
S219ECCCABB2C5E7EED9893DC40900E20FB125FDC0830267AE6A43
S219ECCCC09ED5C6F75D02992E2366DC93C4CD34E1FB6B4E101B9B
S219ECCCD5C29BB2B1E1108E81B3D24F22328004BFD1D3BB14F3C8
S219ECCCEA28DE66364B2513BE026358CE5F40858432EBC40A2D16
S219ECCCFFB02C7F04D5AF7717FCE90E7D665AA80825EAD3F316F3
S219ECCD14C020F7027979C3D93546ACB441A1E5F2619E638F7AB3
S219ECCD295FFDEA0DDAC1410461F7180D2C33495B61E0C5ECB0AF
S219ECCD3E0306491DEAD8D211D449E610D791F9602BE3F2014DB9
S219ECCD5332C792E339AC9CAB80B6ABA2B7F98931E5B1D1E05FAD
S219ECCD686F485EB753EE9293DA1915B4C1B90D0C0E356DE2BEF4
S219ECCD7DE63EC6255C6B80056365F480335EE471FFE54445CDF9
S219ECCD92C2C4B0767DB532AA71CBADFE5FFF6865DACBAA56CD5D
S219ECCDA714C5A10E249F5AD0A38467DB531E76BF320127A01CEC
S219ECCDBC65B0304AF060C4C6224EE32322B2292C1A07B58D0204
S219ECCDD15B9563559A149B9E438A93D5ADAF21851C4740984219
S219ECCDE6FC23B972BC62C5A4F1B3C405FE4A42BD069DB41280D9
S219ECCDFB41E05969408E7F927270B81E7712682960BCB13F0D85
S219ECCE10B69631E54B18D985F8AE89F55ED53CDF81ADC056EF54
S219ECCE25C85759CFD50317585833A5237F97ECFBDD70343B630A
S219ECCE3AE750A3119A83AEA182431A5AF34E2EE04C61BCD6CF05
S219ECCE4FE4598B42038D49F4CA33D00815A77CEE3BF9260D3470
S219ECCE6431DDCDF67DBC4775CAD5962DA8B02EF42B17C0E4E35D
S219ECCE79B538F0C3C758CE5E6AA5213332E014E0D69DB117071D
S219ECCE8E46371828F8FA25A0CC7A92027AC6F09FCAE3AED81737
S219ECCEA35E87E2B82CFDF8DDFE85E3D924A0FCE29E6FE5B54341
S219ECCEB85AC6A696B8005A412E08EA28E3AD25CB06612B0DE876
S219ECCECDD941DBDBD33CC9E521283281B5D4158039FD38E274F4
S219ECCEE2B339747D3C1ECA52C5FB521D6E8D8BD9738814770CD7
S219ECCEF72D6CE122D29223AC82B4B75CB2AC2656B11D8B305862
S219ECCF0C366D24BCC90DDD8A7A1660302BB2B382E0EB4025AD50
S219ECCF211CB8B60F8A41908A12AADFE5AFBDBAA86066F46479A7
S219ECCF365CDB50C4A945D30490E601C14EF25F04E24631776DCD
S219ECCF4BEBF7DB6BEACFCA50FE57C31D3F6FA5BE51E6ADC6A94C
S219ECCF60C4A40C7664749B895F69AEAEA8BAC1AA19ABBAC2AB09
S219ECCF75CD8BA4F95B10E3EC752631906B56FB8DD1AB066D8A69
S219ECCF8A2E80B5B42DF1977D1799E094C8EC7E169222D0A8A61A
S219ECCF9F3C6E313560F1B70692CDD7BAE8BCD1C99B5B7587BF8F
S219ECCFB46F2096D81106EF2D52F373DE53F07638B79CAE8C5DD6
S219ECCFC93799C590F3443279D50201E599F0F6CD66406A858835
S219ECCFDEE47181B57E416F4BD04126271A789EBF341D5BB48616
S219ECCFF37AC3BC56AE6C34D5A37CA5F95A12975ECAD815408D24
S219ECD008E5826F26781788FD7F5E7A1053874816A98F8B7A3DF9
S219ECD01D20D76E6F1E06208CB64F03A7AF8D3DFE0A5564E97720
S219ECD032899B032003C698437574CDCAA257CA208C7F9ADA3CEF
S219ECD047E956BB8341C7D2E0546F46FD5374EA800141D19E4D77
S219ECD05CA76D0F79DBDDEB602CF6A475335EDBC67DF4ED769856
S219ECD071900E2D5949CC45A77C8B1E7A5F16B7309CBEB4770E06
S219ECD086EBD8021E2ED4DF1834EF8B10A63327FFD6D7327C9E12
S219ECD09B8F6A60765058AAB6C4225D1D466B6C2ABDA9E22C207D
S219ECD0B012AB93E9F552D803A07DFE71A8F0781DE3E480450FCB
S219ECD0C5DAC807AB49548508DEE2795AF943F94913D49C1DF83E
S219ECD0DA98433E8FF21547CFEEF4745D7817EA76D590CC9056D2
S219ECD0EF9C27FFEDB33189A481A163AE4A91C632D1197E1A53A0
S219ECD1049A97937C55BA80BB8DE2E2B26244AB26282A1734B1D3
S219ECD11904F1C5402B5F996DF27F28C23219773BD626DA0B6DE0
S219ECD12E1B37AC08CDD0A0909B365EDDD20C4DD9D05054ABFFFA
S219ECD1439686C39A6A23CABC6FEED5A357DC309CBBF44B9226D4
S219ECD158CE7E845EDE142321F4B80A63FEA3DEFCFBAA5D83BB99
S219ECD16D493CCC5123F8D8820A05E29187B4EC703B518FCE663D
S219ECD1828472050ABB6A9C073D9A7B9D50D35A770C9C88EE5C7D
S219ECD197EC2E82CE4601382D88EE5279E8F4587CCB1E73F245F8
S219ECD1ACCA5BE477B2D3BBE1A1030982179ACB90C34A147CB64E
S219ECD1C1ED6DD0A49DD59339FA5A1DF725756CB6085A21B456AB
S219ECD1D62A0D8EE818B9B0E1FB5FF33770EF0027D36DD9B6FE6D
S219ECD1EB18BE040B8669DEC86107C1137F16CC4AE9E4668658CC
S219ECD2002F8C9A6FE946628536CDDE4D520968CF038B7C95658A
S219ECD2151D04C324E099ABE1CE479B13827719C14CA2BD8D9D9B
S219ECD22A883892DCE92559132593CF27088E55C6966D8876D125
S219ECD23F440203C3E16BD4266ADA0BA4A1BB1F7DCFF25C064B3E
S219ECD25441597142FFFD1AE02B9C73B600A04D89D2C695542981
S219ECD26914627128A1449894D4807DA06232429BFA6C85BC9383
S219ECD27E762624033D62D2ADD3FA742216E9D9BF09AA574788F6
S219ECD29386FE908F3A3AA79A27B955FB64AADFD2E6FE7996DB80
S219ECD2A848A7BE443C310433B083E901968A21DAA3C6EF3C2DF2
S219ECD2BD7E1A12E2FE7558ED0ADA58CB8D1B07CE4EB92528F55A
S219ECD2D27C802D7CB731E8C2541597E28E946D128430F2F703FC
S219ECD2E75975E5F3C23FECC02FB35EC928C1114E253B2635E002
S219ECD2FC0EDAA27DD52D2CC621470D32A1E6737EB2900BA8D34A
S219ECD311247EE6125E8DB590AEFCAD487FBFDD16A8101C58ADA3
S219ECD3268B2B9FD12114E5174A76E7E9EA6FB59A44115972153D
S219ECD33BBA3C3DD8FB55E43691FAB685901D621F53EB146B9D29
S219ECD35042A92A9B549CFCEB258DFCCA81E62BB04C1DBA729071
S219ECD3656A8EB6CF60FDEBDBD2C3AC3E5FBCA485EF3CB2EF296A
S219ECD37A78AF8BFAF6BB6260F7B91E923623ACCB945A3DC785E7
S219ECD38F99562007C484CBEF75C03A99BB431F61C9D36C32CFF1
S219ECD3A49AFA2AB8DC4663DFC7283087CCEE33ACF3FA9C8D70E4
S219ECD3B997F4033236C4175FF9313EA43402A7A004F142BB398A
S219ECD3CEB9FDC157E2140004B978CDF62119B3F5E19E48CF0322
S219ECD3E3E6962EB3A663F1BFC76C7578993DE6B56F9C535847A0
S219ECD3F8072A105D5829212D64D2785882F81FFEFABA94D43DCC
S219ECD40DBCA4242C946DB412B9CBDC11A9B49D265CD23AD38155
S219ECD422EF029BBEC30149553B4EEE19CBA33DB1F48D2D99BA6B
S219ECD4379644ADC4F1427F6B9066EB7638B057877F6F1E481DF9
S219ECD44CD05A965EBDAD334A91741BEAC4AA6C9F107EC8957CEB
S219ECD4618E6F3954F6FF3B8E7032790ACC0D3C77A07A90A00280
S219ECD4765546FC5B17337A40C1035948D082B31A3946BB098E65
S219ECD48B1454C2FF06F108EFF6C3DF2C84131DA87D8A44C01742
S219ECD4A058604FD1487BAB7989128D8BF1651946425D3A08720C
S219ECD4B56BCFCE548AD0ECEB9B81F08FDB081067AC0C39B3EB60
S219ECD4CA1781AC148B88B0AD6C7790CDAAC86C8D7F942EF4753F
S219ECD4DFD99D93CAD97F9CF57717902D204B77F2978F17C4DF8C
S219ECD4F481647D791375BC4652C27B54644B12C41A4041187E34
S219ECD509AAF06525162D62FD9C2F7B216491E89D1919062D3CD4
S219ECD51E2F90FEA6BFCB27E96B2877D069BA9F4D66517BDCC64D
S219ECD53342CB37F7855DEDF992456DC2E6207480EEBBB82F75EA
S219ECD54837E9832B64052AE4EC2A5AE8D1F792B6486A54645472
S219ECD55D163D033AB7DD8BD36215B55FB8950361AE34BB20113C
S219ECD57281D5A5A7AB8981B59BBFD10AB3907978EAD6971AB11C
S219ECD587D319E2418CDBDAA21ACABEFE9413D9AA249299640F20
S219ECD59C3A9AD945202BC994B58BF4E231FDB62CF899F77AB215
S219ECD5B13FB76F465562FEC1980694751F20EFE531DA34C8078B
S219ECD5C6C2E9FF51B0A3FDC44DF51E3A7027076DCC24ECCA7194
S219ECD5DBC3C2EB5C31FE6E581481416334BCFC138CCD8685A449
S219ECD5F08982A26D4929662C6E45DB699545F16BC262037592BC
S219ECD605E8547E8A76EAD9AFB89C55CCF07ABCCB212ED0EE6917
S219ECD61A9C8EF5FE15C07E4638F7E0E980D2B3988E00B1ABC411
S219ECD62F80075B0001C74EF5D5663D7F14E4141E812487060DA8
S219ECD644970223E3EF6AD91EB86D86688D527BC0AE0DE1812582
S219ECD6593B193AB6FE64803192F34232C0EC0923F994BB3637EE
S219ECD66EA7175A228E5702698FC12013CB5E17F4530B0A94CCAD
S219ECD683ACC1D76EEA3F0BA6305A212DBF70F2617912F3A9DFB5
S219ECD69894B8CB401F3F6A645053DECD772186F8AC1342909282
S219ECD6AD7CB80FC53EC665094546004535291618547431CD4299
S219ECD6C27D13452DEB16A23D2863C05061EFD8C65B240D051B4B
S219ECD6D7C5D7F2B5CDE8571A03E6F9CB6FE7E204B387122CE79C
S219ECD6EC51E90CBE07FDBF4684F9B1C3074D7B0F34CA7476AEC6
S219ECD70171B9B0D348353DBE57D4CB3FA7731A51D1B07CD1680D
S219ECD7161C514071797136F93DEFF2637DEB82FD974ED040DE9B
S219ECD72BC9B0C612F03CE658C464BDAF71BEB4213E289C15B3DB
S219ECD740B43C8C9559FB15EB0DDD39BA2991906BD22D66A1D80E
S219ECD755E3C644F3F3943A12A7A6810F77408DCEC8659319044F
S219ECD76A1EE01EDFFE386B56E2E55C35F2238405D6A3C1F19511
S219ECD77F9EE30DDDB218C9733E11799A281C17E255E1FD6049B8
S219ECD79409D3B58A086E71421FCE8B7C01C01A9B04B5B6CCDBCB
S219ECD7A98287100F6A71FC4962841E78A2C014C8A8C18FBD497A
S219ECD7BE3FF7533B55DE1F8A83281A497201B4412734021DAD28
S219ECD7D364DBB65019559F35F6F63CC317A3E1CFD1085A95327A
S219ECD7E8498E51D96F0B5D2F4404A0635DA7977497A61E9F1AC6
S219ECD7FDF61ED9EAEEDD06C53B41F16D31F6B5C2A51CBA744210
S219ECD812E7ED9ECC9BE5277A66B1137EA31FAB8D75F9E8254450
S219ECD8278454FB1EDD5285941B79E133C845892CD74758E0847E
S219ECD83C8088A466A66EDEFE1466FA2C1C5760DB7A107B1EDC97
S219ECD851E9D6DA66A609C390C5E7DAC53CFA7E77EF3C2ADABE6D
S219ECD866830E917A5C07470971D276039C1B2BA242F6436D63E2
S219ECD87BDB9875FCC5303E6403C633EA1AA021427D6DC66865AC
S219ECD890080563C48D19F5AF2C3815A0B7A0F02E03180D658475
S219ECD8A520FAF0BFCFE03AE0FB593BF9A8D6779855B11898E739
S219ECD8BA6ED42C195791EBC9D690E22CA3FDDAF876604B5B5D86
S219ECD8CFA00FF606BFF9C997236D4E5CE4DED9113F3FE48AA11D
S219ECD8E40AA7D04647F7DB71A295B7A1D37823531C5B97D6E1D8
S219ECD8F9091B83636CBFA4DA58270B2100D62AECC3FBB20A0263
S219ECD90E02B7AEF03189FF2E2B229EC92FDA844CC9673A3E9E02
S219ECD9237E5F77C85F4C2990F6CEC6AB91BE11B5AE75B123E25B
S219ECD93893E2913FC5BEE187F13FA267CBD7EA479E95320A4EF0
S219ECD94DD56F23017BAB3F72B69FAA7012AA148639804C0DBD01
S219ECD9621DBEE86611681EC78436C21344E5A2937EEE92BD2070
S219ECD977BD3467A3AEC2D30E37B8F9BC32E623D8CDCB78DAC7F6
S219ECD98CF7E0E4D357AB059E42E85E640D3725FD2BEE6F6E0416
S219ECD9A18409594ECA2A06AA39695FCA698BB79AD7FADEDD5FAD
S219ECD9B6247D0FBF70D340F23A4BAB3B10ADE00272CC50C9DF47
S219ECD9CBE5C197DC9B67E9422718FDCB239B8E507D4DF4BC16DD
S219ECD9E0D507110C93971138987E7E4E193364668D04E174B443
S219ECD9F5B06259F2B8A93E02D13E9990078838295E81110E8484
S219ECDA0AF9E5DDE378C93F4201893F1FDBF9AA3696D27CBF1760
S219ECDA1FB692BBCF349E9421CCC99C6BC42BCA48B2488DC9F5C6
S219ECDA34F89931FE39876838C26BF5D63292B3DD56BBBB36611D
S219ECDA49EBDA16238B3B9C485806555AC8EACBF733D9575A0DE4
S219ECDA5E8B9362E5D2CD110E705C99946DAFBACC7D76101E01E2
S219ECDA7313E66724068326FEC3212ED3E4B6AC6BDE98BCE16A69
S219ECDA88B292EF3E9CEC2DA4945CF5BA4A89CB4596195BF7E566
S219ECDA9DE4FEDBAA64DC51955C83D452D994BE74FA48E2F00C32
S219ECDAB28AFFC6E7D212780BBB15F740A2C2C21F1AD969171BF7
S219ECDAC77AA4ACDEF558F8F746BCEA5D3DEECDD9188EBC8FDF8B
S219ECDADC18B2B9ACF072BFB075200AEC11CC4E72D39CB584E391
S219ECDAF17F9BB9D2AF9E7C81A7DC16BD07736EBE5A94DE1597CC
S219ECDB06831C6C539FE32D12A0837E50607E21C9FBFD719ECE6C
S219ECDB1BC08A523C53ED57E356949DC12DC9F2C9A3C947666A36
S219ECDB30236E0108982D381413FCF8A8B168ED545D0FF0764E1B
S219ECDB45AA75EAA92B2F0EF9BBDBF2A5555EE7B4661E6A4D26EB
S219ECDB5A78151BF50030A8C2A64D24A65D95AAC8CCAF9DE1EE86
S219ECDB6F595E8AFC3DBA541FDE035863792032A931E827DEE0FB
S219ECDB842E6212C0F5940C2C6894357B0C4032F0003DC0DB2561
S219ECDB999EAB8F485BC90AA76610859CD444C4AD741F49016E26
S219ECDBAE92AEDA35C9A4A0CDC1F462B642084DE7E10D77A6688A
S219ECDBC3CEC2A593EB4A6C7640D3F046BE04C32E5B36C0E73217
S219ECDBD8CE752508C32F27FAD9AE32B83E920498F0F5A729240E
S219ECDBED93FD920BFF6FD3D148402FAEAC16D5DC0BC02B66DEE1
S219ECDC02B0DBF914D51BD3B461F17EEBCFB86DDA57C17381BEBA
S219ECDC1748B9BEC7DAF8BD1817E59244DB6E787339EB8ED33E11
S219ECDC2C0462928DAAC81ACBE0B4C03D752C6D9F1B645CC837FE
S219ECDC416794A21FBD8742141DF99FE070338A1B73ED38B9C297
S219ECDC5652509E666FA074C617157B918BA9D9ACC10A521DF4BA
S219ECDC6B93550F82A6F318E7477E0A5944290CEE53792B507D4F
S219ECDC806DCB7B97FD2DFE8F133054EB00E614930EF2E58B4BD3
S219ECDC95E03C50F31BE726B3BC1935DB357440B3E9BCD9BDACE7
S219ECDCAA4B93440902BAABC5CE12759A814BF3CA017745067C66
S219ECDCBFA6512F0093195D2A174F16CB3CD7715D21216AA96623
S219ECDCD4B5CAE447FA57F94BFDE391C951B434FEE4FD6D2857CD
S219ECDCE9C5889698F431B4EE539D1B672D2E821993E384285514
S219ECDCFE1929B549AE188A61F14F19EC3FF630A7CE75600B7CB4
S219ECDD1355CE13600042D86D1F12D7CFB424F90A51900F0EE558
S219ECDD285B3C97F1B50264AD615BD9B1B8B604CB01257B382191
S219ECDD3D4387F0D536F165D8287048A37C724D7C9B39DCCBCA6E
S219ECDD52D6B79162E6AD105F28E07F0EDE9E46FF8106133479AC
S219ECDD679ABEAECFE4E3325EB3209296D942DF47062C796191B1
S219ECDD7C92ED036E8177FB5A526EBD0DBC2A85E330778C6327CF
S219ECDD916ED23FC9A3151A682B1CD6B53F237AA5D2908F98BA74
S219ECDDA671352CD30B983A4B8B1965A21FC901DFC6B7E17A64FB
S219ECDDBBC5DDC59330BB92B746F7EC06D51DFFB9AFF3568C11C6
S219ECDDD0044B48850D352E203B4E089A47FA6712CE21F79366DD
S219ECDDE5121FDECC40F72DE6EAFD6424403612ECE6B883ADADB5
S219ECDDFA14A75A3B247CF00C3F1736B98E907DD17A8F037B6699
S219ECDE0FBA898BDE03F58BF649D06061ABF5C30482E86521B106
S219ECDE24FD56C208F6FBF768D335E6EF5D177C0C65958CACA7D9
S219ECDE3975F6162366C9433E68A76AA774E936B9C512DD6C8281
S219ECDE4E9760FBCE761959BAB59A56C5C899C575E3955FF27B23
S219ECDE63560AF3D15DDFEAB5893E9A798820B4B5A1D26ECF3EE1
S219ECDE787C701ED6872C9F7A7FBA51D2EC246D1D52AE054E3877
S219ECDE8DEC2BFEFD25C29709F4A7FADC3DEA1096DD2329C1A32B
S219ECDEA23761E0FF605A9350A06EDF13ED3BE7CC95E3BF305DC7
S219ECDEB7A81DACDF0A1C6D308F5160FFBE9B52807901BA6CA2A6
S219ECDECCE243D6B32581067CD6F0F7FAF2EC1E548BF88024F656
S219ECDEE1BF86D4F6BF14E3933D8B348A6C018ECC4F06E79F6358
S219ECDEF6C6E1479297F8050A7CCA79EC5E35E95E1E2A3AD473BA
S219ECDF0BBBFEAFA2C21B2CC1FBCF0E0ED403CCE5C410765D44E3
S219ECDF207B5024C223AE9A1A2AE4ABDB24D3071DA15DAE620404
S219ECDF35CF47F1ECAFCA89964AEDAE8FEE3B39E76ACD3403260A
S219ECDF4AE9D4E27F6044E3EAB3EB6B8E8B64A70A19B7E45320E4
S219ECDF5F741E6395F4AB06DAED7D5E3200EDC69E2D68CE578D21
S219ECDF74CCF51D8B37A94E6FDFF3148F4D82EF106DB51917B557
S219ECDF89C9A86D7901FD98509EC416E72033EA1D47A712B26C7E
S219ECDF9EBC759D66C873657065C455867F9B34B51B565AB1C0F6
S219ECDFB3010E54CACD743EB90D8A5C5A3CEDA8EDB6B9D8FDC2F2
S219ECDFC8FB46218A66C9D8E6C0E1092A2697FE0910A72FB51037
S219ECDFDD9F46025757BC1B927C1330F40CAEEEAAE83026576244
S219ECDFF2C6221E2C2B81C57D40EB7086463D0BA2C8FC1B1A209F
S219ECE00735460CC130EFB5AF4A8B8F484D9084C558D035644273
S219ECE01CCCAAA7A908BD26A7B08A05846F427C45D2024777736C
S219ECE031ECF0F8B2B2653C45960406393CDE627CD1978ADBA588
S219ECE0461328F30DD268EF136E780B14AD5C08E1FD5857208911
S219ECE05BD0D3BF45D95915166BA4BD16142D3F880450F1EB01A0
S219ECE07071B703FCC37A09F8AFD5BF108F978ED394A08E5C4409
S219ECE0852E4985C1CFCB20DDBF7CA00866A0D770BAF37168B2D9
S219ECE09A85C62F4CD1EBC2195D259A493C28F986568F5F3E89D0
S219ECE0AF3A075FAD7D7662F65FBBB5B09CAF2651CD2357C497F0
S219ECE0C4EE1EEA8C3247D236AC93D19974D42041C696D095B888
S219ECE0D9795B5FA91ABCD7CAEF12C3E7992404F842FEF9C7A0EA
S219ECE0EE02E709AD30466BA7B5216094B1BF155CEADE8BDBFC30
S219ECE10348090B066B8C3B8B0848233D5D7529F129A6FD395204
S219ECE1184DE9423209FD8C90F8E4444B7CE0705D24AC961070BB
S219ECE12DCD9D6ED07ABFC30E472651C9F2CF6E4BE6E2DBE0882E
S219ECE142943DB5D8A1369581BC0F8849A40C392BC8197A7511FB
S219ECE15771F0F21CDBFEAA3A34199C524E2F9FF0241877951EE9
S219ECE16C074EDBBACDD39CCFB2C9AA2CF636A0BB57FF8C3FAB14
S219ECE181AE4E8F142F649C77AA400B92618C9A5707FA0339B7FA
S219ECE196A93431AC1932BE7F34D851797DBB4BFD00DB8C468BB3
S219ECE1AB7D65D571C10643115527A17DDD16EB8E4A64E8BD2FA3
S219ECE1C080810E06C9C86BF4A5BC07706BE129B4183ACBBD7900
S219ECE1D5B21F4104EB8B95E4F10C8F4AECB2437B4146F14798B6
S219ECE1EAEC22FFC5B8BD0B3489CD4BE463C0EF617DED5C4FC3D9
S219ECE1FF74DBE1DA0630EA17567E71908E0ED0BC06A889631A28
S219ECE21465483D6E6F03896299EB2975D82A2CC944C6092105FD
S219ECE22946C075FB22BDA6700F60B64611EE2EA20D36E92E4CA4
S219ECE23EFA4B1E2C242BECAE67948DF018A97778B1BF4BE2AEEF
S219ECE253FE222A330C6196879DEADB9EB8F7A9DA6CD915D85307
S219ECE268103D7238746FE1FD6B05BD80267DEEC947FF7B5E438F
S219ECE27DF87AC3062758EC3705457E4D00FD6A9A8703D612270F
S219ECE292F67CA6FE419065869B3F610F06C93CA8B7C4D81E3D09
S219ECE2A72581D6782A0A5195896925CDDF30174378FC253947FD
S219ECE2BC8B80AF1328870485ECB555E1EFC3D8B26AEA3D397EFC
S219ECE2D18F1D3C25D79F23B234FE7951022EA0D28ED616FA09D4
S219ECE2E6DD6AD3EA505E14FF22EA42CA7479752322B83A5D6AF5
S219ECE2FB5EDC87027BF9357638EA1167FB45D0CB1BFADB3D5544
S219ECE310345F7C2A0685A3F604C4540CEC0527F92CE322B73158
S219ECE325130B99A4C810DFDB1B4038C12D15E98000DE79D606D3
S219ECE33A1126C5A23C16D772DF06368F7AC95F523542C49749EB
S219ECE34F42AE0C6343C4A4BD0AB6A1A023F874D0C73C92A63531
S219ECE3643DE57EC5114EB1889C8753DD37FD90704D94021C111F
S219ECE3798954EA9412CD136BEFDAAF796B40C247668543697D2D
S219ECE38E16D8AF9208F27787D0556404103BBECE15E7EF77E9B3
S219ECE3A308AB9BBFE7535A156998416EAC9F5C3E5AE92608EFC9
S219ECE3B87F4E66F8818B54E06CFBBA19884CACDF7350B45C5B2D
S219ECE3CD13AE9C254AD2F3B3C300B500E8DFF9B271F7DEBF31E6
S219ECE3E26549D4F48BB27F0FFFAE499FBA62667579672ACCEAA8
S219ECE3F763D401E69D931B1F4DB8180E8FEFC59EF25F969FF313
S219ECE40CD808168F3E94F1F5A5E7890AD491EA08647516D1D4C3
S219ECE421ACF3A9E38C804A38095C5D505AEBF3F23697B3058EED
S219ECE4363BAF870EA3357E992582ABA3681497DF5B61C6C4E75E
S219ECE44BBF41C98AEB9FC5D368DFDD4D8965A5AD0DC5DDF926D7
S219ECE460C09884F4DC95625C1CABD53D54B5E1BB6B4E93CB160C
S219ECE475EB9E8DCC0F8F6C9FD6CBA3B38B4B85A5F5E314E488C7
S219ECE48A0DE0410EE3F72B6011D2586B9E2BBE62C965074D904A
S219ECE49F326293090E3D71ECFFE701B8D3F7C96DFC0C96C6613B
S219ECE4B4F6776E7A443B1A4105CFFD2D49DF3A1A2B690D9F5C1D
S219ECE4C9083468A75E24E09C06E574F7EAF3006E2BE2C0C94687
S219ECE4DE555F083E8D2E48BEF585CB148CBA8FB7A92CE7BBA879
S219ECE4F34D791A0A1D1E6F43D2A9BE1BA60F67235C0413E75609
S219ECE508F2B97209C4E6AB4BE3693B93C3BF6E7BDDB5BC9DC215
S219ECE51DA601F6A9B932DB1A639F60DA6B36563D0611F46220D5
S219ECE532CEBB47138C3DFC7A398BC2F73D24EF9328AA771ED822
S219ECE5476D5B184E701C08E1CD27FBE10523C07ACB7F1CABD810
S219ECE55C41766E675CDC966FA10028FA9FBFE4AED2422C3F9727
S219ECE5718A57B4645444790915260FA0F89B1F8D7E4792141AE3
S219ECE5868C9BB84C8D430E0199E4C2B53DB14C19A6A1475664F6
S219ECE59B1192C6213A652B0CD85D809C0C4FBCCDC68D878795EF
S219ECE5B0836E950901970A804C34E3F5E448DB70B8BED7FDC6D5
S219ECE5C532511ABA809125875FA9FB82C8A77690A945EF012143
S219ECE5DADF1E4B1B44AE6FA7CFAC86493062E2DB4633B60A8C72
S219ECE5EF188D99A0ED97BC3A01B292BAE490594E94AB4A28798A
S219ECE60466A1148D18805DABB78B41AB18F5E0A14AF71DBC1ED4
S219ECE6197C68BD4A3EF72470C72119FEDFBA6E605FC8E55FF77F
S219ECE62E0C957ADF999E274916743646B212CFF231261599A015
S219ECE6439BCF7DCFC20572A110BD45AD2EB5896E70C908E95E20
S219ECE658DB477528B1159CE08AC4E17B4256CD779FE64F5DD82C
S219ECE66D96554D338E4F086B61E56C6921FD85C7C6AA988FD8F8
S219ECE682B0625922C33CACCBE76F39C7FCC52E3D705A7A12F3C4
S219ECE6975A435E35D82FD059A55A0EAD28D5F87C8FB91D29D68E
S219ECE6ACF1A10E9623AA38B965B6C8382DE97B37E58C6CF101C2
S219ECE6C18C2E03CE2F3D3F0F04479B8445AB808882CECB524DF2
S219ECE6D6D7DCBE4837A51A522D8A8E346BF815DDDC50433A982E
S219ECE6EB5EA7890059AE94045B296C39FED00DDF984363CA4AC7
S219ECE7007CE9F4C8EECF1AEDF3DB7BBD26349978CD32D09DA4AD
S219ECE7157ECFAD3E18E71EE2CBCFCEF894F0021ABFAF3B14C149
S219ECE72AB8F46DD0517ECDA12CBA0039C512AF8F589F4CA96B38
S219ECE73F068CA1B07F03F24CF47CFA7B66027B79F9D687037C1B
S219ECE7540FBB6761325411EC686399C14AB31059CD60A7C26425
S219ECE769FF4211FA18C400717779D561EE5B807E2A0ED91BEB8D
S219ECE77E1854828FA7E9078D7C4F3EDBFA020BF74E8AC4A0E1F5
S219ECE793DAD6CF9127E32D3AC28C491D572A267C6EB1896A3FD7
S219ECE7A8B274DCF465D34A64968627EF9587FD23B931E5E53B32
S219ECE7BD015EF519226EC23EF6FCFBE8DF6233228612EEFAB0BE
S219ECE7D2D38BF61E5D198B989B543C7C02ED71F34A3E733EDD26
S219ECE7E7412EA86AF40AEBDFD258799C54D6D0068DEEE9932687
S219ECE7FCB8907534480F37F7675B70C1A1B9D94AEC210DB30D57
S219ECE8118ADECAA275F7257310FCB81C1F89C73ED5F93E5CE64E
S219ECE826A67964BA3690CF2269BD84A6FFAB3BCA7F9CC9EA46E5
S219ECE83B53DB4C160B7928DD67B63D7C2CCBAC345C91D0CDF097
S219ECE8508750653901695D924EAB7FC2EBBE3F7599320A298ED1
S219ECE865A23B4DA6F1FE888A867510DB5552161068AAEE982D64
S219ECE87A1427A31709E08B4C29D9373B26498C6B4C7DD7319E9A
S219ECE88F9CAA5E8120CADE80676D454E52EEBD6C63B7E6CC2F4B
S219ECE8A4A82EFA3325D44A40CD5D5BD7A02BA9AA0551CADF8CE3
S219ECE8B916C2DE7248BB0189A962D8CEAB2B334075940122D0AE
S219ECE8CE6E8930A04F7EB2D88F3B2640AA93651C820A0154EA6D
S219ECE8E3A079F51618446C5A8E7A276B49C4D55876A2F87C5C2D
S219ECE8F8E4E90269E84F6FD8E0B14E551249C60BB7098BC8846D
S219ECE90D53C8B682B9F80192D56129DFDCB015A6702E4B8FEE82
S219ECE92244985C78F518ADF6108006FB9601F770B13F3787BE94
S219ECE937793A78CC6331777C716DB1622853DC709FFEDCEEA598
S219ECE94C23F44C4EB773BA59C1D658080A425DA6CDC176789A7B
S219ECE9612EFF8B0214D6A5C4F787D0320A411739F83C717F94D0
S219ECE976D0E1D1F2BE92E43B561AA4DAFF9B45CF95B832CE26A9
S219ECE98BE2E2C62AF413C70B4A998022E4191D15FD1DB783D41D
S219ECE9A017A0AC2B37AE8FF6613980D60AB87B0798F6BA3D1EA2
S219ECE9B54B0D2C1DA4C03BF827A11E0CCA4F9DCD5BF5A88F7CAC
S219ECE9CAB849DE1EE56BA14A3A98EADD630E5785975C68238625
S219ECE9DF3C62839384AF28831AA5B3B89AE07C56C34BAF6DBE42
S219ECE9F426EDD3F75DA8AFE72BB4D8B17FAAE26AC98CA21BF5C1
S219ECEA09D7C7BB414CE12BAB0EE42A5B4577D2020EDC58980782
S219ECEA1EE61E452B2B575246910B31A9A39CEC4EA602B4EFE644
S219ECEA33C0515E8BAF561925695A73C5AD0C4C00962E17CFB640
S219ECEA48362CA67836F3E8BAEFD2246665E8F24A8214B3067EDC
S219ECEA5D671C152D3524C869B05658A02D15D9C4C817374FF62C
S219ECEA7265AF0B8A01FBB7B8A7B4765F53A204F44ABD78F359A2
S219ECEA87E368CC83080E92759D5587051BBAC0A73B46D292F142
S219ECEA9C51900F25203FA23607305D80D3C1E6BFF1F81A9AF747
S219ECEAB1AC087CD6B02483A71EB976FC4C05D5FE1D99D036B77B
S219ECEAC67D3690DC89FEDF0AC04DEC8AD87805DB0F8E152AD953
S219ECEADB7510729A47B8F92177A7CE79EE2EA6204BF0FFA51D48
S219ECEAF0C6717A3BBD7ECFF7C31A1C424AA65294280F363E80F7
S219ECEB053A1E4B592AA06C2A6801986BCDCC3D144F572F9015DE
S219ECEB1AD13130048B13D313168C72B236D02EE01560F955702E
S219ECEB2F962534E7E4B5B15B78D8BC15746388F6F9DDF62F21D3
S219ECEB44AD4BCC0E80FC17FA7EEF3C1321D3ED531274FAB62F17
S219ECEB59D1F527B34A6D25D538D53665BD009B94C9BEBA87AB5E
S219ECEB6E2FBFD2F00234D899F3A6E1A787B17B599B3CDE2C6ECE
S219ECEB83C125132775A9A23A0470C9E2B2FF207921E69EB4634D
S219ECEB98AC41A8AF57519D4EFBC4778E9D5AD5AA185A854ED54C
S219ECEBAD6D35344D7E658887887BE4F3E47CCA7FCAFF43BA6B99
S219ECEBC210DC5CC67363047C5F4DA2C1F088A4B2E700C7D7A4E3
S219ECEBD7DE69524F500CF1B23A2D200A125DBFDE71189EFAC4CF
S219ECEBEC1D611C78EA7D19DEB3D790657B619AD15B6D349164FC
S219ECEC013FAF53CAD4C92D8B8D9A637AD83943B9424475F2E8C7
S219ECEC16B055DE9C57D28C6C8FBD8BBCF8203E75EC92759FDA8E
S219ECEC2B5492360599F6EA375A2E5BE6F44E560E388F03E09F5A
S219ECEC402BC2102C60CF1B48F6346EA9D497F69F6F34CA35F43C
S219ECEC55A29C85E611DB84AE63BE0C071F960F0C617A41321D83
S219ECEC6A87EE4368479454125C73D8330D837A562CBFD338F221
S219ECEC7FBAC320E90F71AEB2DCFA13F2FD674DD4BCD440BCED50
S219ECEC9443AECBC10BC6F23163B8102B7A343A744B5AC61A6E64
S219ECECA98F8CDDD61EB88F0DF76A76600275A31184A93A33C366
S219ECECBE56906A5693922302FA937C6467E341CA3ED75643F8F8
S219ECECD31D04C972CFDCDE057B974957E6D1872E335F2DAEB016
S219ECECE81D473167894D149BE2B9B9421581203966E037B6539A
S219ECECFD236853C3F56C58A3AD756BC68E4134B2F57BE67896A8
S219ECED12BCBDFF76811A678710811A6EE453980CC0F09856D31F
S219ECED27A526E7BEC421EEBB3E7EB7C41F736D24F31CE23DF868
S219ECED3CAAEF6BA4900658E1489AF1F617C663E8AB8B39D8938F
S219ECED518731335F9358E38F37E508F2B8B3880F85BED02007C3
S219ECED66E3107E042338457E050D0C97BB2A24A54E6989660B00
S219ECED7BA60ED3F6D46D3994E030915D5638C0F4AFCFA2972FE1
S219ECED90BF2469F0C8C8825733434D6A540146774453F1D199A7
S219ECEDA5BCE709BE9A8B191BB6CC21CE4A553E42B367A3C62270
S219ECEDBA5CAA8C5E7A1C3D076C443108EE9AC0C70070E9C94E21
S219ECEDCFE96D4C2CFB4FF5025C9D79B86813B4C339FB1C580863
S219ECEDE4CC584AB794728B4A1E0B9013C3081EA6B3A5E619E790
S219ECEDF9018D0141BDAE52E74B6DD46C0BDAF5DBE10250FEC3FF
S219ECEE0EB3BFB6D229C1A450F11534503DEAB8B091029268D6AA
S219ECEE23D408C5DA89E3DF5A65323C7D2191EA64818419607883
S219ECEE38554D604BFFC75EAD838E8715F89742643FCEE4B3F13F
S219ECEE4DAF92CDE89330AA57141E61302CB980CC8416B9F02BA3
S219ECEE62F09AA027A7AAD5BFC90FB97CBD309CB5BA59B755F812
S219ECEE77B532E051F8AEF50C4DEA636ADF2F574A6615A9CF87A9
S219ECEE8CDC8685081AEB8E560626382731772FE83A5E60430A19
S219ECEEA1B1AF984254C97CFD39743BC84E170A230CA6C40420BF
S219ECEEB6C2C78DD407C0BFAAB6306C8CB430165998ABEE415544
S219ECEECB93D7D520F6757487F28433C38309904F5542640D930A
S219ECEEE0B59D851FD99E663E8B440535A0F7EB02C38B35803D4E
S219ECEEF5932D3EB93625328A041E01309BAAE437CDF24F6DF427
S219ECEF0A7796FBFAF58B996EC85945F79AB207CE35E6DEFD15EF
S219ECEF1F0BBB0B346F337D28CBBF1B209323A5A6C8458DACE8AC
S219ECEF341E0DE7AE20C0B3A7FC9D73D1467A387A8866246BB45D
S219ECEF49E7FA089845DC9B35477C13D50FF198EFF560A661C3FF
S219ECEF5E2C18D181A40E0117856B108C03E165ABFEE21BF93B9E
S219ECEF73723058F39FC39E6FFEC1EE073AB4D289B661CB540801
S219ECEF88E4E7A3498E2C2A9554B3F42A3F085AC495F38347A9CE
S219ECEF9D71DDCFC8E88F0618FF98C384A96B9BC6FC82ADB99D20
S219ECEFB27F7E816E857CECB9DE3E7FDAC022D0C83E18116A897E
S219ECEFC7858E95AC11660CDFEBCAE53D7B48BD172DA983D97E70
S219ECEFDC8FB0C7F32574CA5732DAF53C837928391F5A44589C31
S219ECEFF1CB96E169EE43C7666DD53C3F40A16E390CB46A95838A
S219ECF00600BCEA7845D784A9C73C4680DF3B460FA3C506439A1A
S219ECF01BB7260C379FAACF9C9AD53FF5AD27520D66D1DF47FAEE
S219ECF0301BD69401F45436785CCDC225C9F4ECE4E504030629A6
S219ECF0458F29F291C2D00E14717C7A04E5FF8E673928BA46F140
S219ECF05AFDADD4A693D33B129A23BBC2BDEEFCB834D10DB78CEB
S219ECF06FDBCF090F4C103BF0A59711D5861E08FDA97ED4D106B5
S219ECF084EC559F90841DB8517564E50426CB3876DD2965A58477
S219ECF099EA3BEFE98CAE3D71C109D6A5C41DD4DCC3B521EA79BA
S219ECF0AEC56FCF5307A7BCDD033619316B9DF5D0066CA95B3CBD
S219ECF0C32EC4C41DBD7BB2A32B6F938F8553568095D2942491CD
S219ECF0D834249EE42AE3F0BB45FE8AE5D0C09ACB6C77E398F6A5
S219ECF0EDB802DA5B5DA5CE3046DD466EC0D254D56F63A4190508
S219ECF1021FB70EF202BA72CBF38C2849B7927A108910D2E10029
S219ECF117E33EC23F59614CA626F917324D34EE22357674D88FA5
S219ECF12C27239A650636A0B98E503E32711F8F90B1255B013E92
S219ECF1419424C0469BAEE36E8413AD5BABD7B77A9D1E4559B60F
S219ECF15677F108E379D61F406625A82AD96AA4BB674558D523B7
S219ECF16B8C4BDD82E94128A4D87CA311C80F7369F426FAEE10A5
S219ECF180581F49FA3077D8887B65E17DB65E5E1C13F31EF6677B
S219ECF195315E80BD32D898E43E8ADFA29442C58C7DE5F872C422
S219ECF1AAE83531BF76701DFACEB5C94B96347E832E94C9E192F5
S219ECF1BFB2E529E1010C460D05BB47554701C80A1CB37A5C1F0F
S219ECF1D4AD999D8B2CB7657959BBD4E73788A632A656579703B3
S219ECF1E92BA6DC2D8FB4FB2B8C0786F9AA0E40A7DCB6142AFD5F
S219ECF1FE1696AF97678D6883478F35B59B56FE7E53FE54F71F52
S219ECF21332DC399B2E77BA7989970D02823B88953EB779AB32E7
S219ECF22882DD081E59BDAE2B24BFEC81EDF241E0B0B8A2463498
S219ECF23DA2B64C6445AC59EA1C515DF553EE0AA39F29EE90D4C8
S219ECF25276DC9B3DD414056E5C2BDD5E453C1E9C55911D60E5EC
S219ECF267C0705A702096267A4D90F0FDCFD714BE0FE5C380B028
S219ECF27CF739B4F18B2B2A1E03AFE0C6B28B140FCF6F263EBCA3
S219ECF291D9A243EFB0EF6DF143E67BCC75B4A7A1668A7112E594
S219ECF2A60EB40C436770A9AE0A29A10D4C2790B22DCBB66E422F
S219ECF2BB21D4C1C09495D12A7548F93B12FA55F263907808817B
S219ECF2D058049B790DA9F702BBF4148F6D58368CA21C0ADD712A
S219ECF2E56A2021283E70F27C3AA80C2570B99F4DBB53B29BBEF3
S219ECF2FA3CC866E2634D8E2A459F9B20B788979BC55E1198EA94
S219ECF30FA7B3463409A35001D864D746ABA8CF07DDE33187D15C
S219ECF3248BBFB7CB6198C74B5399E2FB6C5799B67DCEAD9C7B22
S219ECF339497BCAC7AE4D0C9D4140B0DE2313DA05828B2BBC3B82
S219ECF34E491D18CBA27262E541C0815DA5EB800D6C8B06F9B271
S219ECF36397C00A6F7B96EC4140084088147BFAA4A0C8F3DF49D6
S219ECF3789CAE09D6AB9C8DDBF684CBD5AF9114431F8AD2D67E37
S219ECF38D24308CA92D83EF06BFCD79175E46820740A4AB83856C
S219ECF3A28A35D72C8A1476C5AE6C51E6828163D477F3D88BA7CB
S219ECF3B71F8D8CFEF9F55F00A502C9A2DEFAB9624F41749B1E0B
S219ECF3CCD5306FCF9FD438FE63475EBA49979114C9A6C8ED38AC
S219ECF3E100CD0A59F942BD1617B975BDEEF17D93AE375650AFBD
S219ECF3F676AD2881C769AD628E6AC72712A2F79543DD08A7AF62
S219ECF40B05ED63449505DE8ED904C18C0633FD05EB09C698960F
S219ECF4208CC650166555D5D3D4BD6E6C8BBE19B0A959D9987369
S219ECF4353C3A09352DC6B5CA5274CB3042EDAFAB033DC89B01BD
S219ECF44A4210111E36FC5FD6CD70E1C2F8E118EB7F671F20945F
S219ECF45F970F893A3F7F0E6CF0A5F2339A7679AEDDFF8AC76D7B
S219ECF474071B984E630488ED7B2B0D97F39A2C3E11527F4C2817
S219ECF48973277C53D724450514844D21588238D9C82AA4A6960C
S219ECF49E29E0F1F569620C9F127F6F8D49EFDFAC65C676D37FC0
S219ECF4B352DC3DA59ED5D1B56608E404C20FB0211EBEFD125017
S219ECF4C81B1ED657BB3AAFE32F8CE5CB757C451AD188F0111E1E
S219ECF4DD95C0E8C6D5B55678496CF23DCE417FBD02C091CCA5DB
S219ECF4F256EA3346D53641BF773FC9097EC8947BBF7EE67D7F54
S219ECF5074350ABDBB759FEDB40BD9405DECF8EFC89F560764398
S219ECF51C9B11D076ABC4FC4F1A6D384AAD557D41EF340AA9B2EC
S219ECF531D9FDA8B2887BCEE597B527DEFF7696064FC9D7E5EDCB
S219ECF5464A7E59063D6CA5E3B19199DDDAEADC0298FC6A255298
S219ECF55B04BA862AF0EBA870D74D9B5EAE1C3BE6BD510CC27BEA
S219ECF570547E6F23FE2B10C6D4E71D02462169168EF892FB4817
S219ECF5854C07D5F34EC2B07EE9C97F75FE2DB3B704AF1E5DCAF4
S219ECF59A6EF48616849160D650063CBC6BE7CABFE2B054E6E04D
S219ECF5AF88986BDFFBB4164AF60A6C9A559720EABE89676D9432
S219ECF5C47C935190D97560DD210E0C03187E02AE60406D2AD338
S219ECF5D9C5EEAF549F856EF3E20FAC419554936C95B6C0835D40
S219ECF5EE9F72B2C5A555375A867006A00172A91EAA5956A248EB
S219ECF603F73488A2A18FE635C5A2D09912778017F8B14A5980A5
S219ECF618B1B46ADE354A2787DD83C86EC1C9C908E81EB3A2D2F4
S219ECF62DB80A0852E580197E9B479E569A4CD43CA874B13747A8
S219ECF6421934827D8CA0D80AA17D63576410FAF5EEB9F3A59F4F
S219ECF6577DC6BEAA5EB7F3774D14A4815925F201D9A794B0BB0D
S219ECF66C8E984A132337C791B6B2B0240D67570DE43EC44A0B14
S219ECF68149005EE2898050D2772FA3FB24858D175AF4F724963F
S219ECF6969A9BCAF79C802411D94C250FC8F36629CB8A44C10C1E
S219ECF6AB639C2D8696E510B9FD6A94A8A6957F20CC88A12E3D86
S219ECF6C0F33308B9210CB4F5DCC1CBF67A81A8C04034BA89050A
S219ECF6D5895D22490661C9062A4B9F06BD8990ACD8EE1A74F8C0
S219ECF6EAE4D0C93D849673AB6961261C8BE46038345BB3D1C240
S219ECF6FFE908292D089C1ED9020D11ED6A8243B73503A41CF444
S219ECF7141DB9C2AFA445A60C88F2CE658ACCD6176DABD45BB026
S219ECF72973BF53D5194D957084DAB81A8355F209DB48469B49C5
S219ECF73EE5756FB463797DA3B32F75C9F5A6EAF348C9953A02D2
S219ECF7530FC0D480486529D6DC58AB39335209C43B1E84F9B5EC
S219ECF7683A650ABE6D4C49ADE4FDB4EFF7700966F17B11CCBD25
S219ECF77D3CEE47188778BC3C8CB78FCCE55FDE53AED6545BB50B
S219ECF792C8AB96BC53021111C35FEFDE844FFC40C685D2751194
S219ECF7A7783DC04901672120C585CC882E25E98A5E624705DAAB
S219ECF7BCD882DDBB8AE1A66CE729D4B422BE62E206A283F248B7
S219ECF7D1187B674F05D85DD19008D5ACDAA56B75F9F3609F3249
S219ECF7E6E331AA0E858F6EB9E6EAD6227E785A244B94047884FB
S219ECF7FBA0653F3E32E635C750DBA0D52F7C1D2A613754186C70
S219ECF8102A38367A55DBDB12F0F8E1FB91DC17CB4A79F70A4E9E
S219ECF82567950E91CD1899C0A635F4BC5F297967DA2EE2C0D295
S219ECF83AB199B9C9320C2D4B3251BF67E8570ADCF41C04678776
S219ECF84F373981CF3DA95BB002F958743F023ABA1FE3EA298A67
S219ECF864D28A1058EAEF038AA706630CF52CFC5680A82A0FFC88
S219ECF879FA47C1AD058002A18383FA96192DA44656942D9BB189
S219ECF88E0562B411811CA6B8ACF28A876B85E8E891D461DF5EDB
S219ECF8A35F4EBDAC30D3E8DB3BA68B0B8527773335EC5DAB632A
S219ECF8B899F41836E4ED0A3ECF406BB385654A71667C4D77B628
S219ECF8CDEE38A97AA45A04A4E27B5756934E4072E4E38DD63B44
S219ECF8E2BFC2F1189A0DE7D8D8660ACA91E9ABC5E93C931D243B
S219ECF8F7E8A1CD21CABBFCC7D5C3D0D9D2692F464A3E0A21ABFD
S219ECF90C448BABD5B84D243BB3024E89122C70F04D0DFC80C979
S219ECF9213F738752AB345AAB7AEF47EA343F2189B57624942CAB
S219ECF9369065CCAB6C70F6B9AB8A4A2B22A7DDD628A606046076
S219ECF94BA063E9D6EBD457C69AD7A9766E05DA59DA34BB85AAEA
S219ECF960B0A80DDB2D1129DDFA4D5D1858DCD884546F73D33494
S219ECF975D79F64C9143FD64B98D8AE624A58881374E5F88D36A4
S219ECF98A7DB741CE9FF62E7FE6E91DFFBC7CE04C46ED51D1D975
S219ECF99FC7B3CEEBF7A6AEF1A8636DF8EA90E0B0705949E3DFA5
S219ECF9B427501BEF1BDACD8C75DCCA6A47528E508CEAA84026FE
S219ECF9C992F6B21517C514665A0A2015656C0FCE09551784A2B1
S219ECF9DEE25DA488AD0A04F74808923150AE429EA8D62322460C
S219ECF9F3372DDAA8CD8100494A5439D04C713CCBA4B146576BC9
S219ECFA085F4AE1BDF0080BA2C03966546E1FF8D69E291C412EAC
S219ECFA1DECE5C4E2D204E8AE95864C4D73BBCE496CEB0AC812CC
S219ECFA32BDB82550F71FE0272D46A1BF6C8F57F0176DD78FD7F1
S219ECFA4734828BC6DA96A4E6840F1A9D958DBA525F28D8BD2AFA
S219ECFA5C2631AB5E5C697F5A6F3B2155BFC193E058D07924B915
S219ECFA71365FFDACBDB1E6C49064B4BCB5264B8CB67041710645
S219ECFA86CDA8679525A995A6D6548AF277C4949D2C4F15BCEEB4
S219ECFA9B5F47BCC874EDD6DC0A83283E3DB6957DEE12293EC702
S219ECFAB02A0A8DFC93C94B5112318CCB3F9ABE070D0153850A73
S219ECFAC557FBA5EECD59CF8FC9CE59221C6AACAA5BF08B87A1E6
S219ECFADAC65269ECF772E4BFAF2FC2AEE898FFC7BBAC1C963DC3
S219ECFAEFF7C9E36F5EC257D1D571A5260AD4F9BA86934419128D
S219ECFB0414DA6A1669FC02A84210EBE230377715725D6872A81B
S219ECFB19F7A6BEC18FD10A5E1C0F64663A8435AF7E1DEC524A48
S219ECFB2EC65EAA8255FA82B93EBA6D3B35EB907BA723431CCC37
S219ECFB43A975A2A4EA028EA2700C127ACE853A78B73C55F7EA06
S219ECFB58A844DF85544ED9C1F8DAB0A8AC6FC805EB0AB2F8D595
S219ECFB6D3C0E6BD0BD081BDC1AE67124EA23237572270C967468
S219ECFB8255A5C8926F16DA5C9942949CF6C4DD331B9B5AF0BFDA
S219ECFB972AEE8952CAFAD19BBCDA801E9C7BEDB0498408B24393
S219ECFBACF9DDA7BC19F506901502C06A45BBBDF3AD6F4AB1630B
S219ECFBC156A895CE5316C16CE917E757CB8D64E1CBE35C69C534
S219ECFBD6874CF7D8286C247B90E1FCF212548A0DE6CFC2C9FBBD
S219ECFBEBDCA35F727C57C8E3A8FFFDC3361DE96CDC518E2959FA
S219ECFC004D203B88187CB713020A3D971AD0F17C60BB1804A260
S219ECFC15A4AC87D8CA4B55BBA150554CE2AA00B163038F0B78CE
S219ECFC2AC1CE67159F91058CB476271D053A62A327694F300A3D
S219ECFC3F51A4F94B85C4D2E8C7C47CEAFFFD08BCE0ED94FF86EC
S219ECFC5441AAD779A44F73341B882FBE8531F1BAACBE70D736FD
S219ECFC690AE6724912A667B823A19B76FA87E44854280752AC10
S219ECFC7EE9FC6C553D3E239126C8CA644073C8C32A506EBE7833
S219ECFC93AE68C3DDB47446E45021082B0A3D2B7E564728636641
S219ECFCA8BBC083D63AD937AAD0052955B58E2D9280C3852B2F17
S219ECFCBD395D1D89D0DBDA1BEC1F579C6703DFF805B1F4A71CB9
S219ECFCD2A1C58C1CBE05B4C8BE2CE97D89FD00DCB47687AC6C64
S219ECFCE7CFDAD5074487C169C3AFD00B7E50ABC41DED1084F382
S219ECFCFC3FBB8A5F244A7AD8E185952DF75769DC6DCA207EF7D8
S219ECFD11F6CC63E7FB9E72443317E0642B3C91D75F3408C27B5C
S219ECFD26FA78F2EF750DFD650803C5F605065B7E87BC31EA5B3D
S219ECFD3BA31AABE06B10189453A62AEE60DB697DDCF184CF748D
S219ECFD504EAA400888A2077F2DB547C25687D4F1AA1B971AB703
S219ECFD65493FBFCF0E595A02446723AF0E60A894E9EC9C0E9287
S219ECFD7AB91E73DB18F3497E71E3FCC3DEA99B3A2DF1121117C5
S219ECFD8F66D29B08CC9DA4810E8B4596206AAB00F1DC9B57415C
S219ECFDA4D033512BA71D31CF4C18CFD69FC23C466585B0291C4B
S219ECFDB912F1146F5423C4542C0F15EB130E1BFB669445082551
S219ECFDCEB8E4B2686D0EDFB85F1A53B6FB6D3D4580D66BC9B1C0
S219ECFDE36D130BF22559A002B3F40A2113ED3FB338725CF118AA
S219ECFDF89291D7ADBDF51F622217262203729FF3EAE1220E1A8E
S219ECFE0DC1AFA63D51D18ECF20FA66A776F8A3CE91C6B42D7F60
S219ECFE22657F64C5EAD9ED9A2F7E28E3DCB9412285F7D27AA16A
S219ECFE371DCBD1FA78563EC7B30284160330F20C1D8630E64EB8
S219ECFE4CDA8958F4834A96FC095FFC038805D8A99D74D3537086
S219ECFE61223EB382F7085C960F4187B249D4E35BD00815DE4D19
S219ECFE7623A624EC84381804D8B677D51297C513BE3AF79035C6
S219ECFE8B1B237CDA8DEEE35A1A5383F59283A94C7E6530397575
S219ECFEA0F133763B8939D24872A5BC571F144FFEC5BAA9C5EE26
S219ECFEB5453B9B8212D8C25784ECE7903098FF449BED85C8FFE1
S219ECFECA8B5558FD0AD9417646F5166312B4452E16C424A77C55
S219ECFEDFB389DADE0A6A25867797F4DA8B66BAFC521491362238
S219ECFEF431EA8D980B8D64A82D53A5FF86B1F5039C32D72B7988
S219ECFF0911663424305A6C807A0FE9A8878A8B1CBA5CC204738C
S219ECFF1E08DE10590D042DEDDEB3F040B9899146406216097652
S219ECFF3361457E273190E6F1BE9B580FA48BD95A6EDE6BD50334
S219ECFF48499100D3A5565C35C0FA0D4BA427A9456B2775446103
S219ECFF5D9370DB24CEC6517E3C150F7B1982DDED92FC806CFF80
S219ECFF7230A66EC9D250B6388841B5E4DD7DB84E4B591D4B0C92
S219ECFF874722A5CFDD413FE8748FFAD7BBCA809E875F49A7FE07
S219ECFF9CC0A6792889C8A0B499F66B19C44C8A7B0237F122BC83
S219ECFFB1BFE1D07487DD3B5C3C64A614FC69CEAFB0F83DE7E380
S219ECFFC62C3E31049ACEAB4730E83D48A1124F9311132345BBC3
S219ECFFDB80337D3D549571B1104EE98B9FE92F0C15608F553783
S219ECFFF06BF33A9F96E91C0AD5F5B1C865415520DAAC8FA3FB1E
S219ED00051CC5A929A7CE3112A181D4ECFBCA9C8EFC174D11380F
S219ED001A8C19A064053D760FF88804D21FF21604862403E3520C
S219ED002FBA93D0ECEE93B137006AF8E825D9F50EF760647F04CF
S219ED00443F7FFF84D016AADD3866DFD774387B9D4ABF2540631E
S219ED0059DC58C36EFFF204679E597E8E18F98B0E0E82E4CDFEF3
S219ED006E4EDAF08CD2DD53D76B9E5960374897202DB45516A228
S219ED00834FD7EE4A41CE96463F771CF1A91F3FED6C5A2DA122C0
S219ED009817292FCD30ED5B0F4995A42627181552781E153BF179
S219ED00AD1BF891F9C402B9E87EAB684B02C75CCB1C5BE9A3ABCE
S219ED00C2DF5A1AC5B1742E4393A00A64BF5E0534A8C2B44067CD
S219ED00D70C1A983C6BF1783F95B6C3D71A1D359150AE9CD6A122
S219ED00EC5292E3094F9F6D476C8BBE3710AB153FEBAC1249CDE1
S219ED01013E9ACEA314AEA7071D8353F19E2241D3B7A875436B04
S219ED0116A7D5EFCB62157012A0296AE41D6E830FFF35BC79C94D
S219ED012B906E6C63EAA771B8DD08CFF1F2309F9DBBAEB42C3CBE
S219ED0140FDC9D3866ECFDA14587419D607D5852151F539F7C8F3
S219ED0155C155BCC007ADF0BD1E4537EE74E74CA3200883913F63
S219ED016A2A3942244D49B90E86CEB95FEF2EF4C89670497CB99F
S219ED017F5979AADA1EA800FF488A36C437D7816E899E77263F92
S219ED019481DBB9E0879BC1AD1AD08840CF215153E61E1F8913DA
S219ED01A9815102436C2E5E643786DD2CF5F8957AA40C7B3BC1F3
S219ED01BE4BDA1F29A78E6BCF0D1EB0DFC3EDCB637C513CD49D4C
S219ED01D3191BCE01034BBF1625B2CAB46539EA86BEFEB8A390F5
S219ED01E850AD6079D5A9EB0CF0B539608C1661E4A1216F614DC1
S219ED01FDF678B91C2D915E111DF18ED556C336282859FDB62748
S219ED02124366EE94C89DBA593AB62178B7BF8466B200E8FE0FB2
S219ED0227A61F74B2212B0F79395B85A6F39A2D086DC0B65EF25D
S219ED023C664C7B2D5353FA5EFE573DD258F22AE6383899855EB9
S219ED02512F5A0893724002A82F03C6AAA392B302080DE76196A7
S219ED0266BB89DF780D7FA07A536C6473A7641F1FABD717BBFE1F
S219ED027B66E841F1AA3B005B7F5A458F2A6A8E091E388E1BA540
S219ED029070E636F26EB248BB0623AAA6BC5663FA14D6B724D346
S219ED02A56AA62C6B2B072DDF4B4BE554EDCB79D856FB3F500AAB
S219ED02BA9F9FB1D8343703394880D88FE00B8E34486A13763583
S219ED02CF182E48D255C38B31008A1F4687373724BF688E927E27
S219ED02E4E372A7B2EA9A4735AB71CDDE135258B151A3E30B80CE
S219ED02F9AB717401BA64B08E6066369F56B8C9EED386B5190783
S219ED030EC54BF9F330121AC01F09F26DEFF415A97143039D79DB
S219ED03231497D207FB9775F87CC2ED627C5645DA03B3F716020D
S219ED03388F8829D900C3F644CCA4464BB405F5E680D2CF69D6B3
S219ED034D73CDBDC5AD1EAD66B9DD2E811F6871565A70AF091ADA
S219ED036265A640CEFA4F68715DD3FA44762318FB57C2199496E3
S219ED037769F4B223852A165D9AE4BF376B7E828595EC5B66E0A5
S219ED038C7538ACE11E100253FA77CC090FB617A2B1FBD2D1FB9F
S219ED03A1526C97378B92B56583ED38859EBEAF37110C26CB36DF
S219ED03B62CFC52DD29D3D96E30A03406DD22CE7FA661D8073B2F
S219ED03CBE0E3DF6CFEE76717A71FFE0075002494DCB3347A0686
S219ED03E0F468930BCC44B49C0B90F978402D0AA8E98C5677222D
S219ED03F51BE331A279709B4596C5FF4B7DEC37174372B0A2B450
S219ED040A57B2F30192C61CC447BC6D75F0FEEE349373F0131B9D
S219ED041F07FD25DDAA524FF151BBAE5B2B209E9ABA39AE875F75
S219ED04343184A628E10FE613BEFA973D19FCE03D8B6E42C06735
S219ED0449A6911DB3F349C7D5E987F18673286D413F2C8FA322DE
S219ED045EF00A8F499919C4E82B6837DED0DAF871BBFCFC73FF87
S219ED04737E978BD2E20E6E6AEF91A7466FBBE745C17B09FD5CE7
S219ED0488F1159D6682B04F6C829E3BA4142ECD20FBAD8916A35F
S219ED049D89308338FB32735BD6543ED5ED50A0B31D6A8AFB69A7
S219ED04B26BAABAAEC006B1A7234C8A0DF7E8C2E9D0CBC4560063
S219ED04C7EE1BA59280A569DC4AE47904DB733A75D0D944F413E8
S219ED04DC193DF36BD6B5997BC871A9B990EA3FB77D7842B7EEDF
S219ED04F124EB3633FDF8C4CE44783629FE864EAFF0745B7E61CB
S219ED0506153862F9AE079406B2674F494AB0D081561C89AA84D2
S219ED051B399514EE6DE24B809B6CCE304DEE8CD10B7B122FE0AB
S219ED0530E9708216CD3BB47FEE10AA1CD267C337AB108793E6E6
S219ED0545CC1F27DB8B179031340E67C3870F76299B009B6836EA
S219ED055AB1C4AC1B5488079F20876EC607148E0A5ABB508CC499
S219ED056FBD283B48D4162D752A25F24945F6D111054E1CB418AF
S219ED0584D37EF18C7A9B96849FCFDB93C40C6B543A2EA571A5E5
S219ED0599A950F9178420E26B55E74FF2C939552F8FA4D6B26340
S219ED05AE7710C588C639870A1733B75230CE8F885387322D271A
S219ED05C3C545B9F9D71AB2D96EF88ECEC5CF34A8A115CB6B22B9
S219ED05D812CE185824C7C4BC61329321F0DAF38FEFF636CFCF15
S219ED05ED3EE0A8075285602B53FAF6DAEE29B39B17C895E4FE00
S219ED06029542F6C90EA3AD3EFDCCA97F97D158A83431E53941A2
S219ED06174A2AC2C306278C9EA8C8D29D7C7412F12F2F49F4AA75
S219ED062C82266964A3871B0D760E097E7FBB067ADBC0D2C1DD30
S219ED0641390ECE9A1C134A70E572AA62AE6009E14B9CC4FBCE4B
S219ED0656364482DD61BE9CE99B4CD0CDC120D3718DCC9E5B160F
S219ED066B2F680FDC3036E009E8E5833EEB1B3887F4DF975E6E2E
S219ED0680EBC5BA24A0B7A76AF9F6C1C3C7CD15601DEB633BA6B5
S219ED0695AC59E26A4206F52F2FC8192CCE0EA8CD016A86B51B53
S219ED06AABABB1BD89ED2F1CE89A766FD2859B9DD6DCEB0477066
S219ED06BFE5C3634932F594EBE7A7F84F7FCA8DD69C81CA09E5E4
S219ED06D4CC872520D2D5694ADF5F2CA6C31A83FEFDE86EBE624C
S219ED06E919531138B7B350FF71E22B4D61AB979EF3FD6AB4740E
S219ED06FE1CEE076C8E2FB21ED2A2D7FBE7028EE240B279994CFC
S219ED07135F3653198AAA66C0FB921C8AF033F5F38487A0D65075
S219ED0728E0C5B82D199FF7D24149DF51DE7CBC29968628ADDBFA
S219ED073D72A521F71F272B43645BB41388E93D2158AE29E189E4
S219ED0752188DABEF03FC9B4CA4C6BC48C7513375BB1CAF83CE76
S219ED076708B75F1BCAE140C9BC32FF2C05DE61C51562A3F06B07
S219ED077C01722ACEB5D4785ED62FC34C002BA8B43D0DB7C7F356
S219ED0791F037CA89BBB738FAB261AED8817057E0404619125180
S219ED07A613474AD8F0FA88323B1B67BE93E4F1A5C231C17C591B
S219ED07BB592A79EAA8B270B41254F10982B332AD36A335AB8D19
S219ED07D09288C4D36DDFDA148CA05C609924BF4BF7D911D7F7D9
S219ED07E5B6258B56FC4BEB7B09B8C416E125D3203B2A063870FD
S219ED07FABE1403341B2A9827D86FBAFA1239F03A50D256589F0C
S219ED080FD0886EEE6DFD077909F4A010BF1FBBF6FD5E17C17164
S219ED0824E5142F1E51B740F0A33FB5B2CD306F7897C7BD6F8F09
S219ED0839B178B408AD29E87F3E2BFC46D6E4057D36C026EFEEB6
S219ED084E846A1F8BC7A5A547FA1E70447F0249633453010C2402
S219ED086320BF53B324C7EA36E8BAC5BFE19A50CFB04D2F290683
S219ED0878120EE3B5CB45392D35E8C5458681D54AFE1F9BC7BFC0
S219ED088DFF952F70BC1AD92A1004DCCA3FFB91ACEF6E2D2A93E0
S219ED08A26381BAF70CD1125A0A252404872D8FDBF21C69793FCD
S219ED08B76F4F91D1D1908740AF3D2523E91BB97511FCEBAC7771
S219ED08CCBFF9C6C94251B0AFBE7D7CD56E59E89C6232FA9D8A60
S219ED08E1832AB207FF134E91029C117294C6766A4715A2AA6353
S219ED08F65879ABBC35B95CC103DC64D062EDC8E25EAB47F92D36
S219ED090BF4DA9D7E8589FF4BFC895AA97C09B508051905245C37
S219ED0920192D2694FF378C4052CE53C67ED48359CBC866082F37
S219ED0935DE76B2588B3E9BE01D0AE06F7A32F1821113F8446FB5
S219ED094A1B64E12C3A718E5DACD4CEB7BBEF39E692B49E10C6FC
S219ED095F659EC47AD3F11E645D988FA7431E96B82ED1CC7428C9
S219ED0974DE856109EDA914EB9AF1B8BF10DBD54BEA9FF1F99DFD
S219ED09897B0CD814A20C956BA0B9B4419BBAE0FB8E7DE684F55E
S219ED099EF94459C1B6CDF4EC488DD827709DB5F2E351E0BA370B
S219ED09B354A442824ADE3F7E6E19AB3C662AE0E9DF0C2B2E553C
S219ED09C8FF21EA12309CCD5D4A5341B5C552EE72301731AAF2F8
S219ED09DDABD6F08F18C6827700D5982C97B4504C6517159F523A
S219ED09F20B9549E01A6B6FFB48D917E2F82724F611C0E4D8C5A1
S219ED0A076598CB2CBB0A7EEFCE6F9DAC88E168807927897AB692
S219ED0A1C62222B9532281FDBD04DA025508A09C9BB8CD12E5413
S219ED0A31485F31FBAE34F3792E8CD5638970AC39078C312AB728
S219ED0A4691A6EE997B6F78F2B90D2182CFE9B67856CC39D8C154
S219ED0A5B0A1FF8D5365309978704520D356FE2000A8F0BE56418
S219ED0A70E61A8BAC7966B7D082009A226B7C03B33FB6891C402D
S219ED0A85F21FAA6654F66291A32FCC1D7D4BEC2E8920C6106F81
S219ED0A9A1F9F156FCDE30D7077D7FC62B8275803E85F16BE5194
S219ED0AAF9D7B11B3453EE58BAEE5ECCF62D905A52ADCD3DD5E2A
S219ED0AC4C5A3235B3C91B4C2132D5B309831327DDA25C1190CDA
S219ED0AD9D2449CBB211EF732D400A56D359B65161F48C75A7513
S219ED0AEEC0B806371AC97E0976A352DF1CE21359E00190C622D5
S219ED0B036B231F09CCC258C2FC1EC0DCAD09D5C518AE16C03AB1
S219ED0B18DD6CCF7309E5C4ADFB08DFD8B6765EC3FAD525647914
S219ED0B2DFF7DF541F8728712D5EAF0C7CE66104E0CE491393218
S219ED0B4286FEA6EEB2693D59286B9B9AC9B665EF134567323D1A
S219ED0B57D3B4BD1B29DE771BC8A0E1A4C785008692E2B460A2B6
S219ED0B6CE9C87C51992F7B1CACA184EE20448522C3CA2BEF0034
S219ED0B81D4E5CD2E158B9011D17FF70B2C4FACF0B7A617AB0BE5
S219ED0B96A36AB35303D8E8BB4FA8256FA637D43522CFA33F255E
S219ED0BAB5E6ADA4712FD93D1A4DC3E12B2DCA1E72903A0D39EC4
S219ED0BC0E06262263E1BEB24479EE882E074587E6218E6BB0167
S219ED0BD55602ADDD9CCA011C687AB79A702AC6C5D1CE8B31BC45
S219ED0BEA1B146C40AB4185FA71DB6DB41EAE871A253EE0C227B8
S219ED0BFF9F83D5AFD87F21FF14C80805706E95D195134221FAA0
S219ED0C141BFC68D9ABC2759A5B3CD1172296075C15A5D423A317
S219ED0C29C77BE8EA6597ADE1BDA23A2BF3EBADF4E20AF92236A6
S219ED0C3E1BDD687BAB913F345B4A9B6C5F71173084CBD0F9B09A
S219ED0C53375BA596BE798C8D7A377C2DDD52ECE72EE7AD8D1BB7
S219ED0C68B411BB3EF1CD51D6E63D7CD5D8F2FB9AD39BA5EF3ECF
S219ED0C7DD4013C3297DBD73A744CD0444BEA2CE6CA0320DC4482
S219ED0C92E8C9CDDACE1CE38AD0D153D0928E7C8B843245FC7159
S219ED0CA7CDE19538FEA556635538EA83FD20CC66392F1CE3803F
S219ED0CBCF390506D48279897FEB73E55F135F6688713E8DC0821
S219ED0CD1AE03AE80080E51D51D2F6A1957A05BC37167607A204B
S219ED0CE6EFA02FB189E990B9C849FC852E1F5D8885F7EEB48873
S219ED0CFB7FB96A6782277961A23EB97678AEBA574FCF88299AB7
S219ED0D107B7CF04ACDF2909DC425730129CC3F1A88D44A93F5E6
S219ED0D25BF5CBB14BE8ECABB1BBFCE970E56CE9E735EE1EDA0BE
S219ED0D3A651CB2470CF5171FA7895277FFE466D40B73FA96637A
S219ED0D4FDB8442033105A20F6DBE5600E1199807D49840E06507
S219ED0D646C66D57C72258713FAB0C2A7358EFCEC08CE0CC3BE13
S219ED0D79F615BB868E7A7C6B555737BF353F67585F66532AA47D
S219ED0D8EE46B162294BC7F4B5F358D55D0FF6643507BD1188398
S219ED0DA3E925E98B5119E0299DD0D9C4C28146F8C63F030E446F
S219ED0DB81B4AF4808860E3F2F6E2863A544292FD3E1ED8A666A1
S219ED0DCD3E23F4D810C667FF2B4255A70A64CD73872CC9806B38
S219ED0DE25027E49DA89880ED58892E21ADCA5B9518F6E639950C
S219ED0DF7CF331797D595D794AA8C8B0F532A5BEE7991F9A7032D
S219ED0E0C91AE214C0A288AEAC3EE840818C4AB873244EFA83AFB
S219ED0E21F510F03398F0ADAB3EF877C895A88D3D0FA22DF13443
S219ED0E368C31B612347404CD6AAC24ADF8EFD6EAD0D21B98A133
S219ED0E4B45E2B628071CB47B738EE563FA6E7076BBA6CC00493C
S219ED0E60DB88C2D24ED79865DEB518E30AA5B6877BA2901EC16C
S219ED0E75038E700A040292D77BA3A47E9947145B1AC31A7DCD2C
S219ED0E8AFE3061CD6C3F7DA6FE2F4AB4AA57290FAEE9E3BFB6E4
S219ED0E9F202E290A8C950F9C1C11570BF03F960C09BBA2CE4427
S219ED0EB46BE1B083D1A571D29F9AE48FDC063B14DF96F887121C
S219ED0EC97C302B865DD813152ADD927078C7AC8EA399776F952F
S219ED0EDE0FBF69FDE307014A106697A57FB8C77D6B77265D9979
S219ED0EF39B609E3B1DEA05A306B711C9D07547ECE68EC9CA9EC1
S219ED0F08B220FCE556234BD225F8221EBEC584E2D75C9BF19AFA
S219ED0F1DD81C727D2AB2F0FF04A9EDB6CD0E27D2701BBA99F02D
S219ED0F32D2989A08A3E94B2020EF83024C117A990DBF8ACA850C
S219ED0F475F8CFB332CC82EE4314546D266B9476EC60225C08CE9
S219ED0F5C102919FD981217C80A2420970F9CC8A386710DA25CB9
S219ED0F71DFE32954F3DB38DA0AFC88759330B73D3DAC5B3041EB
S219ED0F86BA72EE937C0F0A6ADF4C2A6789E94531CC6B31EC843C
S219ED0F9B23C0AB4F384776EB4ACEDFFA0065DB1960D314EDD83C
S219ED0FB07A940D84B9CCA3FE591AEC17809FAF0FC7EEA503DBEA
S219ED0FC5CEE29A44390E8740E1E9F72DFC8C96414E3E27BEC506
S219ED0FDA1DC8E48ACCC968E25DF1EBDAD962CD43E2D058AFD1F6
S219ED0FEFC8FD46EDBFD48A5BF9C98894E18947FF9E89A68FBAE7
S219ED100473E1DC7AFC678E48B550E1D79C0F74ACF186D1327987
S219ED10194CAE4B4975816F106F69C029531F3ADD90A5710EA629
S219ED102ED001E03F063B963A92E4DEC11CA3034DC33C2509F673
S219ED104321BD7D7F5233F0D9DF01083667595DCD80C67798948D
S219ED10587AF42F9F4741769CE2D4679F7BDC817C92D81B7A6B41
S219ED106D5C7E836B2EB7C180982FEF6CA2DEC7726FF8D811293A
S219ED1082E4FF88A6A863149D400E9F1D20363A42F6B776063D58
S219ED1097B43E44154438EFD1E2158D0FFA483C3B247A7A9FA127
S219ED10AC8EA95A163AB141FB14F0736C4124DE761DC6DA58A11D
S219ED10C14F69085F6492C9F875762A560837A2ACBFDFFA05EECF
S219ED10D636C6E2C799CBDF679C4DE0C95AA081C481E1528C951E
S219ED10EBB0AB897B1AB05BDFEA5EEEEEF972B7F4659C28D00860
S219ED11008120F210B9C4F35408B7AAF2D08F23023FD27A3F9C3C
S219ED1115451BC72935B82EB2E6889B97A17CF9FFA5FA13276FB9
S219ED112A62DF99564587E4894E2CADD8F3B4CE9753C7D224DB5F
S219ED113F9F8947496EB18E722B81ADB60B03549FC1C6BE0CCAA7
S219ED115426826F9B9F5BAA297213877872331293590115CA917D
S219ED1169CB4E2470BFE1D52AA25071B16D2BE480A31C42E94CED
S219ED117E7605E2680C62E165C42213D2132E12454806769D2B02
S219ED1193C565C6D5F135DBA1320FA1B81FAA1D5D8426A7E8597F
S219ED11A887D4A61EC7A651DA83B45AEC695AE4FFBA070095AB65
S219ED11BDBBDCB5D289EEA279029F47653E60C40D72FE1A6F4185
S219ED11D2AF7B840DB8C08D0F19AD4D7D35B6F98A3719714CAC90
S219ED11E770E6C24E7B59383938272C04C45B320DBB901F0F965A
S219ED11FC56D7D5DB4FE991E54F43DB1A5E74ED9FE52B0BDA8007
S219ED1211DCECDDA2CA5FE430E8E1E2506DFB5FE49E7240BD534C
S219ED1226C85F7CA604DB375173CE1A7ECF6AF098BBADF0A688F1
S219ED123BBF8800F5EE50F636D4C55E8A46125F9AE80C1419878C
S219ED1250C80C509F7180F1AF18FFFC3D1DDAACBBD6B2925AE839
S219ED12655001F96A41A25CCAC11AE1DE829A1240608BEE1B4E7B
S219ED127ACE651B7BC20F523425ED89AB9D47A1F00D5B78DDD104
S219ED128FB5B85262BCED00F40A710F4CC47D650B69B06CCD546D
S219ED12A4F70F7C4896F0255900F666FFD8BF74710ABBCE359343
S219ED12B9030D0D71782972FEA1F294B129544F66D1480BD77218
S219ED12CE053E68B31E7602CEA85DBD0A02EDDB87F3D42190F2D0
S219ED12E3E110FAB3C4DD851F5F64A7BE02695C37A61964EED713
S219ED12F8503F94A051B46D82EEAB40DA3D4F2BF9727A5E01D9B1
S219ED130D6394A62032378A26AE60C439291375AABCB1E3410408
S219ED132287A188C604A4EDC97FF66CFE54A23265729ECAC58F56
S219ED13378964F1CA191082B2EA6A69F718D9771D1C6E895AE222
S219ED134CECE3A43BAA30B86759689AAE7B716CFA905D37121D45
S219ED13614A5C9D822D6E632A2C2857ABA0DF5C4836640417600A
S219ED13764BC99C39DF9D8DF5A0C8BB3E63EEA2327CD5A7A84B18
S219ED138B380470A9898C62105CA7137B67E924172911298A0472
S219ED13A0BDDC0F8E4FED08C36FBF97DF39D4A0C93525761E8D74
S219ED13B5C4F871A1C9EF7BA94AC267D71214EBF217A429327DA7
S219ED13CA93C1FBE7C0F8B184514E592F2802F10573DD37A5770F
S219ED13DFB2896491F48179AF324C0933B78DFBA5FBDC68C1BDDF
S219ED13F4EC66FF34EA9CD155474712DD2783BF56D62E78617137
S219ED14090FB7224A06B365868E87381CCAF8F16C3544FCEF3DDD
S219ED141E5E18F4C7B3968A346A88C9076A1C63AC94AA5B0C4F44
S219ED1433DAD7A7EFEBD121B8475C685CAEDF3A5B95916B7D96A9
S219ED1448020ABA2298357056F3C813B31711DFC27A0C191064C5
S219ED145DDD0063BA1A803DFA4A487D36E817497006A80D53674B
S219ED1472261D4560730F2C89860FA08050CADE23CE77FD356AA3
S219ED14878511268DA7E2129AD6DACAD8C950F022CF4CF8234CE1
S219ED149C8E9FF2E13C93FAADFBEA610DEBCF35EFCBE3278CFA47
S219ED14B11ACF7DBFA3304B8D1EC28321562878F5F47DD02F2461
S219ED14C67A9C6605514E49975B7CB9EF1487DA8C594537CD4DB0
S219ED14DBAF81EF022555B44B38901A26441101ADF9CDA101F00D
S219ED14F08B139BD07FA990CC703FA91DEC0C6C8C00E44D2B1790
S219ED1505C4786926F78DDE2B0163DA71CD27B6DF1E9E2640F835
S219ED151AFC17860A96C4D7C165E8732FAA21F34D81C06F79888A
S219ED152FAF290C77C3D4AA271893C49216D30E2779DBCA7060E5
S219ED154499CE010790A2705DDBE0C098AC4C248EF96D9F00F977
S219ED1559A971493D515B2AC5B871A295DF651D2B31E0A74F5EFF
S219ED156E89BA4B235B31279B3664B03852C639F08F67AEE7D356
S219ED15833F87DB4DEFF42328A529107C164BD89602AEBBE4F3DA
S219ED15985E9AE42550C3C1C6FB74B50FDF886141C1258C51377B
S219ED15AD15E1BEF4EE2D9BE99DA1A65FC4C3E747C8A674D088BE
S219ED15C2BC8B24DB2FF545DFBF6A4E00DED31F33662094DA0323
S219ED15D7B31AFB041E0EB26DBF8295CFF0C37520FD67CEE803EC
S219ED15EC4B6ACB0EECA305004BE7D1C47BE90FC257E6E048462F
S219ED1601C30E5EAF5A157F2F86536E1A4D4F6E42C6B3A6F0CA61
S219ED16169666B9D5A942F227FA951896D8B2D58687C630015A45
S219ED162BED8B4F5338BF27D6B06DAE9892030098751569D24E07
S219ED1640D3A0100E061FD2B688B8EB6958862CB7EF6120C55487
S219ED1655642867AE1833083464D6856B20640E1E3577FC0E5185
S219ED166A433254DEB69F61A220AAF1EFAF76EE2C761EB1DCA6CA
S219ED167F439A4AE89DF0F3233FAFEC506DA5C48886005980E9E2
S219ED16946F1CA2DFB4807E217358F81D791F9CAFEB391833E955
S219ED16A9D31AC438272AE40C1045B51D5DFBB67F86361ED4B8F6
S219ED16BE41F8673BA8E7553A2D10945EE979D15F9FAA8217DDAC
S219ED16D3A20F94857835268500CBE35C8B6038F5814C36DDFBF1
S219ED16E86004648467E0D7285314F6E97C8FF388FE16F122C6B0
S219ED16FD838288E96E21AF84A3243C43B2CC4D4FD8022B1EAC7F
S219ED171264D44531B533E3F5F092310DB00A238EEE39239BC68C
S219ED1727CE2C40F72BBDA66E4E8C446DA8D4567DCC86C2CDE5EE
S219ED173CA4F0686586B20A303ECEFA00D3E8D0317BBF56AD1FB5
S219ED1751CF8EE8B063FB93AD16BF502C469AAF6E88E586C18478
S219ED17664CD1A47BE9D7544B0542AE6E92756268F0016254C73F
S219ED177BE80ED0BB6C5E6CEB9295B86D92A57B007DAE3F124308
S219ED1790EBED95F5A3258D27B985F6D20595A874C7D3BD609F62
S219ED17A53956787D267483D2C4DDDBF7328B917079825F06CA6F
S219ED17BAD372626E9E0A9D3679850521465FFE22AC512BE32D77
S219ED17CF9066F72D7821DDC0634FEBDBA49BF512EE72499EC4FA
S219ED17E4503466251BD921840BE61FAB9237EA3E1AD06DEB3236
S219ED17F9E3778D92B562162E9D7F7851270DC0F0217BCAFD0DDC
S219ED180E7F799F6682180930E568813F34C4B94D8BC97B1BB856
S219ED1823C756EEBD684C411BD499E7B8039CF1B32FA21F51F85E
S219ED183831FBEDECDA155A40D45CE0932B84129F4A8BEB18B68A
S219ED184D45470D8B00B3B2DA7034A8302DE5E87AEEFD7B56394C
S219ED1862694F0163E88FA5E1A29BAC93BD7E1404CC465DAAD3AB
S219ED1877D389249E336767FAB0BDC10A90F782BB02B498EEA079
S219ED188C5134225276A56682DAEFCF3EB3D054842C4036532211
S219ED18A1ECCCFBE6928234C926E93421B95858FDB0916781D4CF
S219ED18B6CEBBACE5A0BF247A6C235CC676B8D73E565A857479FE
S219ED18CB7422A2820940830543BAF3D8D71C719D6FB865914F56
S219ED18E0F013968F42D0EE4D054CCE071F509C36391384B71B83
S219ED18F5A713EEC2AF32935BBC86FFB323392F8779EF3FF334DF
S219ED190A338C6E13B3D51FB2ACABB0D01D536ABD5F22F44639DB
S219ED191FDA6388C25C16A9D9F51593B0161931A9AA89000902B2
S219ED1934532999C1411151F88162C1998987934B312FFB726CD7
S219ED19492C4284CB2B59B61FD9610D83F68AD23350D584CE2E8D
S219ED195EFEE38DC489ECC6D7F562BD457D9ACECA5B20AE982D48
S219ED197366B64B474A0D487E51E9DE202FACF49A15C8265D831E
S219ED1988B9051459FD08D3336325BF7998EB9E64FC49CCDE21CD
S219ED199D4E7976D571544E2170DCCB5B79FF0D82A0FA7B361029
S219ED19B236F24ED74B12A2940E29F51B2C747BC28F740CB92D35
S219ED19C79D8BFAE44674965610D494A79F71C47F29F7EA32BD02
S219ED19DCFAC726CA7993B07F8868332842C3832AF880B3E460AC
S219ED19F11FA07E35F0A87D252FD490065CC39AFC8B6D39C8BC40
S219ED1A06DC1A9F0ED71BE416F9A4ED6D389B67F10EA7FEA61AB5
S219ED1A1BC2D40F1ED7740D21CC7C8EA6B316B42316C3827B9501
S219ED1A307A3566A6AE63568DAE3730A77E0C5EE24C9868009698
S219ED1A453ACDF9C5E3256057FF33AB15C20EC9B17EE968855A2C
S219ED1A5A2A030D2A6BDFE33AE26A80AA599376B7C252EF8BCFCE
S219ED1A6FD143F8837396E4875228A7C79F7C2FA92D8F0735CCCE
S219ED1A84071175B1098F21F564C4B243A0BBA21A5E9F3A42AE14
S219ED1A992D00D68371491E4269EB01AE92A55C77FBDD8963E5F0
S219ED1AAECA5983E23C65D5B89F9F6E7D97BE6031E1FE906BF89A
S219ED1AC3602188B4224803A80FEF6B986F253C5E818D1715EEF3
S219ED1AD895E7FBB78B7DDA3E400CFADAF9152863C521568B1524
S219ED1AED322C95728D4E6CE3CB771854548B4D71108A30043614
S219ED1B02E9D0079A63F9DB8B1150C2D88B1014E6E2B8D5E9B721
S219ED1B17DE2513538F45BAC4F64D58A792D5B4FBF8C792D2464B
S219ED1B2C9179FC7D7988E155D439AC4BC50013D6D1A7BA18A15B
S219ED1B41D1686A0A9FFA4A653AEC0A90AEB99884DDFCD091DD4E
S219ED1B5697E5FA4A66ADADF9E5AC77AC31288BE32FCEC4A4EF40
S219ED1B6BFEAB6F9CE1823B55677B078269EB32A4A56ED917AE86
S219ED1B80D12DD1B030600D34BDA09EE7B0107BC84FE12C52E893
S219ED1B95DAF28420B61DD9623775CC333CD08B58ECCE2B9F5657
S219ED1BAA6A12E3DE8DC0CAA1A281CCB82C555940DA26D3E34484
S219ED1BBF3C9AD879082458CCF95AB053096F26FC630AAB9355B8
S219ED1BD4574B37B0AD0D58774F1C91D4F38773C9702A2AEEE5DB
S219ED1BE9764845668BA3442E5E9A3C081799D80423D9EDE6C095
S219ED1BFE763A99F86C1BC66BBE51ACEA1121B13575E8EB55F697
S219ED1C131BD6804CE87CE885794D7A65FDAA7C5E88EF29B104C1
S219ED1C2852CA92E6B35080A59A6DE9A89B2C807C45D7F8D7783B
S219ED1C3DB68D1F40407516DCCC16C4191CB917BEB341BB43FB01
S219ED1C52DFC45EC4D998F6411D76FB6CC82C6D83CCF2D17C3CF9
S219ED1C67211EF21C7AF383D3C50C9C3D7953A8D33CBFD155D57F
S219ED1C7CA92550817E909FF43BD26C666978DE9EE1CAC4DB3665
S219ED1C9175EB7B2C78E2C629FAA8AD4D1A112D712E1330AC2E4C
S219ED1CA6E4ABCB6C7D0CC71B54F15101114C81A95427F2A409CE
S219ED1CBB1AEF00B1E3CECD307E46B0C95E1C7544183919F35598
S219ED1CD096622E9C2454A395242D73C8C20895D25EA8CBEFF22C
S219ED1CE5607FA2742E41A6D0FD650EAA309BDEC8428973391A02
S219ED1CFA487B602E75380D585AAF94FB463C1F4520306BDAAFBE
S219ED1D0FB1649CF3334F2059F6015C5876996401B22E176B515C
S219ED1D24E1AD9D930C7C51D50DEF6185530C40CCB8C41ACF6436
S219ED1D39AC79CFCAE0347F2B07E922BB45A36F7A7955D5974906
S219ED1D4E63E6F20C0383F09FE2FECD72EA5DD615C4A23CA51486
S219ED1D63BF16D69B5DCAADAB5DF0087517753221908EC1AB8DF4
S219ED1D78B547421A171423FD3972B490064F264F3178AF030CA1
S219ED1D8D3206CCCA61B5D60CC53D66FD753002EC0C06DE0B0492
S219ED1DA232913E66FA50AC02CA47105BAAF4F2DD501F145730E8
S219ED1DB7C8C58DFAEDBD4658DA6897F33299998159161C9036C7
S219ED1DCC99391D62AAFCCA1DE88F57080DF6562B7DBDC9838AC8
S219ED1DE104F77F4FEF1594F40D0A36D77A794A2A18DFA2AB33A4
S219ED1DF6C87F9BD29FEEF50491036828EFE4AF88B5551073A948
S219ED1E0B8220E22B4F26D21D100787858895F304F63AAFE8C9F6
S219ED1E205A2DFC2D65F282E26900156C90CED0FC2BBA13E6134B
S219ED1E353FAE0CFEE3181530043A47133DC1C89614E03458AC4F
S219ED1E4A1286B3E949CAF4F808050AA6D31B9ADD4E7227D4FF82
S219ED1E5FE3303FFCD192DD7C8DCAA2226E50BCC9994C4A5DAADE
S219ED1E747480096C5C86946EE4D1A2B3697AFCF858D41DF7A059
S219ED1E89E0BB3E9E7FE39EB8154124472CC8B4E3175692F2E303
S219ED1E9E8A3DA78EBABFB760BAC6318547A02D122C6E7A0949EF
S219ED1EB3472CA91E2C3155AD6C7001CD01D625B5D26DD3B0D89A
S219ED1EC828A2A4E5EFE56C0BF2CC084A72D818D47914437732B6
S219ED1EDD8D4EDB54F20E000C47BC3B88A9DB26D8EEE3ADFB74B3
S219ED1EF2270567A8185EFE2EC61AEE18FCA71E4B9D44D3A3B112
S219ED1F07F16B3018D0796320FA677373C51EB324B14B4BFC1807
S219ED1F1C4EE3EB4610533901F4967270A8696B1EFD59E3A603D7
S219ED1F313931C08734A2405E1EE89CC478C6E90072DF413440F1
S219ED1F46747CB0A838D79A425F472461997264D76A1724EC3728
S219ED1F5B9E04199E5A443A3C45B081F4C820D884EC480C1F4ABB
S219ED1F70FB95454667C84AE203BFF524A775304833D68E9E440C
S219ED1F8575AAC683D3EF445569D9507D92DE4FEE2038BE256932
S219ED1F9AECAF517219BC49DD6DDBF2032DDF83A2340DA1520342
S219ED1FAF32C22D404B2B1C736A7D162EF76E0D78F97CF72CDE3A
S219ED1FC4296BE9656683D78D572ED597C83D1A2CC32D08DC1CBB
S219ED1FD96CF183A870E9A1DDFE20582BC364BD2BF0A07206FBEF
S219ED1FEEC32174A4620418503ED6CF343BB0EACE991063EAA7CB
S219ED2003F41BD74BA9C62D226D9654AF9AA401C26636D9B82390
S219ED20185D4DD801E2D8A9E8A5550278ECEE5FD399E051FBCEE0
S219ED202DC73C2D3B46707327DFBDB714D6A7D63858DAB32ACE22
S219ED20422B670EB4A9271FF82EF3512C152034CE282C35677A1D
S219ED20573B7B3A24E5DBA7800D7538DE7A78F4C6F19A3BC4CCED
S219ED206C7D92FF3970FCA58D1DACA08C1570458CEC391ECB6CC3
S219ED2081B064BD41DB67FF62D260076BD619F9BB8F0C4AEF6E1A
S219ED2096530D41F84EE86235D20F6538387152E39888C84A2926
S219ED20AB0433A8E50BE292F65FFE64ABFC618A4853AB094C57B0
S219ED20C0417637A01C1B49DE08FBB45A4BD83072FEF4FDDED7B3
S219ED20D53840030202430272A54D012CF4A46560935CDD7B63A8
S219ED20EA5D698B3FCB0DFFF4944A1BA69A7D861F9545F08D548E
S219ED20FFDB7FFC2800F6FA944015451AFDF7A89D666F55BCAF56
S219ED2114CD5DB42022918694EB45A682C362B8A2343F90586E59
S219ED21290BAE218DE21D4A7583D50123F753049AA44676D6AA46
S219ED213E605F781169D1A7772E3DB69945A6E63FA6286F5A9702
S219ED215317C02DE7C6B8590E723FE64CFC08E16DFC1204B9D1E4
S219ED2168E3CCA25E0733BB638DDA2BAE4E0E6EB2480AE95F8C87
S219ED217D36DEFD1A57804AC29D331A9F720DB00B2A694FD2B125
S219ED2192417CB8E634D30D9E6786A42C8B3353D36194241FB8A8
S219ED21A7B4CFD4405313435D68C70920872B5C1C65BE2B230F92
S219ED21BC4EDF633C55A3D0D577F7F710002BC163B276527B7A80
S219ED21D1651667AF444CF9DDC3062760026B09626D3C295218AC
S219ED21E6B906F625FFF4583A77AA989CC967B3CB0E54969B34C9
S219ED21FB6EA1C50434EDBC12B708936C4357194AA9672BA9E592
S219ED221072B7DBF87E5CA6614270E14D6DEB5DB2399CD65C6E2E
S219ED2225952E6A11358EC07181625A2DBBBF9F50C779501CF60B
S219ED223AC974E619CFC1F75FE5627341813998AE30E50DC8593D
S219ED224F290BA54199D0DF41C1F1C97C6EB26E087BFC3A3A99D4
S219ED22642A128B2EAB29A7D7CC0FB2A8FDED8622BF4D146C4F8A
S219ED2279692F2A89B1D9C10EB37C8BF4BE236216B13AFC5381F8
S219ED228E6F9D56A12A86ED8EEF411153BBBDCA74C81CE03BE6EC
S219ED22A3CEC4973E8E1E3E856DAD58390E8F565807536A08E8B4
S219ED22B865FCD8524D8A032C7BE6AC75BDDBD318E730C215910A
S219ED22CD227662B50AE16BD946D601AACC1ED42A4F5D5172B658
S219ED22E219B14A2EB1EC2284D936EC698B5C3BFAA6BE51494BA7
S219ED22F79A135B226DED056725EA8DCE3E21CE8A5080361C7B32
S219ED230CEC7CA63B4D7A247424A53433DCEEC48B263A89B21A24
S219ED2321110629260C66D91A18BDE53BD1421CDF9179288C3EEB
S219ED2336DFDB2C34A37C9126FF86E63916DEAE059920C9916DE5
S219ED234BE4D0C3EF449A3C10318A7049800F1E7E81643450F4FF
S219ED2360C709ABD1C0DB3CE84E4C9167DEFC3AA636DFA5C09015
S219ED2375385820BFD067927B7796BAE3B39907891255F6427F0A
S219ED238A17B1076C4B4ED7F87A0DF5BFD5D7758192FA0145D624
S219ED239FD9F269E891BC0CC94CBD5CAEF960E862AF61090A28F8
S219ED23B4F044C76FEBDF2DA49D55060A65D6897A31BFA8B07223
S219ED23C9142455D9E829CB3629597193F566CFE33E9589415510
S219ED23DED98F6EC71B1DBB00D74ADB55B0AE6F7F3157B6CA447F
S219ED23F319CA85F8372B0BFCDC385EFD25198782EFB8439B459A
S219ED2408597124D7D0C6AB1BFED3C05EC0BFE5083BE8B23384C5
S219ED241D3E55BC85F0C0960FE8BF43C3B80DCA30DC6443F2E5C9
S219ED24320851A7485670FE61D89D273935D9A531E96BD2C7662A
S219ED244707122ED14F5162032E18DCE5A3D168A8D5155367EA58
S219ED245CC851CFF78B4DF4760F646A19F462971406CBF20CAFE3
S219ED2471C8E450BF528913AC3C29D9CBF5F8F8D1CCB724268CF7
S219ED248600F0D4241046110EC2D61364A2CC9EBF2470D39042DF
S219ED249B5E019FD16D74EDD0463C3C41764B1D5A9ADFB16CBE42
S219ED24B01DFB7A78912C527993169DD1387129B5DA330371B1C3
S219ED24C57349CAD945617AC7C35AF4AACAF084CC1829686452A6
S219ED24DAC57D9409B3025C0EB050A12B2D39776FA6C705C2A70A
S219ED24EFBC1CAF2EDF53BFB7B46C38AEC9B94C8CC4B6711A170D
S219ED2504AFA81668955F605E732C14B0866D056A7E630865EC4A
S219ED251980348335173467A845E6FCD55461B28192DAEFF5D3EE
S219ED252EFA2BB75C762D75AFF41D30CF9F6A0C5A242217475D27
S219ED2543D68B7B29F8C8C7A405E716EB624875F40ADC41CFB7B4
S219ED2558DC4D70146CC03EE0D581FD8B157C424063F926525868
S219ED256D285C577EB3FA6C5367DD1D2C1576D48821305260B07B
S219ED2582D141668459E9BD9A5DC572A04720B3FB7F00C987C7DE
S219ED2597D80498E2E7F9667F0C0B88D91967EB4594BE1B1CF67B
S219ED25AC03856D5B7768A8E0977A6B0AF49BFFAE15C897526980
S219ED25C188D3937B4E87C5E1D126EE1D7EFB0CEB2A4D3CB22D2B
S219ED25D6F688AF6FA48D3A9D180015A3163A74FE5ACA68F40E3A
S219ED25EBD84ACA69CC8EA5A8388F54B6EE2C7B7A86826984C751
S219ED260020F011515B4C550CEED42843F2CC8A6A2232AAFE97E7
S219ED2615B9F58E05D9A3C11F323E62416772F67CFDCC3B2AF4A1
S219ED262A4635315E18E4113D127A9EFE2EE6426BFCEA3FA30F95
S219ED263F2507E726D932BA365675339AE77F84CA3B5A937A7DF5
S219ED26543ED12826547EBAA3D09E4C110EA4F9AE9F9643580DF2
S219ED2669F1AA555BFD65D79B2F131F86EE66F5991DB99098DCA8
S219ED267EB788C2E4EF58CF2B0FE4D674AD30ABA225A7868DDA0F
S219ED26934A589ECA61443BD139837814B0B3625D5C668B9A7BB9
S219ED26A81EFCADD6753E61B1E0A839580325BD7BEDBEA9039F5A
S219ED26BDAE4D0245847912C5DA71B3D823407831F66ED223C6FF
S219ED26D263C2B66BAB9103993903C5E3714C72CBF3B432CC4020
S219ED26E7EBD1C50046B62CB9B7B314C56FC231C425E89C8B40AD
S219ED26FC729C1DC4BBFB54E7FDD673B8EF69E5C2135E6C6C3978
S219ED2711BE5687522052E7A01D58E4C485E77A31916378201A01
S219ED27263ED2A034228954178D7573A6DA723A43987A8753D210
S219ED273BC9DEFEA6168E171647A5288B2A605420FBC64BE0D81A
S219ED2750BCE2803DFFA7BD31895C94C3093C6A1ABC715448467F
S219ED276509E022D0256222851335A85F9AA06B6F6F50454EC2ED
S219ED277A06258BCB0867866BAFB852083B65FCB1EF59AE0FCD97
S219ED278FAF3E902901032B0F82A7E110A72FE0F2DC6C67648604
S219ED27A49C928F21A475A028C613FAE494B1AD0697F90CD758F5
S219ED27B904B93671BF3AF720690A990EE42B5F3C29B16C5992B0
S219ED27CE4D460A8388D4CB8383F8FA3530AEE73E86A05EF9E42C
S219ED27E37CC3A2E3D262050B851B8ECD805842FEC0C93D3AEFE5
S219ED27F8EE5DE30C96E4C335D3C87292D588656A5A80F3D7714E
S219ED280D840314141905E530F65D5DF4951B04B1BAFFEA1FD344
S219ED282240C1DAC92BBCEED8F0468AB07AEA075CAB2E46B575DE
S219ED2837396264E2F944CD23BC8700F82E68064FD11796FDCC1F
S219ED284C92EBB653918EAAA587EE2BC53D312A176AACFEA10EBA
S219ED2861D0C01907CFE741F8808CF361A401E623B61A0496CC8D
S219ED287642D1B01990182A5E84BAD8E0F21D70B88B18BF692C2B
S219ED288BA5D85E4E6EA60D7E158EC8BC2D807854FA4A907E3A52
S219ED28A015D0534829759A4F5AEA966B9DF1FF126E9606E35801
S219ED28B5D7D242F6019B7879162A3A17BC1FE0EA67DD14370FDA
S219ED28CAC7651B838A9C19E0CEC15F788E5597E4DF9D3C0F2C67
S219ED28DF6729C7BF88D38EF26294EC8291EDAAD1F4C6EFDFB06C
S219ED28F450FDA6C47C055F0AE64C445D57C4D6AD38D4E4FA11D0
S219ED290932EBBFB322443758D96C82DC77873E58157530C799F2
S219ED291EA032785546A55B8FEEA4877C12619C9B5C30F1F29AF6
S219ED2933786111440FBC9F12CE9FA203AEE0B77BF3076434810E
S219ED29482327BD4B2F7AC8F246094391C71BA7DA0280F9CA9177
S219ED295DFB15348FE86A9818ACD71EF748D22A368F8FD88B9378
S219ED2972E25735EFCEAA4BAE6761B2F635C0001EF9ECFB5A458E
S219ED2987C5B743E4D03DE58C478EC38557100CCDF89665D38E77
S219ED299C2A4D6E2582D2F4BD51623A4AC58676B7E58AA2CA415A
S219ED29B118DA3CF1A04B775D1030260AEE633E9C590D2BBD2E2A
S219ED29C6C909745534BF44200B64C5B26125C5C7EEDC3578B6F3
S219ED29DB3B60468229D1C0B775C8E169DD1ED71E808A8C82D1C1
S219ED29F0E02EB48D740A5FD62C4A16968F800561CED1B31AF3E8
S219ED2A05B6A7C9A4C34ACDFBB3A911FE264D073E32E4CD12040F
S219ED2A1A1DDD7B460A812C967835C1159A966C89DE923A97A123
S219ED2A2FD3D9C17EF78BDDBDA73761E32EC8443E0455FB2A651C
S219ED2A4443C641D03E8AE0CCF50247B560314CB19138CDFBE407
S219ED2A59D261DC3B92C58F2459B44C519A1EFC0D1DC8EEF7806D
S219ED2A6E59204DA22D59301D06A2CE9D4F5CF424E5F2227E1CBD
S219ED2A8377D4F392F85709AB4DA017FE08AF99CC9536D23BCFB4
S219ED2A981944D256514F511D75E066EEF1C986631EFA5E278239
S219ED2AADF258CBCC7B917CC1AF4E0B07994EFD55324D2B8D0A6F
S219ED2AC2B78042E95D23DEB20A14322371AF5DB037CCA154946F
S219ED2AD747C7CFEE0B49F404542F015FB1E2880E9B092E26BE1F
S219ED2AECFFFACADEA803973AA1724F3B222A04AE21238B09C58E
S219ED2B012E32AFA60D1F7702F750E634F0D55373F9CBF6A149E3
S219ED2B1651EF15D96E8E4BBFB758BF77BFFD88DF144716BA0BE6
S219ED2B2BE8795DB3D42AA318631DAEC53971CF1679DBD3DDD320
S219ED2B40693AB4CE88E7EF3D8254A3DE786420428D94FC04E533
S219ED2B556188B7FD3211B293086146E9564618712C9DF47186E3
S219ED2B6AD1718AAC7088464B1770436E4BB06B1EBD8433DECD88
S219ED2B7F0835B30E32575BB75399291BFE479BB67061914A7ACA
S219ED2B94FDA46C8B8C7B98E36EB58763FB6E80B62935F74E0CC5
S219ED2BA9290E58EE3BDAB35BC78C6BA21122BFC24735986AA251
S219ED2BBEC8112C38D3C9DD2ED42B20B8E93E87C3D3D1CE4D3BEA
S219ED2BD3906F5B2BD79EB2E5A0ABE8E408F1711C617D32767CCB
S219ED2BE859EDAB1705DCAC985D41000BCA8B4AC26C3FD6436982
S219ED2BFD55D2599A52618C6CAE4BA4F5F52879F8295E01965F6F
S219ED2C12BD811FE047E043742E722F30B1CF70B85F879BF8F888
S219ED2C27BA4518AE6DE16E92CE1BD11D1EB27034D8C3BAD4D748
S219ED2C3C43312F498D0583550AC24176CAD29B9E4EF5DD2FB9DB
S219ED2C518B33782AC01167B939D4D3F50B703564F4A0C30015D6
S219ED2C660729A36A8BB0CAB3200AD9BE71E18778A2EF1577EF54
S219ED2C7B37F31618392DFA8337026289B6924F61218FA615FE92
S219ED2C908DFE121CD43601D1144A3DD1C4B91FF4E7856C91D46F
S219ED2CA56B74CF647B4493E814C87302F5311D083AAC6DFE32BD
S219ED2CBAC0D3D21631E6DCA4B33DEC17FEF7542C0AD52E3485D3
S219ED2CCF4D68D9AA432E43FE24E0612D92BBDEE4DFFBCC2A8F14
S219ED2CE40481A8CD445C3FB3C7A3EBF78C2BFE44918CC7676568
S219ED2CF973BCFAE62F2BF12D8FBA155878F1E540237E1C978F26
S219ED2D0E2A7BBC427E5AD8861DA6CA1B64866509FEA316A81B6B
S219ED2D2398CC5282114B96E8705E9DCC77D53DB2043CDC01E028
S219ED2D3824AAE9D6CE2F33AF5725B6010FD052881964E84B8DFF
S219ED2D4D37BFA6118C739F90ADF416EE761810D05818C772C820
S219ED2D6209E5A131C8A7476D5DB19A98409A85B91FDB4284BCB3
S219ED2D77BC2FF9B6C4D62BA2579D0AA4E3FCB5281A08C4F41EFE
S219ED2D8C0C2B26AC59C454C94FF5949A9CFC570080D2930F1395
S219ED2DA183D449418B3E646321C0614DD0D0584288B6662E140B
S219ED2DB6FC59BDEEA316845DC8B9C21C9C8DD461ED63375B34A9
S219ED2DCB652B3F183477BB10E236B3B3425ED8F7FE311BD6F0A7
S219ED2DE02465480BF600456657E9E9D0D8CDCB86C9C2AEE5BDA5
S219ED2DF59F86DE6A5B4994E0149FB284728B71D4DB76215C1445
S219ED2E0A1879716C503F7CB990B123C5E4060F6B757F0D23429C
S219ED2E1FCE9DE0A799C5DFF5D060E0033C71AF851773D8D7BAA1
S219ED2E3437C0BC232E32635874832C8567C66C7FDC6287673585
S219ED2E494343323055AE2DFDA1E7617982C7F38A14FB563D9B08
S219ED2E5E5B2A8B1AD0AA66A080F6F250FA6B679DA103287B2833
S219ED2E735F5641192606AF54AE8EE4855F9AE414552F7795CD27
S219ED2E88153E63A4E185EC230C1C5B28EFE042E3F00F30934BC8
S219ED2E9DE88EB91B8027BA560184C2D2FF95D32FD11F8C4306B9
S219ED2EB210F89B4BC896C3057911FF9DA4CBA8BDB586CC61ACF7
S219ED2EC7B3C1CCB3ECDA75CF0826C8A30E2B242A5F49B30C86FA
S219ED2EDCF96C600B4DE5F98784E82E3431CE4CE2028327C226DE
S219ED2EF1924C849946E306D7309D0A6E6F8D06719FFC06A931A6
S219ED2F06E198BCB13CFC062394DA61A67C025A566ED2C40AE8E4
S219ED2F1BE40EDB8E59F152AA301097944E4A355E59F78776BD6E
S219ED2F305B4C10BEC0CE51C4A08C5971D5D440E105721F93DDBC
S219ED2F458DE74597CFF6744C04A54EB9CA160E993BCB3BCEA9C1
S219ED2F5A5C71A306166A7B9638C0D0F7F94DF5EE076E1DC168C6
S219ED2F6F731F885FB71D098650FB031840EDFE4509904D5C4C1B
S219ED2F840F22A5E13DD0F2C7DA9A0D39CAA5937A2686D7AEB7AB
S219ED2F9943C1C4E21B7DD2B2CCC7AB67EED85CD054F1D0E63F9A
S219ED2FAEA881F9D5B2A23C056ED91FFF52B31A87C6D56C06EE8A
S219ED2FC3C5BBD29D81A8B7FD3A503C585BDE32ADCF9DE3B0DF27
S219ED2FD847680D7BD2088C67346DE9EBEA76DCA3D13C1379A859
S219ED2FED6DDA8172F7A05348DCA27CBED9EB9500E6AE0E7AE85C
S219ED3002936A3710E50B88F5695E3960C46F24446471B9188BEA
S219ED30178B1EACCA0F0F63CFFF4D53AD588D28DD5638EAD14183
S219ED302C2F03BCC6C3DC8D815EA7D806FE6D347FEA5A74B9BE0C
S219ED3041D9474701A369122B7DA46EA58BD81E175556D660C06A
S219ED3056FB74B22ABC50DC35AC6A7D301747F9D8E45CBBED0C25
S219ED306B94DDF06BF04254FAF3A402FD632343088CD441AC3C22
S219ED3080156D1B1EC604C99DA0B745FB45A893FA60F237D2B43E
S219ED3095C66EF9B29EC13A2CD1C9760C1DC18C98FA959A9E5A51
S219ED30AA3938B7BBBE89C4AF89D4C8F5A2C3BDE4381CEA934150
S219ED30BF11C8FA5370E6AAB4EB014E480589A68B4B02AD652A66
S219ED30D47D4CEE7F9DCE0425E392BB160D1223EBF64B7D080FE3
S219ED30E9CC27086B925B262410F92415EF923028A8DBF0D606D9
S219ED30FEA6872EA632FCD0C07CCAE9EE32F4A6E29F9F7DEDF6A3
S219ED311327B69B76DBC945A8CD1F22D8C3F8B2EEFEDB10316279
S219ED31283A638D31CA8CDD666F06CD0C74BA333BC3BB89BB41BF
S219ED313D7F8B3709AC7C3A707CA473967171BE367C503543CF5D
S219ED315220B2D98148511CEC84CE9D59D410A96D29F9C677C543
S219ED3167CD785E0C03E540404224E428D510CBE96232774845A7
S219ED317C1C1B709102AA2C1C2D2B689FAEAC2A811EBBACE69DB4
S219ED3191EFF9D9F68810AA2197601910EDF096C3878A2DFB038B
S219ED31A68ACB8D378A9B09491CFB4B2517741BFFA0508E445252
S219ED31BBCE4E0D5A6D0264BE0A99A6027A91EF0B331880C7DF38
S219ED31D0C00FFBC2959E9C7028EE88CDE75E944E105ACB7201F3
S219ED31E5D089463977BBBF1A7654A11D91445848D883B1B662DF
S219ED31FABADC2AC63CCB9A4CCC4476ACB9E8AF19ED52E335B5B4
S219ED320F59E52D71E33641BC78C346E681C4D513321FDDAA8DCD
S219ED3224CCF9D49830711F8E3D231E2F37B1B77C019645AEF9D9
S219ED3239066FA2410A53BC8FD04FA67EAC4734F3E5E686FD33B0
S219ED324E3F7D32BAA4F078CDBFAE208A05A32C468474958A258B
S219ED326366B35A9FE131A095878659A7F7DAAD1BAD7F8419B2EA
S219ED3278643F038B936F4F4AD9F08EB0C2A2EF7D6B50D4BF1945
S219ED328DF31E035F2F94FA27EF19E1E82DB72B4914037A326295
S219ED32A20E1498796F75AF10C54DC7792BCAA1915E018808FBEC
S219ED32B7EE3EF870F7F4F937398772F2CD8E9CFEA8BC9F39C349
S219ED32CC718D9F5FA7C991A180E68DC8660FD78A305C87B9F10F
S219ED32E1D89A8DF125E6B9F9E28DB9020BE60A88081B5D0D956A
S219ED32F6B14A167A1D9EF8CC53E806D439AABC4F21A4B1417B92
S219ED330BD62F459EB855FE94F9474187F442B804178E31202222
S219ED33201ED507B152A5165FAF92445C98BB0225DB948F9BE1BA
S219ED3335704E40F9F54992D39E500B61DB426469B0EE3C834511
S219ED334A2E06AB0A22E212FF5E6A512439AB8F9577B76E3C72EF
S219ED335F0F9F6CC2B422D3AD07B56DEC8E782F789BF27B8FE7F5
S219ED33749D9525EC716B713D58A315B1E6B47812FD90F549973E
S219ED33898E1206BF6F987CF1F1434C2F9A019A51277A40636289
S219ED339EE707FBAC7EE1CD1500D0119DB536E8CC89E580B19DF9
S219ED33B3DF60F533B32C89DC914A2E501CDF0603BEDE146A0FE2
S219ED33C86E645F9FA29F6855553EF5ED96B8BAC4F6679C1427BB
S219ED33DD31F1E5AA0FCE63C52560068E234741A9016C61F044C4
S219ED33F2339631615DC248CA1B8C34CB748CB1E32694FECF6225
S219ED34070D9F45F155D196E48872334EDC0BA6A17AC64C3F5474
S219ED341C4A22909120DF4EF385EEF9671DA147DA3AC7C261BA4C
S219ED3431956514E7BB03160AF1108E8F3B4050A9FDB8962F1E97
S219ED34466F16E52AE72732277418B313C55EEB62BBCC511F8249
S219ED345B9B987CE085A00723E1AB6C8AF3C082F3C383DF215943
S219ED3470E0E1ECE45C132FDA70B444470D829927202A73558AB2
S219ED34855A5D7BE4D9C05474DB8134322EA7480CD0D309020B25
S219ED349AE8AAD653429AC52206083F81A614E19516E156C98514
S219ED34AF52622715C875A5FE74794D7838A082318B899CF5293B
S219ED34C43C5BAB85727E6FD8E97CDC0819CAC9C253AB866E96C4
S219ED34D930E396827CC2881075B2D2BF451389F543E6ED200126
S219ED34EE5652E9CD863459AA17B2E55568F0E9806FAEE0055A9C
S219ED350387C3A1CC459284FB1C47564FB51FAE4ABFA776897803
S219ED3518CC52EBDF3E4FC608E71929994DF0AC56ACFFC616E7FA
S219ED352D01BE7862131D742252686CD0767E280B5DF9F2532E52
S219ED3542E8B6BF1FAB87E85240AB09BBC060CCD765B0B00C2334
S219ED35570EE3589CEA8269B9BA8D1153BEB613D172F7057FE921
S219ED356C6D6EA9C8E7CC05E678A7F1257D7609D711593EA872A4
S219ED358110EA95F92D2DD060FA979A93B02D1D30D88E25BDDF22
S219ED35969033A43E69F31C13FB4469FF23B46C8F66F49CC23C91
S219ED35AB4E225385CAECD4FC1E7A0366B9B4CE92F742AA59AE93
S219ED35C055D7C07A161CE38BDDDE912A7A513FEA006981A5B154
S219ED35D506A82FB79A48588C64B502038E4FD8A3599B2E17786E
S219ED35EAACAF69C5933554CB5AEE21A1433B76544770ED367FBF
S219ED35FF836E0023C669C319494FC591D0B4580732AF064CA4FE
S219ED3614DCE0F9794F96F843E6935099B1EC79550A0635D2B0CD
S219ED3629AFA1335D713FFAB730F6FEED44A2768A53AC2A8C406D
S219ED363E1EE3ACBE0738D006B5AAFB32E472F197B2094590BB50
S219ED3653CB22BF15F283C57FC607790716156E081251D52CD4D0
S219ED3668EF74A61DBF4FD8FC16A56CCCFE621381FEBA1200188A
S219ED367D0691A73335B86DDD4EA4AA34EBE762EDEA3E373FCB44
S219ED36920E1661629114739DBBE624F625F9FB11FD1E03BEE4F0
S219ED36A7F96EB5C61F6586CCEE744F8096BACF3D9C868CC67CE7
S219ED36BC1DA4EE7AE7FB4989D7AF1434B6756189C724B46051F7
S219ED36D12008E7C8FEAF5994081DB685E6E3200D40AB346E3866
S219ED36E6C01382AFED39DD58EC51BB32736FB0ED1E3DF6ABA336
S219ED36FB2DCB64257CF35BD77A3EE401A0AA56FECFC3918A833B
S219ED371062664AF9D3C2B401C1CE1969032436D5187B92F0B84D
S219ED3725299463FE13CB3CC1CB7C0A3E2720F4180C25FEF01D86
S219ED373AE19882E044EBA88B22BB7F45C561F13E44969F351295
S219ED374F973382471C4A26CDB68D2E6643443965F21B114031FC
S219ED376460F96564CF8B85DFBACF84A5DC4FC491C70353DB99BB
S219ED3779C0F4C8DF806F5700291A0FD76CE3CDDBF8057AB5F666
S219ED378E171C08BCC02863CD8D021BABF124EA8F19C1C8C0F1EF
S219ED37A340F6A3E548C8F6045ECF2F5F7C7C0531FAA02851005B
S219ED37B89FABD0417529CE95ABC5159E0A1DCCD9B6CA1D7E7A2A
S219ED37CDE64A1C6C3502F3595F86C0CFBDA18A6015AB5FE67D7C
S219ED37E2A4FC2B762189CB8407CAB9A9E1A42069317BC5B8C07C
S219ED37F7728642F92940091AD80C6FB11F366109C4B6566D7A92
S219ED380C3A85CB5FF72B84143C0D1BF64C0EE1BABA8F609B126D
S219ED382186896903DBB1377CCF3289DD2547A2B40ED416A8D04D
S219ED3836E8235F76D4E39247B96C8DBD320EC189EBBAE89D4DAB
S219ED384BCD448A1BC2D996160E96B5D34594ED86D3F047D954CA
S219ED3860275E892F4C17E96338877711F0F6E905BD0015EFA7F2
S219ED38758995658DA49AD13B93E538D1AB1F4C8274CFBAFB9849
S219ED388AB8E1D5957413F2DF1086E832E3DD2C1C48D8B7A3ADFD
S219ED389F2089FF357E4C5823D0A2B7D11D3B131F718CAFA156D9
S219ED38B497903216356CCDD2DD712DFED7D294F465078CD69155
S219ED38C9133D1F8B7B367750EC2138B05D29717E7CAF9D4DE720
S219ED38DE0A5A4AE3F1D3E4686F74C687B419B9E66FAC324025F4
S219ED38F33D7D379250CA46B0E7A9AB0BA70DD1AE24B9789AB71C
S219ED3908D61DDB633CC5759776743973E1FEC5C2258F3619DC9F
S219ED391DF5E11298FEA4E7AEA6F046FE5ECB498FD86138BE5F83
S219ED39329542D3A1ADD81A299720B91CD4CE289EAE213165D74B
S219ED394788CD40202AD776A946B6B5796893A4D0ADAD11B1DD12
S219ED395C20CB2150F6E83EA0DA9C82B9580AF9BCE07EE0270718
S219ED39710D9010027BA9E47C9E78B57B75638C94C5DCA5BF7A5F
S219ED398693CE0B25DA8348BBCFB70B5FC9F201F01DF484612D8A
S219ED399BCA1F8AA679F475DA759662E437EC566551CD30F7B428
S219ED39B0245624ABE3EF64B13172B6978D5D1F47D4A018F577A8
S219ED39C5694C1ADB096E0BA47BB84F03854ECF18DC95DE65D95F
S219ED39DA7634B1EC0F10BF94CFB081B331A5E5F01B4DD747BF8A
S219ED39EF12B83294A4C5DB771429B49AE45E455C1AB7443F5A6A
S219ED3A040221EE56A8D80FEF9CDDF48857D928333F6A6369F3EE
S219ED3A19AF80D8D816F4D74C48774539488D7E4C2EB4D716737C
S219ED3A2E97A144122B34E8A4B69C0FB1C731DD64D27A6C2B8169
S219ED3A43AAE54A57B5FE17B518FE56E7CEB3DE14660E17197DE6
S219ED3A5892C007973FE2D009F12D0A3AD5282ADAB4F9598DE99E
S219ED3A6D7BF88184565E2CCFB760FBD94172A212E2390F266029
S219ED3A8222A72FC246C21FB632269169F6F4F6EEF93DF677A83B
S219ED3A97DE0B250301E6C728F620312443F76F1E782717FB5A04
S219ED3AAC71BE2EF3DC0817809BC41422D12DB77A5DEE15AED79F
S219ED3AC174F89F1BFCC02BA6A9AC7591C1EA0F4EB3DCFBC59CFD
S219ED3AD6BA077404F747284B7DB8EF2EDD1E8E0C3CD76E19E39B
S219ED3AEBC41EF23FF7856C5624F1878A0596363FB0BAF92A7050
S219ED3B008017C015E79A01401EBADB0ABFEB5C19810A84324C27
S219ED3B15A8670C2BC62E6F76E2914A8F7099C16E25D5C79C3D6C
S219ED3B2A9956369538CAB648F65E081A4CEFCA21F1A40EBE29B4
S219ED3B3FCFB4A5A7B803C82B6633CA1E7769A107858D28DB7D67
S219ED3B5400A00BA0836B50DE7FF0160E623B63F7C4875ADF45B0
S219ED3B69862681A507ED84F9F98330CCDDC43532CFDB9555A45A
S219ED3B7EC892AD380A5D034AEBFD7A928B8D8E268A4DB96AE2B1
S219ED3B932B539011AD6E361C0D5059D99C371AE3047A1649362D
S219ED3BA85CCBB272F74135F5E48E9BA4650C74CEDCEF189D9FE6
S219ED3BBD7E3450DED4DD0213A32936036AD1F7E3556BFB4DE851
S219ED3BD2421CABE19ABC4FA300BDF63D752E157B1C4D6B2B6236
S219ED3BE7E0279AC861D802B7A67BC414FD3D31E1BCF42E14FE47
S219ED3BFC2487D1E1A380D4BAADA358DED219B33E20E83E66EDB9
S219ED3C11DE74D72BF2226C30398B43686F75EB9A90ECAE7F1611
S219ED3C2618A57BBCECB0584DC4F861C5F2453E2000F387193523
S219ED3C3B232C606093F66AD2003C35920737A8A37CA80B830868
S219ED3C50BD01E9DFE7DABDAB78E424039F1965838B4719D8C315
S219ED3C65A7BA32A42314581A9C593645DF8F3D08963BCDC8E708
S219ED3C7AD791A224978087715ABA07555F9F261E9D82FB0485B1
S219ED3C8F9B6F467D24F829F349D79B57CF095B5270A092A1FB54
S219ED3CA4E4EEF74FD86488A4417E4B9ACE10573F4D12D8FF2427
S219ED3CB98FF1AC9F0C57801F449939FCA22E1CEC6CAEC178DB1F
S219ED3CCE3F19225A47BEDBB2A150324AE78B3FCAB5E1D3CB1756
S219ED3CE3EF5D7044D9447EF5ED7178973006452E9D97AB7FB620
S219ED3CF8A83FA16457C9FE1DF896EF869C89A5215733D6E35914
S219ED3D0D64BCFC97BDE68DF9BA2C4ABD30ED00D58B523F35ACF7
S219ED3D225779049A89FD3A6A48AE49F756E00FE94BFC61391F9E
S219ED3D375F72EC370D6B676607164ACA1C3C34B4971AD22A0529
S219ED3D4CEC74F11D74B0DD1FA51E7ACF5BC5C5543BFA51BBCB91
S219ED3D61CEC050AA744A968AE003AA70D4851FA02BF79F1AE91C
S219ED3D762E0CCCC4994691D3870A4403ADB6C6AE36960B126E33
S219ED3D8B9A4BDFA77CD612E4E99A3923B39ED75751E70471BCB7
S219ED3DA001EBFA2A8819653104E16CFA55D4733306D601682D49
S219ED3DB5F4E087B734FE33F4C3B730F56363AC40DD2FA010D4BB
S219ED3DCAC5EB81AC8341913119C71DFA3494AB7BBECEFB92DEB3
S219ED3DDFF9C8DDD3A655D173D18F4F7E6334A842A7A1B5B7EEDD
S219ED3DF44CD5B50068D298DA2C05103771FEE44A07A21D93894F
S219ED3E0967DB36FFB904E51BD0D22F52CC96115B120F122665CF
S219ED3E1E817C65C3E48A7ADC742BF9686665C7C13A63039961C7
S219ED3E3367B97F06AAABCC3B37784C357EB43C8291D10EC831FE
S219ED3E48E6DCE4AC58D8DB27E6B5A8640A1E2CD16C4AD6BFA038
S219ED3E5DC18E46A30B9BCA6CD06D79CC9923F2AF8C17114A234A
S219ED3E72DEE6A297D834A51B2A3F6495EFA130A5F50F27028507
S219ED3E873D3E6278D63AAE2DAF1FEABEF618A9AD7904C0A9270D
S219ED3E9C10A156AC7D61D8F5BAC4E241B6FBA54D4F4B7AD992FE
S219ED3EB11A1824A70FF99521478345B819DF63EEE3803D56C584
S219ED3EC6EFF275ABB53D106760B81C1845479CCC03BE17747B84
S219ED3EDBA984D1363DC1AC684F0FD0BD5501951C7C1A44A49694
S219ED3EF08C0AA654E4C5D3C79041ABCCC2FCD9AEDD68E300EA59
S219ED3F0501E6E6F21F55782E0818BAFDFF8FD9444DB1B3140C89
S219ED3F1AFD149DCB5EA6D0E8EABF53D667675E966988DABD4D02
S219ED3F2FB32E6078A4E1038AF60CCD8DB5E9D12B6B6F1259384D
S219ED3F4447943461DF0948CB07C2CF4D6D32F52C6140CBCE61CB
S219ED3F59B9E5360BDA9D536389D77A1EFEE7AAE55E60C975CA23
S219ED3F6E329DE02A7F74E4697D8842D22AC0E0266937A89EB094
S219ED3F831FA1BA8B148C3D99B272A3B67507486675E92D5D2C01
S219ED3F988615E6C2CE808137F4B246CCEB956F6CEE338546E5F5
S219ED3FAD2A1E18CC5BE0899F6BCC80BD5634C072BEA82440384C
S219ED3FC2312F970A8628A5748F290502CFB7EB9972382F10314D
S219ED3FD7B5C9FBBE190F3CB1BF8F6C24E50A9C005741EBADB14D
S219ED3FEC04E93D711D1A030A13C1EAA52752D9940C95B1DE274F
S219ED4001CD23BDF15C0D748DF9D455BD45FC65556EA25E3072C6
S219ED4016CA478FF7C9CB7423F1833A85294288B5239EF17F0EC7
S219ED402B70203EA630E26555A0A4BE0D809AD3B27300DD5A03F3
S219ED404088F4B8C5E93DBEAF0DB64F2CC4E0F19D72B8908A2E0B
S219ED405508E059E67893F8B14B6C3E67F8BC7896489554F07CCE
S219ED406A0BC8B10B8791A5B1F2017C389E47D1D5B28BBFC3164B
S219ED407F36EC9B70E3A2A193FC925580DA761363EF2F5EE2BE0F
S219ED4094462184944BDE2CB10554431087E5508FC0D3E464547A
S219ED40A9C909CF6CDADC542BEC9374073350AE1CEC6CE1E53039
S219ED40BE92B323A682304D971872739B0275A9D25F2A65F1AE40
S219ED40D340C77C2D84551D69D6A119023FAE97A794347EEE3FA7
S219ED40E8CEBC508FC7700D54F94683764DA6D85056B8B2B77393
S219ED40FD94EEF02501486BF8FDD6335CADCD490D9B726F29C8DA
S219ED41125B1803EF87154A8AEAD1C8E533205E2CB26BF471A268
S219ED41275A75D9B372841D60CDC0277FE1029069F969BAA924CB
S219ED413C27A01E67A7D1AA9B56440B3A00644E74FF74FB8A6511
S219ED41513393D27EF49ABC14C636ECAF3D50A527667982D5C10C
S219ED4166E86C17B6470D0A4B049C3D044481DC00A53AAE0C3538
S219ED417B0ABD08842C02CBFC3C793E86C14D007AE1B95C6A1480
S219ED419083065C1EDCDD11C35E9A767A78330CCF1F1A551BEF92
S219ED41A5735AC733398F6FD9BEE3D76D54D62B7398308B8A288A
S219ED41BAD8BC9534F9D54ACA1BFAD1C186E0F569368A36A22E8E
S219ED41CFC9FC2693D82A9DFB51837023B3C6A55618916B5D097C
S219ED41E4AAB0B4E957B479A2EE87FDCAF2C026ED896B22849785
S219ED41F99FCB1247B296EF0F86DE62B4A56E63A9D67A20EB4181
S219ED420E3F1BE54BA42AC664E6FAF2A8CF20BC6D8014BDB00D87
S219ED42231E3E54B3B6B81DC7CD55AAFFEF3FED7FFF528E79051D
S219ED42380AB99C4CCC244A6B230FA11854BF646F7A003833A6D3
S219ED424D572BBAA081A595AE02B720B83F29191DC791EEF44C70
S219ED4262226C44B0B86E62468A9402E47F44B75243BC22D35FE2
S219ED427765158F63F11E396E94EF5B81DFCE3D22FAE80E3E4540
S219ED428CC2AA0E9326DF31A0DADAB972348AFB47B19E72530253
S219ED42A1A9A7FA707C2560825D0091A7011DC0C6AA72405705E8
S219ED42B621622B8D6DE778D09B42D7B10EDB7CE22FD49FC38E8B
S219ED42CBC10B6FAE4C9DB443C573A96C6E1BD6F9CA30AFF3439F
S219ED42E0D3F669683135511C6D92EEF05A65BBB85EFC26E650A5
S219ED42F5406D8A2FF30B654E6C1454CF988A4CB7734ED0E64626
S219ED430A16FCE9F215081A0A3B6BEB0ED7720F23FA7BB8E4371C
S219ED431FAD326B7AC1953401DEB2456E03E92D24CC48BF576B33
S219ED4334C91F00541A1278A81563975A6D2471B4C028A58803C3
S219ED4349192F437FCD52242595642BD7BBA0D3BEABD57DCACD80
S219ED435E4624FE65F83BBDF757511FEDA846BBF516D3D1900602
S219ED4373786BD838CDD3DEBABEAC53B3073D4B427DD2C413CEE3
S219ED43881E67BD0059BE5E69B034214E76044B85EC4EF4F6DB72
S219ED439DB4867AFFFB7E8C588998CA25D33E319A2C29BE903446
S219ED43B2738BC3849AB864504AAF4B6AB79D67C585572E5D0420
S219ED43C752FC8D4C55B12E07DA40FF60ADADAFC43C220A525C31
S219ED43DC9C99C9F45D61175B748107641B716AFC3E9D7BF65BBF
S219ED43F1480D008B45D9C53A41C7E3E49AD682E0FE350DD643CE
S219ED44066180ED5A10F2B1D6812F57BDCFBF64A714DE36625CBB
S219ED441B8C1C868E6FF94C77A320AA7A0BCE25CEC67912E3B418
S219ED4430BCF29B9C20EDFFAA1462E86E5551785EDA67DA753FD3
S219ED4445316E48464AD57035805CBE26FA5101C964591B1B0AAD
S219ED445A463FF2A7048480C5EED53DAD74AFA70D51BB855DA559
S219ED446F246B07CD0C51E532E60AE97D3C0842417643A8F919DF
S219ED4484DDDD1D138D9C0CAA94A0793522A48358DB06F2A94C1D
S219ED44994F6299EF80E56A37543252F029B9C843E92A70F9EBC1
S219ED44AE3DEAF9C4B455F57FD2CC709EA72FCBC58A121149F8A6
S219ED44C3734C04961B1CBA3E7EAC6DE991D23507D7803C76231F
S219ED44D868B5B31C6F620E8606D3DFBB1CE4E84891182DA978F2
S219ED44ED89E21898FB83EFC786316C7D1C29BBDB05C6EA5739B9
S219ED4502AF33C49D80DC696041E199B670AC7958046DC276E65D
S219ED451746F2E08EB52A90FFB93BF22CF550C3F365EC0EB33C2E
S219ED452CC971675BF40EE5D7615C998AD4DE9EC96B361FCE1631
S219ED4541E4F574BE478615B11E473A543C46D16F37305B369098
S219ED4556BEC96B56D7F1E00FE0C810A70411479962516ABD6DC4
S219ED456B23383A0086EB5F7B58BEE5F6B341DE8C186EBCE97976
S219ED4580AF6907BBA8BBE33C3B4BB3372FB38ED198E5FFD3A533
S219ED4595BC55DB0B29EC63E9EC6AB5BB76CC3241D8F5CC27BCD0
S219ED45AA14E25105FED8609D91841AF03CFEC45B541EF936349E
S219ED45BFB33985A4CB6DD76DFC0776BE5E36D93D1348374F633F
S219ED45D4FC15FD1D016ED6ACD61ECE8D59C8604DE69E72C6CB20
S219ED45E999246409A804723705DD4DDF573C75BE414C94E3C9AB
S219ED45FED91E8BCA6D0E0B0CA1C49E8746063E1373C93AF7D66E
S219ED461375D8A3562109AC89D87C4DEC5D2FA2B6EBFED6D48F68
S219ED4628B166EA0A016D703DA135BF9E0F1F54D8218C4BD8C147
S219ED463DA1C807620ED59AA7778C0127D6EB08584974217834AA
S219ED46521EB78CCF1C484A435BDDC674CD70FAD9E20D6ED2C4CB
S219ED466745368A5A3EFAB4F610346157F174CE3F10DACE4F7C1A
S219ED467C1CE0A13FDCB3EB1C66B516FA955E104358D2E5C8FA83
S219ED46918BE3D39A0618D349AFE0A22CBD4DDF3B667E0C6A66CC
S219ED46A661F57EECCC11A6EA62F49CAE8557852C58EB45B21465
S219ED46BB1377909A6D7097FEE6F5A3B641E6368406BE237C203A
S219ED46D007987AC1BA98D41D85E9D107D88729A55D915322F3FD
S219ED46E5115E63CF324D72D5437C9FC179B7CB4D36B82BBABE6F
S219ED46FA2E494E838EEDC489A89AA3F346072C1F37C3505BE9AB
S219ED470FA0C8682C86392DDAA9088DEEC3E7EF5D5D2EC931AF8B
S219ED47244DFE5B77D35455AB0F5B0CC8DD11DBC8CA8CB5996176
S219ED47396ECB2CFB51A08598D3D104A6F8B2E268CC18757DA64D
S219ED474E0AFA299F67B3B67F566369EDBCB2177278560B352411
S219ED47634AA64CBA3D1B8B4865116B0DA321B40127E364B52480
S219ED47780E76B5C888F5C376DBE4ED3595736CBED80D15B4F0D2
S219ED478D70A07107975A830856B294A107B37771614C38BB0999
S219ED47A2C3D3D504930F7F22471BEEF2818F90DACAC80F155894
S219ED47B7153D196D467687086218165C430DB6B5AE2C8C0310B8
S219ED47CC01A5EF104F0E4313B149127F187A6CFF72633B37F3CC
S219ED47E10EE9E80630E96CF598B8FDA4EC4C3B126AF61EAB686B
S219ED47F61744CB1272D1A2A051F7451B6883BD018B7A2F77976C
S219ED480BCFE41EBDEB39B9C0451F2A32594894AE1868E7274FFB
S219ED482046D18A6036FF47CD61B6AFC8C94C0D46F56627FB2FA5
S219ED48359078D417A53D07B263F994DCAB0270DD3D4CCA7B90CA
S219ED484ADA301459243D80B2465BBD4B26B822FE7B24B1A1B312
S219ED485F2975B9A1763B7AF5D81E92281AE8A0E2BF5B0A61E0A1
S219ED4874E68E4014CD9BB86F806ABB63BC5018562B8FAFC41D1A
S219ED48890BD5FE75341071480C5D438BC5D7B1871DE81D27790B
S219ED489E904B38F253A5177F11E1A240E326795DCFDFD47A2AA7
S219ED48B36AE532AE83A98C5A325CF61FD679CA41BD1A6FB52E97
S219ED48C8A2A11F41659B594EE538F1830B578348018B8328F6B4
S219ED48DD0497E3409ADC06F93D3D6F24F880B1730472678F701C
S219ED48F264CEDF4DF2D56366D69DC606FEAC83C403B514F32FB3
S219ED49070C4935680C194A3B932F8B8B3B9282A28563D6C9C2FB
S219ED491CAB26500DA9DD9EC23ACEBBA5D024D9D867CD7F84D765
S219ED4931AD5830EB763387BAE9A88A36385313DC7280488AAD39
S219ED4946F510F4D6F6F96F6E2AB5488B539EBC71F0943FF946FD
S219ED495B5A69F4249B010700D38781DD2803C6A44C009C92F61A
S219ED4970B997E0F69A5BD04878AE376780D3BCF0A1305AC69ABF
S219ED498508605DBC42C7219B6F554F1FC09FF3AC3486745BC666
S219ED499A8C9B73B1BFEFFA017A98D4ED55FABB036CFE9A1E51CF
S219ED49AFBB8806BBBE5C2EC39D77F993393FE7DFA235D3962DA7
S219ED49C405C4DD9A18C1588B5997456A5B16DAC993F0CB1AEDE8
S219ED49D9E40F96A19ED19258636AD60EB771EF5D7AF0727C4592
S219ED49EE68285D797C0D2A0042C8B7203B6B9E1438F7483FA119
S219ED4A03D59F2D55B2069E7D20BF0FC3F7503E789BB4389665B3
S219ED4A186D91C30E8758406180B3F0A2F79E5C897F85D1940799
S219ED4A2DDAB1B04FFA84335D7764A3E39D21F18FAA4FFFBED4C1
S219ED4A4277F4B986B3955FDC1D8A95E1CB8382DB2225C6D28811
S219ED4A5772ED0A0D317CD16AF95E1973E86CB1EE32EA227E0266
S219ED4A6C0A963EAD9D03D900BB898CBFB56F7A802F78AD7F16A9
S219ED4A811277F5FB01D928DA505FD00622511FCFB9BEF1AA429F
S219ED4A968EEF25D22FECF7A789D3961CAAF96307555A36401993
S219ED4AABF8E9ACDD767A193947E020964516678362C6EA15A56A
S219ED4AC079E92D1F17551687AD5E624B75380A540938DEBD3762
S219ED4AD5BD0FCB8E2EB7D32B4F4EC0CF76770B232E85F67A2048
S219ED4AEA5BCD7DA157E9B88E85504452F6EC6252D03013C0FC29
S219ED4AFF01C822DD87C12A78EF4AF84F17D0009199E689261BBD
S219ED4B143423767307DACF766A9F1CB0C0AC38B75C1E15381D20
S219ED4B2995167D5082388846CDD1FE8803267801DB2460C2DFBF
S219ED4B3E812DAD28FBD79C29C59A1ECDC78A3F0413461A03D32F
S219ED4B538B976EA0FFC6C63B29E19D36136692AE1CD9626770A1
S219ED4B68B2CB6A8EEAED297F72B03434E8882004BE167F560289
S219ED4B7DA83985F85E38E49B34FE507AA2F282F36D57720FB1C3
S219ED4B925F2AB5C673EFED4522C612C0FE7E4D46CD7540C70E64
S219ED4BA7C1D93A64606CF4A4692A8F52B32E80572B211616784F
S219ED4BBCC88110C5B158889E3A3DAF6A33EC32842CE4B65A6DB3
S219ED4BD1E8155A4EE6CADDA7E02947EA8B641D7E4345D40CB325
S219ED4BE6A7EEEAC84ABD112078C08D4A97F808C54D2BD216225C
S219ED4BFB49B3877E9585484BCC47705E3D5FAD2D46432DAF5FEA
S219ED4C1093F4CBE4450C5D22C90534D5E3CB7CF0B0F56F980EEC
S219ED4C25D5437AF0299329C6079482931F6D2CF68CBBB40F8E65
S219ED4C3A82C66A2FC4D5FAAD95C26F745438595BA5FBEEF79FB4
S219ED4C4FAD6E12F1B72290B6DF83E28F7411A880FFC891CBFC82
S219ED4C64139DF8CC9E5A872E684D154DEC9752C89CCD43158231
S219ED4C79AFB8FF5904D2CB2F5011E92823CA0B88946F694119ED
S219ED4C8E8CB95680DADB1CC074C5660FE328B0C77C37FE1A0C6C
S219ED4CA3B02B7D5D8BBDE5E433497464F5A608070B2DCC01241D
S219ED4CB8E984DA370DB98F73BAFA6D9967045BA998165E9145A4
S219ED4CCDCB6CD481B95AD95BA773820DA80629B2E2C380659BB6
S219ED4CE230BB4EEADCFF8A0BE68A6F62E782BAB61F3A3153E35E
S219ED4CF781D6D7DC1D0716EC54E3F0EFEBBF351C5F5CD2F7549D
S219ED4D0C95071165BBCEDA4806F22EEF34F93D1B7A06F743F897
S219ED4D214686FE277C3C5624E2508B86E30969381FD119AA7372
S219ED4D369139495F3DE7140619F8B67BD5D844367D85BBAE945E
S219ED4D4BE13923E50717AFE3F85C5CA397E44C35F40DA2E5F5C3
S219ED4D60F39B028C39BDAB85BF015EF31204ED2AFC0C8D5207DE
S219ED4D7519407D1518F21AF37978019598EE62A2CD067CC9AB61
S219ED4D8AFEA4A8D98819396F1CCA2FC8D097D9D18CE0C8A39160
S219ED4D9F3E24E87B7F3A2A0E4CE6610C6983DEC2DFCE7CEDAB6B
S219ED4DB4C4DC24670ECEF3EFB5FD89362706A81FF5F2670F80CD
S219ED4DC921C4E242DCFF55322A1CC1E4247580290E470453910E
S219ED4DDE2BA3631180F9B59C04CCCAFB19AB8954CBE885D2067C
S219ED4DF371D1A460EC82D8F4BFB6E1E7C85A6813BB80565CADC5
S219ED4E0817144F670A2C9A99C82CE316E1864F9297CF536016F5
S219ED4E1DF0413C95FE2DCA5D37DB432BA4EA1C2325C59949A27F
S219ED4E328C811193EC033DFAEE6D4A0C25DA9B02CBF79A1F6F6B
S219ED4E47308CB4BE2B278A6CB87EFFF9B70108E938B3AA28B1A9
S219ED4E5C028851A2C6B79F042DA3A8A3E920BD8B467A873818AF
S219ED4E71535CA2A0E828DA6C7E53080F95FD456DC39E5A8FFB82
S219ED4E86E02785C813F3AF2F793C8C2B64BBDF5855F19298F6C5
S219ED4E9B09DA0044F5D12721D818644A7E3AF8510AB260882A6E
S219ED4EB02CE953AD0154E29CB068F4F43D82D646E58017277F16
S219ED4EC5920EB5E4DC82782DF805F05DD53419BA62E964994FED
S219ED4EDAF6DE1C768260D1992F398CA5FA11C25229F08C7F271C
S219ED4EEFF595F5C4F6AC210310242939C9345E97018877713E7C
S219ED4F04C7F434B6D4B48A04C8162AC78F4C7455674176F20F59
S219ED4F1997603DE2DA85BD8B9549B299696D059A9A6B7668E96A
S219ED4F2EF231D944FA8EBD193725DF956B372675E2872CBBF190
S219ED4F43423952E80CCF61816C830FF7F699893A664A4F7768D0
S219ED4F58E195E5BA5BA8EDB4861E7358F4D2BB979180B57A4191
S219ED4F6D0253AFDC27BDE9508B7ED3DE90B32945DDCD7EBDD11F
S219ED4F825F7E393AE7CFF349DC5A7E9CD6CBAFB94B9AE615D7D6
S219ED4F97A90128478A6BE325E99965BC1A3A81091648517D9BB5
S219ED4FACA8872DF541CC5A1C09DFAFF807B23C0C21AFF52B7B2F
S219ED4FC1CDAB152805D7A2C1D491C5438FA8389F8993E69A1BC3
S219ED4FD6E751077BC671C4699E63E6031EBB1B1C5420B787AC5E
S219ED4FEB94402F1668A67293E26D5E99FECE8383A97C996282D9
S219ED5000E3098757302A89BFCBCB36652BDD7D66D1A705E9D3E8
S219ED501587076C63966218454DB4EA98489AABAAEAEB89E1CD1C
S219ED502AB68223AB146B1D5BC2D070B79A1F32492701C03E145B
S219ED503FAB2C6C5961F9EF7A082B13E6EE4AB490622DE9AB53ED
S219ED505461B5544396492258E7020470F73EB78CEC1BEEE86D30
S219ED50693F4AC69CC48325EC5FCFCC8919362FD53407EEE78E89
S219ED507EAFB45E24B38D7F1D32F1E514DC8EDA8EA92F83BC4025
S219ED509304AC443221C4F68AC748C26FEA0B39F60AECBBF5C8B9
S219ED50A824E26C06950F822C09363583FDB313D24FBB072DB4B9
S219ED50BDDF61B678D7944AA3B280206AB087D1C04FDC02628093
S219ED50D25619A397B7DD1CC23CB5CD9B484ED81A4907B50A06C6
S219ED50E72DD025F365DEB9CAFCA0D153B3B453EA3C3741D2E31A
S219ED50FC7088647B5703F07235F3C056F630AD510067BFA7DC0F
S219ED5111AFC76FDBB8D1A42FCEF251265D53DE933C50D20A6B50
S219ED5126571712AAB5BA26329A59FA601470151891663C2EA38F
S219ED513B7B66F09E2EC61E2576C9BE2EC362EAFD1D1780042AAE
S219ED5150E136FBD9E3DD26CD57CCE1BF574DE5D3A1871F380C10
S219ED51654A4F209F02AD1E633FA29C8EB9EEC486EC49C42A6636
S219ED517AD731F54FB76B5F9956EFD474E865ED681C01FD171D4B
S219ED518FF2157EFC750B7B6F9F203D586502053EE0FDCDD0AA0C
S219ED51A4205F7C34AFCD2CE52E63F86CA67E2A2AC529BC07B278
S219ED51B9825CE567C49038E46BB9C426CABA22BA128566A42620
S219ED51CE6B89509A773B7F8F10D5B8BA564DD4824180CF4A21F1
S219ED51E3731900393A84D5449D0DCE747442621149A8DF05013E
S219ED51F8504F2DD8BF979B6F5CE9C2C19DABE530FEA88A921CA9
S219ED520D11179AC7FE7A16076A3136034572A8965207AEBBD31E
S219ED52227F5AEC2F136FBEB47339B717965B46E0B62B0A152CE0
S219ED52378495355EE86D0C0FA2CE1EAD3766C5AE3F8D2235FEE8
S219ED524C6918894ED078A411D0497A2B0EF8627ABE1F651232E0
S219ED52617899475BB0CC9C20BC81C7DE29EDD769E3A372DF1933
S219ED52762EA33FF997DEEA0760157E9A80D69C48138873CEE837
S219ED528B79DE76874DA8B4358CA10851AE2C76BE3FDEFEE4BF98
S219ED52A055615897EA16E531AD51A805EF440C6B77BE9BDC98B3
S219ED52B58AC40692D2868217A9A186D96018E126EFBD77827DD1
S219ED52CA9CD9B362D76BCED97B780AB9AEB98C59B409F7F702BB
S219ED52DFF6D11CE85BA3946750157DB9C73F081A40E78830D78B
S219ED52F48716350E1513207245E7B606BD5C481FB0CD2CC176D1
S219ED53096903ED2659F71921E1135A830E6293528034808FA506
S219ED531EE9C7C9DA7CF7ACEE7E30159E10EC7219474A1A1F393D
S219ED533375C2A2ED96ADB3D7AFEA1DE4D9B5D298D44525FE0F03
S219ED534885095BCBDD867FEB79680998998CE509682FFB00FCBA
S219ED535D77D5A111EDCB71C2E49A5C0C20A714EE8080E8B352C4
S219ED5372E9600B5DB55C2AC0366109EAEFE0C4F37ECE36C3969D
S219ED538714EDDBC0D5749DCF7F74336554C5F1A0FFC8549DEFF2
S219ED539CC6DC6D3399E1B739E885962034BB62BE1694BA8AB985
S219ED53B1B9558F1C73314C88E157E3689A152FFEDA1F9F2C8D14
S219ED53C682613CE5EDC19AAF374B986B40F88C550C556FD5A8FA
S219ED53DBFBB7E6938DE45B60AA0A43082D2B983C14416BEE4F4C
S219ED53F0B2084580FAB8CE527555EAC5322F7B2DC952E3F5DA16
S219ED5405766A71237D6D052B9E718B1FD46CB78EB86CF069F364
S219ED541A7C3CE31D7F9E13C96DA07329C12B771E71E295C6DF23
S219ED542F193F0928504211B51C28273E77B83015030AE723B8A9
S219ED54449BC38C219159C57F2E9A83777D9D27C49FDB947D6373
S219ED5459E9DA6062B21F6E48BD0AD904855F65DD47ECEA8E913A
S219ED546EE0A8E13B213931C9B303CE7780DAF696F1C1738BE3CB
S219ED54833B1F96B402A7AC402D25D908E44FCF67596736F3D391
S219ED54980AD199D3D15ACE5BBB935E272CD8CE532EF1599BCB9C
S219ED54ADD7E82D57075FC904376B9809C8E9892388A4A3F0D84B
S219ED54C286CBB8403DEAAF083D84C40B30E9E28836828C1EE85F
S219ED54D737D6BCD8F9F77AA8E9A29F8DE5089A09148ECD2474CD
S219ED54EC7012CCC2A175FD14498EB7B9D7EE31FCFA0BA553C488
S219ED550180DDA88F1D04614C2BDE847C30944A800D23A0A95CD5
S219ED55165D4CA8848C896356E88546899B13AF9CA8BF0A4E48AF
S219ED552BBCB94EA7C465F8A7BB610083B53B643DEB1F331EEDCF
S219ED554076040AF8C4E311A3E56816303645F96B2F8484605331
S219ED55555CEE14A14A2836F4EDBD795B3C5C43548FEEEADFCDF4
S219ED556AFD57731B8833E627178A75BC1B03FEE08D3691301C22
S219ED557F00221587F680A7F7CE1955AE1D6386935C988A2A77B1
S219ED5594039EC91D8A1A7B477ECA772B46642D50B0E5BCFAFEC9
S219ED55A918A72A9F700E84E52618377F82A7D040B782C49626A6
S219ED55BE8FD35448DD0D1D63DF5E0F0247DF9F3EF48BB7D97AA4
S219ED55D3AADECA499767687ED5B9977FE6082DECF1460B496FAD
S219ED55E843A187824C5CF94008E0F39EB01E09790091864F8639
S219ED55FD90146C645E3B3922B8CE42EA1B06C2B66ECB10496002
S219ED56123F644FE20F62F679D78B4CF07B739BF1C035936CE1F0
S219ED56275C35327B13C52597B03812125CAEDF6D2464F93D3951
S219ED563CB3072D48757596113D6495AE556584AB075146F35EEB
S219ED5651FD20B09A4A73810EC3964313A6C160AB3BE1781D06C7
S219ED566680745BF81E2E6AF38593BD6999C2091A6871BD437F39
S219ED567BF2A3246743CD4469BB21A7747B15971B5FB5BF762D9C
S219ED5690DCA1D15BA605FC7B2F2148903CF36F5C8C6C48A8013D
S219ED56A539711EED022F1EC277DD6B3F3BF23719E3ADE48713AF
S219ED56BA6E6243857DDBBCBFCE27EEADD1D810F1A40D4994783E
S219ED56CFCA511D38C1D5CD36D2D1724081F570C517B8AA4043CF
S219ED56E45AE995F168AF6AF7E1B507B8BB83D4C221844B290B31
S219ED56F922B9A2F24956698E73A1ED9C86A212CDC7A5ACAB1925
S219ED570E3ADCB9DEFF5C41E7FD936D1DA4CCE3E3517E24E256E9
S219ED572334F2F8F9453D78711D360BA309FBE29858FAB435C47F
S219ED5738726DB1AC78F71CC8AE6DD33157C3C53CBF849F1CCED5
S219ED574DB6135416FD3F973A5CD7C82BBFC6A25C9EFA7DB8C6D9
S219ED5762B60FFF33ED4A849D20A4625AA52D73BC807EE25C1420
S219ED5777E3A90DBA0C66E96EFEC14D30057B2AE6688742A0FE74
S219ED578C792702FAA07163ADC55AA996D47ED0144D1AAE505010
S219ED57A179F30CF9FD3B3A0CC9EBCF5BB2CB2C67B6059B7090CE
S219ED57B6EEC9A9F8CCB92C6AD541296E9FE34B1F96280AD5B98A
S219ED57CB6A3B2114FEE1D5DB6E4131AE480501338B11B5006BA3
S219ED57E074C5A54688D09E9E01DE66635B9D5DF6A07D9C5F0EF1
S219ED57F5DE893A1CBF0FEA2DC21BD6CFC7852CC4C89A5A6CC164
S219ED580A4D29374B73C09B48226D643D7B75D722A4F80584301B
S219ED581F4A296038BECF7B806C42A767E98576EEB45A46CDCE72
S219ED583425FE040C91B5E7A87D69771211A09AE0812BA4AFD7F5
S219ED58493375B53D4C11BD27AD8DDE93D97E3F75823F612CFB7E
S219ED585E3C0BC7174DB2F4B5DB592BDFC5B3CBF7D55504107A46
S219ED5873BFA4CBEAEBFFFCAA0ED0EE146A327BF400CFFD743724
S219ED588864602EB496C611951C10D90702B7CC06A597A0753158
S219ED589DCF0043CD6D9D4E530994ED75ACF9650DBF680A63D6FA
S219ED58B26C336B10B95270895AFEC2BAEC59ECF58DFB8CDB13D5
S219ED58C76EDC29154E2F8C088A405E95059B3257001B2E55E9D4
S219ED58DC6C311C1D444C37D5A59CCE7E601E4DCDCD67EE83B4D5
S219ED58F18BD2CA21DCB2061004D5584A113939E2390803C4F4E8
S219ED5906D757CFBB5C911016F3CA5CD80BD07A9AA178B6ACCCA8
S219ED591B8986EBC15C81C4873AAD2759D5EC7BF06AF5CAC22103
S219ED59304C861CB02707546815E5CD9A43D08FBA89E08E94EFB1
S219ED5945A4182A135A52AE2BE3004285462A2CB3BD6171284BE2
S219ED595A5639861201EF89A4E980308044B2FE410433836D0A83
S219ED596F5DA61CDBDFE859DF9999D1244DBCC1D1504970A6F4D3
S219ED59849AAB1F9F2BA5CA84E24DBE39C08E779B0DF8ECFC6820
S219ED59992CA5F41383A339FEE9B270A53CA3F1C30DD93792D10F
S219ED59AE64EE9E8F5CE71EB8F4F8F6B4809031E9DA9A6C743F07
S219ED59C324DC759A58DE70195EE95BC45303A90EEE07EE7A77C8
S219ED59D8E7F7888DB4C28386DF0108C7A0A103942FF62017591A
S219ED59ED4CF1AF3E32E836BD303CD158649660E68E54F8521368
S219ED5A0240DD0B87E9CCD2BA09617816A5345EE86EB5BE35027E
S219ED5A176F52FF7B68288F7E1B7321F986E60ED083A9784F5279
S219ED5A2CEAEA42B1430E702BB1ADA363F21FDB08DF91D0F4979D
S219ED5A4178F8FB667AC08A08CEB245B7375C93BE9ABF804DB586
S219ED5A563ACB345F054E29D2468F7EEE2598E4EE924DC1A985C5
S219ED5A6BB211A75CB1E9403DE6666D93DC89F6795E15DFC5D947
S219ED5A80C4F570062AE81C9E5CB8B675084EBE67E45D619B72BB
S219ED5A95FDFDD94AEA025602C0EA4692B011056695BD343389B9
S219ED5AAAB0BBA1902A593B6D54F421447AA5441A10B58363CB8E
S219ED5ABF158773D9E328E28A4BB60254D3F526E5FF2F9BA5BD2C
S219ED5AD4B677BC264A6BF6ABC6B48478E24998EF135E4927D687
S219ED5AE90CD96068A112E684831D4B6822369D77A00B8AB352F3
S219ED5AFE07E26A526FDBD5D38CF1171BE5782643F96E604BDDA6
S219ED5B130842B8EBE15CFF6E5876849DACD62AD50487AB9CBEF4
S219ED5B2837935FEC941FA3D29C8D42A695AE0F9A15C945EF1F0B
S219ED5B3DC6A460AAA7E854DE434C049E631623C02FEB79B61D39
S219ED5B52E5D0E90AC6F9A7021E644173217C18A4DF1AD2D6E527
S219ED5B67F20929914689B082C23787B35C85D9383EF961E8FEDE
S219ED5B7C85C74337996284F53A7077F6F9687BD7F533A5597880
S219ED5B91AC110FAB3E7721B722FAA6042B8EC833E99E7FEF0B8F
S219ED5BA6BC79FA66ED9D3810B07311F63D4B7EB2633DD56407CF
S219ED5BBB8D32203F83849B4F609F14F5ECF34A65ED9EBD9A0755
S219ED5BD075F76C77AC6F1156F54936224C84D15E97883491F68E
S219ED5BE51539FEF37FE503F2B140220919D82141DF97B3D3DCDA
S219ED5BFA83D3FCEEBDE3FD56305780BC8B1E5FAF371BD13E682E
S219ED5C0F86F7C61EF51A12736C0FD42EFF38E8F2381D144587D6
S219ED5C248AD4ABCF70EC8FE9D62719A135F07ADFF6DBD20F0ADC
S219ED5C3959A072EC779793DE315170D5D98E5964104441A5AEBB
S219ED5C4E77A33184624074800D7DBB78CB6AEB5DD91A695214EE
S219ED5C639AF9F263A1A6D6BFB1744ED7581B3498305DA120B4EB
S219ED5C782BE7878D33DDEA02F6F2B567E21FE6F8141872E1A5FC
S219ED5C8DCB9A865F8B0C75E965DD68B07B60ECCEF686A551B3BD
S219ED5CA2D0EF41AEA3B24F257E9F1E30684DB3B6C59A485035CF
S219ED5CB7252D4C626DDAC97310B035357B7CCFD58B1BA6DF87EC
S219ED5CCC60565D5882C6E1D88DA4A09BFC49F65DA5C6A6403BD5
S219ED5CE129500C03DAC44B6C04E22FDA8DCBB091351A31FAC518
S219ED5CF66C9EE21A21A268733B3F950BA10F52A21A8FFE7DC160
S219ED5D0BB3EC414ECA00DE8DEE49F7D51D78659D241EFE82963C
S219ED5D20A82823C46209BCF4BDFACC590DD22378996F640B3CA1
S219ED5D35B68006B1BB4BBF3F9E89AC3DDC3B771F078193DAE3E1
S219ED5D4AB8DBA7915A8255D456D06780F0583E6D695EEC63DD8F
S219ED5D5F12E496440B32D26A32393FE5E3C066FA29BBEB00D1C2
S219ED5D749F058D19C55ADF591872A387B4F97FD3D25F627B9A2C
S219ED5D89A5559303D9E8D8D7BCBFFDA0D12012C8C7BDDEA61711
S219ED5D9E19F0B958D0B5486D5E4130F5BAB781E9F205D7DFBAA4
S219ED5DB300D6D131DCE98877B357154234EE3716925D26FC511B
S219ED5DC83F80DC610721FD0557E121676F0A0DA57AB2B046247D
S219ED5DDDA378662D26468B42D8BC55F5C0803D01A81CC0404A6E
S219ED5DF232379B9E17373CFAFB2E2D3531EE78A66AEA057AF6F3
S219ED5E0728D182CF0B6213DABD78DF76970E0C9706E4767FCF70
S219ED5E1C4811BF9FACB6E1C459CD55C8A78B3686C629A20D1BD7
S219ED5E319FFFD8AE6E4A08F2D1BD749ADFC5FF894FEDC851D3A4
S219ED5E460FFDCD8469CD641D2212329F6431FB4B876E8EE124D9
S219ED5E5BFD0079C69D1B0DDE8C4A2A650030ACB4704EC248E4C0
S219ED5E70590BAC045233456E2398320686B2B23806B5B68D2F9D
S219ED5E85CD39E4E25416FA43E033662D6E435ACCF139E203BD5A
S219ED5E9A38E0612F4CE8C515581C475C653E2E09CD2B73F751A7
S219ED5EAF8C6E6F6C37BC537787EEE5C13D389A49925CE8CB8DB9
S219ED5EC4E02058A5655B4F6993536BAADE0947E38697E8E61853
S219ED5ED96AF7ED6F44F1C8C8CB801FC8AFBB9A16465412E5550E
S219ED5EEEB93B1E4633EEF392F3F4F4EB5BAEFD52905714D75966
S219ED5F0351195FAA4FCE127BF99445A90DE5C16618C04E3F423F
S219ED5F1891EBA4728C7D1D3C5EE1654E7A0927C4D38D34A1A554
S219ED5F2DFB11FFC96D5ABBE50683DEC454F29C75BBB0B2138FF1
S219ED5F4244CCE55CE34535F79568B03AF0A54BFA13AB33299543
S219ED5F57D94B9B4FE6DF3C77E7AD3016CF1419C6518EE36BE90B
S219ED5F6CCDA3ED56C4B45BAA5E2B14AC558BCCC3899587AA8077
S219ED5F81B12C878C31E9927A90CECBBD4105823776E9E4822237
S219ED5F96038FCE7D8B37A5005E86B87AA0B1E52FD7E8E98BBB57
S219ED5FAB517ABB647B512C31D72F2FD7DE727C27A6DED34A8AB2
S219ED5FC0BA4638E1E347797001BF2B7DCA17DB9DDA8147C6EA9B
S219ED5FD52CF7B23A7DA55157F9E19AE6A62A55A81A4614E7C3A7
S219ED5FEAFEA0CC9DE89A8921A5138FD6DC8EEA4D39368684B690
S219ED5FFFB6DA23926E2814B86D0937FB75DF6D2DE003968889D4
S219ED6014A31F9FFBB93FB2B5F42E1BA1F37ACA813A1BAC6D8B3B
S219ED6029A530BABF9D34DDECE1F8E585C7D06ECB5978165F032C
S219ED603EAC5EF43A5A566587439259C30837011B8AF643652EE5
S219ED6053E089EE5E4C8D708BD9B6471607E89B86031F31BCC3EF
S219ED60686B2A769FD9D22A7A939418F30A8E208840D0EFB03CDB
S219ED607D18EA4CF5B9B24FE1197411A736146C6B8B848CC4F584
S219ED609264D5F8A0866128F8CE3DA545CCB088EDFD30534CF885
S219ED60A7CB92FCF5CE7CDF034EDE67DC869232A01AD394EB664D
S219ED60BCCD8E3FB82E449921C9E1690C21F055A20D1A9E5DE234
S219ED60D172EC967476223CB3F551A1D017327919AD6755042AB0
S219ED60E630634BFA3877BF086EB0A4F574949EB3DB1A8E6C5A0C
S219ED60FB65A4E9CE4C9351FB2D0E6AE1C288B883C94FA772C5B2
S219ED61101407CBADE0A86E3E1E7987939CBFD24B813155C98E3A
S219ED6125F5C1802A757CD444FC4C786455371160B671AF45319D
S219ED613AAC74FC6F8BA693D49355A7737E2CCDC857381D978235
S219ED614F6493FECF9A15E73C3F8828A049AA6C51B2E83DBF439B
S219ED6164A7348DE48F3C2FB2A02B179F957A90AE3038DC722C8C
S219ED61795F6753ADB8462CDFD4F1AD0B0F1624A73B214EAEAAE1
S219ED618E369C01964EC9B04A27190C9937741D3FED7286F58446
S219ED61A39A45D5CCB97EF02F75C95501D7BD7DC9E5A0A315185C
S219ED61B89C7A812FEE75DDE3464A6EC0B0D1D0E2CED64623D821
S219ED61CD6E561F84034C6C5E406083FE1CF24DAEBDB87E823775
S219ED61E23F5E8CBE03E1577299B337B0A55318C93AAD739D24FB
S219ED61F71B33DE696AAB16F1518324BE47711D5523DA648FFB25
S219ED620C64E4FCC0D0E38DC9305AD3D6E16C443E0256E1FB1A2E
S219ED6221EEEDD772ECC620A7C89AD620520A10BAC1DB768CA11C
S219ED62363C1188C8D6496AD5D768B23F9A9E195FA8B699867396
S219ED624B874DF0F374480807992322FEAA698115835B19BFAAE5
S219ED62604367B242B2AE862E052EB2BF07089F05213431958D86
S219ED62755BD230645EEFD120F2C9F804190CED7372766858D669
S219ED628A63422DED59707450BACD3408B8B5602705BA54B7D56B
S219ED629F6DB778FB9A5398660200CBDE98E983E4BA5E085EA5C0
S219ED62B42462C77C62822FC9B8C2719A4CC7F80343D603B07768
S219ED62C99819EC56EB00FB922DEBFB06DF3607F54DB96D23554E
S219ED62DE06594294061A74D01801859FA99F13FA3C75CE027499
S219ED62F3912715A0480FE349992D69742A68D5FD9D13727AB45D
S219ED6308D3B69B33916682384B54EB9991CF20243A41598C104F
S219ED631DB4818228B726A8F5EC4CD877FBDD3A06C25DE0A5A637
S219ED6332FFA303C1B54977489ADBB8ADD2D40DD85C1FD7A310D7
S219ED63473A25AC6C8990C34DBFE0DA996B864BE2B6212DA3C711
S219ED635C6B7EF2F8C4FB8F44C38B877FA9CAA3ABF02E9262A707
S219ED637142688DCF34227B2E2109D9BADF4ACD60962B7E7161FC
S219ED6386BB5AA9853936F17E95AA2C8702ACFCAACE2BDFC54EBE
S219ED639B426ADD04246C1F50DB81BE4B847E0258C50F1DF89B2A
S219ED63B047820AC495F029DED5FB9F3AFA4F0E3B46BD0FA928A5
S219ED63C537C11BC1D8DCCA9419EDE5E8D16E7E166408B962C8F6
S219ED63DA1C4230FB6C2F4FBC0A610B19AA2B54BA7B822D51ACF4
S219ED63EFA6AA3B649E060B91D14D55105B3B562D607663F8FBB0
S219ED6404D7E6DF00575FD1B4E0F11B6FBA0E5A9F2F7ADD2D8962
S219ED64192F11571C15DF633D8E487F06D4D755E1E8BDC5AE01E0
S219ED642E3368F902F787A8463945C54F820D80002121AD0B6367
S219ED6443EE79CB25312E44B74AE1197A5B5C41528E41C9AE0251
S219ED6458CD9A17A5854EE84DA77C41C9E2C86B1D259055551B39
S219ED646D9169D6010E4DA50508650F49467F3665DF1DA5F8672D
S219ED6482EC3E95923F98020AE951F870D9AB95655AB8DB4E88FC
S219ED6497B536A69E8024BB3256B22BDF0C91C02ECF7A32C00E58
S219ED64AC6D6FB2E91C12A1460E57FCA078FBB846025D35AC7536
S219ED64C197798E16C8C8BD4A2B3A611305CEA15C142EB5F142B6
S219ED64D6BBA545620550D0EA308F210DB58CD87315BBC4242058
S219ED64EB34C3DF6312B8AA9CBA5496FE3D95B94500500EDF367C
S219ED65008620F7347AAFFD2063ACAE92175199FD2B9C1859A058
S219ED65153C90EFF88F7BD4944E09E0898CFAA450F64EDAB49BB3
S219ED652A34533FC889CD9E63B44D38745194C9DFE9AFEBC123E4
S219ED653F97820F26B7B2A9FC67341D3772E3E9F235DBAB5DE8DA
S219ED655470CD63E36E59CEB7A125A3EB3B9F04598C324AA5F049
S219ED656974A030B69877D73DE86CE99F3A7C5E841958DC87D8EE
S219ED657E81189BF3DB9A906A7FFC5CDDDF5EE9E0FCC597B7684F
S219ED6593A53E226B7861CD71737C3AA7A4341E2880656438A06B
S219ED65A85400138C2DE544B8364DFC5E60E060A8E2BF2BF3B354
S219ED65BD0C6B74C53BE6A5AF9C94CD052CB2C4A37C8A62A84D0E
S219ED65D25B9A611F84FFD822FFC28C33191C4A2EBE7B384EA143
S219ED65E7169D11C392550C95E0FC0584559C8AA3AEB988C5A4C3
S219ED65FC133603710C63152D903353A573E918CEFE5D093BCEC0
S219ED6611D1E014E5CECA16A04F89E92D451C431B17BC9449CF5E
S219ED6626EAF633647A30AC028F56ADFEEF43707C3D50991A0DA3
S219ED663B97887800558486B423EA6BE890A2A8F7F5DB2ED2B9F4
S219ED6650A34D92E5BE336B02ADE278A5BDE017FDFACA158C1AA2
S219ED666520B2A9C12AD7BD274284B37BF90922D4BB9FE41C3B8C
S219ED667A7078C1CD9E49D6024AD68F6B57860DB9BFB9BB5FCCC9
S219ED668F0725B63E461D0380B4E3AA15C0F8E17727B4AAF1DF43
S219ED66A44F7714A26B551073E70128066887EE5271630CD7C074
S219ED66B999EC9697447A9EA16ECB84E0E0AE35FFE3E98843BB7A
S219ED66CEEFD4BF29C556381B9BD9872678198613FFC5AC2BB412
S219ED66E3214FA474A33B6B641069A34D3C285781A245F79CDE7E
S219ED66F8396A3EBAD7C893441B8B1938307195ACDADF0A7BA4CF
S219ED670D9B76DCE008E5F0C0C8DE38001E05A1B2FAC39193499D
S219ED67227C347A74B431EB5F71ADADED632AB0EB412931000622
S219ED6737BEC0969990099B8622E18F434EEB22A1BC9E4DE2F4A6
S219ED674CE3F2CD1CE9FBDC979CFB24A4EC1BAF5D8C341238F7BE
S219ED676155388F83B12B1EBF74F604A4A1418CDC91316FFEC08E
S219ED6776741C67FBB2EE1655BEE5348C61BAE823EFEA81751DAA
S219ED678B98F40E5FEA9EB278703C09102F23FED98F33EEE2FCE0
S219ED67A07CEDF1011F2AB1E62F7ED805CAB4551DCFCC5F6AC415
S219ED67B5A7B0FD18E067E20E0AA82F82F50CF28F716CDC0B95FC
S219ED67CA0B885D0C3D078C9892A8FDBEEECACDBF191A59689C9B
S219ED67DF95854342458DB5BC4F9F8626CC8F67921449DD9CA667
S219ED67F4B4ECED504E833F50E384973DDC9EAEE901C399F3EED7
S219ED680907114160B5C9D34621FE47F2E85013EC8AB8C83F87D9
S219ED681EC25C367A87DBFCEAA1AA7D884F47267E483B341BEB16
S219ED68338A60D3C24BD7EEBEBCBA219FF4C192544627356EB47C
S219ED68482969808A79FA781ED317284AC67836584CE626EC65D3
S219ED685D5F31399B61667239E6B6BA8C975B9731854762D6BE00
S219ED687282016B37523796F7BB150BDF01627E6FCF2C4A814ACA
S219ED6887CC4C1A9F3C3666008B7FF761F9A2E92C8F7676B10F14
S219ED689C8D72E5899F0777E550C06470756C3BC3DD2988E1B1A3
S219ED68B167DE270541893F1B3C7B7491BDBBDA1A8039E25BA28B
S219ED68C68BA8EF7BD6FB0F84128DC472D421C6AC48D01FC69100
S219ED68DBF48A58B4A330EF5ECD1D3878E827DE52D7F04260AA20
S219ED68F0DD3CC77EE443363FB04A32AD1126DCD3966DC34116CB
S219ED69054FFC3D4CF95EAFB58D4C283E3EE62F84DB197CBBC7F4
S219ED691AA1DC6B3FB5864B70CFBE411C064C08328E5441F0E3ED
S219ED692FD40BC024F79344CDC1E24FB245F136C0D1DDEEE5377B
S219ED69446867ACC0A3CC4E9F59E9C2F8093E682CF215DCA189D1
S219ED695902ED8A6711975B055A9DC5A0F07A1FBC888A4CD14639
S219ED696EE0C4593CB4A2A652E7369E2BD62FB06B179318980536
S219ED69834F122FF3347EAD414EA3E849DA3E7E100F6BE775212B
S219ED69986B58FF3A12894E280B0B998F44BAFE3567448996634F
S219ED69AD10BF4EFE037CBF9D19EEB1A2EDADB422868FA3A1F8D2
S219ED69C25B3C88663937DD5DF8B57DEBD04AEE4AE4967337B460
S219ED69D72EF766702A95F62AB4CA8C494A376EA02498DC3C4DDC
S219ED69EC5555DE16D2BEB68DD5D45B8CC9BC11BC01155A246F4E
S219ED6A0146F748695354ADD51E7A9B65C5B4DD9E4A2C90A446FB
S219ED6A16CC65DCAD124A285CAC9FC28D51ABC16E119F9F80F853
S219ED6A2B3962648F1329353650CF04086B05B19E4BB3405DA208
S219ED6A4082A539EB88221E40A6A1451D3CFBA171AC509487985B
S219ED6A55A3649CDB63C51C79653B6F27D892FED7BDB0BAD6A6E7
S219ED6A6AA45C223EA357D90E56588C0D4BC8B82559C07BCC90BD
S219ED6A7F2DA3B1AF53CC6D04D151065AA4FF110938BFD663F5EC
S219ED6A943977D45F052A0884841CD3C9677E657C7F80039E318A
S219ED6AA9B0DDAE998C4E7CE3B30AC7358A0191E9CCB0FF6BB085
S219ED6ABE38EFC99060EC1711B324C51D7F3A859B0308B6533304
S219ED6AD310544E985001A3640357EA76EE40BD4D6A3814B99A1F
S219ED6AE80D89176DA9A4CF12675B6FC58B4AAA37033A460668C2
S219ED6AFDF8676BEBCF44082B51A4145D77A268F6F417606EB22F
S219ED6B12ADBE5926B751758C7F38F98768C9275D8AFE06CC78CB
S219ED6B2781F410C50643B6551DBC9B0B123858823588734205AF
S219ED6B3C2F4A833BDF6A15A581CA2B946FF5832B3F499F437E14
S219ED6B51DB919B096F4E889BAB083A149F000353980230966790
S219ED6B66CF24DB498627C559E7968821EE364A3AE5ED34E61874
S219ED6B7BC4DCACDF840A7D24497C65BFD06257B30A040DFD502C
S219ED6B90645523011F09A6297BFDC80F9B2DE79E8B0C799B885B
S219ED6BA583B254FE26B3FB10021A6D5C7F24DC106FE303C0EE07
S219ED6BBA812BFDF943316E1FBDAD74528B111D32261C57B029A4
S219ED6BCF68A558F937944B2AFFFDCFE8066ADCF37C4D265DA241
S219ED6BE47BCF2E6E16B480E894A6B4DED77251D1D4A07FC1CADD
S219ED6BF9229606A0208983DE58EAE9CC814EE546D44DBA844499
S219ED6C0EAAA5A5DB9ABACA44E0EB290716E8B133BD9D4B0FFEBF
S219ED6C23430A8DF81F61336B6A5E8C3BFE7ACF07807BC2DAE81E
S219ED6C38EB2F409F23C9BBAE56A4733DC9E7EFE7F0312D58E24F
S219ED6C4DAE45271958D30AD50514C1638F33C595563B157C5632
S219ED6C62159B88CAC001A10606F835BEE6120FD55DF97C65417C
S219ED6C77928CBC74B2F97D1F5C8C1E696128762796AA38BD2592
S219ED6C8C8E0BF885D08757951B1C38D9EF9CC6075655455CC1FB
S219ED6CA13B4A1111ADA8612444DA2C0E656486F5679F5F507C9E
S219ED6CB6204CC24A10C325919AF29D13AA2949709B8360144735
S219ED6CCB0219A0460C1932D94183D52893074B5C11D39B0C659F
S219ED6CE049F16659E545C831B63394A4920F55AB71AC903401ED
S219ED6CF5E6D8864EECF9179D97DF01268960D35FE6AEB2FBD2A2
S219ED6D0AA8F163C3FF8FE257DE3870E36C9B93F06DB4E5147E71
S219ED6D1F552DDA334558ABDFA5B511094A5A7C0CF05CB1738423
S219ED6D34F38F87CBDB253ECF1D18FE2F5EEE3CB9A40642B11C1B
S219ED6D49742FAB2D6A02FE4ACBF0F076B5EAD5A7C38CD33ADF9D
S219ED6D5E103345038B00E83AE36C0B3B236B819AA41CFEF74EB5
S219ED6D73E8A9331B8375511F8DDAA8CD1E7671E683F5B3FAA244
S219ED6D884F851BBAA85EF12AF1BD4E8C7B84217F875BD68A4B86
S219ED6D9DE8B13C64648C768E29A4E490F23C72A4247946BEA3F9
S219ED6DB255DA17061502F7686F65F6E77232D5C355DF8F027CEA
S219ED6DC788181993D7AEEF22FD33A8FF98B20E8EDFF53F0642CB
S219ED6DDC8299DF16005982C7E1956BC2F13F04EF404871AA375E
S219ED6DF1DE37011325E573CA33F61EC30005EE5EC5217C6B7291
S219ED6E06B447A0FF3E544EA32B56F60A8AA44037D18F22FB12B3
S219ED6E1BAD20BE5C886109638A2B6C178623756DF3B9179AE52F
S219ED6E30AF44DF027E6DB1FB39ED3A0E4420F3F1839ED704F14D
S219ED6E454744691953285778D383EFD90E3546D089DC0F1FF0F5
S219ED6E5AFB75537B1C719A04535FBE8558EEA7C52D89DA02DEB1
S219ED6E6FCECF0596AA7B79344BBCB6D1C6A7145088A83B52BF37
S219ED6E84640FAA79C035A13A13B3671304DAA3D4E55E6B422DEF
S219ED6E9976799FA4FFDE534C0CE87EBDC3D8A37ADF423223D215
S219ED6EAE2135BAF9DF66BD7DD8D5C9F9C3451C16E68BFD95A009
S219ED6EC3436700E16B6E53751F337600EC188D23B598FCE57D75
S219ED6ED8399E6D42E8F0B907F0824956C902FFD81E11FCFBBB01
S219ED6EED0C3A758D1367D3826C947390FF255C7D63D1D8A66471
S219ED6F0281F8B0FC7FFD372DE9472397B57201788B518EA133BB
S219ED6F17EEE9B1F9329685E6CF53876096E49CACD8D4654E1D78
S219ED6F2C24A46C2E690CFAB1EA9F55FD3E8B8AF603690E1736F1
S219ED6F41742544A88BB0D7717905164C812EF019BB4FA4EA61B0
S219ED6F56FAC9E8CADE788D071A1D09917A5A9753BA2BF2B118A6
S219ED6F6B8DDD1FD0A83CB89BC371ECFD1F355AAFAD647B41A0A8
S219ED6F806EEB02209A7FEFCA52BC001536C8DFBF6DAB0904EDEC
S219ED6F959D2C1B6FE9B1E68937C0077BEB30A2C3CBED758B7A6E
S219ED6FAA15080EA354A1D3FBBD13DDA2F786F34B4EAF4A319D30
S219ED6FBF84CA347B47077EAE93CDA379BF0F410733CB40F3DBB6
S219ED6FD454564A0DC1D9430AAC595CAC6EED3A2B10456118A48F
S219ED6FE90E75C1A05E860844B8C76D38FF4B08A1A5F9C73C1FB6
S219ED6FFEAB3B181AF77D742279011CE9FF7A1D079D3175319B3F
S219ED7013CDAC2C8F23AFF363D06C4BAC027D271DD4C65860369C
S219ED702869AC3B2F4F3B88EC405692A575B7DE2271A2B1EAF04D
S219ED703DE0B30B900F3CC328000EA0D7040FD1E7C85696A7E756
S219ED7052F3A5FCD23B171524D012C284809E05CC0361E0B77ABA
S219ED706785A77CC1C36B71ED87C4FF25EB84FF46A3A4D373C0BD
S219ED707C77AE58B7413F8ADC1DBB5184437A910D5BF680D0301A
S219ED7091BE07D7535C581F8812833F813EA28729C27C9FE8DC28
S219ED70A6619ADCBC6443BFC40141532970489CABC780F78D0698
S219ED70BB54F4A46E0D055D29C7CE5622A7C4112A1F568FE60837
S219ED70D0DDC5B319E12ADE84874F4CC0AF32AE26D6ECBE9BE745
S219ED70E5C93F12BF710D09A70E1686AC2C7469D3940F7BBD3A56
S219ED70FA4C3E57A1ADB06E8B0C029137BB634DBE1C8AC580A429
S219ED710FEF6FE836BA2F69BC834A0A3C20736DA3624C52A9ADE3
S219ED71248428E76A0BCDA2FEE798E261F40F403D90442E9D8886
S219ED7139307DBFAF3F3AE55842559DFD242DD2356C72A138330B
S219ED714EB479D79636966F666C643762775208DB945B84726D98
S219ED7163CB8C276D425878AEAD3DF30544B286E83368011B116C
S219ED7178551CB7ABC7171661551E0F9B6EF2C0493AA2A38677E6
S219ED718DC705BF2122A8DD5FF9F1FA667DAE1B4F887F2F6D00C7
S219ED71A24F6EC82B1E4263782D2A3C24C589F0D09037CD137B14
S219ED71B76EB0D719F9F39B5315E056F5A34B4A1E903926B7CEDF
S219ED71CC5AFC1F976FB7A53745FFF50F8661A622481839425686
S219ED71E1E5975D244E12675ECD1CFE2450B8204C07CE5F38702A
S219ED71F6B64B6E979B2F70FB4A562E038A1006DC027520739B65
S219ED720BFABB7F7B8822137AFF36A3F6B7A47BD035667F97B5BC
S219ED7220DD8175134AA2280247E3D0F8FA1E9F4A6240BE6A535B
S219ED72353A227FDEACF9D506B4F9A31A3534FF6C2FA62DC359BD
S219ED724A02F430CC9F638C188790326C3271105DE6C62266A309
S219ED725FA89D0D8711E95FAEDAAE71CD724D9B7C8708B023AAA0
S219ED72743E1734353E4320DDEC65D0C2392BF1B74356A3A2BD4D
S219ED728967A3DF991212CB97587BE8795F08F5A25F99EB2A05B2
S219ED729E8C8CC63E5431F8B9F9B36B366B7C9C78F9E2E7209FCE
S219ED72B306331C6C5AC92A11D1DFED5F3DFEAECBF88F62CB53FE
S219ED72C89FAF4C04D5C68234ED0E4637C3F5504B4B63A1DADA02
S219ED72DDE5FC2AFCFFB8676DAB77C66DEFC7513972EBBF27013F
S219ED72F2A2205C51F6A1C7C112A12B2DCD5A2DBD056B179319B8
S219ED7307FF0320D8D3FCAC62487F83BEE8CF0519EE320F1D7807
S219ED731C6CD01BBFCF54BEB8AC440330BED7C693F92AC1EA6A72
S219ED7331D97EECABC6D16ADACA9CCC07AACC30D483968F7AECCB
S219ED73465CBEEC5077B8F99AC43548012B1305E0545460E6775E
S219ED735BA7B9B67F7C14393CADD726BD9EDB4CB7294EF31E0C1A
S219ED737054903CFF5290FC9FC85D2D45F3882EC7DE59CBDC6C29
S219ED738582AB86E9E75C7D0A940B0C4AE921BBAB678480EB27B9
S219ED739A9CFE448948D422897B2F375D4DD5D8A82A8134552387
S219ED73AF44A2C2B5707C65796017777A4E245A451EEFAF7F4EAE
S219ED73C4FF995E1E026726410909D44FA62802B23132B6B94213
S219ED73D9F629AB6B7E863DC4EE3631C7DF92BA62F341270478F3
S219ED73EE1366D8EF327D482BFC37CBF7378D33AC6FC19FB96BAB
S219ED7403E4D984DB462E3A45362C5619C84A5ED58827AA25805F
S219ED741861C7923155B8F50689CB2F78B392BF8D50CD349C4BB6
S219ED742D806EDE9B151BCFA60AA517428F3CC7A77DD70520444E
S219ED7442113FA4EFB2A097C4BD7D47D93C574D4FD51F8B6769DB
S219ED7457CE6FF3B98D02CBA72682149D85C753253BE5D87C793A
S219ED746CD66EFBD1A1366B55F85707CD446D7BC5849920EA4FE8
S219ED7481814E4B00A905AC1C522217F1068B20D6D5D89D4BEBF1
S219ED7496BD3FC034CA5EFAF4C20BD161EF2EF6F7895874717E9C
S219ED74AB03A684F77CD7E38B7845F99D33723D9F17881FE75F1D
S219ED74C0DA735CF1771239F9D3D3A8F3F1AC383425535BD61766
S219ED74D52AA95E92F03C5108B55B928FFCC62D0A245977B7D9BA
S219ED74EA8A0EDCFAC84EF089C4039D6D0298377CD060612FE7D9
S219ED74FFA6301EC04CDC261F834401E8E483118642AA3723AEC3
S219ED7514D616051C30756B715F6D61B0BAC7D999ECDE9FC4FDE8
S219ED75294828F723BC8A40C894C6F9A6D36FBD224FEFDE144BEE
S219ED753E6D61A49163665DB2BDF3D78C8B8B8789F709DFEF4420
S219ED75534ABA442A694D3F882C6F70BA4FC00F75AC9BE2DBD313
S219ED75683AA825E2D5BC7AFBCC5FA9CD9A674ED12823E6AD94FA
S219ED757DB1E1B767AFF642433D2606EFBFAD0343414C58FC87BB
S219ED75929B8E89BB7408A853C4AF25EC332990E2ED18AFC2BE88
S219ED75A7F35024003E9003E2A1051BDC90323E3EE4869F1A2F96
S219ED75BC20421C0BA892B732312C9C3498B11D2025761B673814
S219ED75D1890C1983F2B990113990C61109D53905C5B93CE96F68
S219ED75E6780A4391EA141EC52E14B8401DD427072D57D66F8FB6
S219ED75FB20FFBE45ABD27D9781D715B2E67AAFD8197C2F4DE6D9
S219ED7610A7D11BED8251330EEDCB4C2E3D609F27638DB101ECBC
S219ED762588AB525C4845913C33AEC0123F8BD3B455D8C38B1A8A
S219ED763A3D68879A1B5CD094B2C22E2A5FADD62A76DF35126ACA
S219ED764F33DFEAFED8446F2F31CC01614019FEC67609C87E1D22
S219ED76649BB475D6F3FD24D8E2D70A46F3F43FF4FDCD0D53DC70
S219ED7679C51F55CC93B55B11DE44E78FB8D256450C18022B093A
S219ED768E1F8B3CC85BF840F414E8625199536015B0E41BFC23E2
S219ED76A3DC4E0D78FE072FE2D73DB80F3FD27E7A9E2F79E135DB
S219ED76B8B6AB35069673D8171FC56305F6DD05CC6A47CEF110C7
S219ED76CD1B112FF9652B5E47A38DDFB45C6549ED190A3C5BC5F4
S219ED76E2517CF0ED802335514DD319214708EF0689D53E626BC7
S219ED76F79F54EEC03D1D2AECD9875F05DC3513F0DC1F50611CDB
S219ED770C8595D93152B19F62DAB52DDB3D05536DBF1D4732461A
S219ED7721334F453FCEE8756B71E1CA998A0220290303A9364C0A
S219ED773620EB08CAD7A3733A41449FF49E9D7B016FC56EA7F040
S219ED774BFB1F61BCCD6D5B69E7C86962F5EF3941D39CC30E3AB0
S219ED7760AED1E08E47DE7964048DBE60B04203B583CD8F266075
S219ED7775CF5FC6097CDFC6078BA8D958ACCE26FE5B89A8781DC5
S219ED778A339FA94D7F4540DE7879501C8E1CFC2D1F7802F7CFBF
S219ED779FDC26482B618A329042913D11B17F434D59D00927285F
S219ED77B43A3DA253027314F274B65342DF3849F74FE653625F88
S219ED77C9CABA7852D2B66CC33BF4F3C65AA5679C937A9215FC1A
S219ED77DE548BA2ACE902487D429AA886EB1D6411647A82A83503
S219ED77F304E0AB204CE1A7BB75AA266EDF6A164142C2B491BFF6
S219ED78081D6C8D4C61D893689879C6765E28433A7F0186563700
S219ED781DC4E2DC3D2CBB068794B8B4D4843FCDD6D4C6CE349EBD
S219ED7832E2AC8D58B40034792F1197EFA694F20447127B593424
S219ED78471C3F3A55CD9B61165CB704F9A088DD1FF5B57F35657A
S219ED785C9B9A712E1BBA76A7E019E6C28BE72FFDD3A0D5706EFA
S219ED78714CC9DB1B8428FDB92DEA22AFE6F24922066FA979AD34
S219ED7886BB882141C597CD2412F88E487F2A6653013E88A6B4A6
S219ED789B2DF79414616E5B2D7589BB7BD5FECD9672DB5BB3B24C
S219ED78B0BA75E4C7527620615CF74DE8628BF97262C5CA5A3251
S219ED78C5EA4D6D2559299F48DEAB044892EA5BD43EA8B445FB30
S219ED78DA71DE530A675CB2304BB777BE074A8A40F14818A59579
S219ED78EF7DA6E850766872AC1DFDE7463AAD45C9D9E31C5521B1
S219ED7904EA971216E89A0CB7AC4E84B170D955F2F9B347743533
S219ED7919258DF1A0CBD841766DDCAC042E869E10782A7A8FBC08
S219ED792EBAB287BD80A590BBB24F1DB95161FC01738843073433
S219ED794390D16EFAED13D3DBFF729FED7863EED39505664DC917
S219ED79580AA9F02E04326CBFD7CCFEA9BCA91DDBD3E7A0285578
S219ED796D0164F01AC5C66269BD13D9E9BBB7DA975157A605FB8B
S219ED798221EEDC6862AC78AB639DFE4F547A0446561208ABB545
S219ED7997045D3B89794BDED6067B58C9AB34BA0D514291862C2E
S219ED79ACC7803D0D582DCAF29608C8F6818F2F13A4CBFECE54C5
S219ED79C138D761998B63A04E136DA7D1DA380863E4999E6704DF
S219ED79D67E06522A5A3CCA904BCAAB348DAEE24E5E5DC3E8589D
S219ED79EBA66F038CF116DCD3C195945FD5F901376F3D0D24ED22
S219ED7A006D08384DFA264F0B496CDCFE55AC8350E22887EFC266
S219ED7A159970B24AE0E6407600D91C6D0FFA978D18406659B58E
S219ED7A2A4A7170DCACF5E61D55C407ACCE143CF1E555FF04147E
S219ED7A3F977EBB50ECB0488DC56FEB2787C374AA8A50EAE04914
S219ED7A545265CEF11E388F01336E5EF9BA2239397615637C7CA3
S219ED7A695977CE6CF46AA27F2EB206B7E44D1206D43F99EF020A
S219ED7A7E0F3F4A726737162BA639108233EF78245CEE83AD620D
S219ED7A930C81AB6C0C4AC7AED856DDC3C2BE5CE5FE8EA49C43DF
S219ED7AA8B0E027E73E56361F8C2B80D66B3CCC54DABFF40E12CF
S219ED7ABDF1BE5EB2F110113A08B9688B8A56D4B3DB721FB8D3A5
S219ED7AD2F3B9863A578D679691F01741DC69089ABB29EDC732D6
S219ED7AE76FD562C7B4F3B5416D95AE24DF372A95A74C944C868C
S219ED7AFC61C610273E98E73A01E1A2382549862D92738B7CEF56
S219ED7B114DD76E30D8EACE1225A387E51944E994267E8D760450
S219ED7B26EC5A1ADF74CE0294DCD512F0CB049018E8DFAC77B479
S219ED7B3B18B5DD9FDEDD513D55B52604D56DB5CD65F6AF9DC052
S219ED7B50CA2E1529AD3F0DDFF51A343A95AC8671A863E6B020AA
S219ED7B653AD8ADE47E473B89941BA977AD711D4EE0514377AA00
S219ED7B7A4A9A38623ADE7DDE18619A8DF4BE70E4D898863CE15A
S219ED7B8FD9FF8FCBAFB82E076274A38D0A7C59E09E2D77ED65C8
S219ED7BA4C08D6810C780672DE02F3E555FC8129F43C426AC8A5D
S219ED7BB969B150860C4E967C3446247E2BE74432BB4BAF11DE21
S219ED7BCE8128B956BC06276837B57C35EF241D706464CF474844
S219ED7BE3AB977DBA7E9E37BF0017230A6F32D769113390935232
S219ED7BF85270C48D31841BE4EA1A18E303610C64631CCBA507F6
S219ED7C0DA9467A842DAF22619E634C27F2B6A8B2FC5873D423F0
S219ED7C22E8836B60BA162A13B766BA6465417FA8C6728B24EA3F
S219ED7C37493616A24664000E712ECC570466143646CC9C842D82
S219ED7C4C5BCD410BA17F1369CA8EC1E6338B8DB09DAD328C2FF0
S219ED7C61ABF85254F30276567C0495BA907B9D81A4EB6855527C
S219ED7C76EEDD1AF0C8C825728BF060D379C63391249B02E51F95
S219ED7C8B967FDC8F40E3A2110FCBD2733568F0B877AB9D1BA4BA
S219ED7CA049954CC1DA105B259F832C6466C65E82F9E54ACC7561
S219ED7CB5EC543154341FBF62EC96283240698F06EB54DC51E821
S219ED7CCA45601FBA18A2E14428E5E9D6A444913809041E1EA5EB
S219ED7CDFD709114BD0190601CA9E259C83024F6CDB5C7557AC5A
S219ED7CF41C74F5955EC0FD3C7833B56AB239B4DDFC47199A5E7E
S219ED7D0906B17AE42774C740043CD437D597C97D87F33DB086D2
S219ED7D1EF0AD15E5D0BC325C765B7FCC5F60A201255A4157E236
S219ED7D33B1F57F6A3E6E855BF2758A688DC680C2B4A91432DBC2
S219ED7D48D8761DCE436EC87BCBB869A310C7C556A22E395069C4
S219ED7D5D548C0C87ACBB4C8D4D9E86413F4B42FFC2BEB1B60404
S219ED7D722A060214910F99AD9CEF65F57614B0ABA936D669E412
S219ED7D8735420676BA6CA518D2D84395588E2B7B6BCE18D38A63
S219ED7D9CE0C57F02ED72073371EA6D3054853F27F307E3990173
S219ED7DB120323EC278A61DC169CD6642165E383F728717762E00
S219ED7DC690AADC7BE81BE94C2B0BA5C7458F3CCB3720DE9C831C
S219ED7DDB17FC4954AE59F8F135AF7B1659DF946AF90240C5DB7B
S219ED7DF052F3CA3178AA26867F25019EAA64BACC5795B22409DC
S219ED7E059A82E0C1D3BE523A9A718CAD6237AC95637EDACD08EE
S219ED7E1A869826D39EF0B774E96DA7F4937C7D818A1D20C8D72D
S219ED7E2FA0B9A5A934587B8951C015FE4821E576AE871B8FD975
S219ED7E44301EC62254381C56FD7ED0E2C89EDD23BD909CD5C5ED
S219ED7E596B8C90836E1DC268CF04BDED8B86AC86DEE6FCBF958F
S219ED7E6E7D01964FE45E92DA32624CC5DFA02977087A900376AD
S219ED7E832FF3D4A8EF5C56356840A6E118E9E742715085DA8883
S219ED7E98ED44BD336036C8F7F80224C977BB84049EE9CC0B2F3F
S219ED7EADE83E69A38FDC6A66D13FA190E666D347DB9B7A664B19
S219ED7EC2FB991A01900BD9430DF2E3FA06729F66610BB68070E8
S219ED7ED74137FDE73C5EA02FB0792D0C0C2312C9DC944B435C19
S219ED7EEC371598B959A576DB92AA3C1272F7B482AB54DBCA11C5
S219ED7F0179F7788DD8DCE912D23E230EF67980FE252203D2E823
S219ED7F16C77347108C8FB929337B299F38A96E36B88C0B67F530
S219ED7F2BE9BB70A90C95E74FA652EFFD0DC4B91585C96AE66E2C
S219ED7F40798003476422588D71C8DF09034897ADB27B956A5A56
S219ED7F55C013630245460E0113B498F32701DCB917F9CD9F497F
S219ED7F6A95287C5CAF9DA06244E979BEF2BD1E24BDB1EBB6FECB
S219ED7F7F4D9F30417EFB21287619CA5CDA1B56035E3775F7795F
S219ED7F94EB62EF3CBC1CFB6FC6433625AA17145214CCB339A233
S219ED7FA9F7C0E6510E8A4E4C44FB98DBA202C66D33B1EF18ED50
S219ED7FBEE3083C8DB6F92569C173BCBAAC6AD59EC1BCF9C7BBA0
S219ED7FD3FF67B33BF845249E36FCA4A5A59AF5B490C83250090E
S219ED7FE8E988D2B113E726756838730DE7CBC7730B2E806AD208
S219ED7FFD1DCD355B9B980A393F2B1BA162AECABEB68C18CB3E6C
S219ED801266A1ABE57135B8E870239B7869C154BDC08BE853B073
S219ED8027BDA785BBF86E589CC01C2C6DAFD85D7E2A496AEACAEC
S219ED803CEFF7367E777291C1752974668C1A337850C30B5E33F0
S219ED80519BCA5E21195C885CB9624C532E62D99B33C16F3F4348
S219ED8066A8D78FC816E4EC981165F5C6415F3EF368C46E44D20D
S219ED807B61B90999B87AD245F5DFC57AF9150AA6E21875D810D1
S219ED8090059AE2465E076CAB0E8DE20942866F3364A7E664CB96
S219ED80A5CDBF7DDA5120E35947738A61BD6222A2FD1C24F12C62
S219ED80BAAC8DEA365F3D78121ED16E47EB33A815A341F2F211E8
S219ED80CFA7606D689210F057A4D318E61FCA261107E1F036162C
S219ED80E474F9DB04C41A5A2F0C9A9B73D8228E2D97230B2DBFC8
S219ED80F99B0E8890A1D629DE859D9300060CA24C04C0743878A4
S219ED810E50AEC964509C6D9833632FE729CCEF9A6C77FD08DB61
S219ED81235A93891F9A9423B3FA3EA4EEB57A59599A2DD38C2BC0
S219ED813887C30F89F19320F839912A5AD409C96B02D3D75BB8A4
S219ED814DEDA2B017B1EC1E22BBF85DA814BD9059074203E8C68C
S219ED8162E690DF16962E7E9A15ACDAE2510573B5E2BCF3B8E5A6
S219ED8177419E97596A669C728AD1A1EA5F8550956F24EAF9B17E
S219ED818CAD435B2F35C0160A696BB593F1CD17BEEC6E26A0F09E
S219ED81A10FEA17AF0F5C1C47C0824FBBC7D35B5576A85DFE2813
S219ED81B6D554D19F93257DADA989819EB97CF2C9507A54E3D62F
S219ED81CB720975BC71A18D987C29F8335439C62A40354E6590C5
S219ED81E09A34B1F2B7C8EAC49AA2D8C9D51EB377D0A46326BA49
S219ED81F56ADEE903985105A65058983C80C1EACB964B48F79198
S219ED820AD4A5D632DC742730CC283AD8BA8C2B3F63BD274B807D
S219ED821F1509EFE1C5B7E04AA21E4127D6559FF7E4CB6434E2B2
S219ED8234B0EF8941FA30DEEF8B87FB6B5934C6A0360291775FD9
S219ED8249EC7D1D053A1698BC9F6BDCB684356B4015173378A385
S219ED825E4BA1777C81C1106FBC489AD80B5B3E60B4BB2D8AAC2D
S219ED8273AE408A028F573B48B9D6266D1C58F4E7F4E7EBF95998
S219ED8288BF47C9641B2D4520026A76C72919A7267CB387932EE0
S219ED829DF1B800F7A2884D917B5FB26188E2E54971331C538B0F
S219ED82B25F8D396EED616E664BC08B4F2DE24871EF05CFB0C62A
S219ED82C77A8E6B71B297108B0B3451D7FF0503248F81C9798E76
S219ED82DC486D22803CDFBE02486B0C8E8CBED7757DFDF2D8ED55
S219ED82F18E1BCFE499DC91D9FF5D02106622F7E062AFD0FBDAC8
S219ED830657E24CC69C36995C52F099D696D18617D0ECDF32BF1D
S219ED831B6B23C545D144E72452949926D6364A84933FB478C363
S219ED83307B751A7AF6C9C70A5C58942E8765B34B287966C6D332
S219ED8345D61778E268AD3A06D959DB5CD5253BCE9D2B2886565D
S219ED835AAFE68CD6824683663888987C776309D7D3BE45458942
S219ED836F57A1530910E04A002C7865E1B1289646DAB6F2ACC6E6
S219ED838424B4D8ECE93E4D9A8861718F6EBE6872153252B25EB0
S219ED8399E5335BB54673605450381D58F57208A3B22E79F28D61
S219ED83AE39F22C21A5AB7BCFB99A028D7E5F0B8DD0029B8EFE66
S219ED83C3FFD78104C58960C21B8E306A63818521DEA85309C277
S219ED83D8CFF950FB64AC46AC2A441A1E7BEE2A76A9A6AB9F7AC7
S219ED83ED90B5A1BB648A392194769C64473C81DE3227CCFFA8E8
S219ED840260CD36807D0E893F0F18F2F2594FF5344508D2CC6313
S219ED841742E50AC71CC506199B0ECBF39ECEBDEA4626C5BFED0F
S219ED842C4996012E7F2C094472F35ED72D991B7DCEAD707FE6FB
S219ED844155A3B2CFF6AAA733BEFAD21DB34EDC433C7DDF3A495F
S219ED84564CAE1E06EB29A3CD9F10DEB6B49C1CEAC50D010C37CE
S219ED846BD39DA09145BFD478F1B39749C2248A25A750133F7740
S219ED848078B9F61DC08A3EBBAEC0E17444BC82C69C092D11D9A7
S219ED84958DA406AFCDF89959A0E0873D141EF082C446453720B5
S219ED84AA1E64C8D5489D05F32F47DE5666739C27FEF4BAF027C6
S219ED84BF56C15F886E39DA6C8127E417968B3D8F0FE3090649F1
S219ED84D4E390B01510F7EB2B05908C0DDD3439386181B223A73E
S219ED84E94E3A1FA30AEB54EF6965361982FEC0A83E4034FA2138
S219ED84FEF865FC27E276414FCABC73064C7503B30B0897DED041
S219ED85131CE61F9C7A0F3C799F763490E3FB8DFF9AB74169EC3C
S219ED8528477173F009E684E5F4EE22923A10825D7603FF7CD353
S219ED853D3DA30FDE0B1C7BF1F149DF4981348BD9A44BC9A6DF1F
S219ED85521B6D9B7A57E578A6CB0BE90AA2F21B7845634A6B8C52
S219ED856770414B4EDE2B6413368F1F617F3812006631F938DE8F
S219ED857C80C26D85F4BA32DB903535851D859B8401E9BD001012
S219ED85918BDD715E141CD4BC66F662E9BC6179BB0D8BF893428F
S219ED85A6C84E80AC2D9F0A904C55E96C58E343C3787B21515634
S219ED85BB73033F5A04A4CC5DAE471C2377CB12460A2D51EA1F7A
S219ED85D00ABF4F29C43371851FFD18FB37BC0CC389538CE7DE58
S219ED85E52E6D5C46C88B6DA861D267830A6A5D7C65E4EC4CEF10
S219ED85FA93C4EB0E62BEE97E355147BE98889956BC68C9A7CBAA
S219ED860FEBE4694374EE9183E48A44282E11280953170B61B1A2
S219ED8624E72A9C0B4782C484AE602D19E5216F54F5F00200453D
S219ED8639EC978E13229FF5F970F945DBA48A33153E19412D049F
S219ED864EA006CBF8E466110C5CAEC310D7E9DA7DDF12B43F3647
S219ED8663B618DF78D51F8D8C2F769661FC0EBE5A21FF92D3019A
S219ED86783E6128E3AD5C0FA50D5BA47633EA159D1575227251D4
S219ED868DFD6762D32D69B24836C3B08D5373E31E4443CD0FE578
S219ED86A26A841EE499E2AED4C1F6ED353F4EE48C518E9BD5229D
S219ED86B73D075AE32169C112B1A2DFE06AAC32A4DFD8E62838E3
S219ED86CCFB1B93051E59A82D43A495F2B49D7CFF946F4380D5D8
S219ED86E15CF8673FA1141D5FAC7AE080FF6B6E7240814211AED5
S219ED86F6BFC00E15015CAB6AD2A07D6F87A5BB1B5348222CF42C
S219ED870B157B43140DD0105321BEBC4EDCCE7E3004422EDA1E93
S219ED87202CCDDB0DF6F2292929C744C440A19D196F88283788CA
S219ED8735EBE65CED38C838A3DC9247EA460628EE3222C4DFDC74
S219ED874A830821631C5589CFDDCBA3F84DAFAFB1AFF6BE80E3EB
S219ED875F247D5340D6633CEA538F1A5C6AD8CDE60F0F0EE974AA
S219ED877425E6EFC23558DD14AC2B2691E66BCE57C9D56422FF9D
S219ED87898226FB9FF66008B642851F291068C7206C20F5AED620
S219ED879E599DCE3D7EFD6632C7D7BFF5D0DC3515DEE6456547C3
S219ED87B3934DBEB60ED7E6F533F78FA501012269BACA18B1D59E
S219ED87C881B020DF3746691FF6A1A3ED1D037F5764E10CC12A1C
S219ED87DDF5B83B6585CFA27C10838628ED4373913A5E6BB0CAE4
S219ED87F218C62B971C6903C0585662A8CBE11FAC2B276C23B2D6
S219ED8807E86D3EA0D2D7BD9C53028E9CD2F1883677D9AF3CB941
S219ED881C98969D3FCDCEFFE9D3C9D46D40B2D6FAE163C6564B7E
S219ED883112EB26DCBDE1C369E69CC03F9D84FDE561125DF37EB2
S219ED8846EFF780F4457088881E2F861423D070A8A0E10E75B561
S219ED885B577281DC10F3890D5FC7B25D63AA2735FD7373CBC843
S219ED8870B507C63E585C817F85184DBB786635FB438EC64E7C79
S219ED8885B7184E4F16C066B8A14330063A507FD8A79B083740D0
S219ED889A1BECB27E9D68DE4CA90390F6CF2EDBBA470AD3BB05C9
S219ED88AFA579CDFC3100461E3399176AC03B6BF81DA2FF974CFA
S219ED88C474CE64C3B1423FFA85B3BFEA5E057C402D9F15DA1E3F
S219ED88D9AD352A9E15C19E3EA51BB3601938C803A69A8C374505
S219ED88EE6AF8781D7FB2D0B2BA2908F346EE7F102AC90FB0E89E
S219ED89030E63BE436FCE8F811A04DC174401F571780818F73033
S219ED8918BFE1C21C326C95E8BA9AD099FEF94EB50735FFD66B8C
S219ED892DB38670A6578DD075BD194DEA4411B9A2F0BFAE641A33
S219ED89427D24F8D8C1D57108E8CCDB6F88C3CE09125926E0FF1E
S219ED8957FA13DDC19DA3392B330B07F3CA43E2B482FFA23F8607
S219ED896CCA306EF7CC10D2AD6893722DD0E708B968359FFDAD52
S219ED8981CA30A1381600A378C33B80D4654E270C93B39322A018
S219ED89965893E898946A93E9DA4938EECD556B39D6E787081783
S219ED89AB3EEAF62FA9EF4277CE545A98266F0C9AD6C680233762
S219ED89C0C63B0E3D05DD54F1F93EF1CA7C6CC7D72E19841CC915
S219ED89D528C33AD2BE8D9DC5FEA611AF3AAEE4F65451F02519FE
S219ED89EA577F6118750C298F72CAEE473C9300FB5C02A50F862B
S219ED89FF2836FCC45C19A7A775A2FE0C5686ACD6B4A415FD5255
S219ED8A14B891E0C03ABFC6FBD5661E20536FB6079B40E5CDA093
S219ED8A29CC4D657258BCEF445B1B37E47583C13AB22E86A9A0DC
S219ED8A3E8B5F146154F80D093BE529652FA846269737D4DC7E83
S219ED8A53991543DFA5760374CD0B09A2BA1ABE2CD5138516EE08
S219ED8A684AEF22A0BBE4273EE9C5A3D2BA354345EF079B96BD8A
S219ED8A7DAAB58687823322EBB7C014AF9930C0FB7015F82BACB2
S219ED8A9204EDD522EA384578482ECDAF0A6085D9711E1CD87069
S219ED8AA7BA917672F8FB01651FAB1FAACDD1A75CA1533BDEFA01
S219ED8ABCFEDE3B180530340D9EDE0F58E2FDCFFE952B43DB168B
S219ED8AD1FDF4486554A859D52327BA4019124E32D7F79CBC437E
S219ED8AE60C156A15B4B9CF5BF6F76FEB14A01EA9DCBB607764BE
S219ED8AFB6DB8C4E880F76E62010677510E3DA429D64ABE4D84C6
S219ED8B10A5AA0E9AC68A1B8B0C7613CC2B6902DC8376144DF153
S219ED8B25DDAAB8AD6A83F60C80D1B76E49609D17A582921D7253
S219ED8B3A9FA9EF0E40A0EB5B7AB7F7DEEC78C5EA0D208CA35DF7
S219ED8B4FAF5CE84B1D97349ADC88A24422D652CCA9FDB6E6C3FA
S219ED8B645C856F1431674D2364AE4BE67D092FDC1E57F20F1341
S219ED8B794E9D60A46CA98EEA9047206EE91E7A77EB8CDD8D63D8
S219ED8B8EF654C78153F09F301D82ADA2999ACB56DAC96317A538
S219ED8BA3EED475C4F501CB002DD5ED073A600A2211297E99F40E
S219ED8BB88D7D1E904BA3143456813D150070111C5696FAB6B7AF
S219ED8BCD70DD411D75C8611EDA4EE0B8B994FC48A1027FBAE02D
S219ED8BE264424241FFB1398657D5EEB6E15FDFBF4270DE17C6D9
S219ED8BF72C3519E9048EE250BED9067E1862B954450650856628
S219ED8C0CA0D291C1621DA96CEA3C851810CD53F2F9474A68EB47
S219ED8C2171FBF4760AC7015A4870E87FA95A97FD6D82B74F5F40
S219ED8C36B7D645AA23012F445D6EAD084F97CB9B95C87AA418C5
S219ED8C4B55FB305177C659A7D0708D8F070FE1569D2D2972B452
S219ED8C6053E365C0D66253FA89935F8F65D2E2317C371E5707AA
S219ED8C75D4A3EFE6940A70FAAEF19B690166CCA4959D1AAB67CC
S219ED8C8A2BB3923DE1CBA8117D29CA4BDDD7FEEB88EF7139F266
S219ED8C9FE123A6D1F913015C661A5B0C61DDAB83E6BB70B8A12D
S219ED8CB4DC094C1C2A0E855F378E7B17B4D27D3569BACAAF28FD
S219ED8CC9F9EBF161A543EDA4BF7633BB46B363FBFF39DC687986
S219ED8CDE36331042CB9182CEF20E4F72C189A5E334FD43705F52
S219ED8CF34739C117D73227FFB09255F11DAD7DA88B2B0D0DFEAE
S219ED8D08702B23917A53022762D7F513BE2D081735CDE9EC8F6E
S219ED8D1D2733E692B3958FF742C7B873F44352E1FCC5ABB72CC2
S219ED8D32C7C240835F5B9C8EF6E23623C9B00297F04FE19139DD
S219ED8D4788C7AD77DB3DCE34E0F6FC8A3207B2A3892B6D5F56D8
S219ED8D5C274448E45CA205742B27B89BEFD62030A5F6403CEE43
S219ED8D71CF33D3E76194862FE5230421625A5797B224D5876E1E
S219ED8D86602F0864ECBBB27377B3A45D5CE41CB8FD4E2E9525AD
S219ED8D9B9029EF17BAB54C357D5B9BB5609A86E14CA31EE3BAEF
S219ED8DB0CA04C3F4322C652372BCFC7F2FF3541DA10DC9B19855
S219ED8DC5568E0F8640DF06135211D6A57CDC2391667D81DD1FAC
S219ED8DDA015C2F88CFD05DD1E24124A00033822FE3D6018DA8F7
S219ED8DEF82E0F3D8B8C155D8495D63C260A57A93FE8311D4EE79
S219ED8E043956FDE1320EB5A888696BFAA1C34B7C7D25499C480D
S219ED8E198B768E30B0FDB787B01445B6912BE3CA21DA9A5CC1CE
S219ED8E2E7780CFB9D5A65129C49B11C540AC425AD9D94B065FAA
S219ED8E43975FCD5999075172572CFAB521F5E37FF60E85393409
S219ED8E58404D3AF777F2082F0AF97FA8A1F549D38BF6DAA73D9A
S219ED8E6DB9A17B1FAFA4ED2902F0D3F2F4F8ED8D40BCD3D99547
S219ED8E824C2C1427989B2EF3CC9469CB83530FC3974331235820
S219ED8E97301E592038D481B9B670E5BA3419A7AAE90F9ED2609C
S219ED8EACDB045325E49B01080A25A70A2B40F04B9EF1A4FFC95F
S219ED8EC11439CCEA1CE7F8A3EE3E614532C6DC513936A11B15D2
S219ED8ED61D855EC689CB0AF03A8DA36615826D664F050F0C11C7
S219ED8EEB25C28761B6D2FE16A5E41ABA9F7833D1D7A68E232748
S219ED8F0067BE9907D47A31BDBF8B509904FFE9DDE7482D60D1E0
S219ED8F15CC68D9573BA30372F0D37118BC3E4A1521D6C58E911E
S219ED8F2A74A266FA8C8078245DBF02C5392C65EB47F8EADAD4B3
S219ED8F3F3212EFF651D663CADFFC1D06A91FCA81E25290A942EE
S219ED8F54F6161D6F55B35D6E1F4853E2308709D09C484B67A643
S219ED8F69A634A026938CF9C2F33BB00EE8111491052A55532006
S219ED8F7E77601528E8DD3B21E029FEF29DFCE9519B78F00934AB
S219ED8F931584680F1D169752BB6023EAC255F5418E36B2EFD3FE
S219ED8FA82B0173008DD93B2B3C9A9B1E8D2A2D524154C5B6087A
S219ED8FBD836F83A8895B4ECF5D626F169E5BA0F35A7A916638BC
S219ED8FD26F6E99FB6676BB6FB1B5C1A8080A3429C71770783EDF
S219ED8FE7BD3C0FE04DC9D2CF2F0C9427E279CF9BCBE4A1B26DBA
S219ED8FFCFCBAC2B31C85A96FFC8691DB0238D8822D2E5B6E855F
S219ED90117B2B8CE4077CA80640216D1E1C26A01748E090B0E7DD
S219ED902600C293916D81EBD602ED2F16BF5338A10D26BB2390EE
S219ED903B8DA11A0988D897FB5F221DAC336E82624EA2F8F453ED
S219ED9050009F859D03BEDB3319FF0C031916CB89D9EE8D023A4F
S219ED906516556F3FAF8169048019E4F7ABFA307BD038205E8E76
S219ED907A13FDD8A5794D3BA86DAD6F9DCE10047FA72676FC8A69
S219ED908F00A737FACBDDD2B878053104E9F1FE743F2F37973066
S219ED90A4AE9367C16C7A4014B97B2FF060C3847097A05B77822D
S219ED90B9E3DC1118100BF121BE72D8AC9E2154798C5841407D79
S219ED90CE046F24F2A21D3CCFB75AC4B7778275FA33ACBCCADF10
S219ED90E3973E464DF792F8C4F62601BA1DEE112B0352D5703EE3
S219ED90F86B179375B01BD25B8D3B1C67BE99E65C65F1755626C4
S219ED910DF5A2BD51CF38B30233D4200FCA40D198E41A5D35546D
S219ED912299A6AD348A9122AFCD24059D5C90FFE9868ACA735C2A
S219ED913791802D013C7BDA9672FCE5976F14330DD09BF00B3B7D
S219ED914CE94C6E54DB1916F7443271E1093F78B7F1FB96DCA6E1
S219ED9161EBAE82FDDBBDD84BE5F4F2C4FDFB15F27C627050A167
S219ED9176D53E001FC14D2358A3F4A875C018689BF9A0467D1339
S219ED918BC9A255E31CA296FE3365AF7C60D00DA491D211D9F700
S219ED91A0E55B027FFABD3E023AEFCE2D8A656F37CC1A2CC17113
S219ED91B54790029C89EDEC38081C1D0FAC2BBEBA2F963559981A
S219ED91CA7E89D5FD2B37EEDC05D216241E7AFED0424E4ADD75F6
S219ED91DF10EB1EA8C4FB5BB5DB165D2C5D2FB52F66A252D5EBF5
S219ED91F4BBFC0749B1EB1E6E3E3E90058D50D9445C78C9409BC2
S219ED92091C565232320DC03C13FF9171DC6D13AAB8FACC145D24
S219ED921E0ACC7EA3EE29C39719741AA6DB047C4BD620E5ABF078
S219ED9233790BC168412427BDC186A7FF2F891592F643791A180E
S219ED9248D630DD7732BC55578867B1EB970070E5BC7FE9422E20
S219ED925DACB436F76BF931964F97735C13E2B93674126951F782
S219ED9272330EB3BC5E3A94B4E546BB0DED038440974219D147B4
S219ED9287C6CE6E971029761283F0DEE8038D6B154C577765932B
S219ED929C850021E670AA375AA43B9617D314216EE4FDE00D02C2
S219ED92B1D16A6F6D7E0511B01B045288BFAF5A5593DA0A5D2E43
S219ED92C6C2C1A88CC1EBD2F5B6023C26BF671FD30BEAB7D7FCC6
S219ED92DB1B7AC55069E0B3E35B389B244E3F56FB9A5B7C67BE3D
S219ED92F0D2503A42A8F7FD62BAB8898EDCB816A6874984D27864
S219ED93053B197385DC4A37C9F071E1894B5C82075897CA759B2B
S219ED931ACC8D38FFE2D7DEED4A98D383499ABD1421B77E3510B1
S219ED932F467974151C701866C99261ED9C4873D2444FE1C707D1
S219ED9344CC2BAA0852AB0B35765D51D01B8A64C7AB2B8F7F6C28
S219ED93599EEAA9AEBC4696D94FAECB6FEA0591E6433E69EA0844
S219ED936EE8E5DDBD4D0527B7DA7EF45F3B8CC13E3831A41FB90B
S219ED9383ABB714C31C9D93C4939991A7150C32DDF5112D14516E
S219ED9398900E7979E94181BADEC3EBC5C1F060B08EC6E6AFE1FD
S219ED93ADFE262A5AAAF39A7BE2F1C1B7190AFCA1788E55E3E135
S219ED93C268D134DE2DBE5AA9654E2E75901BC852505C14ECA6FE
S219ED93D7D91CA2FE821050ED61D70B2862B61435040258017D83
S219ED93EC72F93566D24F1ECE7BB16C0AFB45A05AE6EAFA85B28A
S219ED9401F6FF24FFB5346E0A6D6496A5AB277858BF591630E3FC
S219ED9416B438D82F70459CEAAA1F926B96923259EF716FCCA865
S219ED942B44434BFCCD56B168675F04BF19EABA0C678D7D01B7B5
S219ED9440D2A6E1F42ADB9642D8DA9FEE02D7DDE01F2AF4FC8B62
S219ED9455C42AFAAEAD748A914A647F4B64ADDCDCAFF94CE356D0
S219ED946A03998E66267D106574628B98C73C885DF486AF416B9D
S219ED947FF6987F6E6BCF379515B742C350C2546814D2A772AC1B
S219ED94941E05CE3E43C040C0C8A9FEBF91039A5C71367E6A4711
S219ED94A96C6DBD0D48CF2F06EA80921D0BC7A21C3C295B36AE80
S219ED94BEC000EFEDD28E609FE95516CDF1AC1F6E044243333C69
S219ED94D31F77A95FC953C00B1D85802A3A2BC0AEE07AE1205142
S219ED94E882373F9ABEB24097F1D9600461A0EF945ECE47170068
S219ED94FD9B58F5CD6EFA5AD503775C1693B52DDFE6B879E75C82
S219ED95122F615B963066415788C7741B6F31A4E19BE01E2A6578
S219ED95279188C5899351CAB54F82A4C87CAE7867AD4AF9903479
S219ED953CB117FD70295DEBD8B17EF7E04C3B2B4E65AB79D0F358
S219ED9551BEE2E8C01A114AA7C0580DA80ECB43680108C2858688
S219ED95665B28814DEEBC4E1A37D0762999983AAF2C373C49CA29
S219ED957BA9AB17D18EE103532AC2DE2FC96B61A1908A6DF10A37
S219ED9590E44E5E5764888019E0FD9F8B5F9160BA3B4FD061A6F6
S219ED95A5756D9E84D2872B12D019BB1E028129ED49673BB0B679
S219ED95BAB65B10D4EBC1ADC55FDE3AA0DD3B1B1029FDE9019895
S219ED95CFD2B95A2EAB8A45E83BC99B7CEDE5A4782CDA170EE309
S219ED95E489F4108675F5D0AD690EF00FD2826E0926A07DD959D0
S219ED95F94259409D6CF3BA01EE4770F31EA95DECE0B1CED558A5
S219ED960E3017A9E19F11D24AC8C3959D87E0FE0E2492EF126F62
S219ED96236D7CAFB3B53A1183DB071ACC9A950F44A1973B1C3168
S219ED9638D76EA8EA6CC3CE20877C35093CDD218C84C5B9937D1E
S219ED964D48EAB9C3A7DDD06766ED8EFAC8F5FA7F3F9C9D5E7A4C
S219ED9662B3C72C707D2ECBBE996327E25659543914C1447E6A75
S219ED96770E0789F9617B8D35C83031137F5F329EF79D160EF025
S219ED968CE423F0317A37BABBD5BBE835212AA627D3CA26C9EB4D
S219ED96A1710A9CB0787A5694C9352DC25FCC81F3A7C8744997D0
S219ED96B65BB28881C5D6C4865CFAAA65C27A9105F3B517A20C0E
S219ED96CB30F0123C3E93A91F570B4AD1A54C37E279D6ED386333
S219ED96E0D9842E4AC7D265FBB014B190807096923D07AFD23C97
S219ED96F582C3409F89327DC7B6EA3502E7202362D39EC06A3A13
S219ED970A0990CE35BC291EA28A7DDB2928792B34AB51FD6A6544
S219ED971FC682CB280E5038EA8CC67CE87208DDB7707A3BCD8949
S219ED9734451A05B990B021CEF55CC42CDA662E5E252A104F1017
S219ED97499B9D4F4EB06F0CA3152ACF8946960B0AFE74316C26B9
S219ED975E54BAAC0DDDCFAC4E331672B44371E7A3C24DBA6EECC7
S219ED9773659B5EAD6D5E5E204B3817758B20424ABB2EEAFD97EE
S219ED9788C71B611A19B69890F263C6399963D32BAA4C10E178D9
S219ED979DB6EDBF236172D5A5E006D676BD3E77C113DFF27E74B8
S219ED97B251103E6817E6D13B593096BDF773C0C458D0578C8D3E
S219ED97C72D0282F351EE3752001DA1341D8702E64FC5555D6982
S219ED97DCF3D0F58D06A8693E909C9211B113D7FCA27BB5B06B99
S219ED97F11148B9E63082CAE66228F81B6CB7F28F12C4F9A9F16D
S219ED9806015EC2070E819B1402F1E37C133754B91C64B403E035
S219ED981B8AB1BB8C7FC445610F70ABF2CB53949A8B3F593440DC
S219ED9830E21A1793C1204C5A615A8F6EDCAA0C5B68DCF277377B
S219ED9845B98BDE8DBA3BC2EA33D3146DB0A9E94DAD2ACF785B3D
S219ED985A893040E20EACA7C3A32956AD05B177ED647FDC211B24
S219ED986FF9B17A7E3DF4ED0DD32D56F009C2A552A439366BDFC0
S219ED9884829FA033F4992F456358295EE494F280963E67B910B8
S219ED9899AD2261B4F7756997FC387FCF3CC85822701015FA1CCD
S219ED98AE408BC38497A1C7C55AC89B0DED67CD106811CA9C966D
S219ED98C3B19D0578304A14B1A29A04C5A1A1FA86A60C023E24B7
S219ED98D859BB19CFC5D86D6010BFF7F18B9BD6BB9AF0BC00A5CA
S219ED98EDC7BA95D803D10C10107F3BCECBD9CD7D28298C5B4890
S219ED99025D63DB02B4470F48D11C2FF588085FF210DDC110CBF4
S219ED9917E1CCC4B1E67C8AE2476ACA5959689F4474D100965EA8
S219ED992C71D09F7762341C302092B7542408F5FFCFFC939C190B
S219ED99411606552EB1BAAAFDEE1E59446A29C8D3000B487CDFE9
S219ED995659F4E8A16FF93E868598F17B82A793EBB1A5907CF383
S219ED996B7719E2474AFB5617FFC72520301064FD74BAF097BA6F
S219ED9980DF1B5DE5656F4F490788E4B1FD87F0A99965C95B6F66
S219ED99955507552677325A6DF53BE0F7BFC81075B550C96FEE46
S219ED99AA362A406A42CB41E63FBFA92FEE7096E98D8E3CC18429
S219ED99BF405B86992AC614C9BEA4A9A7AC91A331282390E54552
S219ED99D4DB0FC14EB6440FB68478887AFE56EA57994A811A3192
S219ED99E9D7C4A143DA6F7B3B6642005EF8E0F32E81226B862F37
S219ED99FE49158CCA5AB47BBE2A4A9F7B112422513A1E52432D17
S219ED9A13372216EF88F6269DFA9D2ACF6E63C5E9DBFE19EA289A
S219ED9A28F1C55613965746418FA53A05CF21209A27B000F48636
S219ED9A3DD887196FDFF4CD36C3AF4C6EE488F616CA7126A4E8D4
S219ED9A526585746262F8B74E81681E815C32D42EB111D14E8471
S219ED9A674E9B975538A8B291D00375005309C4CD5628C04B043E
S219ED9A7C3D157FE8EC3CC47668EBA70CEE49BD271D455B04BA2C
S219ED9A910A66D33F5B8506288ECDB609793A050E65607C96C0C7
S219ED9AA61A4967DBB2613DC0366507811F9E395AB4F4C6B8115A
S219ED9ABB7BBCA344F03A266E75D144E122935DB878E093AD06F5
S219ED9AD05123061BF1F82D347E778EBD67E21B455674AB79E6F3
S219ED9AE51F8027F3CDCC640B2CDC330D5A8F6E6006BB74F42869
S219ED9AFAB6DC49F0581BEC73AF3649EA627D08C6F0DCA2BF0FC7
S219ED9B0FA8903FADE543492D3053EB12902F29DC445BBE72A6D4
S219ED9B24DA56B66EA30A3783CC53EC0FD9660080D29EEAF9D67D
S219ED9B397C0F065E24207DD8B5BC27DFCBD9D053483A0ECD8A78
S219ED9B4E56D8FA3AF1A1EC663B62FBF9323C3435D8DA8F5611BA
S219ED9B63FF81A4F7BCCC90F6E13D3F44CFA0B1287BD73FD16F18
S219ED9B78EC7EBF955C4BFDDB232BE7E5ACD54F9B43492D529683
S219ED9B8D8849362E2DD7E7CC5ECBB7ACB5AE2AE58F3108EDD062
S219ED9BA22DC2463101B495FCEF7EE41DB6C57FC136C8B98A6B3B
S219ED9BB77A0EC34851BD367B2C9D0B37A1E457F36A17DA6E1D95
S219ED9BCCD94BE6F0BB3E1C790A7129F3E536350D4AC6E62024DC
S219ED9BE1B26237300968569D4C0A1CF628A731868E701E43CF82
S219ED9BF6E504E36EF923B5672EA30F26A297EB3A4C44507872C8
S219ED9C0BB7CD26622719753B7A717B3BC38FEBE647AAB716E2F2
S219ED9C2003FE6E0FC26995E135EA8E25CDE8633D997274720DF9
S219ED9C35D55CF63CE877B3E6AAA32B6132BC4B401E640A2C784B
S219ED9C4A218C07D1C4F778B512DA80E461AAB1C70E27B0F9CF26
S219ED9C5FC4028A28666E2934BB7FDEE43EF6C31926E11C2059AD
S219ED9C74584F6C837064BF10A1C8C5B0502D073CFF4172C78A0F
S219ED9C8959FC5A9F2B601C3C45ED1C65AF06666872791697EFE6
S219ED9C9E5A0164EACFF7EA3EEEC0403986B429B6EAF1F771ACF9
S219ED9CB3EE80332A66842BC94C31CE85128261E4AA3B265A9E55
S219ED9CC8E4405D92F7D21495AEB0CBC9B28060D075932A12A7D1
S219ED9CDD50BBED5CD08399BD7C7AB68881560463F8969F1519B6
S219ED9CF2D96E87ADF6BE3535E44B99B4A132FAB709D4B57B2C99
S219ED9D0702154DDFC141275746B2A68E5EB6157932CEA9B45C0B
S219ED9D1C1FD605E3C258491D65FE73B0407A4379603A6A23447C
S219ED9D317FD3771C395A0F3CA0D48EA23B5C1B2793EA3158D510
S219ED9D468BDB8C41A6FBDAC5C4DC5B9685E1E3F3B3ED9333FF71
S219ED9D5BF9EBB57970A6612EB663CF9711632CA5A6A13C7EA0E5
S219ED9D70B67FDBAA80D2BAC1ACB16501F759C8CAC019BFD1FF58
S219ED9D85DD81657DD20514BD86CECD4777EA1880AED58FAFA825
S219ED9D9A2250C41456911F0C015D9822B0B81DA1C492C83127B2
S219ED9DAF17CD8FFBE5EB60B74C717E64E2D383E60D7DD7A7652E
S219ED9DC46CC6055C861D9E33969FB659EDF44BB82444F48B95ED
S219ED9DD9571032EE47649BE2E48A6CC2BBC690623305065DF03A
S219ED9DEEA9686822165C96C8BC57779BFF12BEB002D1B3A3EB4B
S219ED9E0369672BEC394DED98FAC21F54FD813CEE24E978B5B3A2
S219ED9E18F22B5984093F9BF2A9C5643E9D2A7D0A23C6ED260A10
S219ED9E2D469E4A401B7525D1D3A9BD9AEC6AE8DE5A69D3CE0ADD
S219ED9E424D3E9E89D2A431498958C19028B9C1D64F8D694A98A6
S219ED9E574BDF598EC8D566DF52FD827A5900EC02DA514448D4F4
S219ED9E6C98633FD19350022BDC5339BC106476457E307AD091F8
S219ED9E8180FFDFC7B91E8E4282CB36142D095014DB5770DC332C
S219ED9E9651F1B2091E461F7C59AE0FC33541A5B03EBA4917606D
S219ED9EABC2FD734DCC9FFFC28ADD79F08E06D7F1142A3BF07AF6
S219ED9EC0191E90886A1EAFDB2CAC434CFCEC3255B03DDF5A70CE
S219ED9ED58F54171841B83D48897CB79F4C5E8109DA80D66618B9
S219ED9EEA753E866D6FF2A8E380A50BA91E3F4A1693B8195DF395
S219ED9EFF6E68AC0ACF85168834480554FF3ACEB5593642A07468
S219ED9F14D3DD520A32781E7C17D56109104D4810BD29CFA92D60
S219ED9F29EB9D1F3E4B0899A138847AC434247078F99997514EBD
S219ED9F3E586E3D1218246A6AFCC863F2AA652D38F8B6FD89C670
S219ED9F53AF06CD794D294889AE56EA8D492DBE1F911BED2BF73C
S219ED9F68D949444C9FF2E6B7C3F16A1E5AC16D2532A5A4E3F0DB
S219ED9F7D7E1D1F78620B986312BFABF25B2BF0B93EDC65E01D2A
S219ED9F92C865A459AEE20A6497E81A0EF0FB613BC972D4C7F3A9
S219ED9FA73F5CFF750CFE501FE297F43C9A052E3C17EC288A1AAA
S219ED9FBCF115FA480EABB870C7DF44916AD81540B48A393CAF01
S219ED9FD1DA0A5D54E69C2A6C3E13A26E29AA41DEEDD226894CCF
S219ED9FE686F6FEFE9B180063EC46DA22B8053D30231F1E824D5F
S219ED9FFBEFA0CBD94286452219612CC9153EABB7FD90B5FD7F1B
S219EDA0100C8414A1F5482BE9D7A63C961861C1E7281D39C315ED
S219EDA025AEE865A1EF4990C99E366645602E3D108208876884B0
S219EDA03A4D78304B8196BD85737CAB466BB9644C657E9286E9EE
S219EDA04FDFBADD8434E7BF5FB77A3562B4154A576D1397CF6C53
S219EDA0644891EAA201275768E5EC687C2CF50142FD89BDBF2D61
S219EDA079043CF9E95EA706D6DF046E25831A9DA9EB26D764DD5B
S219EDA08EA5BF7C9988331304C8F8D834A9B311C059F1908763C3
S219EDA0A3A886F57ECFB79FE13CE01B338321E41D2246271A93C4
S219EDA0B8C039049AC2854CDDDBC3B2DEE7426F89F1273C0A15D8
S219EDA0CDA3EFA3521F85E57E43C16B142DCB57FB7B0163404DC5
S219EDA0E2FED3B21E3E6A20C6AF0291D6A3F57E00951458AA7DF2
S219EDA0F7486A42D7C4AA4D6B40E5A32EC29B99D3235D2928578A
S219EDA10C9286ADE7C4AD9CCE6E3B87B63EB325FEFDFEEDD256BB
S219EDA121129511F9BB8D9CBB45556918867FE5A74389881D6466
S219EDA136DF6A58996E200ABB1027308755A9E3342D320A224CBB
S219EDA14BEF856C31758D9484BBCEFBEFEC37E805425F02985EC6
S219EDA16065F7433CB4EFB0D219651920D5D3DA260E31F2B9EAC5
S219EDA175633B9D43DFB164F9ACC0E11FE114B7DB05B329A839C3
S219EDA18AEC11DAF0DB935A46C9FBA86E55914A8E827162898102
S219EDA19F1A17F2E4E159129F8A8C0A96C9EB6F9B8870830E21A9
S219EDA1B42EA8D7B6FF67EE1EE1E9786960A7FD102E0E4D66D948
S219EDA1C92B9C792E344E15F93AE4074DB051693AD31BEB6CAF87
S219EDA1DE57F56E8290F0D7190B064667F9648CF90A9A40FBB798
S219EDA1F3F2F1EE471AD96E27B1A0716CAEA8F1876D3A1E540EA2
S219EDA2082035E21F9CA23912B065FC390410CA08508E103EA96B
S219EDA21D77AFC103B1E4A7F7958FBBA82A2AD776B9754112E78D
S219EDA232C0D4244371F9CEF58AD0F198A8727C15892D019170B7
S219EDA2474A63F847D72E384A7BD86ABB442676CAC814357602F2
S219EDA25CF737E1BD4EB3573B93E94405E24368A5C8F781D9711B
S219EDA271E4067FD3A300BA68B66F0C1EEA96FFA5396EEE99DD67
S219EDA28688D0AA24DAD14E745636EF93B573BB631E04DE75BCB9
S219EDA29B04DD4B31E51AE62D9BDC9889092E6F96177B87A06C54
S219EDA2B0AE0F692651E0DEBB28342D17C0B69560D979A8342E2A
S219EDA2C58A81DA007C3752111F6F20766F2D4AE478D9BC9763A2
S219EDA2DA61A3BA2BB64659D46CE871D8D5FAED44963C5CBD3EA5
S219EDA2EF72D694AF30F291894E9AD591B47FC2D2739777A3F573
S219EDA304E465F441D19216B099C7EEB40811B412E49D7DA785A0
S219EDA319D3973AE7B50C99353E9C30418CC50977FEFD42035473
S219EDA32E58F700327B12321E949C3C293C4A8B8860273BBCF529
S219EDA343CD4C52518266C9182125F78ECDF50CDE1C5DF9C5D907
S219EDA3589FB1308EE3017BD490EBF82C8F7FC77A350639DB5F21
S219EDA36DF6E52F0B6A9FC394CF93992CF987806B48F5B1F525DA
S219EDA38290CBDD2D26F8D806509B59D126D4C29851786097D674
S219EDA39728113172E0EE4A0F3BB6D8CE605D84EB0D913CFC190A
S219EDA3AC9F0498987545ED30C6F78F1D3BAE232B81D52B5BBBC9
S219EDA3C11AE4C93117B04EAD7EFF7BE83C1EC63D2FE674E54BE5
S219EDA3D6F6FA5F3E242E75ADAC8C016A90545463D0CBAE3D6B50
S219EDA3EB46AAE7E83B898BAE66EB87FD44B1952DA7DF815D9926
S219EDA40098C02B8276CA3096DC606E01D493CE607FDDD9576E10
S219EDA41583CD871DD7FB74352C835B5BD64C13FB000933E0B769
S219EDA42A63345FA50A6E7187EF5A77CE2B1BF6D2477E7477DCF8
S219EDA43F74A6027546E0D6215B564F16670C1E923862F8C09944
S219EDA4549E68A8B76E732EB8A90C62F889C42E43BF94E1FE27AF
S219EDA4692FCA6FE2FA3B784BEDE076B904FF9E959CF11C5496E5
S219EDA47E8FDC8F617A8D4B9F772D8E3A959E6D30B147C292D82B
S219EDA493D05F4C4ED67A3B8C80D3ED5285519473266B32461159
S219EDA4A81244AE3D86D3FC8D67AD0598095C8F63DF175DCE0859
S219EDA4BD07106EF838EEA320A8DB41D4081C53E12445C4E5F23E
S219EDA4D2CA9EDBE8F80F14C10707011BD177844A8A22415038C7
S219EDA4E7A95BB19EC07C54DFA4FBAF712470181FE0FCC38BC236
S219EDA4FC7C669B516D26FE6FC93DFA06C3F7BE305AD39E4F09BA
S219EDA51159C846A9A97ECBC1621FDAC5D2E13413E73D06BDE59A
S219EDA52652CE41548CA6A96010D2E60846DE16CBAA6F9197DF49
S219EDA53B78F5F8D73D15932163993BE470839D126278D438BA7A
S219EDA550F8810ABEAC5EAE371BBEF0328DE064DE7FA2F8A5B2BA
S219EDA5659F093D9B86300D035636482E64E7004771549F5CB89D
S219EDA57A4F700360C5AA301BD70C5E10FA69D3B40EB93D81F34B
S219EDA58FFF6C6B2BA4C403F4FB97C81EE92D4DFE66E2FBB2B8DF
S219EDA5A467430EACAA63C0F3D81C2876CB7C1FD7395E1AA2D397
S219EDA5B91F0B1DE262645B608A78F68923D5EFC94F4484256222
S219EDA5CEBE34D6EF8A881C338DCD050E1176BEF2892119E04BDC
S219EDA5E38E6CB9F1448C3E44F2141295E468DA4DEB7E6D370549
S219EDA5F8DC69EFD6607673E1219DB2CE66ADA465464C3CD055DB
S219EDA60DB78439968EC59CC77D0444436F3D1C0F5096A7642492
S219EDA6224F09BB02637AD3CB0C89AC530DAD13637EE26CE258D7
S219EDA6378109088706023BEBA7F9055B588EA1D8806A0E5B78AB
S219EDA64C561FDE30A7B7A5B59206763C8FF70EC7756B3EFCF21B
S219EDA6611C6D7D9B8C62B6E85C0701DC9583F1E2958F4AC42840
S219EDA676A37E0DCCA6C5227BDBF069255F7F06F9ADBF90198C04
S219EDA68B9129086F67E88D9045CF2AF1984E72077F47FFF8B42C
S219EDA6A0381F6F107099B4CA7339763F1AAF78007C46F54E812E
S219EDA6B55910F01236B677E0623A51F9F85D10D02E5A00CFD2AC
S219EDA6CA22E13649645C28B86419E7088D4A3E29C422DF63D3C2
S219EDA6DF5529B309EF1C51355E06B29E4A6AFE60DD03A0DEABDA
S219EDA6F4193D76C355EB9C9E05E269534AFE546F0C79C51C82C0
S219EDA70954A95EA5E83C5B96259180298724119F7BFA96976D6B
S219EDA71E2C08F8F8C399A9780CBEE52D09DC413B9635B2C45FB6
S219EDA7332E92E580F41DB9228600008FD14FED599C49CB8587D7
S219EDA7489E625A6B6BAE54B3B470DA9A25BAAE42028A75763C0B
S219EDA75DAA00F6FE7FD6D2C8C645F9A5B44F96F4AEE945849B37
S219EDA772AB15836E170DF3146DDA2B3092DD410C615D5FC32A9C
S219EDA7870BD1CC5B4264AEA6BC52D5072E08E5FFA9A1CF673F0B
S219EDA79CFF722EC3381F9E5EBE00166400AF074FC0EC4B7B8BC7
S219EDA7B15453ED4E27D29C90F216B091A40680B50A659888B231
S219EDA7C6DF7EAEBD8C44FBEC4E2689286AC20DDA3E7F93BCEFDA
S219EDA7DB6B6757EBD556AC3FF743A3653D098A96D53F58B6B1D2
S219EDA7F0997980ED77C1203FA76FF2D469883664A3041FC17CE2
S219EDA80553537294750ABDAE619048E78606F03F8DD147BE6018
S219EDA81AF808552663142F1868664D2797589D453D7DD6B9772B
S219EDA82F395E189BCD0DF1B19FB9A168A777697A23E0AB88CEF6
S219EDA844C34347CF43466B95E9774E14C53191FD2BF8883ACA73
S219EDA8598D69458CA767B685AD401E59F3FF8BC9ACCD51C1486B
S219EDA86E752E2F5CF06413B4756ED51B29E43F68AED0F8153751
S219EDA883BB7A0566FD0DBED57F2CDC4E634C1932598CA5BA4E30
S219EDA89847F8B1A9A71570AD647C32C44B69A61732ED830E440C
S219EDA8AD8D06CF0D4D5B478D82BEFE7BED2DD308973E33FAC346
S219EDA8C218AD7DDD3C0D598FA3E83DA3401DABBA132C6C3473C0
S219EDA8D750899A4D3C6D12A4F9FA53D98BF0179AF3F1E7C596EA
S219EDA8EC08843794E975CE110D74311EA5A839486C289DD3DD52
S219EDA901661B0EF98FA434601F564F30869FF8139940FE1BEBFF
S219EDA916FEA6132F26F2CD3B973F8306E261B6D22BB8830B6138
S219EDA92BDA20C2EE8CAB066357C2B5939E09342B9BECF9B54CF3
S219EDA9407112E687DE17D87EA4BB822235AD48DEDD0E3AA0FE07
S219EDA955DB635A602F4EA115EB74977A99EDD3D2A0AC1D740355
S219EDA96AF9F42791E2D7B96BD0F0DEB052F7282A1CCDF8F7FCA7
S219EDA97F99DF1DAE315AA3B02F2D9BEC222ADD4333EF89A5DF32
S219EDA99407B45C5EE8D4E63F568D7BD3300FF80A004111B49856
S219EDA9A9691B7EE9F41CFA512352417A1D94A90825B6BA2B8D82
S219EDA9BEFA31A416A2D1396F2098AC57F3B73D1736BFFF12BE15
S219EDA9D33BBB6C0A569E76C3C81A6C8288A0149C6DB89B6D3FD0
S219EDA9E83A750DF0C2310FF663EA4CDC2E3DAD801E8C27842042
S219EDA9FD5A1B839212BAA48DFA7D1E06EE84D8B24C5BE58F53C7
S219EDAA128283A878E7D490B33F1B1DCF42C9C3EA8BA2DDB983D6
S219EDAA2774B1DE859BC5E8FDBC48829CD9602EB9D7AC9107649A
S219EDAA3C03669348998EAA9BD95938016CAC0A1318C7976EECF3
S219EDAA5157A2CD05D905F3559AA60CD15580CB2BB89C4AFE6F1A
S219EDAA663259B8536495AA0B1D258989163DCB65356E914C0D41
S219EDAA7B84B82BA93EB6AC978B052DA7BF1213B59FD05B8AD26A
S219EDAA90E78001F84C9D672B539883EFEE939446B516A1B87296
S219EDAAA5A0F05A671F2F83C61FEE6F3B7610A8C92798955AC6A0
S219EDAABACD062F0715BD562B9F29C92EF7F1FDAF2D0DFAB0FE04
S219EDAACF3948F66C0715B4B77A644A04D9638F67EB9006A3B9DB
S219EDAAE44477F7C81C0572E4B00509FE2677A0D54DE3EAA8F5F5
S219EDAAF94F60F9DE69BCE927D110171E84FF402CF1B853CEA527
S219EDAB0EA38EDF7049DFEB9BDE5F20DA98D0D743E0DB7DEE92A1
S219EDAB231F9019E8E6BDB7EF301F1D8C113ADADC6C24929B5329
S219EDAB38C2D1BA27C82D90392A9184D897302D2884A28D03A05B
S219EDAB4D030A004DD645D2CEE0EA667411DC4BA31DE8AA32B0DC
S219EDAB62D0F22BA1A634383964F2F1E75346F38A426CC26030CF
S219EDAB775FE006B68C28379708CD667B8FD7F496DFF53AF8C9E5
S219EDAB8C6F78FDC70BA5274521EC2A1349E89C758C68A0060ACB
S219EDABA1ED9A3458F25D017B1EE05606A98AAF49945570F6BC3F
S219EDABB6CEBB23BB676F30459F1E37B1EEE279D0EF6940AF2DB4
S219EDABCB095065A88BFE991E4512BDD0FE08B20AFCC48BC058D4
S219EDABE0B30D3D4A178536668450266DC0D951BE08D3B67421BA
S219EDABF546F4E105849F82B96FAA9DDD76C82311D9FB1FCB27F1
S219EDAC0A7E9BA86AB79B5D27C336F3B6E38032F788EA893C26B7
S219EDAC1F5A57955FED3EA812C28103F4060ABBA2773F1AF5CD6B
S219EDAC347B99C59349D03015A98DEF619C3B88E0C020AF5C752A
S219EDAC49344F20A50B9550E3A4D5157CE28730383D7A29B5DE9B
S219EDAC5E194F0E420341FBE88DC63949C342D2EABC359FA0E268
S219EDAC73B33343CA20483AD153431E9ACD1A8D5EA269F522C270
S219EDAC883C77AFDA0D2F9E99A245360E147330392DE01B2A3D6C
S219EDAC9D5017A193627A1C2A50B5788C4323A99167BC98A2F0FD
S219EDACB253C24DD0A5911337C84D9C2238C02339D8B77978BE84
S219EDACC79FCE9E6A697ED8769A97D4152D710463EEC36AC318C7
S219EDACDC710C119E94C726066E3A28DE5057F24AB246E52EC260
S219EDACF104EFE82D1B1ABCCDBC4B6852937B366AB7A5293EFE66
S219EDAD06C1F45AF51C35EF4D2591DEA3F655131E49C8690A3549
S219EDAD1B949278723B44C92F7ECDF34D982268FC8DF6C52699FA
S219EDAD303559F72E7371E680B997D0A01B4D5A890D1E53210174
S219EDAD4520C424D075414E374223BDC800D07ACBD422793F182F
S219EDAD5AC0B19EAD1EA3E3FE97250978D5B48B53A2D54873E4DA
S219EDAD6F807BDA6C160C905455DA913B96FDF9A74AFB271D9847
S219EDAD8467C833215F46006C4DD2F74F177C14BB8DF81ABCD43E
S219EDAD995D82CE79014EEF2C5932E6D4D6B2BC7841AF7F3E87EE
S219EDADAE3763E2252D8F3C7E81C97E1117056BAC401ADAD12650
S219EDADC33B5059F32204AF56EA4596062C17C51AC670BA2B7F00
S219EDADD8EADF29264CF1ACE0975926F37C115573C599B98FDDB2
S219EDADED030010262356AC38BF67B02F4D10F485E22D14DCD11E
S219EDAE029FBD9ADCA1F9B8C80DC3670B44F2B805B6599EAC616E
S219EDAE17340A1D4C317A8F41B668B0BA9CB6A814CAADB14A52B8
S219EDAE2CCA44DDF634AD7BA45900DA9C07CF2262B5D8CDA60312
S219EDAE41B8209B2D63099AEDD51E7CD5074AF7E6280A28B0EC0F
S219EDAE56C8FF849E78686CBB1F4385ED3B491571C89AA2724F62
S219EDAE6B67F49AD3899C714A40640C54A8D9DF8027FD2A2EEAEE
S219EDAE80AAE3C9499120C5218128220029903E5A32080ED82831
S219EDAE957C2D9714A685B67FC95F3D1620D855D66A0230BBEA23
S219EDAEAAD4C3DA9404B0DBF4973723F27B7C34C88FA20A7AA8E6
S219EDAEBF4B7EEA39715D6FA7A954D18A8F899B699B6727B4016A
S219EDAED45571CB76210A6918EC01A8C9228B2EE2A5A2CE1D6C0B
S219EDAEE9DB6321BC1C0DCEC700326BEFEA18AA401F1040BF6380
S219EDAEFE710D788AE0E1A87E3C5E6CB82A691CE2215DDE9F7329
S219EDAF13E631D9F1473AFBA760C16C10FA65F64644B2507F1125
S219EDAF28AA060E3C79906E0D8B0CE2C930C060D9AC5CDBEFC5A2
S219EDAF3D6259BCE83140149BB1CF62E54283BE4A0769F0A07D7D
S219EDAF5264DD4F8C9EB49EA0EBB8762C816436EA6FFA8AB4ADAE
S219EDAF670A9D5C11A4CEBA28ECDDD90D0493D2CC248187A8952E
S219EDAF7CAAC080831ABECF0DB66AA3028E04FB62C32AA7381716
S219EDAF915C9BFF9C28BD0DA4B110FC4ED06B4A4183A327F0ABD8
S219EDAFA608E248B9614F2284C85ED5FA58E59906205F0A16CD26
S219EDAFBBD513806DEAB721151FB321A9F572137737585E32D067
S219EDAFD08E51EDCD5F512A7B86A936A56005E01F1D7F8BAC4902
S219EDAFE59DDC6D931C557FE6D72AA221A8BF3E84B89645A3B043
S219EDAFFA525D7CDA494A4479B5AF0AD0D8BAC4FCF260E08314A2
S219EDB00F599B2CFEF8A2F7B83A730938090ECB70868F5A12848E
S219EDB024E95C1F920667E05D4C6AD88E4CE448D22F7B8DC158CF
S219EDB03908DEC39113DB1F53F18C45320F7554BEE894F517F074
S219EDB04E9117C3D27690EE1A2206F68290D64CAFAD3C82300B09
S219EDB06369C68FF81957045D1E5EF3DD13D3296841FAD4BBB220
S219EDB078E76258512021B14B459850ACDEC3D8A63C7DF6456056
S219EDB08D406CA38C47E8B28F51A1FE5B92A29978E6C408A4D9B2
S219EDB0A229A58F47682753C366D950BA41EABA05170DBC9BC5EB
S219EDB0B7527882791BD69D4CA862EEB2B0E69BABFFEC9794A1B6
S219EDB0CC9A0EE646EDDE7765B576E73705335CB76EB0628A3B29
S219EDB0E16E06424DC4CA8E2F1BF3B188EB216F6ABB72FFC917E2
S219EDB0F6B1851F884EFEA36598D4522FE75D274229325B2DD3D2
S219EDB10B946F61B1D5B1E23CA6088457F0E48FC626C566B8F5D4
S219EDB120A02773FF24AB8A287D30FC7A493C3AE4C6E71A935DF1
S219EDB135E6FBA2F1D7305D957FA8A3FEA4D80939E9906065FFE3
S219EDB14A8A5DD5DDA401B6C8D7485FF68C70A103D9E38C6C3C3E
S219EDB15FB063D351B026B49D6C1874D56E05B11C6191F33BAEB0
S219EDB17445A0BA00F2EC2177153C3C25EE75DECC7B294B8DEF95
S219EDB189D6121DB3AD464E83248CABD94C5808334B7F3EB46311
S219EDB19EDCB7C04265A79A7D05F33BD75599B0B9E76967CE29E3
S219EDB1B3B96421044DC9F0A8FB3289A1C0FFC57E710C4DD67933
S219EDB1C828B685BC80FCE1FBDA999A800A9CD372272EF255A84D
S219EDB1DD70E0537156B2D2E687C8858F012A47C636686D1D0EC6
S219EDB1F20F38EC2BF3CE57A04E76C93C35A9544B5C733F45C5E2
S219EDB207293BA891C9ECC0EAA45DED4EC494F22993A175471A8B
S219EDB21CF94B710E80CAD709E69AE0A9A6B75E146371D5E00ECF
S219EDB23166B173B7661B90A8E29AB34720A1598CBA07BAF26132
S219EDB246A92CF6D94DE6D88D4FB3BD7C922E47CDB5963C5E329F
S219EDB25BC9C1DA89914F9982D6326FB9B96CA0448C2D89170E64
S219EDB270507418D2E6AEE0DB65D3F4B46F241D9207D332C5DC0B
S219EDB28529481C78F1D766C3B98E66D48F17BA43FA20839AE889
S219EDB29A0B0EFD659C05AA3AA887CBEB46EDC33911DAB61ABB23
S219EDB2AFB720DA92915474072B49007D13CEAC33ACDAAE309848
S219EDB2C4F0D4F64557173713E8B78D73BDD584851B72B451F808
S219EDB2D94C54FB8FA0366795802CEC89481A7A3CC0609364D74B
S219EDB2EE55B4E9CEF53FE06FC67387DCDEA38946795028B8BCC5
S219EDB3037DF31103824EC7D74BCA50CFB371037135F407C79FEF
S219EDB318EC45F006434C4BEA34D5A52AF7A519FAB96CFD3F94C7
S219EDB32DF47B6A948B366404F90AD6EF4BA640F4D73205483907
S219EDB34207EDF338E743B4D3A387050390D605AA20A091380C58
S219EDB357F6946F8449629BC48568ED4C29F92C19FB26B10E1FDC
S219EDB36C558BB1371FBF7429BAC7A0F3B094B8AFC8E3441FBA10
S219EDB3810B0679A6245FE2755A78FC08E01787D1B0A36BF1EFF8
S219EDB3960D3313CC8C53EC4811752784849773228165EAE546A2
S219EDB3ABE3BFD52C45DA1CA5C1BFEE78697D00C0265408A4382E
S219EDB3C06ED4EA61C55D98200BC4A998F189FA21008931EDC211
S219EDB3D5648FF436C153C61EE3FC3E1E7C41E84AA1BCBF376778
S219EDB3EA5D5CF7178A04221D3CFBD0C86A1CB1DF0CFF88401000
S219EDB3FF6EB87435ADE898FCEB5A65F9E6916DD630760876903E
S219EDB4141CC68628BA304E6B5122F7AC5C249696716FF2CD5746
S219EDB4296A1EFB2851DDDFBDEF5132A0FDB151919A217C651356
S219EDB43E904C98D750AC15030410B01F8614B90B71C52700FB0F
S219EDB45301E74A688099D9C43E9481295C5B652A2E983B152C9E
S219EDB46856415F4518224EF66E51DC359E5599299E14BD3D4EA5
S219EDB47DCE4B039D385196417D46B1DAFC7BE92CCC2E186F88CC
S219EDB492AB34A172FAAF001772010D0D735E49D37347B9CB3E0B
S219EDB4A7F2C0E3B28BF74201CC147CB25C514E23C11BF4C64888
S219EDB4BCEFCF9B1FB11D1809590A3E84190BC0490C922390F48B
S219EDB4D125A61ED29E0D35C2E7B2A4ABFEFC4244DCDB389A6ABC
S219EDB4E66DBB471B94CF48967B87F77631B2826CFF6C69B65377
S219EDB4FB6D02FEF36875BB5648752FF23036445B1A99555400BD
S219EDB510D3AAACD4A9EAD7BB5C11B906D4FE55CB8F448CEC8F1A
S219EDB5251BFA577C2C4CD8A83BD5D5951D333D8536E425B4EBD5
S219EDB53AB48F6B721879ECE4807B3EA5B4D62E3926AD865838D1
S219EDB54FFD9F68E75089D9D9C529691705BE8EA6BA19F3C98803
S219EDB56412481F4FAFBDABB35F886EBA57B85418955DA188F7B2
S219EDB5799F73EC9B5180612AC1812E07DA15B3BBF2EA0C468A4A
S219EDB58E16D5535DEDC49FC252F255102E1C836E00637D5AA14A
S219EDB5A3B3DC5AC628E6D81E74FF00E307A2D0AE56F91277FA9F
S219EDB5B8FE38E9A1FE56100AF9742DF9067D54EB1D19E319F3E4
S219EDB5CDD73E1C404BA93936749D174A3A1256675E1336758686
S219EDB5E266E8D7EB59B457FC9AB6F00281060E23798675396BE0
S219EDB5F758FF54AB5F64CA6528B5CCD6B40644C51CE583B00B84
S219EDB60C48E4B65E6FCEF902900A7F59E35A1E173E1CB47E2A25
S219EDB6211AE5586B8842DD05F01C359EDCE5594FBEB2CFB26714
S219EDB6360B41AD3A7EA6DB9BDE94C29743B3D62D0B88178A9DAB
S219EDB64B96DABCF4B5E59FA24593FB96CF8547AE44490EFCEEC6
S219EDB6600AC3A58DA50EE5902672DB037300CE0AFA1019AEDD4D
S219EDB6756EBCD2C6B09D999E6DE633FDD0CA3F2A2241B9EDD623
S219EDB68A14C61A9453256C8F0698A52949A064A47F1B9A80ECC1
S219EDB69F5D3206E83A40AD09674E503BBC0CFF4C3BAE11368DE7
S219EDB6B42078BC0CB6AE53591593072717012CE0CD55DD52864E
S219EDB6C953194EF31687BFEDCEA6D4635AEA4448C3D6EDAB9543
S219EDB6DE00834467A7253C4BBD4C78BFD7480EF7257F91F00754
S219EDB6F3226CFF324FF173EBBC7C257A628F762CB0897D03C60A
S219EDB70806DB93A714E5AD01FCBB5BADB9ACB00B394F23047C6E
S219EDB71D42FE2C4CA635495C7EACDB3641588BB042E4B3BCC782
S219EDB732B8C3EEA8516B29DC9EC9FFCB1CB160C900718CA1F188
S219EDB7473124AAE71A8EB1760930AB53EDB03C23DBEA85E3B036
S219EDB75C0D2A4F995E029AFDFA08BA6C99B26F42D2A462191F9C
S219EDB7710941B6498225597A6348063EA965F5A6EE2C3D4617C2
S219EDB786DD578CA212234F8F4ABADAE070B9C9415CEFD5B6EC94
S219EDB79BCC2DAE4145A04A2EFF1742C579F3D0461BE4F69ACB69
S219EDB7B0DAED1EF2180E88D78B8EF8647C5927F1FAB290966B97
S219EDB7C5DE73A486106918759D5380402CEC02F0C934D01F6BEB
S219EDB7DA01DDAF5C1A54764B0873EFF92255FEABC9C847E85EAF
S219EDB7EF4A7800F480AF7D00EC83BAC4F5E27078B3AD81FBED7C
S219EDB804A4ACA724CE772A5633B8E4186A89A939CAD26FD17D48
S219EDB819519709185863B8A0B23D82F9A787C27173576BDCCB65
S219EDB82E13E6607B803FC7AC91C65FCECDFB58CBF364748DFE48
S219EDB843FC20F3712A9C15430F3A1D74035C12EE7485643DF994
S219EDB858489C3898621D6C839B482510F043205E587260B3A37E
S219EDB86D744F47772C97EE8C13EEE49BB459355D82060FD7A8E1
S219EDB8822EB3349E48A32CAAEC7F450A17F1BCC195E48F0FA451
S219EDB89708422B8360B8D838C7F4C7DF01A9D62E460E4C8793C1
S219EDB8ACA1B94FF006D520247FB40EAD4434A7AEB3FA4D31CC2B
S219EDB8C18F9B8904AD99F1500C41F8513816EF3757D6DBF5FC3F
S219EDB8D641E754344C36C3EE4455CEA4F7BB710349AC54DDC56C
S219EDB8EBBD87E22C3E8721009F782753E3D58E420A72E803742A
S219EDB90049BFEB35E4700EC01D5C26CDEF5A96E270465EA20B08
S219EDB91547B1FB61CFDC3328D84ED01A523AD87409F39E22B17C
S219EDB92A9878AF0ACA7B713408B1031A9E874F9CB03A934CEEC6
S219EDB93FFA2917420BC257DFA2F09FEF8D04ECF951B654B0B52C
S219EDB9543A3E2D8ECF191578AEA59A7E24F5461146A044FAAF96
S219EDB96990AE1A8B7390AF9E8A2ECB01161BE1C9D2C3059C0A05
S219EDB97EE18897E655F405141212BA7676678FBC60DF3EC2F8C7
S219EDB993A1B3ECBCF01D187A7CB7730A2939E83D6A16A16AE26E
S219EDB9A8E30C96006DDCC4D7DC01DDCDD4633C0A15ACF9E6F497
S219EDB9BD796D8312584A8CB24A370A050537E5B46CF9F2164A0C
S219EDB9D21424933CE1D254AFE7A6F955488B459B68B201D15DDA
S219EDB9E7D894029111CF3EF5769E605EF5F14698106260C058C7
S219EDB9FCB1EB1E196814F1D8FC7873ECC33DFC5CE560A684B1E1
S219EDBA118B8A94AA7B5191DDBC90FF12EE8F9E6CEAAEBB09332E
S219EDBA2618EC5F2DFDFCF20BA708DE6A05C51AEA1B8F0C9FC1B8
S219EDBA3BB1959DD4F28D8F82CD3BF7D58917CE7081DFF8D19B47
S219EDBA508C94CFF11B8DAC21CF39E5270737D2826AE2C2A5A1A0
S219EDBA65EB2C5B15EF5DD7CF8E2DE87AB825024CCD2AC33E8899
S219EDBA7ABD492AB873D43858150E694731DCAF43834D0165A25C
S219EDBA8F1F54D3BC7F76CB708C49AEB3078B3F3D40A9DD16E47A
S219EDBAA477D7012A5B07162BE112EF3E6ABDAE6C9797FCFEA650
S219EDBAB9D25116FFDC091E33225C4ADA2E213498DC16A4118F25
S219EDBACEFA00F1E42269CEAE08F74C8AE74F564E62C400D4D51D
S219EDBAE31C94E70361D68FB4252D75A5667B5DB872599410C9AE
S219EDBAF835C266AFFD202E685EA7B967A67C38F5C98C7DB4721C
S219EDBB0D9AC31CF749CDC185637042AC3331F5146D4B7E928FE0
S219EDBB2262129AA8DE2C8D353811902C0E91621DD73C11A78F1D
S219EDBB37A6A8C4BF9197E5D7AB3A18D5C722C6C8A922F55B0EE0
S219EDBB4C7FAA69BAA4566CCD74DF3321F49265E8F1F2752C591C
S219EDBB61F222D5B08EBFC3C6C54159E8CC068BA467DDAB17120E
S219EDBB76583D19F78A42D00F1ACA7FCC0710FFE13A16F6C2C08A
S219EDBB8B186DFBBB386A581361CE64D203B4E997519FEE507031
S219EDBBA05EDFF530E412FAB76595233D60F7DACDFBAFDA49056B
S219EDBBB58765F5B7A85EFD15B07AF376229AFDF79C6F89EA50C8
S219EDBBCA53100B399C8738ED5387D3C8AF3D6E014DDC97770A74
S219EDBBDF18F612FE1D16C10F783FF3EA900505D713B1C86E2C13
S219EDBBF4570AB2B87953682E84C3FAB04B40EE0D6492CC2A7248
S219EDBC09231E75AA28F5BCBF0A4493E79BFB662C5F38745AD710
S219EDBC1EC1CFB507960395D2B9DB782A7B0F510F72803FB9BC0D
S219EDBC3351579C1158D6CA96B6FC275A10C308FC12167F5826F8
S219EDBC4882ABB013147D22E35826B4D6CA9BA328DE1C1DB3FA73
S219EDBC5D3562FF6A2BD78FF5DA79515838A9D57346E199E1E3B1
S219EDBC723677E5DB484E3B250B7819E57E112FCADBACE7E3C24C
S219EDBC871C0101D78E002478E3B5E4816B016DB6EA8828F72A50
S219EDBC9C33EDCEEFB00B624572DD0B715C187CCAB8450034D5D7
S219EDBCB1C82CD8A2C2D437CD6D1B343662058A417A497C68E8D1
S219EDBCC6EFD835D9BD9F06201788536326C2487BE37FBF8A7203
S219EDBCDB32FB946DD349C64F4F37061A4CF071DD698912BDBB57
S219EDBCF0B596B400C450E78D623CE803704EF40B80397CA52F77
S219EDBD057D13C3EB75E27638C79112847EB6856AA2BB7E25667D
S219EDBD1A36A72AC0826B4DB53E3226A219222EAAA180219D95AD
S219EDBD2F4F366612E3FDB413C1A0AF52A92E05E872D323DA0AF7
S219EDBD440A314C210C24152A87F130641951509570E4693F7218
S219EDBD59E71BBF181B2D92C8F73FC3C9845DDA335D197874FF57
S219EDBD6E8FA156929B3722DA1162F3A1B91C9D1207B538E999E7
S219EDBD83F468C0B0C4F0F3052A2252F2CC34F29147EAC9CA85E5
S219EDBD985FFFB11DD7931EA1DC22FA17381D060B45EE63B8CBC1
S219EDBDADBAA38322E9B44502501D0B1CD3AD63F739C32666B4FF
S219EDBDC25C27258011CDC1131E94392B1F8BBD1314B680F17560
S219EDBDD7B2315B8226A1409D01480F46F22843A9911419F78622
S219EDBDEC4D2FA7F9402F1B985F52426E2C4469DDFD04CCCBC49F
S219EDBE01DD47BEE2E3AE513E41610CDECD910F35489BFDD594DF
S219EDBE16A1C9073796F27B16F94586D891C5B5CE0AAD884471FB
S219EDBE2B2D93AFC77C1C6FCA033C4D07035CBA03BACEC1658B21
S219EDBE40BBB1F7EA7672B6DF725B891E72364DD9C8733875B057
S219EDBE557581D83C2A2C610FD8F1C3130B471BBB10098B82F237
S219EDBE6A3B2B8C583267E60816D0ADA83B75F2CB8CD82A97E94A
S219EDBE7FDCC47C39C8AC356AE134CEDC2590808268BAC93C3B7C
S219EDBE94A0A4E733C9F8FB973F6B6C01FE4ED185634654A25A44
S219EDBEA9F315E7C993D188D40D85493D53D531457990E6BA9E1D
S219EDBEBECA124DC3EE80F9FD57F0828AC3C3366D6F82C83008C0
S219EDBED322C6A1EAAE00E72074E38F7F76695F336BBBBCFCB6D6
S219EDBEE8F898BBE2DE4ADA2E617881ACDBFB3567F419D314BFCB
S219EDBEFD9816B4D4D9803A42270F873375456C3348E16A5CEE0D
S219EDBF12A0760CA2B783C787B1A870A8C62610DE32BACB6874FE
S219EDBF278DF652981D126909B0E56BEBC972F1C22A2614D1CD2A
S219EDBF3C6AD20493D28D47DCAECD6D5A8BDBC0A79E8B3FF39DA2
S219EDBF51871670F2B6B92CEC8D1B3A9DFE4710456824C50CEC01
S219EDBF66BD6D8B31EC03014EFD719F7A2130EEFD3E4472DE6FAC
S219EDBF7BFB8E67566999D675FCC010E5BEEC770C3D34B08C4160
S219EDBF90B948258AB6D12296FE6D495395A7F1D521D10E074863
S219EDBFA5835F68517300809DF1AABA6EBFF4C96AB7DE0BA6B6C5
S219EDBFBA21036E634B03F5CCEE2568354EF23BE7DE79FAD3D274
S219EDBFCF9E26253C945F999CE3A83AAA1ECD93CEACB81988BBA3
S219EDBFE40E7D1107ACDB24CBF2E006992C751F74A840F5FC318E
S219EDBFF940140341A5BC18377B876753A5EDEDD6CA4E3E7B29EE
S219EDC00EFD2E44BBCA66E8DAD39C7F3BD1644E475042B72E297C
S219EDC023D330F02B21DC5F82013B6FF457AF25A0EADC798914D4
S219EDC0388F3781C878C812CF774768EB139214E509631D818791
S219EDC04DE2C66ACEDD0D8744070153232219A3CC7B54E0E0811F
S219EDC0628627C00DECCA74D21BD725A752B5DB1C28892A760054
S219EDC077D42C6E1D0C68523D4DE92F424ADFF561BA75C249F5DF
S219EDC08C73C385E7E3A90AE4F0DBD092CA95DB7F0F760C918504
S219EDC0A13C24B538870C99CD1219680D8204FD0C771A412C968F
S219EDC0B6201351454E4DF50811061CA4E5C1A7F41A11D437894B
S219EDC0CB9621FC842E4FF5B61FBEBFB3925E90DB32D2663A675A
S219EDC0E013C893C41C422ADD86D1EEF8389720A90AF1CEE22121
S219EDC0F5BCBB76666F80F0147A39526953D1FDEB1C9118790343
S219EDC10AA207D2AD2B53543C60A148F6EE7BA8E98A9238FC9CD3
S219EDC11F4532AA6F711100352F932E4CFAC700814C18CE0CF026
S219EDC1343B1ECE95AECE08876427940A6DE13A9CE40A5972F93E
S219EDC149F16C0E37308E424079571E093BD50A5B2DAA06C355AC
S219EDC15EE9C4B2841D8F850DF2D456A6AB59E10B7AD10D88E641
S219EDC1739C5F850FD9EDBE5B5C425DEF0F92B0C4899D4A1AAC22
S219EDC18802D0F00B8EDE38B517AE1412BECFD58B39A6A49DCBC7
S219EDC19D0D04840E783591F2362D4DFBDDD0B4793B1F9D1EF737
S219EDC1B2ADFA8CCF6318B6952BE60BE524DC672499ECF64D6901
S219EDC1C7EEA9CC25DB3F3393C31D47FFD0487BFEA9C26DEDE2AB
S219EDC1DCD04D483B0448AA733B1E60F906FAB30CC1922C65A25C
S219EDC1F144B4C4232A13D204F35B129EA68D4EE16AD3E7A6A487
S219EDC20673F66B42DE1AF368FF2154C3B5407C2C7BDBDC223967
S219EDC21B25B930069A0E8BF417CE26EBEC230F5D9A2A3F7841B4
S219EDC230124E1345A91DA1C300F315613EDA48CB135B8D8173A2
S219EDC245821AEEED5A428A4B3F0CAC7B7535531F95A77478D480
S219EDC25A7D31A7E0D27AB787FF11C94D6CF16F5B24E7F5E136BA
S219EDC26FDFD9833805D16BEF143C1137BCDF79313B14F6975715
S219EDC28431A8D8836BDFD6D7BB3E082C1999599C927E36883EA8
S219EDC2993DDAE073D3706D2D615A790A617FDDF461B919AA3F4C
S219EDC2AEAE2A24C726A7C06DE3E8A58B84695EB739FA1017571E
S219EDC2C387D11094564842C96B7126EF858FE00C83CF310A3819
S219EDC2D88ACF6F2C825EE58498B6803F48E115D613749DCD49C7
S219EDC2ED96D7F2FFBB230EF398DEC805422BE5DA93620F05E1B4
S219EDC3025128FC31A69255411D704D8D6FEE5B7138CD90EE8B22
S219EDC3172019FEB606A5FB8A56D0061A25F240C5BD383EFE76F9
S219EDC32C072C77150C5BB8B181312A2471B1CE4A97CAC4447860
S219EDC341031845A52CE4427DB704443555FE70A44DD340C5B7AA
S219EDC3562BB224315519DDB496DBC717D2F7180DB576C090E80F
S219EDC36B0CCA867BFFA66FE9499D168FF51DD734ACD6BFB2C09C
S219EDC380A65BBC585B2F511DBB2398B96413A9E94F0E68E4EBDD
S219EDC39596F7D9EE666C4DC5C91EDAD2092A9057527B87700FE9
S219EDC3AA8118AC3B3F8624D8CCF1FE88376FB78F36908DF8349D
S219EDC3BFF2EA430E3573B17BD9D896799891DBF0D3A56771C6AC
S219EDC3D4296662D1B2867FB03E0E092FD78BC19C8EE6954E0B94
S219EDC3E9268596CD45B1FE24B8DBF1A43804747E1AA0BB6740B5
S219EDC3FEA9029550C31E6A3FB5A05CCBE6D7AAF1DCB96B7E9E2E
S219EDC4136D9417E119864C42DBE02D0898BEABA348D7E212EE67
S219EDC4287DA07E5846ACCD361F555B00AD366B4EC5326E7AC615
S219EDC43D4B99246143099595BA7CB90ABDD74DCA1E68FE268F3C
S219EDC4529B4CDAB7CBA266066BDA74684FCBD1404B7A97B21226
S219EDC46722E8587BB04E7699A92945B3C83E551741ED1A725698
S219EDC47C011E17D4CBCA246C9419D90814441700F99F62B65A83
S219EDC4918FB0AE86A118669438820D93C1067EF94D9EE9770B90
S219EDC4A6A3B7FDE302C4E225859D4636F9E2FBFCBB4BAC2643FD
S219EDC4BB761E1858299F3EC6701EEB9B1DA0CBCAA029149DA822
S219EDC4D0BE50FA48F1DF96E9130F5A5F6498AEE01429BD4CD447
S219EDC4E5F6255B50673760751C00930170CECAB5AF8772C6003C
S219EDC4FAA0B6E2E2622BC604ECF499263CE6A9C932962DC61FBD
S219EDC50F00953F3C75091209EAE2FF92324C09215CE19C366EFA
S219EDC5248560B115433C56E8D8594C24E1C20BF2EEF1B98FDD63
S219EDC53930690B8DE2B47DAA45B13BDA09F0D4CCA1BF75614CE7
S219EDC54EED6C05302387A0DA2E4C7E1EB68D89F8AE36A371FD65
S219EDC563DB74879AB28E629D13F1C7C06843389D00E382D7F4E7
S219EDC578F62BDD50A1517008A45685E2E8487910338E0ED486C1
S219EDC58D2385312E151E1124A4EA5FE9F73642CE83ACF58FDE94
S219EDC5A2A04D70C102FC03F0719F9498F043A049A1AA2D133E62
S219EDC5B7C10C73B81A45AB9BC872A2803254197D0529169F9EE7
S219EDC5CCCCBDBABB6ED1BB7AEC9BFE29904F1CF8C30F975AF2A0
S219EDC5E15FCDE589F68CE571A26BB9A72146AD09198264864989
S219EDC5F6C1BCB741D5E931458CB95C6B225924C7A04FFAD61C48
S219EDC60B80272243358F332782C2CD817C12E2B6A74C0FB44B45
S219EDC62055EFC4E50046E7F8BEAEA871D0480EA8437F3C64F557
S219EDC6351AD68A8A0FFBBC995FDC31BC2F0088737E263AF9B7BB
S219EDC64A661DB6F637169C191E4C8D33EC778743E8F624A4AF0C
S219EDC65F908D543C0E3C409EEF441ECF41873458861771DFE7B7
S219EDC67468F649D236FFF1FB8A024A893C3560A2F3F0E6EE217B
S219EDC6894F045FE9A681FCFE25DE98FE0B5EE44811B3AC1C5FD5
S219EDC69EE3027FA80EC36ACDFB5E6CCB8A61A5434287A5A70EFB
S219EDC6B31FF23EA6485CDBDBF7D3C2B8BF04F2E44865CCDBC33D
S219EDC6C84C715323EB723FA7B4E4D5637C1E6734731BB1DF4C86
S219EDC6DD6F729F88F6ACF7A6A6D013FE0A5DD473002D0BB5BC31
S219EDC6F20CC128B461D0EDC020E7E0AEFAAD314873711B69DBC2
S219EDC707E1E19C83CBB5966D13618A67ED59635611497BD8CCEA
S219EDC71C0D80399B606000FFACF527427CAE1614DF480C429E85
S219EDC73109A594FF0C73E98BCE963D81EB8F20967FB0A52F96E2
S219EDC7469A6AA0AE195238A7B474BA0745F88B77AE96126F194A
S219EDC75BB4C07FDBD1460BEC1FF9BA1198CC12C2789A9961DDF7
S219EDC77083D15D65AAE8C312E38A4504A71AA3AD1182FF8679ED
S219EDC78523A1C225ECC96F073790B785E626E688F0598916D69C
S219EDC79A2C4C9272E8672BEF1BF1715AF965C85E58AE739C241F
S219EDC7AF1BBF49782ADD3EB32342F55307C600564C9EE7E70C5C
S219EDC7C4214AA8BE0F7C349424EB544D266A7509A843135649EF
S219EDC7D907ADBCD4BEF5863A9DB782A964AF67C07F2F3EE676A1
S219EDC7EEFBDF8D60F506DFCC0B4A51E0330F0F73C85C4BA82F47
S219EDC80339449C6ACD5D881F62BBC2C117D4753527301E48DA0E
S219EDC8180DFDCC40415597E92A347483113FCAB093F70AEB9CB3
S219EDC82D814074AACDB97B30E3CA67B553535E8F2D40183EEDE8
S219EDC84234EC1BB672D467682E1877BCF7B8F2F1BD50307DE93B
S219EDC857D9EEE8B056992A353B4689693EBC2B45B07106862182
S219EDC86CCC33B135F8945FF735B68615308D6EC2DB3D38230810
S219EDC88108F0A15F4EC9F8585EA2D843126D07D0E3BACB3FFE3B
S219EDC89612680357AB106F4D6C656395C44990A185F8716D3DB1
S219EDC8ABA991771597A35C02A97E038FAADA7534697539E7162E
S219EDC8C000BE0451057CA4586AC60E2AD68E6A9B9BF33ABCF696
S219EDC8D50911105DC948124DCDFB207661E390854409F86CCB32
S219EDC8EAAB2931C48FD954FB33F017193CCB3CADCCFC4A028EE2
S219EDC8FF252C66D0DB99D39A4FBAEEF6C7CE8877B88F0AF6CF33
S219EDC9141F8F13DEEEE570C08BE0863EB4F94AD6C0AF626DD967
S219EDC9294F16C57391BCC4177443F6ED4E88BAC06FE9CC95118E
S219EDC93E29942140BE4702D44F6FA7D6D39774B6EC7F42E5D1C7
S219EDC953BCD58308058DAB471974F9F4803267F1A03F7E9B4081
S219EDC968E33D4772EE48E79673863186B8782B35A145EFB8BEB1
S219EDC97DD9C4526F0EF870DE4CA59C9425A74DBD02267B06FC65
S219EDC992441550D88E3512FB77970BDC8AE98CE6E0F327D39313
S219EDC9A75BD8E72829CDC4A6990DCD35AD4C57CD42BAEEC682F0
S219EDC9BC7B5BD4CFB47701CBB1104EC6DAE6E4E65615571A7257
S219EDC9D19FB5296D7528D47096DBAD4CA8EEDFEE61EFFF09DD92
S219EDC9E654739FF4FB3958D8325E559C6868B486553621B4E2BF
S219EDC9FBD0CCF9BEBF22F04BF06CCB95F112DC9A9AFB6C071C6D
S219EDCA1035E33B8CAAB88F8EF48225E64984E45CF123D6D94F21
S219EDCA253053854CDFE4AF5DC603418677B81C560DF0E0015D7B
S219EDCA3A88AC0F9324BDD597F3378639B59B9D4DA95AE3DFAD3D
S219EDCA4F5422C83965DF2152E602D3BEBDC1780815FA3A56DEBE
S219EDCA64762D26E716F68DEDABD4DBE3D7B25CFAAE8C8DC1A54C
S219EDCA7913F08E2D3055E34DFB7EBCDE8F6F2F35D3A5CAE7C0E5
S219EDCA8E8879A0244E24A317707463CA0F8EC46B8CDFF854A676
S219EDCAA3F23B3F96FF0E46C9A932FC984653F697F49036DDEC56
S219EDCAB8B68DB19AE972FB0E449AD49359860372EF80B67C301B
S219EDCACD5AF4A805F936CE1D22A43FFE1743F62BD1DE89BF9F39
S219EDCAE2AFB984F1DEBE57B2DFB44CF32B3FFA26F0CB69ADECB2
S219EDCAF7A28BB7E483A82B9C10F68AEC4770738A13CC508A583D
S219EDCB0CE935F6704398E96BB7D1945616AB4773F7C4F8F80FC8
S219EDCB21718F7D3158D737C6C7F51FFA7B07A202C04B98F92E6E
S219EDCB36E1DC548DE84F28A34AF3420944A0F8D61276CF159919
S219EDCB4B5286E684438DEA2EC6DBF274D856A5F28E4D9000CBB7
S219EDCB60D9CD3F303B06B0952F2EA320363257B374E563FFB82E
S219EDCB7578F387112F5A274C45183C284810008C5A0586230409
S219EDCB8ABE35FCF15126FB0789DD776102267362D525F41855B5
S219EDCB9F78F28D1BEF3F494E60784991C3BD7930D4CC00156ABE
S219EDCBB4BB722F826B05ED975F75E6A8549249F1267A290FE866
S219EDCBC9C2D6CD83C9B4D56DBED37D0BA067788D1787882B7ACE
S219EDCBDEE58C71F90692BEE59807ACA36273A0B6E2ABB59156F8
S219EDCBF336A0E6233F5044AF2721597F127A9AB0D4932F935C5F
S219EDCC08755978661F6E658EAFB424736D95E893089D3E51F15D
S219EDCC1D3F0986630F9CFDF2BA42CF979EC6EDB221DEF77EDE8E
S219EDCC3282A38F57CDC1F29D00574F5DF641BEB6E8E85631B618
S219EDCC47299C5EF30C3991F3C2EC6E933B8C8691C48110A8631A
S219EDCC5C232D753EEA96FB1790FD6079D71F0A64D756899DCF50
S219EDCC715E3E28B26A1E85FFB39061009F4D3B7BCB9C61A1CCBF
S219EDCC86124497BE183B6750C71600EBC995AECE21858AF5A289
S219EDCC9B3A1FA83B1272E16CECD23D6535D5718989E12DBC27A7
S219EDCCB0ED1E1D93CCD490B6FE831B04837BA509F2F432BE2694
S219EDCCC581419BA95B11EEF511EA3A4F863EB112A2BF7774F3C9
S219EDCCDA283410B541A42C2F18469CBE8886BB4D058EE755D97C
S219EDCCEFB5C773D1A7A1F79788376B1D449F07033562A03929DB
S219EDCD04BFB16D8DEAD742BEACB8D596111B13C1A7D1C3508122
S219EDCD19945AD367D0AC4FE383A7FF2AD7182F92EFBE86047093
S219EDCD2E5839F1C44CE1021F44AB2974C7213D4EB9BA452EE2A3
S219EDCD4312640D345F35259E233143B364A5B3BA8739C0DBDBE5
S219EDCD580BE813C4697D3A8D54BA5C44CEEBEC71FB10A65CC1CB
S219EDCD6D8F293479497C4DC285CD70CA65DF0591107374F2B087
S219EDCD82327388E3A15D956B484131D87D0209524BC228E4799E
S219EDCD97139EC0AFD45D206C535946224A6A41EB2807D37DE65F
S219EDCDAC1FB6FB54E09451190CF59A0950963FB76650FCA9079C
S219EDCDC1F1591B204FE98C7B604F7008262F55BC43684B5F22A3
S219EDCDD64FA4DFF80043F6FD03063114C99911BA840F9286E34D
S219EDCDEBE0A954F11AFAFBFF70CAAA78F4B4D338F22A88F7FEBD
S219EDCE00F3998A866C47318825691E654F8B854D7D5D288814C8
S219EDCE1519956621E9C388F191249C8F421F72D219279571D51C
S219EDCE2A94E0698127B8482BC7B62E49D105A1EFF913DCCD96AC
S219EDCE3F27150C57BBE823AA740D9D05D690FFE49764ED35F262
S219EDCE54DE38A5F6346644DA1E30E18C7D8E3B99C3C8D47A1FDC
S219EDCE699CB85C898CF0F208321DB368A2DB5B5B53EFC576DA1F
S219EDCE7EFA5017D44DB34E3C0AF4948CDF230B4BDE9B323A1F74
S219EDCE93DC254F5F1D2B41C8D351EA0BE051BD01CE721C6E7E48
S219EDCEA8C51AAF0FF30466EE408D71A4991D638CDF4D5825D09B
S219EDCEBD3FEBD773B345E831EC4997F8731EC00465814A941FED
S219EDCED2236F71D712BD5557E5E901D9EE0F37F34CB4E2B4811E
S219EDCEE75EFCF1B87A7CDB4B006E3A877E9B31C1F5EFCA48D520
S219EDCEFC497C91EA494A9A04AA6B8634191BE9501CE0A03B8724
S219EDCF11A4626912F21C4F571A246BD3429DD646BFA82C580A78
S219EDCF264EB6CE5C16A7D17D807B15DD2E8E31CE811AB8612D42
S219EDCF3BC94331CDE4163673674AC877A6BB4849CA6F5275C49C
S219EDCF508F1EDB3C1CA9599FDDE0517528661488FEE96CEB9BD3
S219EDCF65D63253CDA3FCC3D5A7A27B15291004A9B860DB112380
S219EDCF7A446CEE8276F310514062179F3DC609ED504F4D315DFB
S219EDCF8F7EAA98431C61EEE7F46C6B586E513F5311FDEDDCBB40
S219EDCFA4CCC3299D580138A1C30B05E28F499AF0F6B133B63226
S219EDCFB995DBD3A38114A5BE84B5007C79BF93CFD276F8ED32E5
S219EDCFCEEC73EC552B8C9A369D1ACD73004609F7A0FE24CE2840
S219EDCFE3F311B57CE38B7FFBAF6F7E78674C2361D7BD96FF8630
S219EDCFF82F6E7C38009ACF72EC14F1DF715BD0058318AE373ED7
S219EDD00DC81689243E0379ED429B9E09BEE1970B47EAD234846A
S219EDD022E63248218615F1531112946520D5BEAA19C72BE83506
S219EDD03781D9112CF3E42D6A49D80CEDF8DFF32CA7196BABF611
S219EDD04C62CFD0AA5C34C7D867309403661B8C727B7E543417BE
S219EDD0610D9C6FCEBDB9A726D562C619D508006E5221549C8259
S219EDD076A6A0A489F809F28FE98B11B51A17DEFE6BA5D61A3344
S219EDD08B08E9DE2140F0F9DE8B69A28B4A7F02F34292237AC196
S219EDD0A0366110E94A3309BAFADE28FAE00E1D52A41D4D1692AC
S219EDD0B5E16B25BBE77DE963D20D7F4435E0F3AB605DB96F025C
S219EDD0CADD89843931BCFDC3BC65D39E22EC80E4B62E9481DAB8
S219EDD0DF6EA823C8D882593C118719F58E907C8209D60CA7D72F
S219EDD0F400930EDE23719711599C277621B3FE05174F6E16180F
S219EDD10937ED80E5A7A865FE77E25F360AE7B8F636EA992BB4BF
S219EDD11E9A6D5C522DF073BC73BF0AF1F28F51A22DC9EB66CA57
S219EDD1337AED80F911E86C66B4207C299E4E5681A95D040E46B0
S219EDD148F2B67361591614A2EE300FDC87AB95905EEADBF7764F
S219EDD15D935915F079919DD82EDB579B3347731C00A8857B258A
S219EDD172979E5C1C78DF5FF61156D898FA926CAC60A5384E6BEC
S219EDD187BCA0B42610BD475E3A3A0FF268B81CBB445B6D54F835
S219EDD19C01589E420D3E49764D374D7F19EC24C7F8441204E2D5
S219EDD1B1BCCF67124634F549EEEB127117CE7256D35F8229488D
S219EDD1C6143983E1BC777CD9C5033AFBFFE2B25D6510F774A9B3
S219EDD1DBA2C098E7FA5F6D2289318ADF26EBFB1280E2220F4C64
S219EDD1F05D9F1869C1757E8E8B5E4F5DF9043C64A68D9AAAEFE1
S219EDD2050F4E5DFD37EBBD18B21DEA94EAD8EDE7EA20ADB262C6
S219EDD21A834DA50564417E0FE21A1B5D813CDF1F03EBC94DA48A
S219EDD22F7E5A674AF243473C46C7A8C238F555A9B32CE15915E7
S219EDD2447C5C0D72848E8EBD6860F581298602C24282F4F4943E
S219EDD259808CCCF3B6034BEADC3E921D3B718582E7C4D930A540
S219EDD26EA84837064E19528F8245896E0EC7228EEB3C862C6FB9
S219EDD28335B97DFE3313B8106649FB3294FE499164C017B62CC8
S219EDD2987FC225FD485D7EAC74F3D9ADB62868E47D990EC7C398
S219EDD2AD62DBFEEAED31299C7655CFEACEE541F3C379A16CBE00
S219EDD2C2CA21CE919AA0E0907E4B179E0453ECD17F6AF0610D98
S219EDD2D736A64D0E596A797252C844FEEDB3176B2D42E2AE22CC
S219EDD2EC786189860ECFBA1ED7F3FB2CC00273A2C104E5E51334
S219EDD301DE314434F543B74F6621ABBC4819982AE39D2A5A6EDD
S219EDD316C976085BDC97640CFAF3BAC76DDF476D308815CE364C
S219EDD32B4F4710A183E11D18303B11199627759FB9857BCB33FE
S219EDD34086B8D46AFD9550137815D69659DB700FA90B1466415A
S219EDD355F01A2B0FBF5120824B7285DE6E170E3E9130D7609D55
S219EDD36ABE00E39FC2EBD7B954AFA6EEB60F12E69900311A9A6D
S219EDD37F4FA5CAFC7447431589D5127ACB22B87D0023E5089727
S219EDD39403597D2C2CA1F3C52A9102C1BABE80F3FD81BBDDE4A5
S219EDD3A938A3F7548646A830DBFE4C4D72107877E0E665295E1E
S219EDD3BE0C21FAEB10F227DFCFF6EA337928E97B6D494C0A85D6
S219EDD3D38FB9C08C5A89C2C2F9394D54E7352CF0C339ADAEA74F
S219EDD3E82AA7387EC6F89CF3E725C4B552EB3BD5844A06B0AB69
S219EDD3FDE4E804F7A6647CB29A5F23B6D07C59EFE847225DA076
S219EDD412EDB2941A6F49B81D4439BAAE9A9AEC8EC9BE5BE3528F
S219EDD427A23EA9BD3DFBAA4FF0A73945E3C5B65D096FAB38FC60
S219EDD43C2243A8D6488DE58A8EF9B53882DFB98271ABFB9A57AA
S219EDD451679F869B9DAFBC2A7503838FDE283D56C5AE5605DAB0
S219EDD466E35219BE4A4809B85C87C65BBC53595D4CA8230D0B68
S219EDD47BCDAF0540BCC7C11FB726E947C6BDDCC3777CDEFB612A
S219EDD490BD6802B91449841B851A33935DAD136760A9B35F971E
S219EDD4A5D3B17027372B412A9D1599873EA9AEBC5C4593044AF3
S219EDD4BAFD2F203A93A6BAB2F4A44414882EA454EE28126BFE11
S219EDD4CF0CBB49CB9B9BC37F4FBFAAF29D07D216D7DBD1493FC2
S219EDD4E4D4CE14E71D96474C90D30C5744E28CB504E53CBD9CB3
S219EDD4F9383C2D6E1CFA34E3C255E36C7128090141F993CFB398
S219EDD50EAEAAFF2515E4E29068884600D0BF9E5C3E6CD610429E
S219EDD523834F3E1BABCA497066F20681B320E4FC847878E96E4B
S219EDD53896ED151165F5E718C37AD4B7B4A7B8D715601D6F7CBB
S219EDD54DD68F1C10F50329089F7AD5201029D46261BA782C35AC
S219EDD562459D120141BA48A744B1EF3992DB482BD0578E3DD91B
S219EDD5770E39EEE699408B52FB7B3AE5FC713AF30C8CFF2B19D2
S219EDD58CA45DDEB1DE9277FD525A19E919B22EC809772F1236BE
S219EDD5A1EE88B5E0FABEDABE48CE8E131470E7CBA4251DCC6A1F
S219EDD5B66A05DB655B1B543B7EC6E3BBF533952D44818FBEC319
S219EDD5CB87D29A61538342BC5E72DFBAB8257B2805A14CF1EC79
S219EDD5E052F16235C4BCEE7EEDDF4BB61E9EADBB81B7969F8D93
S219EDD5F5115CD764B70FE4692B65E397561B347A28A39ADB6BA0
S219EDD60A2840AB9689C8547C7D058FE2E8D4F2E563C1918FF590
S219EDD61FC603C8382914FF54A1C5C19743525F70B2652FBF7B09
S219EDD6345891CCFD4B6E3D03F98C4D99452831C7D4927AC07A5A
S219EDD649440BE3C34678E742992315B1F9784C53724EF4D44D97
S219EDD65EE9C8B42756CA32F21641C85553E25120677856524B09
S219EDD673EAE958AF1598B3295FAB57E79ABD7E18F73C24E8AC2D
S219EDD6886A00EFFAB7FBA049F7FF11D8F0F80643E85E41BAC19B
S219EDD69DA49544F813FAEA57A3CC6044558ACB32A3EE2789E2B1
S219EDD6B2C27145E32663BACC3F48824D4FCF2C5F5D59D28BBE37
S219EDD6C77D81B19ADAEB76407AC191FC41E074C92D88C28379FF
S219EDD6DC6BCDE7149BB9E5CB0F4FE9DF5F14FC015CF57F266B19
S219EDD6F128529F127B5D06AF28C440371D761CBF36C2B930D1F7
S219EDD706DDBC8A693E316BB27743D01B36AC55A2B97E2720EA1E
S219EDD71B869B843C9824BEDCD3E64005ABCAAD4073E9E290D1D1
S219EDD730943E6BEED295B437F8E34522944E95AF36EA328346F2
S219EDD745238FBBF5413AC9459677ADC37560D27304253B7DEA90
S219EDD75A854965526E2A4947E750D82424FC1F826B1AC17A5E09
S219EDD76FCC2C53B7C77495FBF645867AF9028A2464AA5FFB306A
S219EDD784AF9D020F311461199FD8264D11E6F1714CC9B04764CF
S219EDD799D3E4FFB7128B4950F641E2A248E0E599C4DCE6B83314
S219EDD7AEFBDC165F8C168A0AFC7EDE1FACF11E1002BBED9F1651
S219EDD7C36B12A0BBDA14D8645B87367C4FC4921E4FE23872F03B
S219EDD7D8168D65602AEC39C375C7C63E79D62CE305EA543B2193
S219EDD7ED922A0178A66143CC23DA4017FE2AAA79395A601AFF3F
S219EDD802C30582921009F400EFE260BF5E96D334FBBEC9E7DC06
S219EDD817D6BEA13AE1ECB4DF2BE7A822E7967AE0D509BCD8D244
S219EDD82C4A3819140D89B45720C46709053D7EE695BC7A8BA2B3
S219EDD841658021D04EC973E4A54D384308EE72347916DA99771A
S219EDD8562F8AE5275E20C49AB4FE138B259140FA586EF222E32D
S219EDD86BC7972F4E411CDF5E0363801D2C6DE084780735370650
S219EDD880869A23792EBF78E0A095B62EF66F1EA704822D6485C1
S219EDD895D663226FB62BFA831CD0FE2DF4DBB06A6DB5D82D0934
S219EDD8AA5FB07A911C4BB1B10DCA417FF523E6D7814B0EAD7031
S219EDD8BF2A3AC9B0D9E318D4AE1DC3F1AA6FD7FC02ADC243E7D7
S219EDD8D4EC363CDAC6C6CEE634A5F2B533DE15011EC8279BCEB8
S219EDD8E9E6675E3F0232F07E52C0B0825BAED981F220D5E81521
S219EDD8FEB91E9656BD8BFAEBBC79338FB04AB8D19A38BF6D1E9D
S219EDD913238E2DEAEE02397907F92EF75905CE8E7DD46830C417
S219EDD9288868230296DF0C4607B67116944B2D438F30A5C06BFA
S219EDD93DC7007A94CF7484EF71F0FF23C5CBD0F547423A14ABFE
S219EDD952F591831AA9B600EB6DAF9B7E61AA00D22011211916CE
S219EDD9673EA1EADEF36A78E1BE8F4805E4850FD86E4ACC42E6C6
S219EDD97C98FE9812356D69A648F5734BD91346B662237716EDD1
S219EDD9910A7AA8F4B8F131E679E9D16FC26EF108B986CB82CD8B
S219EDD9A69945F9F3FAEA8835B8116D0CBAE84967754B1EDDB010
S219EDD9BBB22BFEAB33BDEF2BA3583EA9F693D5678F393E85673C
S219EDD9D0117DAB4BF9FC27DCC9B652C23774EB9455F44CA34E91
S219EDD9E5420DC66DFB4D57C90C1E452F7BCD3A38081CE01FECEA
S219EDD9FA9AF7638D6DF5C3A5754B83931EC0C935965E5ED8D42B
S219EDDA0F88B29466831FB5383CB727B1EA49DCE611C8FB684C05
S219EDDA24217AF68701ADFE5FB3356BC6672984E78382B3A55D0A
S219EDDA39BD7AD16FEB7EA1E12E0995835E9323C2E156F9C9A9BD
S219EDDA4E0D5D5C73F7CE2270B37629706A2830BEA4A11EB30ADF
S219EDDA63FC908D78EC70C9A31665288B937D9E0DB93B37E42348
S219EDDA78113B86E0FD460BEE763EA3A78D59FF770C6046948198
S219EDDA8DC44B3D5130ADBD21343A3DC352EE513AA12817ADCBA9
S219EDDAA2759672C92F1983C37087735CC3393369EFCA08B0B426
S219EDDAB72F281A28ED5DE1B3302F33FCA156AE68848EEFEC4623
S219EDDACC86E4C5C45A41FBE5823B26E59B77C6C8A29B652002B9
S219EDDAE120CF9F71D17592AE70704704385F89B75349B2C6D2D1
S219EDDAF62B5D10432600E58C9626A988083A10062EB3A758C0D2
S219EDDB0B2B28B0D7615D7874098F14257BB5474EC1829BD3093F
S219EDDB20DB90BAB67E9D200D962889B4B7E5DB08C32D2B95A20F
S219EDDB356DF944736E9479DBD9D7BD45C3886ED0784336B9533E
S219EDDB4ABFF3262FE73A08A6D2EBC215423326E8C04FA988BBEC
S219EDDB5F6FDFDBB830C0FF56E888A7E45B7965796451D7AAE8CE
S219EDDB740ACE0FCAE8AE4722252A602B27357D01563D4C6CE516
S219EDDB89E0D12D891FA8B831CAEFAC88DE9A94B3EC617411CD33
S219EDDB9EF66FE2F1EF1F7715CDBB103EFD9C79AE043C9BADB3DD
S219EDDBB341B4EC96690FB84852F5ADBC78B6D209CD178CB0693A
S219EDDBC849FF878CBBFFA37484649EBE1A74787AF9AF2D67CC5E
S219EDDBDD93C4A8BA884136A3CE88634D044BBB9B504AC93FE3B6
S219EDDBF219DEDF76C63F750E48CC78E119B8F313750F889CF17B
S219EDDC07AA1F20F48D69E89E48ABDC01C2DCD7604835FF3270FA
S219EDDC1C85321A34D2A0483C72DBB44C379634FE071E0EC2D6EF
S219EDDC3129C87AB0D6EFA42AD8D01313013D8085C9093A85EFAD
S219EDDC469E9B9EA9200F77B3A3CA335107E7C7C1392A359B3232
S219EDDC5BD4130C86E1843D380A76251C7FC8244F0F9E8C0D7737
S219EDDC70B072222C7D5176D6F1FBED1FB3FB0214F9A1B5925D29
S219EDDC85DFDA9EC3437DA4261F913DA78604E617F0AD6517CEF2
S219EDDC9A7DEC8FAF972B87E312D68B5F12B50FF06BB1A3F34125
S219EDDCAFDEA46A930E25593751A6710DC96F93BA5D5F84FAA355
S219EDDCC43A79A03D89DFF51A620C8E16B03588846F5A037A22E7
S219EDDCD9166EB4FC0D205F08D9C98C9B360E243B4BD9D274EEB8
S219EDDCEEBB22513D1CA23A42863236D795841E52C884210A576E
S219EDDD035CA120DC9E9E1ADD9468B3670382D9C89C927E45D3ED
S219EDDD18CBB64AFCD9EF341FF078BCF9B1310C53DD752A9FEBBE
S219EDDD2DF7E1697F268619C7250A57280F91A47756DB59B1E01F
S219EDDD42557CC15EBFA31D8DF419C5CAC6B751B38B966EA296FA
S219EDDD578C32E2F9FD748D2A811D564D0D8D71F6BFB2A69AE32E
S219EDDD6CC582D9FF69807A6586D225B6EB82605EAD5BE1484BEF
S219EDDD81AFECDE3E433EF313BB60B1814803A79245C979E1F72D
S219EDDD964E8E6D532885E54DB1467CF1389920E604027C31A479
S219EDDDAB9BC78C777FFE9225672B3F018FBB6033E192E7C9E91D
S219EDDDC09EB3449E31548B763B1EB4E07EEF3B7528A21614178E
S219EDDDD560F2D56C80005D0310A3CE4AED4AF355D827A8FE19CC
S219EDDDEA34182C7F8DCD654DEEB190C1CF36472800FA69B02494
S219EDDDFF61E3CD8331B9F3AD19C1FCD3A68BA45D64490C56CF46
S219EDDE14B64E18504EC2C9DFE09EEC33B50304046FCF952F2460
S219EDDE298E15A626796CB170892F4B9D5E32605962D0FCA94776
S219EDDE3EFECA8694D4B51F1204D21FAEAEE14D9822FAC9ACE3B6
S219EDDE53861E245580C7C504AC5DE9762B2F67AD97FACD65986A
S219EDDE686404BC751B3A8BEE2CC545F41AA54C68CC7D766198F7
S219EDDE7D717A9F43401A43CAFEA46DF14F60C859220155CBEA6D
S219EDDE92EAF38722FF18EB98E892DACBAC7BCC08251ADAE896B8
S219EDDEA7B17AD987B76322245807E731D67C9D3A46E7702362C7
S219EDDEBC36339F23B54E91E1ABC3C3E931EFA5A43E8FF4FCD4AB
S219EDDED15194D2E5B64BE8F8057634ED63CC9F3C0FDBCB62AB65
S219EDDEE6900C52D9679AB90F790CB8C3C396EBE80603A32A376C
S219EDDEFB2575B1B7492D206F191BA7580227EB307C1762C86C79
S219EDDF10C8A707FFA708669F70DBBDB8427F5EDFDB8EE50E2F98
S219EDDF25A1D86AAD924D71FB5629983DD79384F40EEB67E3158C
S219EDDF3AC43B4580067052B2A986BA70323BB0D58748E9BF667A
S219EDDF4F095FCC4194946194CD42E97B10D5E8D1C2AC7E1956CD
S219EDDF643DF35B5DAEC09819B92F6A79BAC53BD47693C536FF53
S219EDDF798BEF5330B88A9EFA66B67ECEA8955D70FF83CA9AB4BE
S219EDDF8E1AC0BDFEC18189B30527210E94B8ECCC69BEF5484F67
S219EDDFA3DB06B3D26AC1FAC5E29A5E8B64684FF4BEE0EE9DBFCB
S219EDDFB8091039AE9549A03751C34B261BDD2D184D557AD3FB01
S219EDDFCDA0A344A1BC984E176B00199B11144D1FCE8BD8E8B2F1
S219EDDFE29A7A36FCFF13DFD572D5451878AF4466C2E1DBBE6516
S219EDDFF7B65853FE07B26F3937863A08B41B9FEE1881D6E6B003
S219EDE00CB6BBF580B2C88E71496E784D4E3DEB75A3BE962C29FB
S219EDE0212F84760ACF9AD1A565F1FD4406328507AC19B78E7B06
S219EDE0363BE8212BD3110D06C2B64FB16D3654B7B6DABEECEA33
S219EDE04BD125E8FCE947A88A52AD1BC705BF7882C9EF76B7C14D
S219EDE0601A104062517B7C1201ABCCCFF2D185D1EE314BFBE5E9
S219EDE0754E4F1BA5F47F33E83FB9FA9CDC01B1D546DA0F68DE53
S219EDE08A6F5CEE653BC49341F321E721F9A3843B9765015433A3
S219EDE09FD0310E0F1D6E737B6760B9A51A89DB6768EEAF39CDCE
S219EDE0B4464F371ED1F27DC80B8425F4CD0DEF3B96B2BB44F68A
S219EDE0C9299B1252212154F1BBCB44D5E149AC21933E61B2D057
S219EDE0DEB8CC42DE2AE3C1D0128B2213A4A38B20A9361586C1FA
S219EDE0F394A1B2B52447F3685A8C09B934E39006C62C31578372
S219EDE108405B698FF1CEF7F9236A2D3397538B9455B77C064307
S219EDE11D74AF958F0C59760A70AF3A8385B82CC66E9C471FB79D
S219EDE1325B6E04A26B6C966787B919B5C5F6D1F79A0792509DF2
S219EDE14778910FB58998C45FB874A01E2AA6569E1FF7CED9C194
S219EDE15C7F0F912CEA5505A095E6FFE9290D39BAFF340E13F3BA
S219EDE171DDBCE1A5ECE3493F879E9BE3CEABE42AE56AB355555B
S219EDE186A4C626E22EB0299BF284837B6FB7E739771E4F9F0938
S219EDE19BCBBF9EF5F7EB537708D3F885E0983DF46ADC73ACCB83
S219EDE1B0F2F854B3F399D5ECFBBF759CBB7AD6C448A81D48A299
S219EDE1C5C28AD7FDF5B3BF12A90CA7EFE1BC7EB26D87A9CA45F6
S219EDE1DA6FC228EAFBE97F25EF38C810B86CB779E1886CEF1E3E
S219EDE1EF027D3F445790BAB14846E03962E932C52C450F818F5C
S219EDE2045C455B0D8237740B08563E3763C9716A6C5265F41EC3
S219EDE219B6DFD9F9C0F70AA95B993E805FEAD6F63C679F1160B3
S219EDE22E41439CBC6D46A2C5673F0EAE7BC615399E91CDEFD344
S219EDE243A1669C36D0697F00BCF26D57E09B6D2A54DB93FE3BC4
S219EDE258B2F05E289108E122454C0FF7E29369F7438F798613AB
S219EDE26D31F66CAE37D1A5BED4A78721A0BA8810EBE966BAF005
S219EDE28263E90230A676E3D4EB9856D54F677C77239B318B8FE4
S219EDE297C59B53B6A1BDBD3558FE6F5C50850A20A1B3F86D17D7
S219EDE2ACA66123D5D055ACF26E7E603B2037F1148E79CF18AD2B
S219EDE2C1B57E732C5061A44BDE506CAF8AF46E1A46C487F0B460
S219EDE2D6CAA33D67B9B771D88124D527F137E2EFD6DA6DFDFEC5
S219EDE2EB924DF087E3E8B69476E24B0161FDAE4D879851505DA7
S219EDE300AE8437D924B783D6EA7D4935030579F59156080D84C5
S219EDE315F244DE3F35BAF39A6D0D5E82AEC1521A4AA4A8B2FEB7
S219EDE32AD243C0C735D698918F3AB4EA670DE95130CF709506FD
S219EDE33F4D9E3FF883DCBD59CD8FA4161BAC9BD3ECC26B51D8B3
S219EDE3546A7AD28FB58E07A0272011EC096DEE384B0555E34BE0
S219EDE3691A34137D6C93A54D3A096775D6D3CD4139F0CCFCAA6D
S219EDE37E2DFD0DE45B12D2D956E1D400338177E7732E57DE442E
S219EDE3936F63F8E5D3433B50E2F72ED290D374CEC02FC5B59FAD
S219EDE3A859708F281C229F8381EBB8AFCD0597EF6970E070A991
S219EDE3BDC770E8116DFB5C2783D1836FBDFFB0F35A20E4C1106A
S219EDE3D26CDDFC295069D823BE8EDC30ED1A0D0A357FD57F9311
S219EDE3E7EF9AC0F21ED92E988815A07CF6193845FF767D200DD3
S219EDE3FCBF7AB2364E6BCFBD36A737D460EF559520136CF252B0
S219EDE41194A0A5DD04E0EABEDCA6C1AD9D2B7B22B34A938C4D04
S219EDE426E898668CDC3BD7F9FF144C6006F59E9A2F540E1B03F5
S219EDE43B0AFC248AAE876C45E0EE075113E1E09D9A6770E00157
S219EDE4508E4C33D52ED3261DDADFD23E0CBB844BD212E75DA375
S219EDE465D4642E1A8CBDA88C83D19192C3DF163149248B57699B
S219EDE47AA7E6E4D10D22D9EFB3111171025147FF8B64A08884E8
S219EDE48F03D230244D5FDC92CC1492B26F89A89265AD2C5C361D
S219EDE4A46A98599C214EFA9E628A60BCE7769B59D73B405EB2B8
S219EDE4B93A39AF6CCC3715063DD71158F2E9F2F82FF489C64BB1
S219EDE4CEBF57FEAA4C99B21302909E521CE8AB004B0738E998A3
S219EDE4E36A6EE21DD41F26CE831D92DEB33C61CCB150E3736091
S219EDE4F8C369C5C6EC112A0D379D22451CFE5ED90E62AF518AAC
S219EDE50D818B11FB81B6D34351B31702B59457AA3DBE032555C3
S219EDE522813EC7E2ED7A43248BBBDC37F22F7ED2E5D9CC731ED7
S219EDE53738E0F3DBB279A03DC5B7EDFC73209433F7AC986EFA8D
S219EDE54CF681738B9F8EC41285F672F083C66D300CBAC95B1093
S219EDE561180C9EF1E085A08B2E41E053D4C7589F0F7DD1ED05ED
S219EDE5762DAD628C393CB07A813D0F24C716081608C0F8FDA9E5
S219EDE58B6B48E18B87EB2D5E70A4E66FE740A47C93DD03CF1467
S219EDE5A0D4AB848507AC9BCF824A174E2D1A59AE2D394A90BF51
S219EDE5B5D56F7E5D1593AA1C6A13DDC0E70D263CF1A70FC38B6D
S219EDE5CAD806E8548CAD7B7E9C51D3E7BC9D2FDE6CCE815BBD1E
S219EDE5DFD1DFF78D72D7704D88468B85F3739187ADA37794C282
S219EDE5F44967EA3323CE4C72A994BE0CF4BF75B950281666A424
S219EDE609ABD817A3C7F80603B7116EDB2F429DBA7F9AC4F50F4B
S219EDE61E80404936AFB082FE92C46873D7FB8B7EE7D558032D87
S219EDE633479B1FC8A55C0B006695E7D7E59FB4E189C0A5F42C2B
S219EDE648182F7030B4797AE4BE83E14189ED38366EF2E7E8D70C
S219EDE65D12D010A29A5D7EE4FB73C7270E7ED64D9E89273760D9
S219EDE6720468BFC4B93F5D8DDB66F9B91DF2341CC1A5BFB0BDEC
S219EDE68762AA660B5727A4DE0392BBCA6AC977D4C771E3C96B28
S219EDE69CD0BA923D7904A0188FC0750AE1242874381C46FA8165
S219EDE6B12F9469186D0289AAA8A7E66E0A1C364A0AD3F1FE3631
S219EDE6C6171754F139CFFD4B3E7885F1177620C5DA5011BF2BC7
S219EDE6DB4A24D07F7BC65093DB65224C8C1A4496B105E7F72570
S219EDE6F0B17DE51B11961F8FBB9B97D648AA2C92A5FE754801CC
S219EDE705DB2CF71A2F2CF7A0B0400D716ECBB4CA40CF44EED9C4
S219EDE71A783FD7E8605F4C6FD5372C09716593D56FF54ECAD538
S219EDE72F128990CDA5EB97878F0912561140C03FDB5CC66B0382
S219EDE744A69B299C750BD71AD708B7E7A55E0265B4D43336FC83
S219EDE75943FC6460D41E563B492B2764CF27261C90D816477BBC
S219EDE76E8ED76B676F66E71D49B4EBA4B661BBD674650C7035D6
S219EDE783105ED8389A6B57835FD00452FFB21D0951535D3B1981
S219EDE7984395A7899897D8C2DBA82E61F5C917DB463A3E316C8C
S219EDE7ADC94D9ADF2FD8CEA9946EE1EA4C272CA9A3B695A2B7FC
S219EDE7C21BDC3C42AA8BE0A71AAD26692B7FA83B33505DEBBDB4
S219EDE7D722DEF3FF7206501D6823214C4F3CA9E2F77310CF9E6F
S219EDE7EC54C5D1093EFB2E4AC673F8643CAF66D0454610BF1959
S219EDE801DD25B077761DDE57A94AE6A237BE56ADE7EF23DE02D3
S219EDE816A40A07081F4F8735433E01BD607F94C97D79B92DEFCE
S219EDE82B15FA974B540CC0AAD581E35B08F9DB0D3C14ED0B71F5
S219EDE840DE82E2E1C6167F64F3D15C1696995CF0C2FC048D10DF
S219EDE855DD63CEAE9BA24752FD3AF74CCACFAB1E5AE4E987EEB2
S219EDE86A67409FF17E4DB46A30218933BEDA777EA3C9E7114544
S219EDE87F7F51B386E5316FD54EDDEC70580D761C613DEBF5C86B
S219EDE89431ACC1C8B59447F18B4A97E54733B8B5EAB637A9B02E
S219EDE8A9DE0E1C78BEFD07156841CC09DC6C1376FD8F31658A16
S219EDE8BE06D3F248ECEE8E895660A72379B45BD7715E5517191C
S219EDE8D33CBC981C6551A645D9DBDAAB4648C8871BABBB9E5D5F
S219EDE8E887C5D887B8F953E34B1489B9ADFBA8DF763031245D6F
S219EDE8FDD8128A7CBFC23E36A4769DCED850E29D4E5B945C0A60
S219EDE9121D742FD069F70CFB8CA7DA19104DD669106E656940B9
S219EDE92744B57EF5913B8A6E836BBB25764A35820E9F06990A1E
S219EDE93CF4CF95CB56153B4339EEE47C316AFA734CEC528BE440
S219EDE951AB2E386763DE12BD9E5DA6B80D5055DF0ABA1C845990
S219EDE966A2A9689274D2BE1EEFE8F74D593FE368BE4DBF2FD27A
S219EDE97B081B5B5384438A00B0FDE09D7E2242E273D4BDBF655D
S219EDE99056C4339BF5357B233AD23DB55EBF54B44A062550DF09
S219EDE9A525C047E08897B54C164738CE4E6134BAB8B39C8A6648
S219EDE9BA2FCAC1791AB92877B3D734361831FFBC65CA64C15B0A
S219EDE9CF1F90F2848FE2B7CBD53AE9DBF9ACE6748EC3D9A31575
S219EDE9E45E7B88BBBD8224722EFEAAAE0A9D938658BC5EEA1487
S219EDE9F97AD9651E715AC6D6B6168262A1DCEF4F07746E4B68D3
S219EDEA0EB21156DA99F7A98D15FD1C2A82D34E79A09CBC336F3A
S219EDEA2392920FA6B3CA94A0DA75A8B1AB2D69038349E118CAE7
S219EDEA38562224DB421272C6C2B51A4951FAA50202831B25B390
S219EDEA4D28CF180C48C83F2173FD65924D355D2CB4E2CD042E30
S219EDEA62808848506E8D4061BF5B2C76F8864A1F212249F45BF3
S219EDEA7777B15349C68A97EDEEED6D525D57B13E5A665DFBD8D3
S219EDEA8CBF76CD7FB8D07F6693C3AF796D34FAC6D29C036CD603
S219EDEAA1D847866D5AF372CB0521E2D3B67E53A25155668BEB4C
S219EDEAB6F5E3782E812C548A5C192663E1541584831D55863DCC
S219EDEACBE0658980F376D61B0EA2A6D7294308E4AC67BEC6116F
S219EDEAE05E0BB8035F2737ADEA4303FA1A905DBCC226323B3629
S219EDEAF5085D9AB803FDE18B3BE4A9EEF2C392C6E710CA316ED4
S219EDEB0A083A76D60BD73D421D74BCAFFD43C334DFBA265AA227
S219EDEB1F3B435974366D3394FA139D70F5AC3C3E0AAFACAC21D3
S219EDEB344102E10AA91AB5566285D176F0782AF0B4C43F2BDB71
S219EDEB499711F59B262FC7E3BAFA258D3676C90D1A11CDAD629F
S219EDEB5E94D032F5223714588DD187420028C3C151DC01947853
S219EDEB73F6FF8F050474322970A6026B6B6202514E0D3139F4E3
S219EDEB88E2B72DD08F8113E9FB23F5F15598196FD7F27DF9E646
S219EDEB9DB27B9315FA42308AE5BF7574AA3C610EB89B7894DC89
S219EDEBB227F5579D4E795130BDF121424FDC770F93F5D02313B4
S219EDEBC7784965C0DCD4ACE5AB0B9ECFA3174A314BCD40C33D70
S219EDEBDC78B110002CD4DCDD3E06C44866EDEB94CF0347C92715
S219EDEBF11666307CDCBAD9E3DFEC9ABC0EDEC931A05FBAE6B24B
S219EDEC0696997A963C7B0B7F86C26F4819CE387D7599D641E4E3
S219EDEC1B8C069D829E622AC5F5B8728B1C830CC074DD9A5C7383
S219EDEC305CD8CDD224A116007A8C82ACF543AFECEE1FF46AE0DD
S219EDEC45F5704396C49C74E6E6396B308CA5322771E29D7A9D85
S219EDEC5AA88DE765BADA3B0CBBB6F65903906600D4568BB35DD9
S219EDEC6F8A5F69DCB7756764EBA2641C07D3A8217B761B712725
S219EDEC843DD5396406C75F4854AE37F59B99842DBEFD40757172
S219EDEC990DE4C0AF56A4E88B43FB6456E471EE6364F3A0CAB593
S219EDECAE29B48B3C8C789FC7D9D80C42917BE4D5FB2C6D177C66
S219EDECC3EC794F3DC9B21F6142878354A4EA6A196752ED66DBC6
S219EDECD80F5B590E25B103C2195E89EDC8677DFB09E3FB5CA250
S219EDECED8E900B0DCE3686C1C781773E45E8BF0189E048FBD138
S219EDED0252ABDF70DA1F0F00DFD567446BD7E799DA9BF010CF51
S219EDED174D49E6344F111621F3C5BD35BA1CE3CF4B0BCBCB533D
S219EDED2CB797E827D00BB78E2743EA30D00624515FEBBD4291BA
S219EDED4103570680A32EA922C4556E052EA87372E20F2E9E1536
S219EDED564CFEC38012A101CD67FCD24A5E8448EB33A6FFE82133
S219EDED6BF99DBAEAF1E5DCB0BB04D45864CAE730FBB6B31AB3A4
S219EDED806091100D8456020E6C75A3C2449D829071F4D6E9BB7C
S219EDED95E1C56B805F61BB61637C9B6B4A1D7BA78339F7C3D056
S219EDEDAAE08A60BE019FCFD14BE6D87D5911743BCA6BE8C459C1
S219EDEDBFC18A443062ED900C097DD963D9D33B821080684C3AFA
S219EDEDD4AE2F1446B839433AE01907FB428E3A36C57F6D2C601B
S219EDEDE93BBE2909023AEEE8B96201B3C9562B838CEDE0DE72A1
S219EDEDFE84622F932095B689657BBF0CD5D7B5F2354D547C4DD5
S219EDEE13AB1F2732AB72E4BF1FE5CE530045463B34E7CF97B2F7
S219EDEE28C959A03D6F01BD675F38CF28F0A72E6E14FDE9B02CB9
S219EDEE3DD79710F58D6FCFE655610D16C2A0EC7A1797AA66B09B
S219EDEE520101E4EE59617AA2C83B235E04E68D5EF01040578996
S219EDEE67B44A01D57DF91B6AD8E1EB8C142CC3D77019779AEC45
S219EDEE7CA88BD12F5DE690B76679F9A8BDF2D083BD576EBCC44E
S219EDEE91D15A640B507E09DEC0BBB67892056C88E5A65B0DD430
S219EDEEA63D3036E133462ACE42D1503CE4954C4F03D48AC0FE9E
S219EDEEBB004DC39139E8A3550CCDE6B26D85B35BB458D6357B93
S219EDEED07640E2F68BF5871456090A813DCB61BD6D9C34F0480D
S219EDEEE50C558D0B855BC3490DEF1F4333CBCB489723089D0172
S219EDEEFA8CDE6C5FF3E14C7C3A8C656A581210C176A94B540BA7
S219EDEF0F304766C668494594C6EA48FB96CAF9A60389D17BBA4A
S219EDEF242E98B9F3386976971F139149F5DBC0E7B2E9BD57058F
S219EDEF3990306F64436EDE242A9CCCC7C8A5A21C8985069D9EB8
S219EDEF4E44BFA5FD95B901FF9C6F3AB8E1966D0F891A64A0A58D
S219EDEF63D7E6D8AF16F8C390DE3A3CBD9C9730944A50A6F79F24
S219EDEF789DF98E184E1EFBDCD63C697DC0D3F0D5A92FC5F3240F
S219EDEF8D5E252B01E308B77C085785963523E5042DB333D4F717
S219EDEFA26232762FCD36E5DACED548A0414492F5484F4A568A15
S219EDEFB753DEA6B6563F62BE4CA96CAF483256F083F28376F1E2
S219EDEFCC7083BC22E6895514986F6CF592E69E82AC4608341255
S219EDEFE164862DBB2619AB268D72DED93AC87E125403FA248EFC
S219EDEFF60D5BC8F19C3EA915BC289339CF55714CA4C343D756F3
S219EDF00BB50F59608C33D3ED4E5D0D7743C9B8213C51C5D34881
S219EDF02029184441410A65B265483447B4D07E89BE346DECCCF7
S219EDF0355F06685E938190350CC7EC2F17C9065D4428D71948FB
S219EDF04AA58F1416A10AEA67C2605FDCA2321CCCC432E47A3FB9
S219EDF05F613394EEE911BF0515D78A64AC53D083FCBC2E6883D9
S219EDF0740F4053FFD314A18139E00DB4CFE68D2D6590AE0951A5
S219EDF089AF419A3AFEA9CDDDC0F471B6A647BF013395A7CF4B5A
S219EDF09E23372A84108B182404DB500E150E184E5BEC9B59B1DA
S219EDF0B394A6FB5FCAFD326FD915C46AC05C22AEB28FF1F4FC30
S219EDF0C8D7E1AF5A46635E275DA29641C4C27B0ED09D8DC0872C
S219EDF0DDA313DDB36CA5199173B474EA574280A17B6FA0B49A14
S219EDF0F2947524003E4451F4761645134A8843BB08FB1D0A57EE
S219EDF1079E4FFE2345E51B6E08157DE7EA0F16A65C1206E0F4C2
S219EDF11C2EA34960DC98D4BE78A5F9FDE57110126E6A4B692C29
S219EDF131A5666405B92B01DA097BFEE69691E9BC44F4BCFD8EF1
S219EDF146BC2479243DB96461C89395D50323169945919A85D328
S219EDF15BCCBA27F28DF7A612B3CF5B0321052A93EC838580E0BB
S219EDF170DFB1B7D1E0A39991BA3538057F2F5C47B721E84C75D5
S219EDF1856DDB29341AD9E3B21F6DE4BF9F56771984DFDFFD4320
S219EDF19A3406A18F6B5473E3870D87F0A9C7B91D85BC07F2F56F
S219EDF1AFBB2B84B2A87B62C93BF9875DBBAD38C6281180121690
S219EDF1C4BCF8328A6ADBF7B8710545B139CB3AB62FB737AF496B
S219EDF1D91AB25A0CE76C446A9FDE1C29C8F14ED54C469E702698
S219EDF1EE5DA41BE1395AC638FAF5081145C490F8ACD5DA060092
S219EDF2036D548844D77AC3EDC8A841D85601787E1AF3BA6D72FA
S219EDF218B42844A9700586E9FD0CC7EF35500A83DB81F75EB40C
S219EDF22DCC30244A8AAAFF6A53BA555C03AE712D1E14473924F0
S219EDF2426288CA589563B1168812D804F9A42758B791848854C0
S219EDF257EF1D7DCBBE8623F9FFCEA15AC38DB0EB5EED4AF05371
S219EDF26C22A99DB7409DAB2164DA16AABCBF1EEB1D554F082761
S219EDF281A5DBC8C7F2E51323E587E06C2FF9B25EBFB82AE211E6
S219EDF296030F78D68DBBDE6CD33538FD462EA21B3F2D7FD72E21
S219EDF2AB30F5D04D0325AD3E8E9FA44588FC1DF8233DFA1F5887
S219EDF2C06E6BDCFFD18331C9254714EB421E931E575C684DEE73
S219EDF2D5336FA44EC58C0817E49877461D0379CBAB9B02DBBCB2
S219EDF2EA592EA431FF994C2A9B6452020504A5E28990904537AB
S219EDF2FFFA9B52DAE9B2297EBE260F0E78C9D0A083ED3DD85876
S219EDF314C7836288F891B1529D285135D2B9F296D92117090EAC
S219EDF3293DFA16263409EB16531502489A3EF746FE75FBA5FB57
S219EDF33E3EC317B34E65F9ABEB0155D75F995C8EF2A9AEE2EA97
S219EDF353BEA5DF66585822200FB8BED12AB09F456BD82BF1BFE7
S219EDF368313A55930834E50EBF97D9C4E82EB98E0BEBD72C854E
S219EDF37D70208B56641E3D345FCE735DAABE97B9568E51324ABF
S219EDF392C579C8A53088601252606498A959A59FEE908184E840
S219EDF3A77A53B1332092EC814EED22814B6C7575A97E250B4970
S219EDF3BC178CA7FD6969B2E7DFD883C16594CA59AFB70AAC66FF
S219EDF3D12C73C267373FBDB61C9828CB7E95CC54EDFF5D978644
S219EDF3E634B30A002B60005C3BDC1A4A70A3E1B89741C2DBAB01
S219EDF3FBCCBF8B7A5E617F3526A0EA1D774B734AE01F1F03B9E2
S219EDF4104CFE5CFE259FAAC67B78609A482A1F8FE5C08C284473
S219EDF4254B83262D520B4D1120AEBF0E2A61C1F994EBAC41C4F4
S219EDF43A6B8597E2B3A3734D194658F64FAC117BF466661D78C3
S219EDF44F0070B526F25E21E5B186D5B77A2ED98311B3150FF472
S219EDF464BD7DF43E79778F0C894ABB96E5D4A809456F8363F58D
S219EDF4793EFF0D15283CAA8D7A1EA3D5C6A3CAD9AA00658541A1
S219EDF48E45977920C51623342917A32D639C62EAECE2CB7A4220
S219EDF4A36E26110F409A7A10E8522487FCE2D42AFA4CD360917F
S219EDF4B8171D279EDBF08AA76844D38D6C9740E75B5C9916AC10
S219EDF4CD90D927022CA1FC79F869860B0E46659BF7634D28232C
S219EDF4E27D8DD000BFAEE74593DA50F490C3F2DB0502C1526560
S219EDF4F7D64BDE65AA8A567695DEC078F7C5F81CDE98BAE71206
S219EDF50C6EB205D8DA6178F496A3F80CCDD63DB77A15AD12C171
S219EDF5211CCC9EFE3AB2E0C40413634877990E5A655181220B31
S219EDF5366180476835F73EBBD3F914C871D1D7B574DE66ECA659
S219EDF54B16BCB2BE6ABBDF0F2F2B47A439E7C68584075444E6AB
S219EDF5608A2350978A56369A0E36261409F4A21A83577A225F54
S219EDF5753C8674CCB42EC468138B9AC0431C3D68254E3E990336
S219EDF58ABCCBE356FBBEB75904B508371396912B062D5DF31EF3
S219EDF59F32550861060E1BC5D59104DAD8F9F5E31F99B75EF7D0
S219EDF5B4611DADA91ABE30D785E3C708F2AB29BB6FE4E7EC9827
S219EDF5C957F5AD2E3028C0A9AAF75AB1CD149BCDEA221B225DB8
S219EDF5DE1DC71BE7414CF86BA195A29993E71F81711206B50E79
S219EDF5F369618C19B3F810A6F5BADD402A51293B15F9F9C73494
S219EDF6081BB6A423FACE3D9266893E80A3D637C83E0019BA8C0A
S219EDF61D9C00520742985CD237666669DD09C25BD2B007D63CDF
S219EDF6324D4619F777BE192EA62831EAB231C20B23C8EB1BCE5A
S219EDF647E6C63FECE2745A99996DA35C47AED0BC729BB3770FD0
S219EDF65C60201131187BCC447F50FB22B771E42C5F08CFD24CCA
S219EDF67140053BD6DF926A0E098FBD7CC8571714B82AED1D9EAE
S219EDF68631EA138F6E5BAE35C3A691D0CC30171036541BFCBBCB
S219EDF69BC0E67357DA4E7A9B78AD48B1A510A3075781EADC455B
S219EDF6B09ACD7373C95B17D7C37F8AA5A0F26A222D77282776FC
S219EDF6C5EC36ED28699D408F9E75D498262994B66A54F67DFFEA
S219EDF6DA4C5ECCC1A48A6D602D3468036B32182765ABE2144306
S219EDF6EF1FD7B84A319CCC523974DEA743CDE252ED0081C97B09
S219EDF70436003B10980FDA1E3F535B702AF1E58C27D90D717EF9
S219EDF719C64E76A2820D7C482B1B7FD5C1AD325008C3D3AF6A29
S219EDF72EB106458683EBE28A03AE079BAFD07B4A2FF0BD69ADEF
S219EDF7438A5E8FE6ADF3A28669A0EFC746435F695A309EF971F8
S219EDF758B5CDB556A5BA2BA93F1519EC78E523898B2259FEEB99
S219EDF76D1316D9AC805303571434CF6B76D3F540582664157350
S219EDF7823194AE333E2EADA12A2E43108BA6A7702055DFD509FB
S219EDF797B7F64DD50BAD6BD3CBE92FD53322BD0FA724F8A32D3A
S219EDF7AC10316D3BBED1541BD6BDB3211BBD8168741EDD0307CE
S219EDF7C13980C6E7249CB72EA01E45375DB965F1211FE7ACA815
S219EDF7D64942DF9E7F6057C3B82A120CB96A22E7C4FB547BB4BD
S219EDF7EB9CB6E43063807693C5C446519097AC14B77F44E65FFF
S219EDF80027A1F62662CA6E56102B073E96BA3B7B66096AD88571
S219EDF81541B74B8C82C88F70172A47846B1C014664F0F81F0788
S219EDF82A8630BB09F62109544C0539676DB8AD843A0876F6F301
S219EDF83F644CADA67C31C0F06809E12BB04EEDA69BE23D31D396
S219EDF854CF3935CE5E25FB7ED8A0252AD56E5DDD640ACD63FACA
S219EDF869FD577CE3491E30C092DE7A4F2DBD3719C2344B02D602
S219EDF87ED45A7ACD208789BCD297C80EB356F5E966803BD748BC
S219EDF893ACCBEFBDCE98B18FE383D2F4497FF74B480443BC62C2
S219EDF8A80F1AEFD6222E8DE8A3E62550C76EEC2AE96F43DA8068
S219EDF8BD1028E54EB4FAF57278C14EEA8918C0349A4A3BC36A72
S219EDF8D296B834289129B167BF7534FA0589BF97C47DB5B4F6CD
S219EDF8E76DD177B61AAE8359E59684F08F63E62996B1861DF23F
S219EDF8FCE8E56350A7D73ECBAE3A9983BCE3D5E5D7F0508535D0
S219EDF911445C9042AD811AE3509196E0C3A19B8065DB1F731793
S219EDF9265932676A20D8AB8AA2F15C86977C270770D4FF91B80F
S219EDF93B61171C92C9499482002A8E1CA3D95FBD9E2DD66B3CC3
S219EDF95018D0689695C4BEF491E9D20D3C4F88E13D70AA8D5E30
S219EDF9653AEAE58CBE59CE6F6A976451B3992C334EF82793C48D
S219EDF97A737712E94F12FE092D8772237FF9004118ADDBBA904D
S219EDF98F0DF8A3AB2ED02AA3CA2B5E3BD915A0D6C1E5980DC84E
S219EDF9A45873D4B5D6A022D935754BA76F2AE00331835B0F95CC
S219EDF9B9291C36B283727ACF2F457912B986B81F3E1312609F65
S219EDF9CEC454835EA2FF4D47430775934DA3D52EC78489FE30BD
S219EDF9E3EB59F66DD03FABA327FDD3B0592C3AE491A9AE8190D6
S219EDF9F87F4943BFBBD01DE645D97EFB8C18133E79E39ED072E8
S219EDFA0D4F0FCCB7CA4E03B646C766DEAF4878C8AFF5C7F12F2D
S219EDFA220D4ABAF73A2D579EAAD00A2A2673864EBBDFD4184197
S219EDFA37B5BDAA063818D21250B2C4FF8A1753287D1FC4520ED1
S219EDFA4CDDD5CFCB13A2F027329EF55204BBDBB584819A7A9587
S219EDFA61F41A53EBE704164589DF21A5CCEBA1D5BADEFC9B641E
S219EDFA768A4C13856D63BD8696F4D3504268928768BDA62F0995
S219EDFA8BEAFFD456ACA7E1546FA003BC9B0DD410AC58308BF0D0
S219EDFAA01BD39A456C143FEE7C3C0E6066D7748285122FCA708C
S219EDFAB56FDC5DDE3D771CD97F94F73C6F16738B0189F075A4BF
S219EDFACAF0B9039ADEB908006CA4899CBCA7435C3BE3BE6606D1
S219EDFADF9367E8260FA32D181B3D2FF4426A3BA18441FCD3D8B2
S219EDFAF4776C335C8D3A81CDCBF9D7AE57EC4498F9414AA2D71F
S219EDFB096DCD9219859849E8F7B3E838FD7765A00C584A9883B6
S219EDFB1EC6309ACA5258FC9180502DB18B26C1328012A15F71FA
S219EDFB3373CA22D49522030C182377417BF2084D399A2D7F2975
S219EDFB48E345CFDAA46F67C9FD74490B595CD2A2CFFACD655E5B
S219EDFB5DDD5FA98233C1CABEAF0735E27888ECA63A840452C18A
S219EDFB725E5D52CFB934B39425C5D81E8C7F1B2F7B482D956161
S219EDFB8782C3D7BE566DD7B28FD76CC03B2D6B7D5B16BA319C77
S219EDFB9CB54ECDF6EC4529C6BC8AC540B0FB3DC1A1AE3FAA034D
S219EDFBB1599CC6B355F60290307E3810E1196A67B1DE32DFF4AD
S219EDFBC6452AF0135F1B57C617B3840040BE9A24E30319D99FAE
S219EDFBDB6D83EF2561DE0EC6EF9FD5BB2E5C2CE2FC9B030B921F
S219EDFBF0C5CFCEF300D8E506302B229FB671E2755D4F8389A301
S219EDFC05DA482B6EE85FBFDE098865224A5A471FA10634F4AFB9
S219EDFC1A4D064CA5CBB78FF126F2FC7912D42CBCF94889106404
S219EDFC2F468E21A3A98E47B22A03785DE0505A67A254AF0ACA9A
S219EDFC443BCBDC069865169E83DA4DBEF5EE5C9D9874328AB163
S219EDFC5962D47A9DB86EFC9BAA0A543D185C1981480FF576483D
S219EDFC6E05D5ABA0B29D68D5CED89E55786A2B11C4B234E5A4F4
S219EDFC838E22D6715179AB44F0DAC30DA2F61994B5746DC5711F
S219EDFC98CDF966B3A0C35C8AA4FBECBEA017DC9335FE1929A5B4
S219EDFCAD13B9A687372656E070C3D14228658C462039CD908DDC
S219EDFCC21A102B7AACFCCC2C7098639E58E3F43C8577301D2FE0
S219EDFCD731B16C8B4C057E039F40A524C02F64F3DD22F2701715
S219EDFCEC7B209F5841C7EF64F1F1DD9743AC4392A44839A61B24
S219EDFD01C570B924AF9062EC85EC59C27F926A9F2747A2A07294
S219EDFD16EDDE0C0C7A8865109BDCEB61507463625532FF072E85
S219EDFD2B23F6A130FC80B6B93A6C067A2CDE9C6EF29B1A019882
S219EDFD40164809DF6735086E55DA73D0E6F59806B12CE0EED2FC
S219EDFD5559D807454FC6336FEADD58259FBA46F4D94DC188B27B
S219EDFD6A6732FB9753A413D06B970BF04F3E879FA0E16DBACD68
S219EDFD7F5F1B8BBE9FD154F7E6B73FE7B7B172578EE7940F00F3
S219EDFD94117CCF3576B1C396D0AE24B9C5DB0900874D979F2C1D
S219EDFDA9E8CFAA8D28EC085CF5A5917F25A23BEBE88F672356FF
S219EDFDBE315C877DA7E9E8B845C2DA27E823BEA1D9FC7EB0CF39
S219EDFDD3244FB5F422EA3C2C7FD191869FCC5EFC2541D0A7830D
S219EDFDE80D89D32D0A788EE85399202DA9DDCAAAD770ABD82A5F
S219EDFDFDA550DA3C45579993FD3B98A9B65CEBBB89C949E47B01
S219EDFE126D24995E650ED16057F39C790A2967873A2AE2622B6A
S219EDFE2741D9A46E00B396AB3F7AE83AAE5C6D022954E4761772
S219EDFE3CF0FE62F42B12EE030D80531F5F23EC7BF6CAB1666925
S219EDFE514F10CC104BA1B04A6BC7E1C326B456C4AA5EC7DDB360
S219EDFE662AF5D2B13ACDD833F729BADB82CDAD4D423E50F824F7
S219EDFE7BF715A577E9780C6682DC2F2F80DBAC1C10C3BEFAB06B
S219EDFE90B028F9C7CB96D3014433E3D2B4874713160F6523F53B
S219EDFEA50557F576EBD78219EA17D6132EF7D2F4D43DD11A045D
S219EDFEBABCA4ED712778722C7313E70F2D02B58322635700F097
S219EDFECFCA54F8B96E581231C7EE3D50894F2C9D51417B34DC54
S219EDFEE4E02514CAB78310A193E76308C785DF9AE32B0FF95D2C
S219EDFEF9029F96E052A13AEAEE296ECD32C4492E8A54B41C8CDB
S219EDFF0E18FAA30ECC7C2F8888D9A65EBFB6FBB863756813BE8C
S219EDFF23087636384C12799AEC44E62AA4F6CA4BF11413C1BFF3
S219EDFF38484131AF3CAB065E9B6FCFBFFFE0EBBD40291DDEF09B
S219EDFF4D5CDAA4233F5D468BF70687D6A36BF2496C4FA50DF93A
S219EDFF622F694F0B55A33228F004A2CB5FC45BD38AADAC038636
S219EDFF7762F1FC46F0DD7754062533637EDE55CA4FD2B1A1E9BE
S219EDFF8C446C81DB4487C02850DC2BBFD647776374BA126E7282
S219EDFFA1998CCE6F4BFD9A0E14AE7FB55951339C1ABA1F1C3455
S219EDFFB6E1FEEB7FFAFD6D22E0366440400D2A0273D7173CF1B4
S219EDFFCB8D3BFBF124F509F4D263E3AFF77763EA88BC8D4C3195
S219EDFFE08D150B7B81A5B20A30D95C682BF7B0A633B9E98E5513
S219EDFFF5CA1104F392E0F7AF518E24095E8477EEEBE6EC49477B
S219EE000AAA4BB2B6B10A568981CBEE8DCB85E5A966F3251EAE08
S219EE001FABA0D5C447BE263EDFA4D2F5440E10FB97E8289104A9
S219EE0034BEFA12C9FCFE79BCD780854AC396D439781D31F9B205
S219EE004945A9B2F28EA2345A8CFD057017E86CDFA76E01405A67
S219EE005E34DD49B646B12864270148319EC219887DB9FE39E315
S219EE007384B5DEED5DFDC810374C4AF66508F54109273BB73E89
S219EE008860FDE4C75ED17B7FF6DC9E4B0AEF715BF9524FE571CF
S219EE009D7D9FE380EC4A9065F4B4320DD39947EF5243FCC4884B
S219EE00B20F42E8394E2D8088C46B612BD1A62EFA5D4F43ADC893
S219EE00C77A3431E58095F9F9A3DA56311E17E5A460F896C86C82
S219EE00DCA89471AD7389C4DE99E0E880D50BE639A02BBD77B68F
S219EE00F185BF3707BBE2AD8A5136E4688E1D4B6701888DDC98F7
S219EE01063B2DB7CAD050F596AD5D94283A0DE2BD4003174B6BA1
S219EE011BAA6FDE6ACC42DB3E074FCE751E224CEE7BC44A38AFD1
S219EE0130075F87AFF20D968061641A8352EE4A789DB092174775
S219EE0145F94CB971B97D89C4EC152A8BB371ADF6E137EE6E6B64
S219EE015A7F22AFDA91A3486AC9B31C85C3875E8E8BE53983E22C
S219EE016F7E8BDF0A14F47156565B7FC684B09D55CE06C3C31140
S219EE018424D07445BE3BE4044659A101E598278CE40F7369E1C4
S219EE0199F517E08100E2CB1FA6AEA6B4A9D243A17819CCB22EDB
S219EE01AEE2A776427F3F13D1308E655CA81910AA0C4E7BDFEFC9
S219EE01C3156B83FEE22AA22F4D77F9016D9D06AA695E9009D2AC
S219EE01D8D078237253091C0155EBF833F2EC444C6E3E96149208
S219EE01ED1FF5E29B8BD10A41ED669510E27830C653AA44B02673
S219EE020280AA466E7884C04175E177481B73F71D25EDD44A240E
S219EE021726B767A75C7253C2A1C1CE9FD0A5B8990DE4E950B999
S219EE022C220A275B047A6BF7C8D4EF47D5FE2BFC668352F647F8
S219EE0241340FA8866C57A551F3DC47EE9607AD8A62C201ED455C
S219EE0256D09327ACB8D5881AB811D3A16019526686057F27F6A6
S219EE026B429D32010AAFEFC5A5E93F73E10C98CEDF197C20C520
S219EE02809967770AAF9B7D570E6E97AD7146711A7BFD9D08A315
S219EE0295EB39BF42703C1619F5A6558524A239A20840D80FCF4D
S219EE02AACB5B66DEA95A06473C19565B6CA6E785498D5DFF4696
S219EE02BFD98C9286D714863D3A1DAAC49A2D387D449E4A589BAC
S219EE02D4814616CE74721136C463EAB94E4E6FC238309660E570
S219EE02E9914D6BC15100685F456688C382B3E72605F6C6ECD432
S219EE02FE73E26C721ED720523AC2CA893CDEE61FA90AE590B711
S219EE0313B51BB9C0C5337E0D9425BDF3BF666B54FFC72E4FEE98
S219EE0328C8A91984AB379D16D7C6F0ACA325F4CBB5BB44254F42
S219EE033D09B069F84048EC957E3A942763A061915A3B0F953CB8
S219EE0352AB2A2CA3756C5782045D63173A865EA037B8A794D4AE
S219EE03675F271295AC1BA5E9B5A53E1D72F4C0997FB7824FDCB5
S219EE037C1950443FB708EE7025DE03274A0F2907DAB435FCE516
S219EE039164525DAFAB6FC109000AE86C134DA24193146117718D
S219EE03A6E2DDC162BE57DBF183BB42266B3BBD18417F92C15FF9
S219EE03BB5AB80FDAEAC5866B1AA18BEF47A8FF2864A8E6B83971
S219EE03D0D7F9698F081CA36A19F3DB06186EB3208B05FFC6ACE5
S219EE03E54E7D4FD4726BF3E72DAB7B62F46844ECA2051D368EA2
S219EE03FAAF4DD6C3189FCCA6B5A1286FFADD0A6A8F040878AA48
S219EE040FB54E437FA52654946CF3FEFAC1CF4CB4FC61B284B53E
S219EE0424ED650ABC1F98BF65AA97316D73EDCAE5DB4129380F63
S219EE0439242E6608D9FFDA0AE5D6AEC4AC44FD1AB5E8622EA13D
S219EE044EA3999946F5C2AAA632D5E9D8AE03C4669949347795BF
S219EE04637AD922CA9E08792742831237D09CCDFB03B4C6C893F2
S219EE04784407A55328D14E5FC76163A5FB782ED369C20D7593AF
S219EE048D0672CEBE1985A73D13E31D0F932EA47B6729CC72B75A
S219EE04A28DAC5F2ECF232F22DEDE4467AE62A06530574C384979
S219EE04B7278F6C5D60BB4D34FF1E191D856C1F89FBE12B68A522
S219EE04CC79B0774371AC9F6AA5F8E2B85A6533D74B1BF37B75D6
S219EE04E1F4041C6F91E212DF1D6109DBA61C950357388DBF197C
S219EE04F6DF9FC4BD91D096BC7DBB33FD3D033456FF2EA8F4B0A1
S219EE050B0054DCF9D129066F8B9EC7776E89029478D8F01C18E8
S219EE05201D5BDC46D00AF31E2F30009553C4EB194D0852662909
S219EE053574263F112FE01254BCB3E22EEFCADC04BABDF1A456E5
S219EE054A902645CBEB0DF400FFAF75F42F1FDB315C7EA87B5D2C
S219EE055F22B3679991A6E2B3DEEB49D8A1C60D102D4CF0C265F5
S219EE0574143579C161BA11E3D89A4B0E9744C37BE4300A7AB8B9
S219EE058933C618F1A262134E89DC850FB0AD2D3F1B1B2D9256F6
S219EE059E7908F04AD18D347D7ACE07BCD16FD2886A06A4677FEC
S219EE05B3C804B737DBF1F3293B30AF183548106DE4B11437AEE4
S219EE05C816B93F26FB8D536CFE887471F0F4AC0C6BC377C1CF74
S219EE05DDC86F74D17BE8E22F9D85DFC51E561DF215788198CE69
S219EE05F241DC4FE7D68F5EE97C570FD2C74C950BA104C2E92328
S219EE060796C0AD97030C4CF7EB72B716727993A8F914BEFFE500
S219EE061C3594BEF2D9670F3BA869C383DD72E1FBDAF9D1721724
S219EE06319EB8BEFF682F864DF46484021335E1545D49412DB91C
S219EE0646EF263DA04981241D199DCC47B51F23EFE4A69541D2CE
S219EE065B110C633938F6F52708D06353797E912371EC27E325CF
S219EE06705254766E7A8F0F59386549E495B3188DB69A739282F9
S219EE0685089995AB05FDD201895CBD641E1BD4A2B20F93E29F2D
S219EE069A21C0F93B993C302228B54C9AAAEEB7E016329ED5B8B7
S219EE06AF3C413E4F95A5A43331B70418C4ED386DF6C2565D1152
S219EE06C45D1F6BF64057BF8F2F0727F92ADBC31092CE98E7E27D
S219EE06D9886C44CA06E70C5C007A4729DF2D5F8DFA9B7A5EFD76
S219EE06EEA7184E805F93D01CF7A7A890BA10CBCD2980CFF2AC4B
S219EE070363BE61A06D6E20D08E6B0DE224F1A49A5E862F7A4EEB
S219EE0718B87E1A8E4206ED6608F89CBF67B777AFC1AD9A723D0A
S219EE072DD42AAA618AB3CCCD0F0C0EB8472DFD27FEC9D80E506F
S219EE0742AA8A224981DA58259BBEA0EFF5BBEC1236F757408E50
S219EE0757D39C3789C1F4805AE7BA2E897A857393B94C5CEDF43D
S219EE076C6588E603E8011D072B9AA333CB75419FEE0246265635
S219EE0781BFB7DF190992BED4FFAE2425CFFD82932E79FFD8C9B7
S219EE07968F4C88EB8952B143D492961D8C299B7EEDCE9C74F597
S219EE07ABFDE26FA6E6DF222773A56F4FFAA9F03CB13704869E8F
S219EE07C01EE5E112AD0F1A73E3F69026641023D9F828D350D4DC
S219EE07D545CA24B73C2432A6CE2857A3D20C58E34FF7363E0631
S219EE07EAE4BC49D16D4ACD4A5B5628E22577F8359660887D6898
S219EE07FFABA94A8A7620828D9D62BE513B3C68F5074DFB62662C
S219EE08141CB29980F33E0D563DF92413F5B5EDB407344085C1E8
S219EE08297C48B76CECB757CC12730F158414A6E5841963F6A9AF
S219EE083EA73E4F9498A7235276424ACC2B9CACBE26742D0BEF76
S219EE0853591CB6D4A9AA3A02BD226F0E9643AFBE293035C62CED
S219EE08687E065F7C688018B412D779463026221FA6D7714B56A7
S219EE087D124D1F1888560401C04CA014E2E758DFCA016B462797
S219EE08922FE9F0351C4E9A23E91D744958F3F0D7AB5AD112AC91
S219EE08A7692E339AEEE7C26C53AD0DB559B095EB235B9FA75F74
S219EE08BCC400DF06D8BD356BBCF6B54B82BC5801F5D12C478A4A
S219EE08D155D9B61DB1D997F593230ADDDEF4D31A2D17E817A8C1
S219EE08E6BA1482674B1E44BD796B4DDFB10489272EF4115CD510
S219EE08FB993D21CC19C46D7273B1BB543A3FD6018134ED7F19B9
S219EE0910311E7065EF0AEF81B18DB26912C79C2F16B215129CCA
S219EE0925BC8E62AAA33DB6206A053A86F9C2A50EAFBD6BB83B57
S219EE093A48A54F657989C160C9394C65B4DC29F2CF0DAD35B223
S219EE094FA10E25C1E46F17A59855BFFD75971D06974F309AC4B0
S219EE0964BB1858701A671390117941D100B685C2DEAB0F287CF7
S219EE0979C174344254D560B47449AF63770BEE8F00BBB8BE741B
S219EE098ED9E85E4A1051F800C2F7AB6FC3FF516819AA0FED0A88
S219EE09A35F6C303ABAFE5EC68E40D7E8D4D0F03861E541DDEB93
S219EE09B85AF1912AFEA830216CB4E2E8D142B7B4379FA0109DAF
S219EE09CDC6D1097D5B9E7246ADD10BA644314A973F8C201C893F
S219EE09E28E678F2558C1CA7ACD0E4474D31F03C1DF63154D7D9D
S219EE09F76E5F6529AB7E8694A2908590B526E83A7830C59828E9
S219EE0A0C1CBE163E71B9761482BF0A9711C7BD7703A1CFF41695
S219EE0A2165080D9B860487B58F28B2FD2070248C1DF3A8DFF6BF
S219EE0A3672BDFEDB4C641C68A672981C0E4A62EABE43BDEEC799
S219EE0A4B9E1FCBE844E9E9ED2A5BEF54E8AE38564A0C238FA696
S219EE0A6001BD7211666BCCF5A0B42447D8FBD4A02562D2156FD8
S219EE0A753FB55444644DDFB8FB6BEC0DCAC6882AD5781FE12B8C
S219EE0A8A19C8D99AE1EFC090C64AF9C4ECA1CC62E5A5E2BDE45B
S219EE0A9FD8241D9DDCB7A1F451A4319000B41297498EA694E36A
S219EE0AB49F90C3762F2AEE870284E07F7C0F98897F06C68C7329
S219EE0AC95FA6796D57904FB16589DB5CE2F663C28A946089D555
S219EE0ADE142F72B398241BCEB7271F5ACE7D04F07DAD34029578
S219EE0AF3749B55AD19C478C2019DE74BAA5A70F5899B8944ADFC
S219EE0B086DD61194A93F77558D7B70D62BA9FB71F362F6847A72
S219EE0B1D75A1C55AFD6861B94361C6AE29ED299A21F4F56D585C
S219EE0B32E8D9A4C6C2A6D85BC303B3DE3048FD867D4579A45D67
S219EE0B47AA42978839666306FDD60DA429C0C8B3CE7BEC69CA43
S219EE0B5CF4139EAA52BF90F5BB0C7072BA14ABDAB5BBCCCDD8CF
S219EE0B71473D7197B48244ACDC598BBE6158C567FA72E1E33AFD
S219EE0B86EBEB7D68FE591F61E6630013CA0B9A8E6DBB3D3B4696
S219EE0B9B10AD0F089BB63D3348C3FDB8A2AEDA59BEA7A0EDC4C4
S219EE0BB0BDEB2A71CF8F461B3CE03F4314A2B083258D9B93587C
S219EE0BC5629DDE8CB7BE4B1FB2EDE47E22DC0C5D6DE1D3A211A4
S219EE0BDA3735D1B47099F1E7C7E17364B1676B7672D90E451E0D
S219EE0BEFADE6C7F2171C916018508458343614CA53AEC1E42636
S219EE0C043B52AF598FC1B00464E7BABBBF53BEAB6A30E1D14E7A
S219EE0C19CB7F940D3CAF756503B168815AD1C9D090A86AA70178
S219EE0C2E265BFE7E99C1E82907F32E0DBA851AE4F9AF32CAD66A
S219EE0C43F0B15187F8DBE572A961D8EC137895A9A48BA3043F5A
S219EE0C58F59CE199A6583635F3D6DDCB0DCABD17C1DF78B886AE
S219EE0C6DFB1EE7F3CA04C767F6B40E87A08893206DDF518E0249
S219EE0C822B5AC6D2C68819A342379C12F95F8048227E22F01733
S219EE0C97C1BD2322596430D7EECE82DBA5D809CE93F9B4389A4F
S219EE0CAC23FB1465F109BF9B856B60961F1F4C9C0D819856C20B
S219EE0CC1FAEE28D0838E11BB7BDD8DBE4220C454031764AA4FDA
S219EE0CD63A5DBC758FF3829B21627821610AEE67BEEB47491E7C
S219EE0CEB677C8751511E67823D3145CA24AC7E66402257D388A9
S219EE0D00530677D91836EFE43B91A67B3E51613A3D51E967CE5E
S219EE0D15463A02AE635646CABABD529D5CE9C4A8EC03B72A19DD
S219EE0D2A8D7C63884B924F0DD6A320A2CDB7AEC429C6F56CFA19
S219EE0D3F6FC584B6C59CAF2ECC18ADD3B457DECD45E05F3FB172
S219EE0D54CEA57C73419E821396547421E824E82A1A4A29CA4E7F
S219EE0D69D9FEFB1E784893B188FB09307544A02D51431CE5B502
S219EE0D7E0ECD55F7AF8AE983147C3657BC80F5AEC6F33711B3F1
S219EE0D9394CE0C3BA6A5EA3A16F3A25EFF0EDC5CE577C9AD8B95
S219EE0DA8273595461D8515012E196ED81099722AB1B8E27AA914
S219EE0DBDFF5B41774DC72D1E10E1A5F94829804F49FDC21E7454
S219EE0DD20D55CF7DA8B31C478599753AC620A2BD58C3257AB42D
S219EE0DE7330C16B078F19AAA78A94E962B365264FCD519549365
S219EE0DFCDC19AAFB30A974CAD9FC30BB5C4F2AD37F62AAE9F171
S219EE0E1195FF35A141F700D2DB829C666A82D715EA5BBC07889E
S219EE0E26D1B76978CC9FDD14A1F1687F073321BE54A17F6F8BFF
S219EE0E3BAAD09502F1B636AB9324D3D1C89E89D417127ACC2B5E
S219EE0E5047AF1A1380837028BD1A445A9D067A0FEE182139D308
S219EE0E65862FF0082CDA65DDDEB4DC8D9BA0ACB78DB77F4A608A
S219EE0E7AE7BD9A84F94E82C2E61F227E3BE6CCF3CD741FAE9FF1
S219EE0E8FE58942258EEE211C4780A4F0300A131C621D13306BDC
S219EE0EA49070D4A259843DD2B052C85E5D741648DA90DDB81A74
S219EE0EB9E480A7B0AA248575FA11C6D6B2DE2C89B465E1991B14
S219EE0ECE77FC61182EAA0ABA8CDC08AF2B906F991BB53D3292E1
S219EE0EE3E6513921FE5A55E53FA8DDA29A8CCD005D2F68C321B3
S219EE0EF830707D64B62BD699576C0F79FAD8909999047468154D
S219EE0F0D48E8C85D7FF0A28DE23964FD5ED178FEE3A7A7B8A33C
S219EE0F229DFB53FCFFEBB19EA7E2924F5A2541A98471EA7B3B3F
S219EE0F37E84FF51CD42D40FBE6695DE34E8326189F28C386F58B
S219EE0F4C14EA4264E28876BE9843CE1073D4683B79DD4BE50B27
S219EE0F61C561AFDBBBFE13B5497954F4A1C9B00855AAB6CB4E5D
S219EE0F76412344941912B2E418313BDE3F645A02A8F9D0F5208F
S219EE0F8BBE325F3CE8B519F674E6D3BEC57DE3CF7FB73041E1C0
S219EE0FA0F4EECF7B781FE9F30099BFC98DB3A2ECBFA8D06947D4
S219EE0FB5B04E1C9FB254CB2B31743D904C52DC647629499100B6
S219EE0FCA8105477B4C9AEB5FF357042C78BD5E5E22CE946D0C3F
S219EE0FDFF1112D363DA64DA2504EB424CA91FAFB76059EB9211A
S219EE0FF41DB0AD0AA67E2C58F90527B30DA5435105D1F82E7D32
S219EE1009A550639E20A3816F259B2869895971F0EBF51DF34B67
S219EE101ECA7015ED3E196BE67521919A1BD64DF49C6434160D9C
S219EE1033E0CAD89887777E764E39EAD55F63A7E52FAE4449317A
S219EE1048E2A05A77FD0EEE905E3C69FE2B4065E32D044BE4A709
S219EE105DB4D4901CBDEACBA8D808FAB9329ADCFD6496132B903D
S219EE1072B673381A2BEB9EF6002CCCBD1F21576733B9FCD4C220
S219EE10877C98D5A29FD6CD6E70A08E1D6C53441554CF2CBAED5D
S219EE109C79BC30DBB962A3C78F9E0A6336EC696773EE0B1C1F54
S219EE10B14CA52649E472EBBD79661F5DF2FB867C75682ED605A9
S219EE10C65739BAD338D7CB724B4F46CF1A98C81A7E9715D2FE7C
S219EE10DB1C6ED07AF08DB6B6B35C7508E761E7EFCD0830E6AF0C
S219EE10F0ABC4C163FAD29C25229282BA8666EB544E7BF4C277C7
S219EE1105251E47040007703B45DE84A68B3E51C231EB0C40030E
S219EE111A40E4DE646B8D63D98859EBA7B66334F0C4798C1F009B
S219EE112FFC7D558EF3C2170BA4C0D6315E07EF49F51EFDDA692A
S219EE11440C82298AF2200C1C9F7A16F44BFBF48679F3A11576AD
S219EE115982029AE82CB011D3326707E91ADFCC9FCC351B1B2E76
S219EE116E5667232D857CBDEFBC1FB02619E69A2827D946CFB781
S219EE118332DE6EB1992400AF1DE02C75EF468066A6796A7935D9
S219EE1198124CCC75589EC2D55E997E7A83E582FA49796F90048B
S219EE11AD9A7E2ECCC1CBF09803940D5A3FF04CDD57F34D2E52A7
S219EE11C2544BF9CD050D3575AAD47FA82893791716DA4B8EC388
S219EE11D738F27A5A87EB3295E493AC151C24130026CFDACBB301
S219EE11ECA76DE41D6896AAA37F29C9AB196C653774429E97C7AC
S219EE1201C09B65BFE1C99F97CD9F3C759332BE443E8769ECACDC
S219EE12166381487A250F6A15F6158B3A5C0760F3B696EFDB5C7F
S219EE122BC48DCAD636DD21AB136FAC621758443CA16C1226190E
S219EE12404DE923145EA836A0C612B55491DC0168F59933DFEC1A
S219EE12552B4F5ABDB0FFC308F78EFBB93DA982F8FE52C8CF6F97
S219EE126A0FCCC2C065A0EEB559A970B3EBD8B977AA5782CF20ED
S219EE127F9223E47098CB1A088700E02569279730E5755E767553
S219EE1294860D93D0A87996E65583A32CBCDB74F1B33FA4948270
S219EE12A94623B62A7C2BE7816BE4F18EEA37FB21DC45B1DCBB71
S219EE12BEDF51D1C19D0040246A8D9275DB2ED1D3F477453600D4
S219EE12D325E44171D08EC4AC915A563D437A4F05905C83CD7C43
S219EE12E8FA97058E6F7795025E89781227EAA9340C09BAD8EB6C
S219EE12FDC199E110DDB4C734AAD3890237A1AF2C21AF39406EA0
S219EE1312FC29AFCE2893866CA960EDF43E4BD6BF31191B0A9776
S219EE13278863F76960140AD6EE80E9D67048FEF2EDCE8232B02B
S219EE133CAC38C2DAA9862890999369C3A8739E730FF4997DCADB
S219EE1351CB6FEAF6B31E73C6E6F08F3B088293E9F056E8DA269C
S219EE1366F6F0F865E523BD3996FA4FF384DF426C45A17FA0193D
S219EE137BDE40E7059FD8F6EDD904C11D9D50E23AE92C322D1DB1
S219EE13900FED3541AA3BDF780537821A9320FE4B092A5CFBF158
S219EE13A5ED4010CE5C471C23AA5C371F59011ADCBA99E7B603B4
S219EE13BA0C40F1C1E7103829B0FDBDA65101A498492B65F183EA
S219EE13CF01669041D9D3BBCCD6245B5961B05D6735FE84A2B51A
S219EE13E411C48DDD383EFE91CC2AAFD7AC3A8FC65B22EBA8678F
S219EE13F95FEB41192C4F527D3161C86A115C6956A0D283C43520
S219EE140E4E7E0928B7464B4DD77F3D33FC2AD39D801A0AECEC6C
S219EE14238785E95B183A38F1B7BF69C328FA5E76779D6B7BEC78
S219EE14387FE320CFC57499753EBB3F25731C7D70408420BA9706
S219EE144DF34D61F17FE99B6FD98DF56C7796CF854CD8C323F76A
S219EE1462901ED396A89DB277A9B9437551409697B43D7878C67E
S219EE14778244DB8A75587EA77D4DF40C8016531910BE5743D547
S219EE148C4D745C9545BE79B4EF6BB4EA2C51646B24D225691B93
S219EE14A1097883B298C3E1BBE501B456AABB15D627F2FF5D6978
S219EE14B646511F4AC3E2E0313C755DE839258A18C6242776C932
S219EE14CB9E839EFE49A0D741EBDABE59CEF5118DF4722751FC44
S219EE14E0A59B8F812A5510520FB60924F09BB4B780E5420084C0
S219EE14F527A587D3FEFC1CEC54F16ED64F1880D475306C996C6D
S219EE150AEE2DBCF55536BFE22890265F35A8606A8BEC097E6A95
S219EE151F49C9CA9859C6B200936978A7F3752AB9019FDB1C077B
S219EE1534F3650311D89B7FA97FC181D5C6490AC8084BA4F9ED54
S219EE1549A0108492C56AFDD2CCB384F8CA8C18A9ED89ABEB7642
S219EE155EA4C0C138755BE386C64800AD0D958653C708D511E321
S219EE1573CF7F1F8F36BD6A6183786E1C5CDC0A3E4EE938DD8CD9
S219EE15882E01219B552E2166B09D589578842ADBFD388713BAA2
S219EE159D509C03F522724580C01FA60FFD02EE2CF88EDF010FE7
S219EE15B29252A961CE4F6DCCF9F7E3BB3BEF286DB9691734D65D
S219EE15C7F0EB8F0C2390C6B508CCD338D1BD9269BA3DE565A12E
S219EE15DCEF00690A947B53C7595ED9D877A04B637D4394DC7DA2
S219EE15F1FFEA594560190CD7A978253524D9A0B629B4D9D02497
S219EE1606E40E1AE371E98A56A88281A956E4918DFF66DFFC2A9D
S219EE161BA3CAEF286D6A9048A752A0DD25292B0785F5776081CC
S219EE1630F5B134537CAF34C7EDB37247B75627DBDD5C46A5A82B
S219EE16454EFEC55CA5513BE40AC4C900DFA8306E88153189A266
S219EE165A7211519987B6E3719245E47D1B04538BA8DAB59AF094
S219EE166FA7B0F0F54D9126BFE6B3F83C5003D3BEEA7A62FCC839
S219EE168405B05DC50DCC287B99160286C3854FF376658A325360
S219EE16994D8E9E196CA37A83A771EBE91C2CDD93B851A96C4E9B
S219EE16AE3E0750021DCD05FF0B551FC157EDF5451E1B2C00ABE1
S219EE16C3A3C63394295ABA6ED91EB5E60189BDDFD03132A99D13
S219EE16D8B352388C8AFCF8468CF6769A22A514F3DAE89FA2C753
S219EE16ED29C4F0137294BFC988E45AB018A973A5AC8E7C808171
S219EE1702291C23A9B4398DB5C0F8B99EB3EB0AC16F74AFA42AC7
S219EE1717D11A825FA1ABE238FD15E83D4A30E0B9EE9BE6C70216
S219EE172C4E804AB00C4F971B6FC08A37FAC23193AAEC679BD9FF
S219EE17419C4A1B5477A9DBE87E02EFD86FA9896AEC734ACF7925
S219EE17569007F98E139FBE202B7C002B3A98E3E879E38EE8A2FA
S219EE176B994C028FF9EE11BAB10A54B2C6B488AA7CA542FB7D06
S219EE1780BBC29CFC709391DCE6928D2A3E3AD0BB2A8152082B7A
S219EE1795D8C15AEA9DB0D49E6CDC3C7D80DF74060AAA65540168
S219EE17AA0660238FBF5A17B9280944C15EC7EC84611BA1F6EC6C
S219EE17BF68F21DF5C347781907464BDE522F508110DA63C9A19C
S219EE17D48A74815C2836555F7B0316610D62DF6A2DC13DA08D1B
S219EE17E9214879F950F9E20017F1BC2D95D8F7B51E0C56D9D3BC
S219EE17FE92F3B09B67F962642EB30B3A4A7C711A1BCE2C2C48ED
S219EE18134CE3FDD6F9999BD5E038008D2132F07EA87F8126266F
S219EE18280CEC2B090B930960245152B89997801FD3670ADACD4C
S219EE183D452A1CEB73D426E40D5C87F8FBEF7FEB8EC1111484A8
S219EE18520A738C78704F50F2489E0968A59BEE1EB48DB3B5C2FE
S219EE1867E5AAAA75A9139D0F2BC2AB759EC12C0E08D0610C6018
S219EE187CC6535105A3D62B1D7C49ABC83FA5C95D8A0DB1728FA9
S219EE1891A027A2C985D161C0A30A9D6DBD287B78F994A008F6EC
S219EE18A6C90578F848A35828B36263705C58BB059B213D1A041E
S219EE18BB215AF11EB8573455D466987827321C3044A0FEBC96E0
S219EE18D01C0E2F7AB315AD4CAFB85F0BDD70705065A5174AFD36
S219EE18E5401C5C09965A20BA03B1447B7F14D6690F81E0520762
S219EE18FAEEFE472613F896CC63C15618066E2EAE338BB9182F80
S219EE190F5D50D35C1C8B27D8DCD9F6C017A819752302B6ABF31D
S219EE19245EAE87738EAF5FCF14C03995E84530FB9D274FF44702
S219EE1939FB7A126893FA9A7D1AC5C74EAB68F36E7128F5B77BEB
S219EE194E8A9D79C20B7F3579AABC744728147FBDE37198194316
S219EE19636D26EDEE3D479156292AA9DDF0588E0A450E35470A11
S219EE19788299E22E1F4A1AA496E114489820996D9BEDDD078494
S219EE198DDDE02F873C02D3CC87366BC00859BC4D5610A76578C6
S219EE19A22160C76F617A39C66908565B63ECE399D0C3C0BA8A28
S219EE19B73BA0D4FE8F1E5BE1C2286633B74F7B63955DB1FB6C21
S219EE19CC4016094A9A4A5F4C526ADCE0355FD19BBCFABEE959AD
S219EE19E1D2E4EE0AAB77382A1C70A594B303E666B35F0F21AF14
S219EE19F69A2645321A6CFBC2AAFFD3DDB67C20C559C1B62B2CD8
S219EE1A0BA994AFF86ED9B7F080BCAC2D36DC8B08DC538B59C76D
S219EE1A20A71A2F615EE94274CAB94764947026693A6B18C85DCD
S219EE1A350EBA46D901078B152E75514640DA89B63FB9B5B328FF
S219EE1A4ABBFA9B96BC76FEB38AAD0805DE11C1CA982543669017
S219EE1A5F0524656A528F68C308FBEF00CA789A7765016FA1B60A
S219EE1A741273C0EEE6EBCF75436A2E30F1F85CEB99FF9BFFDED7
S219EE1A893406283C7943596C366FC1C7AAF6464EB46CCFC93BE2
S219EE1A9E4F165EC9DCFC55B5FD31CDDA380F4331B24AFC44D333
S219EE1AB3186EC82EE6B0146221C9434C97BC76A1BD53E78B3B03
S219EE1AC887F4D86E27F3B6F940367AE3593C3BCEB1C3632A1505
S219EE1ADD16230DE123408F5E13A82A45193F7F4C8B7C6AD9D51E
S219EE1AF2D00E0F3F951AFA13B75E4E135127AEFFADFD0E50D988
S219EE1B07CCD63C613A9A4F24010CF3A6F9B28DAB3D5D0AB84F1C
S219EE1B1C8BEAA2737BFDFFB7FE07BF9EB45F17B660CE20F6186B
S219EE1B31D517D0C8976C252AD5923F5C72C7F6C9F4BE6E07AC09
S219EE1B4696A0D9CF4E57B2C0C0B623CAD2B4CB0A5DB160EED6B2
S219EE1B5BAE5939FEECAB46E58A9029A420CDC1B803644775E82A
S219EE1B707C92C57817320437F3C32C679E7071F674B1190BBCDB
S219EE1B8559B25D671F51984D65793DEBACE50C3E749793CC8960
S219EE1B9A0AB6F7DAB911EACE561A4AF63E610C8D80987FEA685F
S219EE1BAF04161361D34EA0791B75F189E15811BA30C22161FCE8
S219EE1BC4F391BCDC8AFA8F83E351BBBE6490CFF8FACD6FDEA843
S219EE1BD99BE919B101D504B652F47595DFE91B1F8F49E385EBA9
S219EE1BEE9676AC174DBFEF8ECADFDEEF976504C281A163EC28C6
S219EE1C0330F1E1A9608D81F541DBF90E833AA2B23CF8F9D92869
S219EE1C18A2783989A2ED7A631143C2BEA83ED9C38FE2E246BBD2
S219EE1C2D2FF63CB4AA4DD9062BFECBCAC6B33EF8CE297E20FDC5
S219EE1C424766EE9AD9CC11D102484B36935590048E4293BAA1D9
S219EE1C5747878B08407D6E1A56C55A53CEF4990F9758ACC1DF72
S219EE1C6C93A42A2F1F2AC39E94DD523A5DD71B09E9AB6349C3DE
S219EE1C813E78947E973D91AE48D3363920903F92546C12E14F73
S219EE1C96E926647EA3D0509C874C54727E582EB8F166AA3A075F
S219EE1CAB371CB6325C5348A1BDC47909104149C5103E3AF7DDA0
S219EE1CC0945EEF2746B420C0DDD770AC7C8C6882C75BD9C58D2B
S219EE1CD5AB9D20C578F5F1DAEE3599D4C6183A4FB7AD92633D15
S219EE1CEA58E8DD5C89367648BEE036D9640BA1C08190C3CED20B
S219EE1CFF65FF10B616238F99EB0B150FD9A40FDAB47342508A8F
S219EE1D14F46E5E3F80E7F475E5A31C1585641D1C17F78422ED7C
S219EE1D29BA440544A375986189F0F52781F452DA25F7F6E481AD
S219EE1D3EF4CD3D38A25A6696F8E120880FB3C1BBE459C5CB19CA
S219EE1D5363813E13F9F636EEF04F1521EC44ABD8A37C94E36D15
S219EE1D681AEB3DA9BB070540755AF401576689E4050A224BC552
S219EE1D7DDEE7E97774AC42C3D5244686AD24DFE7F48E2EDCCD5F
S219EE1D926E6633E8CA6D7941A54F9C464DECE18400D11C788F01
S219EE1DA70377E5A49BF25E8CB19BAF9D095097A168F824C68EB9
S219EE1DBCA971EF41A9D9240A2D539CB58590DDFE9859B42E2968
S219EE1DD1ACA38282046FE515BD018CF74A73333131C66A25C2A0
S219EE1DE6B5D3E83108755CF8DF6FE9B8C7AFB05F9410E7262A34
S219EE1DFBA139FD03BB2E9103473D56454E976C6B4F1F411A1ACB
S219EE1E108FF9445B90FF4135C9B99D383ADEC34ACF87764019FD
S219EE1E2513C1AE316FB85EBA78ACC19E7A1233A77533D5AADAD9
S219EE1E3A0F6CD8C1D7455F9DF66DF03258E7DC00E7CDF90EDF3A
S219EE1E4F143923928146E821E78AC864C2E6EA032F5DECE3B379
S219EE1E64BE99E954EA643753D5CF3A2CFD1389D09A705012FB30
S219EE1E7967E3495F5172BA9F7D061558619E34A4E9939753F036
S219EE1E8E7C9E688C9B37108073FF029E467A39F644849E8BBF2B
S219EE1EA359BEF0F4FD4885A0A9D206B0B618EA739AEF714847ED
S219EE1EB8BFA85BE9F3CB175E9B1CD023D21ED031A41081974796
S219EE1ECDFF653ECA99FE535B3959988686D563B9A7121D23F14B
S219EE1EE2F064E2262929DF02865295A4D07D11015F33F0EDC6C4
S219EE1EF7D0345C95C9E2687C2E472DF9C25450E69A7A6FF3EE14
S219EE1F0C57E845BE61FAECA321B7F7906CD6DC7550550C5A792B
S219EE1F21AE543E76DF3B71A773A7BD130AD2C755FA42343F84BB
S219EE1F36AB50D70B01118FCE5C6A03D7668590B3BC3DF30EF897
S219EE1F4B2B1ADABCEEC4331E0A89E425AB98544A5675098BC60E
S219EE1F607638AE6D810F32BE6D659D0A941DA7DB98EC5897B35E
S219EE1F752074DC26CD046664DDCCEFF2B778680577EB3DDBCDC6
S219EE1F8A28E1506411DD21D4E75BA39DE9484191079E183941F3
S219EE1F9F64888253892709A05DEC61F9E61F277BE63476967F31
S219EE1FB452C36390EB14807EA3283335DFD27A7691A7FBFD30EC
S219EE1FC9C2A6B3E83787A0ECAE661CD4E29E609992E5B566D9DB
S219EE1FDEAD0E1565DE53238C589A2D54A1EEB5BF8215945533BD
S219EE1FF376A36A17E3F4E29F9A659A013B7A2E6879871837566A
S219EE20087CA123EA4A9655B19CCAF5267C9F490451F28D403493
S219EE201D1F4A2E30DD168ED4779150DCF0DE9513218D7CE743A1
S219EE203231D86E83D0D8CE9E0D5899F2C5534FF2B8DE5044DF46
S219EE204737298B8C0ED20934D36A1BB8FF15263BF6D00DC0EAFB
S219EE205C6C6BA4F31D25D0B810902819BAA793D537E96C30DC02
S219EE20712D519788877EF1B94F11D38AE877065A3B5E39B9E232
S219EE2086CE503B33D878C60139A68880390E162DEC62D8270FE2
S219EE209B0E40A7FF618830F55D5061A8739CC70DE9CC06F8BD32
S219EE20B026B07560199E1D440CFCAFB8B4E27512DEEF64F8713F
S219EE20C5DFD08A39A17B7D44096BA977EEAD41DB64E2EE02370C
S219EE20DAFA759399DD7369F15685D3C442C6BD533C85A8F824AA
S219EE20EFD35B790B430B81B982DE716351571BF7A65521F0367F
S219EE210495750BE94FAD1F6BC0F8B74D63C2F07008F1FBF5CF56
S219EE21197E5209868F073368CB693BCF6B345E131185D4F14B3A
S219EE212E4506CF84433FEDCAD96DDDB2288D35600F7013DE7CC7
S219EE214344D5D5F94C0DB9C5348901C17C51E128379CAE0441BB
S219EE2158C44E9F7D19E0110863BEB18DA7748018B520AF5ACD82
S219EE216DC44A5B9E8EAC7F9065EEBAD3F96909906935549EF8B7
S219EE2182A0BB3C92739AA2D32012644822924C3FD57B07EF0344
S219EE21979616654377F078A7BF4A8E32F744389C04B36AE31278
S219EE21ACF0ABDC305C77A7EF377158C1DE1E842B1455946EB292
S219EE21C101CF9DE4D7377B733E060BF23EFA2E6D3119073932F9
S219EE21D61F2E4A4057F782BD11160EC43AF2A35AC97A42FDD821
S219EE21EB0EA428E8017C56B12AC8FD2C245923BA575A92F2D428
S219EE2200ADA01593DEE723F44EB854734CA5D3C873B08D07599C
S219EE22154D38F7AEA5BE84DC24ED26F01326638C1133437BA7DC
S219EE222A417F0C149DF8CC97B122573BD232F45892945AF2723B
S219EE223F249E1F1D971C785DB8C1A1A132862252E12144A8E359
S219EE2254D9C6424BD8927432D7049AAD45053211B71F7CE1B6AE
S219EE2269980D660522AA8724AA15714E875A2DB6C66EE298EA0C
S219EE227E8B975A5DE8A0881B60B919E32178143073C80E0BD03E
S219EE2293DD83A93FFF78921C5545D59A902E4FDF7840DD846A5E
S219EE22A8228BC0D924B924154A796EB527DFA21537B5BEFF7B0B
S219EE22BDFB8541053822DFC3912B984D95EA2A36B262144FEE72
S219EE22D27C41E2F8C918DD67ACE42A1288019F1E0481603723F7
S219EE22E7021272C8D6568B03711714719C08A6D4B007753F64ED
S219EE22FCC361FBCDFFCBF074F0B1AF027A66228E20C349BCBD39
S219EE231122FEBD7E63AB738C99EC1F14ED753328766CDE45EFF3
S219EE2326E9AB15754224FB8E5C39FF43FE23BB7947FC90B2A74A
S219EE233BEF17A7CB21948F91CF9863766B07AC76D7CEAE72A50F
S219EE2350E87797D2E52902E79BC38F267D74F9534F57E4A0F854
S219EE236587AF92C72D60BA2563CA990166AFC457D87F93C4AE22
S219EE237A56FB1965E9301CA15D72C621F78E3FAEFB4F96DBAF24
S219EE238F4CEBC4E1459BBB53DE550E9BE8DA888E88F323C5D590
S219EE23A4C91B960FD4660C9216222A06685817333E1B46EC983B
S219EE23B9DC6517E078F3D930B3DF36149B3B73E1818796C87094
S219EE23CE9A3A5BA3494924C3E9A897C9F15053D0AE4B5B892D5D
S219EE23E312A79E8606B5A69B68360BB6EB2179AB61FC5AC329E7
S219EE23F8DFB993A0238DDCC3DE752F53D6B9673C7236B2CCCBCB
S219EE240D485F41631461E786D99F88E6B0AE0F8A3E7113511793
S219EE2422085F9D99BEE8B89496E9105256571A7E364DFAB3F5D8
S219EE2437919633F2A6F9AD2830B4F48DF0878A73BF349C0BFF6B
S219EE244C87472690C87CEAC7C1A61A2A984FA2638F22F23E0B8C
S219EE24616EAE4B95190172C2E398F01E9B2A2B25EC0FBBEFA93D
S219EE2476E1DD8787BE71DF9DC9DBE604E52ECDB54DF0CA072E88
S219EE248BDEEFFE3A5335BD155A34F1DD9FA6141E7A9139A1A191
S219EE24A0B2249B63B84585A86F08123414733D70B808ED7C42DA
S219EE24B51F5C2B7F8E691782C1590CECA8240BE0C9613B44CA2E
S219EE24CAA8CE46A8B6649C2CBE029AAFE9332916111430E96DB5
S219EE24DF4940080C047BB9C10D38618E73C77056E474BC03D73D
S219EE24F434B635FEFB239F7E7E6AD2DF6DB8FDEDA549A6245ACE
S219EE2509BF94D2F7A7522B620D1E0690CB7823951DBCC20B2F97
S219EE251ECE3E50BA623087554D0A118473D52FF523CF97E6EE7C
S219EE2533E538F4FF8D57B0DE04E3C7938BC313FD14D16478209E
S219EE2548806500D36C4DA41AD3A75CD5354748EB1AC426781472
S219EE255D676901165F2215E7C2593AFB2543E66BB772BA039D86
S219EE257203E6AB78BBD9E2815B1811C7A2C3D8E5A2E80E7C6776
S219EE25871AA8884D1C96545072108D41E93520110A757EDB6B7D
S219EE259C13C3290F37C1F4443F1927BD840C76ABD3415CC3AB2E
S219EE25B1032EE344EEFD4C95CD10AA93A9BBA7B770619992E83E
S219EE25C6BAAB45FB5A75D2E7D16C55BB884DEAF65956137E6B33
S219EE25DBB847AF9EABF6BEE144EBDE2D3DE91E6F0B546D5C6BEC
S219EE25F0820AA0A6320499A012AC8A6385F389259156FF012DBD
S219EE2605C12B11FC0ED062FEFBA99F17ADFF0D0CD0EE4BB6496F
S219EE261A11F87E2E25052FCEE946D477A5C323E7CD2496BCE6C7
S219EE262F1A2CC1330793313B0BEACD0084A34E0490F447EA3E35
S219EE26441769E4577C3D60CF63B9648F14C377F416F4F2112B62
S219EE265990D831F65898C6279C5B599F7C7C96FF4F4A30AF36E3
S219EE266E0DF2781C2D0D763509275F0883FF2D93E5B02507B0A2
S219EE2683DF09BCAE297A4B95E5B25C9980B06E32477D98C453AB
S219EE2698E471B41E304891653F3A364D5B04F78ADA6F892EB118
S219EE26ADF046F079B708A84FECB868F1B22FA4552609FEBB59B8
S219EE26C27E4BD27FA4355640D2AFE90834EA20B8FCF156EA4CA6
S219EE26D751ADD4103C806D82D8461356A9FB9E807893B5A4F2CF
S219EE26EC1CD9AE09F6F1F5C5D6D9C70AE5A7AFDDC3AC2B2DF644
S219EE27012BBBA294E44F6046B8694485107C9054E0B88AC2EFAE
S219EE2716D95937C13CDEC12D633E669594DF4CF65B7DB48D32ED
S219EE272BE37A23659DE449273D28C26E3E6D0737A72F06668987
S219EE274017E145580D9390F2D76BC0CCC9FAAB0EA70728122682
S219EE2755044BC32949E1D72DD33327AFE1C442155A44FC066E2D
S219EE276ACFCBE49E8E2025964FA5306B3CB591400AA5CBF3E242
S219EE277FDB11590F478BEC153816C93CF797D40D9D14D8E46696
S219EE279433E98A2DC085AB72CB6A628037DFC0CFFE6F697A43B9
S219EE27A9ECF1DB64A8A4DC11BDA784982BE9F9F1B4EBAD4CA815
S219EE27BE698B689E9DF336FEFBFC7FFEFA44C1B1F89264B098FB
S219EE27D3A459B8B41E14800390B4D68A4EE113514309519E86E8
S219EE27E86ED77D1405D06700BA1F2BBB09767497AECABD56AE55
S219EE27FD8CDE3EEA83FCCA2FA5CE9424CEE0E2ED228BAF543D35
S219EE2812EBC148730B6AF984CA8DF23B820EDB2EDC6EA514F055
S219EE28277369B718AC811B01A9ADB2A09CBE2F22A03B1D6C0BF3
S219EE283C35E93B7D30FD83B999FCF76694432E0BAE9A0BA2C09E
S219EE2851B8AC6ADD1B06F7210CD06A4DE0844981879DD57F8AD8
S219EE2866923B1DE2EC61A6F391593945F5F2F658C48A353C61FB
S219EE287B4E3733A6B31A814D2FA2A163EEE7FEA134A4F0F35008
S219EE2890906366EF9F13E70A6B481C68BEF4B328E447FB164312
S219EE28A5A582B99CB5B0ED3F5A5270A693326F95B5055E3956EC
S219EE28BA9DA5C8C711B0A8AD621F073AD4B07E920FC997BD6746
S219EE28CFAFE641C1C7116C923E672DD6877F4028483BCED1401C
S219EE28E4D98FDA12C015DB770B9DFA45B679F540D42DC9AF7E2F
S219EE28F929B2B9F7773C2FFC178892B54D0391AC63BC7B4B19FD
S219EE290ED446ED4E0F702A9E91C21E173ED543A9D390F095B006
S219EE2923B6158582D5855F3150259BA1915107B8CDB2A73E9E9C
S219EE2938E3ABF3566E38A0F58A29759ED3B26C592EC6C09C65C0
S219EE294DCCA6EAD5891D414396715FEDDAE032CF690DFB4185E2
S219EE2962DF67B74DD63CF1A852DED88A4FD6C15CD557E8C9EFD8
S219EE29772326061BB4678500377ECC5BAC9C2EF7656EFF1B71A7
S219EE298C7C55FA5B16E2D5939E3F5E61993CB3634FE78CE6048A
S219EE29A179EA1A015CC849FB73585C8E099AFC270CA14384B0A9
S219EE29B6175F6D084ED8BC70E628A18F3897E6DD6C0DE2621F30
S219EE29CB9405740031333C1BBE3E92CE21886152A81BDD58F993
S219EE29E02E07ED81A4754DC51767F65AAE176871A23E8557A059
S219EE29F59F596181E1284B38D5E321D95F413C497B6EA4EC9B89
S219EE2A0A808F71394962F89E57397D674722F6AEF92A8A341652
S219EE2A1F89C405D511EDDF08A141AC501B2A736C14DCE780CA80
S219EE2A34367C00C425A04D7F73D0BA5CD9ACB6A90CDCFD978C4E
S219EE2A490B1249973064E1F02D74E9B59FDB6CFC000EEEB9F756
S219EE2A5EACD1127D84A753F480023ADEBB3E74EBEEF7457F3126
S219EE2A73187939A91608C5ABFBDF49BAD9C8A234689E77B14791
S219EE2A88368FC865642646BB4E26478CA3C64E16ACF3AC618F7A
S219EE2A9DB01C2D99413E454B02963562C472D429B7A12C404F1B
S219EE2AB2E9E0EF994EA70F40C635B4516CF2228B87ECDB7BD7DC
S219EE2AC79D40F490F3D902AB260231C829D8089991F9009ABD89
S219EE2ADC0D786547C55B8E189F4F536B0E096C0CC88F9C39FC98
S219EE2AF1838EFD151FC58817D5BBBB41463DA9741C61E9DD8642
S219EE2B06AA911D1ABE0344B9E5088DF6A2AD3E6CD2EC6C6A5D3D
S219EE2B1BB4687F15796C3618562E7FB89E2083872BFA8C8042D9
S219EE2B30164AFB94714CCE749717B26174970E2B2586DE8B3E58
S219EE2B45A3DBFF01B41DA4F02BFA744D4D80DF38178EB7021F5E
S219EE2B5A776A4FD057C19B2C33C26B254EAA4667E8F716C31999
S219EE2B6F71ED7EB3BB23960F8C2972389CF71BA2A68780C4B676
S219EE2B84D9DDDFF61C32F163F1435FDFE2062EF0BD191C82DF51
S219EE2B99D0825F5DC3ADF87D3E5EA1661AB3B4FFF209FD95CCC5
S219EE2BAE4D3C921F9FD57939E21AFC1BD57DE7E62AF2597A1E80
S219EE2BC3AAA719EC538D3CC3CF0703EB3D2C08E96537B2469B88
S219EE2BD8334A2A8CC25FA9EC377D5FD5DA75A19EEB6A53FF21CE
S219EE2BEDE4EEB7AEDC9C0010689A238E7EF7E7D64091656D8910
S219EE2C024C24142452EFB82E26DBB9F4925E24038446BAA748C3
S219EE2C17D0DEC9A6F67BD443852FBC64DCBBAA0DB37392EFF156
S219EE2C2C7E5B91FBA47241CC2FEAD7532D4AB8698C12F6A76999
S219EE2C41B20B41D966BDF53813515D7E7C6E882E4BA9B6603D3E
S219EE2C56947DA3EF75D1B707D3F1D4372E368C4CC82168E7127A
S219EE2C6B002890D81A378A3C8204834B1520D764E3C7C80D284F
S219EE2C801D688FAA7D9845DA99D3418EA61FB2E56E91E79CDC65
S219EE2C95B19836E2B4E3966613890A13662F60BEDA683372E20E
S219EE2CAAD0C885ED2C4D6D81444E3130A981492E10792F968A45
S219EE2CBF038491933F12FA1C9FADB6CD6393B7475CDEF4F3DF38
S219EE2CD4D6EAC8090774E4F84202A530714439EDB6A18C5422C3
S219EE2CE92D205473C6739797AC49574626BBB2DBD202A63B387B
S219EE2CFEC3D53584E0885F00A578252901F3EC87832FF1130A24
S219EE2D1304401CAEBA61A24C6FE959B994A7AB3FF3B19D59CCAC
S219EE2D289197418E4251C7506AC65D08E970CF5C01A316336498
S219EE2D3D7665C3466CE43A7FFCEE4817C88128BE666504226DCB
S219EE2D528A0F985BF1BCB0A60019630E982A52F1E97FD9821B7D
S219EE2D6776180A972CD6BDF3E0756616EDE32452EEADC92338AD
S219EE2D7C9F1B70FDD39D103458AD58C52465E85D0A24523C0FB9
S219EE2D91A1412FE84EF37F0513B4A12FD7268074AE12171765A1
S219EE2DA6DE74BB3DD0F90B9279B25E3DB2F6B1722417FA22D8B5
S219EE2DBBA118008D13FF4052C649AA937EF0856B298215085163
S219EE2DD02C73A82296D5E8D01502EDF82890FE54F98ABC2E4BB1
S219EE2DE56968C5DEF10D6F821AE46CA6F2907EB5B3A53EED1B20
S219EE2DFA9D2BC3F2FEC1748B3E22C47176C995671BF9F9BFE812
S219EE2E0FE8774F931EB90C52D2300AF3A996998908199489BCEB
S219EE2E241A4ABA48F3148B84DEFBF705778FC0AEC5E8DED68000
S219EE2E39743B4BC743DB211F008B80CA6590A34DAFE4AD3C52EA
S219EE2E4EAC0DAE4C07657657BF3A75F51AADCD09CD7B2C87BED7
S219EE2E6347AECD412B78D79F7D78E6C3DE147C766C24C64640ED
S219EE2E7899C3CF7471D40449F353D221F7DECC9AA0E53A1F5877
S219EE2E8D3BD4F9500F867639ECC4CC477EBE86F95F6EA84088E6
S219EE2EA2807DA30252CF34917B04701C7CD4BBA63A5B35FC68B6
S219EE2EB7B47B495B106D1B4FE9CA970142A8CEB8CD28B7FAAC4C
S219EE2ECCD73CDF7C98E7406DF32A15FA4A35AD82AEF07B10B7AA
S219EE2EE1A10F7F80DCD0B91D487C9A9AE9C495CB9937B7C7D98C
S219EE2EF6193DA42BE26A45742FEC6D30CD9293BA3D960072BE43
S219EE2F0BD42647F4DE5E26956EDF665938ED35C62126A1F2AAE2
S219EE2F20E5E5EF3F89A2FBBD5A127065699E239279F956A81F42
S219EE2F354CA89F796A3A6AD06D2D36C9D0C755DE5387BDB78E6B
S219EE2F4ACCDE9B290573D0A7F06EDA770F135A46D7939277211D
S219EE2F5F02E7524E09126D32589E1E947F15160AEE8C10130D21
S219EE2F7450B84C80803122DEB3ED609D0F92B47D9D314BA27C2A
S219EE2F8998C483C87E51C677225B9AF11D0B79FC5BC4697234BA
S219EE2F9E6366E15E9087F2A8331B8722E5AA81B67A0EB43F5DDD
S219EE2FB385A715874F596B8D19E1E254C3DDA0442113ED553252
S219EE2FC8C3FA08375D7717F2ECAAF31BE20E1C362DCE52A35101
S219EE2FDDC5F63FF135BAD0F1112E5BC8505829A24D233F156454
S219EE2FF20266D74C6ECE7CB268515557F7702F7A2A1B03B2A1D2
S219EE3007CBB88701764810571D1979887769B64E4415C82962CA
S219EE301C971597483DFDC9CD7D2E5C3F47DB817DB633BCEDA2B7
S219EE3031EF21D15D6647DDF74A6AC108766D314353222844CD56
S219EE30461499276567BF55B6FBC5831B358DDF43E4FCD1B16212
S219EE305BAD201B2A2A0C7B3675369B528951FC2F083E2B6F19DE
S219EE3070BD3CC081F7037C9F52D627F8AEAAE8E5B16EA52B5B53
S219EE30853992894451E4586A0D3EFAD3DF36A0F53BB98582FFF8
S219EE309A802B635255B4838206D246266CCCBCE159123FE89A7B
S219EE30AF253B2FE6E73391F08454D241603C50FD66779AFA982C
S219EE30C48FFD019917AF5CF22421F4CBD8621F991EC0866E778B
S219EE30D94E34620EC7282D6088052D557BBDC085E44CBCCDA993
S219EE30EE35A399E31F499CAC2F574DE5CA44A09BF381ADA11DF6
S219EE3103AD3A054361F01AC49C7C4E222FC876B3261E321EF03A
S219EE311816DFA6C90ADF575EF8EF3845FA3F2201911EF314A691
S219EE312D1CF0FB6B2183924D53A8DC35C8D174BB057360676929
S219EE314266D6303E31002710E16CE85F84B2CCFE73D4FE5AEA56
S219EE31578FB3A62EAFE160C7DFBDA8CE772FC9DE23E5BDE2C2DB
S219EE316C87898C45673F5A5DA7D1564471FA3B7C4F6706F176C6
S219EE3181F123D0DDA28E46ADCF1046D55CE38C987CFF70684E64
S219EE3196E25785918D61C3A7EAAC499160B12C69622C2DF2B116
S219EE31AB4BAA7BCA133EC72F697281C5B2266C1FF19488A293D5
S219EE31C0594CA8B2B4C91461EE4EE29C8A04271B26E24A7918A9
S219EE31D589AC6437944112309C562E25A84D2439841CEA4DD7C6
S219EE31EAE7C1CEE24E720982C20E16BA14A433545A6243848F49
S219EE31FF5F300C512548295DB55293B959CFA0444B392F793A24
S219EE3214DD25DB971C943ACE113C12C94E658CB5D04BB6453B19
S219EE3229130257A9BDDD4EDBF4FC2952DFED686842F8489D1A85
S219EE323E1627EE72C83AE3A178E5D696E0A0E6E9644632F97BFD
S219EE3253696FD601579C621E4A99D8242DC37549BF431717C7CD
S219EE3268677FCA845483529BAC369DE361E8AC18DB5A91D31747
S219EE327D1029B3174C398B1165065E2438A4A09D6BFEF7F76563
S219EE3292033EA9F18744B1A456681567532FD0578F5F92714D18
S219EE32A73814E8416C9F27C8F543FA08AF04CAE47B27E3B301DC
S219EE32BCE320431972F81570B0274F11832C42F71AE3A8E33CD9
S219EE32D12589FE40DF4D7229DCB6829EBBC97BA792769C2DA376
S219EE32E6A1DA2C26BCC939D89048865ED3A374907A650E4FCA41
S219EE32FBCD39EDC8FF590AC04FB3E28056AE2B832F76CCB8ECC3
S219EE3310F346A2C229218324D147570CC41CD35D66007C641541
S219EE3325E55DD74E9B155DBFB19678446446F0B05F08F3ED6079
S219EE333AFCB7554D567B2933A2ED5865726651944D400345B07B
S219EE334FAD5EF4AA0ADF23B18039B33CCB37B18DBC24CA2C60F2
S219EE336477C110E96E7EC0B1F25C9F37334433BCE78597BE2A5E
S219EE33796349564E94811E0A446E009C32352056417C4C1C1C53
S219EE338E856352D46E9406DC2406AAAE5D596A0A73A2670A52C1
S219EE33A3E0DC9934D7B2DC798BC7E011C1B2D516EF8724AD0BC8
S219EE33B8F7C19A63977F0B386D55FF3D87201AF8BC0C8CAC0048
S219EE33CD35D3A6CC101B1404E339EB52F57984B7D02E0FC9CA99
S219EE33E2825304E293011A464ED8BE5A0AECAD0D6ED218086F77
S219EE33F7F97E4B757C7A4882CE0C12AC6A89F1F0FB20134BFEF4
S219EE340C48451AFE5D98B1127145924EF032357A8537947C42E6
S219EE34210577B8AD5F6A256BD5225FE4D2073EDE98B0FD3DB206
S219EE3436205FAC5AEC7587274D79A2851F3CE69A26D5C98A40A4
S219EE344BDD4683755F2A573EB782C77B75958B7F87063C2D4972
S219EE34603AE6AFB270FAEAA3EA452D6007F10BA23120261CD622
S219EE34756BFD6B1A48776652BDD63276A610C4282261ABD87B8D
S219EE348A73175AD9884A27AAB7F47EA9CD2A00024868274649A9
S219EE349F65E1ECD893348D9D3629BBB8054F2CCDB53D20CDCC60
S219EE34B4CA140B3676C3CADEE32335A1C5CAD38CE2CEF47F988B
S219EE34C9E808001B678E7CD0DB2EFEFF4786DE9259F32F059F4D
S219EE34DEE295979848A692E8E4E2990AF6F517887F9BBBA475F7
S219EE34F3A48C699B137CDACB1EAF0596CCC46951EB22863D17D0
S219EE3508FCEA889906D26E97E78AF0C008F83CEE4A3BB9B0EEB0
S219EE351D776D9125D085D6CEC6A49A41B92EC98B85B2F5297DC1
S219EE3532162198A1040ADE0B339598551C7551B741167226F7F6
S219EE3547CC4303F4070BF1D3B8F691188E94E4C901B3D63A4472
S219EE355C0E9817A1E1E5832F4C780DCC5414D73416DCCE4D680C
S219EE3571DE4884099C624311D97D34D725A19DB84B2AEF93FAE0
S219EE358682EA756C4667F36F4846E937A0D2DF47A8F23AFF8147
S219EE359BD5A6BD1A1F68B853827A1CE7100073D7B700949BB352
S219EE35B03344C1CA7B328F95724B16A65BED71EA6EDE3ABFA738
S219EE35C59CF5F3DF7D2318E405EB45F713D8E405E7F8C62E5DCF
S219EE35DA26C8492CD55677C5A7A6CE73AFE55347AE8D5E52BDBB
S219EE35EF9A7A8D8C494DFB0F391C270DAED928BE3ADDC0A8D3BF
S219EE360462C8E66F045D357B67241A97433D523A4AFE25B7378B
S219EE361968B4570470A5DEDBEEEBC0F3306ED4434FD4E3434991
S219EE362E244B1F5418506C102A3532B7CD2636C792670B39EA6F
S219EE364333E42E1DE32B9C35B4061FD37E90B3DDD4BB0E1B66D6
S219EE36585BF0C7D53F8CD1405234044B67B637DC674FF132FDCC
S219EE366DC520C37632F485C0869E697DFF82ABFC394FD0E01B47
S219EE368257D30260869E3D5897E554191F23218C2F401AFC6836
S219EE3697E846E2954FD34A23786EF49A1EDDC4938092FC1A7495
S219EE36AC25B170312C4A9D414D378A693421A3BDB102FB753FBD
S219EE36C1125A7CAFCFDBF08AD4B39B408A77FFB5C12899BF04EA
S219EE36D671A6851D81C9BF95190B4E9198AB8C8ED34BFF29C728
S219EE36EB7D2A2E17E7142D108C6B5256CAAE40481D74FFD3842D
S219EE370091BCF2944CCC31865B81A2163A206D355FD09123B3F9
S219EE3715236ADE82842F16A0B1A7C06F7F36C5CF94E507E00620
S219EE372A86B3CC53A18EA78CD49FD60D31535A6828ABC77F1B0D
S219EE373FF7BE82C4E087A32BA823E33EA335800C2146282391BF
S219EE3754ABE5DEC2171FB924A8342064DDAD39BBF3835CEF1D6E
S219EE3769591F93547737DF8245C29C64BEAD3BD56435ED571576
S219EE377E728168B096565F164B4FF7D8DC3D6783E17DB940EF25
S219EE3793E4FFE6C9D865C4C4358A1E37E1AE1C9E33B502362D2D
S219EE37A87DF471E6CF13F43DA9CF2B46592332EFDE8D3FC97ACB
S219EE37BDFC51EEBB50439434939A8ED49A2ECEF7A98348365F8E
S219EE37D2F9FB4FBAEC634D71FF304C1531C1618ACF222A0399C1
S219EE37E7BD51FCC5FD1D6BCB15C449E85FC5C5AA1004692C98DD
S219EE37FC7FB833912D50BE547E502CE7D75F07DECB7C12615134
S219EE3811C62E7A572846EBA3853D8741D729A830A0115984DC22
S219EE38263CA38C22D11F519C18243AB59E6622D2B3E16219A15D
S219EE383B7CAA85C7A3E8720CF7BC3FD66879998BF1EF0C926A55
S219EE385094DEF3FF837ECB4886E484E57C2A622A4F5FBC4BFE40
S219EE38657662088537AD7C4CA31CE182789B9F13470EA57648AB
S219EE387A222E2B6A5764DB08B5A4987BC42427D76D4F903F5492
S219EE388FCC9EC324C566EBCF4F11D911C930F300552539176398
S219EE38A418BBC7F52832EC147E4B780ACD94B92816CB500B6DFD
S219EE38B941E2C30F675BBCAEB6B105099CA847E0CDEB902E820E
S219EE38CEAFFABCFDD8FE450F4AF48EEDC0FD3778BB8402BC2222
S219EE38E39CBCE3207BB224FC9F04931E22ED689EC63A8B39CF39
S219EE38F8706D8BD4B596BB74FECE500E2798082440584C4410C5
S219EE390DAC92909308F05FD664BD48FCA668E0B416544A25F84C
S219EE3922C1A22B74726480E28C2BEDEDD06DC32BC0BF70FAC1FD
S219EE39373CD01B01F7BA0B9E310C42E905F8617860EE606E7D2F
S219EE394CE939DBB5D546517F482FD985E3A2B3368F46D01CFCD6
S219EE3961564B5D41E1674B830B771D74478A5AA6DCB25FF2BF87
S219EE397661461724AAA002BD937D3358C5B7369DCBE400EE5B7C
S219EE398B2780D1C886A2BF678ECDAB9C545D0287DC353FE5A2F3
S219EE39A0179E538041DB330DB91EDAB42E7AA845B5CF5D979A2F
S219EE39B5A57CF0BDFA30E01583FD665A541C19D4F8BA7B8D5472
S219EE39CA3D51FCFA4D0A8878AEBD2BFDDF836DD8AECD86D89D6A
S219EE39DFF937BC9E60F54644275E52A5729BEA5FBB96AD915BBB
S219EE39F4D0FB5C9A4F8EE2B681BF0CF6543A3C093317760217A7
S219EE3A0954D2CB2A04FE8F9258B28D068481955FE1DF72075058
S219EE3A1E959A72F7D0655C283E142D9D4523F7D30A7FF81AB7AF
S219EE3A33C53DB34CFDA2559F4E0D5B3E535047475FE89A5EACE7
S219EE3A48637E73C657B6AF2A4DC06A53A210883364459B6A543D
S219EE3A5DE84AC4A65915A12F678AF57590C79451B872EEF5994A
S219EE3A725CAD7F9AB9F4FF1DE6EA5236564204E4F8F0131A5F15
S219EE3A871F43AC61FF84B657F41E257F5AA7505A5A55578A9EA9
S219EE3A9CC81FEA166EC60AED4BC48F0EF50296DC156A4F0D839D
S219EE3AB1F099139B4C3A63DECDDD0445BB2D6205528DB4BBAFD0
S219EE3AC65CF9BF69246DE9F669A2B37F4A395F5DE2E5F99C3AF9
S219EE3ADB2C4CB98C53C6432DA11015FED94CB86C15F8C5E28359
S219EE3AF0D1675FDCD2A922B78656303065D27D22869FD67E3745
S219EE3B05C93581BD13675B29488D7A2445BAE4B66B31CE2924BB
S219EE3B1AD0F96C621CB590FCA197C5E010DE13001C8E0FACC2AA
S219EE3B2F97352A28D58510CB03E9F11F8051E3EEA850836FA50E
S219EE3B44D5053D906E969253949302A6C777ECA5CF02B925C3D9
S219EE3B595FD05BF9D8EB19D11D5418FA57233965B458ACA31A24
S219EE3B6EBAF1B5E3095D97E816DA737D88BC63F52F6F48D75A94
S219EE3B83C6F403E605586897A6313EF7E93EAAEFB2F967498C88
S219EE3B984D66B9CD94649A090B8F1167DF94DE67C6070A47BDAC
S219EE3BADC7325B05C453EB7C00972CFBB483734C641929BB74B0
S219EE3BC28F919D36703CCF7642D044661768C84F326544CDCD50
S219EE3BD72935CCB58D64DFAF4B6CC2C1A83CB3EC949398884341
S219EE3BECD92C51B75F10DCF30DE84E15D237982DD50CD8AB1CE0
S219EE3C010F241CCE69456569F63A1CF15251B440AFA9D1936929
S219EE3C16329B3C1283EA6FBD59491D7A74D4568096E60390E6A6
S219EE3C2B7BA9E81A7E57E172574EA92017B42CADF5A0AC54B5E7
S219EE3C40A140AE0F0D6C41C3A23C03C0E3FC83FA7E1410A933E6
S219EE3C55CF3EFC4B347C7CA737B7F8A7A8751F0F44B4D6F0ADFD
S219EE3C6AAA3B2B3761D5202FD84B8ACF0BCAA51640DA000C5103
S219EE3C7FE3F30B96121350C21222A339B5E33B1024A6E0A4B797
S219EE3C949DE2269BDA9E987B2269E0F0A132AE8B8B51A0C7B300
S219EE3CA98C7202B1BDCB25ACCA1CE468BBF09E986D7D74302E3A
S219EE3CBEF3CC34D2F00286A28DC1B06EC6FADBE6065612213271
S219EE3CD3AA38914B7939F5EA1D40B39668D4BE4CC8A8D7591FEF
S219EE3CE86C31D62DCE8F11F208B2169FDC0C82103EEEC622CE09
S219EE3CFD6D4F4C16F2B9A594A879B124F02CFAB46B4DE09E5077
S219EE3D12C411239522EAEC457E3623D7F26AD0B310222922D302
S219EE3D2782E2B6403B12D6D45D36BD572AEEB8540535857CE35A
S219EE3D3CDFB90DC19BE6DBB890BBB83E20D6EAF24E71D26CC530
S219EE3D51DE341388C9B71E5E8B74451B88DABBB31AB1B40E0EF7
S219EE3D66F87E2B32565EBC5BF5119F230103625A213559277CDD
S219EE3D7B23ACA87BE9A4499880480A660C168B511DA185AC902B
S219EE3D9043A223308B1322E3495CFBFE45FD236B36B0C47EB505
S219EE3DA56597EB6473407A017F153C66AC9B2088F7DE3FCFB6DF
S219EE3DBAF50F06D2D4258FDED950BC03B92E03AAE1E136A48423
S219EE3DCFDFD229F9D2E0A2294145F3E399EF9885EBADCAC54B29
S219EE3DE4DAEF67FBB4CEB4C743EE24C1A3F1AC0B9DDCD8C84BEA
S219EE3DF9A3C4FD67A1C7F5B27F989C426BB917F0E235F1FAD6F0
S219EE3E0E1E6EE3AB852EB01015A07CC309C8F747F073D2474F51
S219EE3E23EE6C119F2F2075F6CA243D47CE476D7CBB316917C235
S219EE3E386AE1460219328E290E6DB23604F6FA6B89D4C93F0EB8
S219EE3E4D21EA31C77036C32F0773377C8CFB69959E1CF15CE732
S219EE3E626014CE94FE5DD34F043F06AD7726F7703B3626D83369
S219EE3E779B0B49C7259AD99D8EB1B098FB64990DFFD89BA6B8FC
S219EE3E8CF1A1C39DA9154D5AE91264B3500E07505AD3C40B1CF8
S219EE3EA13DF18BA93AEC4FB19D0D64455B59A99A1314B617A9AA
S219EE3EB6A8BCD2CC9966C44E953B9AD8257EB1C1FC3CF56832D3
S219EE3ECBDB956CF9EC65DE89D016BD33E8A08C7456E7D9AB360D
S219EE3EE083C3EC33461652714BFF52E3FDDF41DCA67A6D0ABF88
S219EE3EF58FBDEEE518B9E4F751BDDBD17349B98F7417023C5A19
S219EE3F0A11E253D43B30832D292B029AD1BFBF38DF45B40DED31
S219EE3F1F95ADBA9B55A9EB500FF115105039728E83B8F654C1D6
S219EE3F3497291A70942D5CF5F138ACBFEC3CD2D3F5A617A1C4B1
S219EE3F493C06B28DB853A3F2125D341A5CFFFBBD8B3148FAD7AA
S219EE3F5E9A945645B642293B918D875E2E69BB8F9D7882B3F612
S219EE3F73C93286495CA8F0CBCB7D7B55AC6394DA58C710E911FF
S219EE3F881C8A21702FAC15342AA0FCC4D43CAF590A50FACD2DE6
S219EE3F9DD1BB68CA4FA36FB3856B8F1ACE78BD9C5FEF948F9908
S219EE3FB239E819C04316E7653D82CB05522CA3B73594DC95D1F6
S219EE3FC70C9CB9705EEF83C09D885B071EF672C5F15D3A55A73B
S219EE3FDC4BA6961019B19D16645AE58425F6816C2F2B53A0C687
S219EE3FF103144E0A4644FCC446B023470F76D958F2185B1EF284
S219EE4006B54EFEC63754282D37FACF50BF4B9655DB7E7436CDF6
S219EE401B265E5091A4F63FA54149DE7F3A989823694A23C1B0FF
S219EE4030DC6A136695796F422CC5F806AA05A76C054B5CE69532
S219EE40452217F184B86973B71660EA6D87BE5717404868677132
S219EE405AA1A5EE6E7FB1E53978033B4829944FE08E39EF301C82
S219EE406F3C9F1F0E18E27879276811122896593A05F363456D46
S219EE408406CA740CAE496BBDC3BE5EBB6E98BC252EADA89AC760
S219EE40995C689B04074062EA3559043AB124339D4FA11436532B
S219EE40AEC4EFE9C3E7183B6597730A83D5FAFF62FB4547E0B628
S219EE40C35E988339BB940BBE66E2B9B85361DB0131C05B67D35C
S219EE40D828DC8435C3D0635E879957F6C7E7A257C14F066B201A
S219EE40ED5643954813DA3449162B6EAFC231A6F5EE939CFC2CBA
S219EE410210BC9A5E8FA244B7114AACB762A336F83886AE5544CF
S219EE4117B327D199BAD35346E385F060B9D1086974A460F1CE4C
S219EE412C173F9629CEB951B9B33DC60F115213420029D2F2E794
S219EE4141754A827B005E4C5B690D8FD3DD7AEA44F1EB2DC98006
S219EE4156BB0EE9971E763985012A4C41DD53219C8E33D7B93D93
S219EE416B76EE73531B8FF4C4A01B17E4214A20A1DAA110F7FD5F
S219EE4180C8ED29B1863A7D1BFE041D22D487BE988C861DE29CB1
S219EE41959930FD97BB7B3FAB5F5E14676CFD9B3EF116EAB8750D
S219EE41AA91FC916C332C6B97D2FCFF823B5746BE6292980ACDDA
S219EE41BF7F0BB68522BFD79EE40C6676D4EF2F35EFF02035E9CD
S219EE41D46C3FE766DF464B70596CAAFF49EC88DA1A1A08A968B9
S219EE41E948873F656EB0D749737D0490472F2A5D6C82D20F07C6
S219EE41FE5AFCA93E4B33DA7E56318D4639202636F239A6EC7664
S219EE4213CC1A1AD0E079FCCA911045C87724AC2643DE9158D8B7
S219EE422845D8E9FF913656C8E051283C02A3B0B756237ABBC491
S219EE423D14ECBB350A3B8F3D2FF8F7FD37C3CFA94B0C5A024AEE
S219EE4252940FDA5A62F781788101C46C9BD35E4E6606559728EF
S219EE42675603AE222BC84E29DA25A7550D9EAE3DF51B1E3DDDE3
S219EE427CD9325880DAC092924941BEB17703DD98B37C0F23D27E
S219EE429105935BFA50777984BA56C71C69B8367CEE8A9A0A256D
S219EE42A6DD8FC75329FCCA75FB81E86A9A56478723A6C99A224C
S219EE42BB3FE037537F85DEE507EB5ABBBAEE4D2921F80F62815B
S219EE42D083BFBA7806B1F4BE1C6E238AB7CB77114BB034370959
S219EE42E574C8961B8C8BA0847FD3949AF371E5EEC8355F6DFD2C
S219EE42FAB0271387B9127E4F3A40FB000E048A135F0C60801E26
S219EE430F16844DA85B6567BC3B44FF5E24B932E0009F3A38B0A8
S219EE432402E78C36BFD71A71AEE6EEF1991C16225FB31F58E1FB
S219EE4339E88FABD3B6DA0F9A3D70BCC7BBB3B3E051C5FC8E84F9
S219EE434E09C7B6E738FCD5513ABE89433052BB6DD9C390D737F8
S219EE43631E1D4237EEC5ACFADC79F7053C4AE87F6A2E0A5D9177
S219EE43786C31BE5727D08A0ECE3ED62F8A35C2B779FA38D0BF79
S219EE438D3B5BAF224182948F19A71787266CE3FDF43F3A80FF1F
S219EE43A20CB697BD40C89B18E32341E3F7CBE38CB53DB5CBC4B1
S219EE43B7BC8E527CFCDCBA996CDB8665FBB79676A9905EC5A7C8
S219EE43CCB25ACA7EBF29F9A5FF8F5D31E2A63B872A40661E8734
S219EE43E1F9691F6296BCDF0459ED61CA97CE6A63CEA472E3C78B
S219EE43F6D6290BCEF1A98257D9C7452EDAF9AEF113A628249E4C
S219EE440B015642AABF7DBC1EE7782411BC972CC8B1421CE7E09F
S219EE44208186DB43A564E8F4AF041EC714595E34546CE14B41C6
S219EE443534E733E31A94ABC0B790BD3FE14C25A385F68EF09C68
S219EE444A470F0B2D9ECA246C6EF1F98E2472D2F05F1BA2D5FABB
S219EE445F98B7E129021622B42A701280DA5503CADEA79EFD9E28
S219EE4474087DBB1579A4DBE76BBCCD1C9CBDBECDD66A2B5B3919
S219EE4489F7E861D1C1BE3976311809E192E76945F50A6CFD49E1
S219EE449E9FA1696359D3C59DFC7C630BFC8593E8F867B5D73D72
S219EE44B3669DBEF4852E226B2EDC2EA68ABF48B100D3B1E1F295
S219EE44C876A732BE1E7FD00611FB6E4088FCC261DA6A56B43786
S219EE44DDD1C9B0ED1FF6BB323E67F97286BA0F2377628C018E28
S219EE44F24A7F87CE0910ADABFE724081FB30007F2D6AEB3D6C2D
S219EE450782256818F9B003F4F7BF841E34888A4EF96B61B7AFCE
S219EE451CEF954C4042D6B21C8FDDE63C39E2F1ABFF166870FD72
S219EE4531BFBAC24037E9B40503E92207CDFBFD8CB8FA93F2C9C8
S219EE4546B121A7E34BB53738472166F25DD6DDA050C3302FF7C9
S219EE455B03DE20B5F796DEA718218E07CDA039B7C62607A7FFCC
S219EE4570030EF36C32225065F3897FC194E3AB8DAC7E278ADFA5
S219EE45855F72A222368406C6C7806A2DFE187485E1A117EB4260
S219EE459A0B0D108D1322DE2DA9B0879D53B8B07D1E7984AC9C0C
S219EE45AF6F54D118563B29343CFC91F8976EBF360FAA27A72BFD
S219EE45C4CCB63EA451B701F01AAF6C01823A7BB084148595843F
S219EE45D9133A9CFEA48F45431616C6D65F803E7471F01D200D34
S219EE45EE8EED5FD204028C03057F4EBD8A49A6F46D3A3AF1A214
S219EE46034E88DEAD891E3442C8DD34385AFD067D5E764368A522
S219EE4618CF901905F736F652C4E66FB860450CC5DB0A2190715A
S219EE462DCE5341D9C420312C34C7B500B6F03C203AEBF2CBD2A3
S219EE4642F41742DA5C754409AF5B7CECEBA013383CB836BCFB02
S219EE4657434F0B28102359E462F7C1489F773116175C211213AE
S219EE466CB21B28AABF802418D3F2D5253767002C00C8C75120A3
S219EE4681E47601F7FA410CAB6451BA4AD698750129A8B05F1060
S219EE46967B9DEC1320C91AEE7BF4E857A70B3DC2B67CE67D031D
S219EE46ABEDFCF15A6ABEF7D4E92339D1ED0CA144D8FC960A1167
S219EE46C0457B2BDD059CF8BE0F976929F52EB4CED32A7E082350
S219EE46D537F2D70F8A3ED6D3228DC5A03798285CE195B2287630
S219EE46EA4D01DB423C7807CCF40984A37DF7AA4A7EEE522277F3
S219EE46FF94998D7F4B562446280F88BA29034BBB242186936AFC
S219EE4714DE2C1D8CB162E105AF78E2F19C550AFB75C7A448F6E3
S219EE47292BB6902380EECD09C4C4D9BEF7049B5F45C51283807D
S219EE473E31AAE2F420BB2CB3557A3F998A063D5C106AD6B7F140
S219EE47534A4FCCB022E4EC33F1989C6FC59A5A51CF1649D991EE
S219EE476898E79CCA265B6A60B3F0A190AE81408E1D5307F330AE
S219EE477DECB4031F14FBA33D7517701A8AE16548B74ED89821BF
S219EE479226F09CC27A59F48A320845AF248BE2B8E7E8CF343CD5
S219EE47A7E09A8E6A3198970D750B2629690637C1015DC66F1C46
S219EE47BC9EF57A587243BA8E678E916E64C52B1C671E049AF616
S219EE47D16651031F70F44AAD08D0CC0415667C9F4F36C55E2B9B
S219EE47E62909EDE0BB9DD2F21B70DC71886DDC24D237CFEC041B
S219EE47FB0E67DD5BFC5D6EB2A18311F5497610EF3B181A678450
S219EE4810CE5522C58F9235DC244B35423D5A404E9B3964D1440C
S219EE48259AF4B02F083FC3D1154CF8FECA695330BBC485C03A38
S219EE483A6DE5AFBCA49715629D5B244A3AB162B81F779BB6B401
S219EE484FAF849179885A0E964E42621CABA50268DAE796B5FAD0
S219EE486419A8443677D832CD208A0F574808A2C2320BF132A4FB
S219EE4879DE62B6A66C87A65126CDD17A8C2678E6B22B17F83146
S219EE488ED2B162F4DA605673CF2A1612EAD66D50699EF27D0032
S219EE48A358EB0F3D807B85F67A4029BB8877B98F4F5B2CB09D00
S219EE48B898498318F80C7D01192ADFAE5CB6E920D6F4D96718ED
S219EE48CD39578383DAC5E63B55E033CDCD92D8EBD4B6C708A934
S219EE48E29B18F34F593968EDC3545C32B3EAC0E623AE76E84F8C
S219EE48F72EC1904AB4997B333C952377FE99DA745563F03B5171
S219EE490C13C71357741AAA83CDEA2AD43794D667483BD85FBC71
S219EE49217403B1BDAC7A6DFD88452D104AA30A0FAA3E8B4CBF8B
S219EE49367BE6E21586CC01EF00DF55FC0D3442E98AA1D4AE0195
S219EE494B5019B44B7C3AE26DDD7BDC111346607C78AEF027CA76
S219EE4960AA93DCA918817F811731A35D3AD7B3EE3BE3862FE443
S219EE49750F60C26BC9A9CD417C2507EC8A94BF1B1120693E4377
S219EE498A11DFE2C3469C395ECEF193B2BA97CE0A2BA3D2D65D17
S219EE499F248F5AE5981A1B73E5057ABB1856BD6E70C892771ACB
S219EE49B4945C6C969547C3D69BCAFD80244F32521473914D9BBB
S219EE49C9B814BA5F1D33C55D1E15B4B0951AE6A4BFE6CF2E0914
S219EE49DE121B0FE0B356D89BC2E0BE5717B73A2203D76BEDFF27
S219EE49F35A2935C305EEC273CA712EC82D4F3ED8434AD2BE5ADF
S219EE4A08DE349EA3394C255F420A5DD1CB1F4D8C97396FD92CC9
S219EE4A1DB6C15C6224315D3F7079BE44E1319BF3F18EDDA67C62
S219EE4A32537B3AFD29C2E773FCCEDBDC267C382847C6ACD478AA
S219EE4A4706F5AB7A24A6DCA792D7460D0F7A5A39C7FE4F229458
S219EE4A5CA2821829F3342AA969558CA8E7EEAA4F7A9A5EB055BC
S219EE4A7165B6B1551DC82CF7DCA58BAEEB9540145269C040EEDD
S219EE4A863FEAC0DBE9A7226209BE640B1C6A625815A44C9BCD6D
S219EE4A9B7D83BEAB4CA147CFC3982E23EEE782E9F32B7C46A833
S219EE4AB0995664637F9EF4BFD4A13F0802A9CB23C13D063E32AF
S219EE4AC5F73ECD882F315EAA64185466151BFBF7CBD55AC42BB6
S219EE4ADABF2DB195CBDED8D36D8A4150272BF0FFA26765ADB4B6
S219EE4AEFAADA9FDB74B73EEDAC68132DDC6856AD687D03A14DFA
S219EE4B04EF34993782FFB99BE2F9447D69D5518B6507570A431B
S219EE4B1929A155A13EFE7AAE1A662E864ED07C68A81A2207A8A7
S219EE4B2E399C7CEB4C199D5617A93784D2252BBA8BE0820DC7D3
S219EE4B43C2D39317684E1F5F84DAB9EC25D45F487F869E42BEB1
S219EE4B58DA0465647C2688541053BE1164D03B5AE1420BE2EA3B
S219EE4B6DD6DDA26E0E49414503B8002B253A2F2E6D6A63EFAA2B
S219EE4B820108A399E400D9B41E74B6120C0C35F709FE7E133807
S219EE4B97E33B44DA98D9343446B7F06CA5D3829EE352DC93FC70
S219EE4BAC0DDDBB49E4EDC354D48338D69DE5DFDECE07D039D9D0
S219EE4BC10F14840532F0B2759303AFAB0B853ED144C36CFB30CA
S219EE4BD6697EBA5DE8D625731441B7756878B897005623919D2C
S219EE4BEBB83111289E361ABB574C570C10C81259869E8EB93211
S219EE4C00EBFF358AA825E117C42DF7391B1BF39613BA6B78802E
S219EE4C15D2DA007094E6053D9352CB077F36F0CEE21CE2D3667C
S219EE4C2A825C67A25350C726E6D36FE940E98C69AFB93B3A02FD
S219EE4C3F2A371B83B42D95EA038E8096F6DC51C6F3424294E58E
S219EE4C54579A6753F9C29E4CF4330185D46BA5E063A4C4DCFDF3
S219EE4C697A5D65324CB663675E112396C6F87E58A3996C6C0D2C
S219EE4C7EFF1DDB010B56841275524B20A3E6053CD01B1C241404
S219EE4C932B9AD44DFA458C92385296FFF25203467DFF13B5EBFB
S219EE4CA81BA54D34B47CB72A783287917DF5F280483BDE8CF12E
S219EE4CBDD35FE42265E396D50C3556A2AB5B4E11519A71895130
S219EE4CD22D0A610D3D54968857E1D5C3983BD2AFD6ECD1F25F7E
S219EE4CE7647FE7669E7327105415BB77668BE56EAC7F3611CC30
S219EE4CFC6E216526244122EEAB37A7CDE02EC088CE690EBEB5BD
S219EE4D11665C4111CC4BD208CBA3A9FB07F7A47AC6C40E29683E
S219EE4D269A2C40C1092B6FC8D81B97CF6CB461C0A31361C74E8D
S219EE4D3BADA07339279C98CFDD9075A3928BFAA303DB2A156889
S219EE4D501C2007A98E18020596A753FD50D4CA4B9DC9C0CC0EFC
S219EE4D653EE1F06410381C91296A091C421C58A28335B8E29EDE
S219EE4D7ABE0CB2D125FF93ED6A49A156AEBE835CF1906F0293C6
S219EE4D8F416EDBED1587581BBE7D2D466128D1B4AEFA026C4D77
S219EE4DA4A0D4A22AC75FA67DE377A436C55015B2892A4BAC9F25
S219EE4DB931D74F5E83E48BC7ED7ABD114E2406562994DA8A312F
S219EE4DCE5B76099D98445F132CB12501526DDA1942A5EB5E60D3
S219EE4DE3C0E2CD00257FF5BDD5ED20198EDE9ABD68F7210EA512
S219EE4DF85FAA013EFC98B02256C113DC3CC51A9AD3F1BAAE829C
S219EE4E0DFF4AEFBECD8846A4C27640A83123298730F09F2B73E7
S219EE4E22FDD9F6F6DE88923DF6A16C6929A9470F622D83BA9A97
S219EE4E374939FCBF2B91D1E368011B87BEC8D3606B70FBDFE766
S219EE4E4CEDC986B5B9647B71683F5CFDC9C2B28F2ECA03E8E4D1
S219EE4E618EA2B38A1AE096278969DED9FACFAF768B59BE4D7827
S219EE4E7642624230589BA73661017741DC379C6B8BC3AC3F28B9
S219EE4E8BB15D8302AE7033C6B8D4C28012D6FFB0E0121ACF52E3
S219EE4EA0D93D5C08D2BF71C733BAE7A3E2973DC8E91A2C689D9E
S219EE4EB511FBE491CCD2BA6C44D59BEB62E60058AF7F23BC263E
S219EE4ECA9BE35744C4CE681AA4EA7606357840E0C2E779250293
S219EE4EDF310263203BD015A6134358B983682D20CF2C7B1F8E8D
S219EE4EF4FAE728AA76A2C4979D6AC15E24C7A7A2DF10AC7A1E03
S219EE4F09A6BD2DF88BFF6F38D5A11895F9934D5D1E650DE52FEA
S219EE4F1E91629E50752E6E71169EC96807307A1605B43A49B28E
S219EE4F337C983511E9A07E5D2D1D3163DC9ED24DFEAFD331D1BF
S219EE4F48335F4CA006CDD8F29B11E522E255844D763D330D5D3B
S219EE4F5DA52AD24720C0B17F48641A4D45F7A731C78ABE9D0081
S219EE4F7269D8C57FB38122394B447BC9308F4FDB6059F1ED369A
S219EE4F872CCECB9D5E56119F0952BE9EA044C24FA9F84AA921FB
S219EE4F9C2CDB1555C45546D4E0D2E22256AC3EA50190633AC6DA
S219EE4FB1765199C9B360C9B361A2289AD9FAE774C55A8F07F1A7
S219EE4FC6F2143269CC3C92C76EFEBEDD1C1C62ADDA853A9A3030
S219EE4FDB2DD072869EC668A9C484136A1CFF724CB092A2FE1EC6
S219EE4FF0588C3238F48534C4C019A4389F0CDA7A321E2067DC93
S219EE50059B7F0AB6431808B564C3DC4B0D75971EF6967A0D7D9C
S219EE501AA43C217AA3614822FF83D39B019144FDFC153CF7D0CE
S219EE502F43B7550D495E912DD287B59B1E54167BFEF79A3465E4
S219EE5044D928A012963ED2D1751AFCC8FA5ACE8C01454B439BCA
S219EE50599AF06061D14530FD7AEEAFD541CFCAC8FEBDE41EF97D
S219EE506E0FE5D21ECBD5798470507F321B46207CEF5D08B95DE1
S219EE50835D6C53D94972E7445DE543FF2E958608E1271E62E508
S219EE5098A97A283BDBD68E965AD088426166E11088606EEAB910
S219EE50AD474FCAF778C19CAC8ABC865FB70000789964AD5BA321
S219EE50C2A4BAD39B953A0E2FF89AB8CF62B1379BBC96231DDEA0
S219EE50D77968555405FE25A16AEB119A1412A5E1B6B47DE0CE3D
S219EE50EC05A9C248164BF80C2FFDD1EB36D38C28A69D26A421CC
S219EE5101376FC6715DD3C228F0323F3E18D04D60C38303F43A04
S219EE51167AF66FD8A53C5990F6C31A9F741E566F35E5A5537ABB
S219EE512BC0BF6F9826A98F8AC8BF861209EC0451D0FF91DA2E3D
S219EE5140CC9EE879F22A74CE7D8D2449C2BF785BDFDD9024EE15
S219EE5155088B8E7445E00EFA14F58F769E2FB45DCF9C1CCB8AC8
S219EE516A7129261611A4ACDF31A5FDE5ADA8C3601E1DE31BC2FC
S219EE517FF2008D14683808D40E5A059553AACD2468C419815F04
S219EE5194CFAD49DDEC85535BF6788FD3C631CB77E04382CEBC1A
S219EE51A9440AF4BBDF58B9DDC2C5EDA0EA66CF2A368F16914D1E
S219EE51BE792A180788D5A39D081BFB90C918FDEDEDC4D4184331
S219EE51D3F252C67C85BB88A7AC1D17847920B5A11F95FD97C57F
S219EE51E88EB2027F1AA804FAAA2FF7D8926AE950236606259716
S219EE51FD63F9FBDCA1EC8F79E7A278574BF658D395F9304FA071
S219EE5212084683D2558B8F7CEA01ADA66ED851A86087F30F049C
S219EE5227B0A0E631879BE126678F4CB59139C56DB525DA598D62
S219EE523CEA48043891F15EEFA2D911252720DCFCC8A9601578FF
S219EE5251BB2266D15E2331DDC74C281B2D0FAA982EC84EE23D7B
S219EE5266911DD18DE9AB0799D2128FE341D377E64E0445380862
S219EE527BC7E031625751D3867F5EF5109C8F0DB8FE20CEF588B5
S219EE529091C001F30FC70F9AF6DDB7634E2B5BD74C98885EE20E
S219EE52A5EB25C7F728510146073D4BD08C44A0E109BADA3E6D7B
S219EE52BA663241DC6D9602AAC700E87C13D4CB9515A77A9A1E28
S219EE52CF88D7906E0CD77E696C02E8975ED53EC72FA483AD3D4B
S219EE52E450C94AA08CC75A73CE80B0FCA2B02C92CAE418E99452
S219EE52F9225E6579CE081442682FB9F6BE206F7EA33BDC043D17
S219EE530E873548F1D038AE217EFC6D8EB33A0D9137513EC09EA7
S219EE53238154FE3FE04F760564CE0895E4E0F7398701958E86D2
S219EE5338016442FABA8E1B27D44BFD87D054F4EBAB8B310F1B0B
S219EE534D02C6E30A8B6C4748A054A067621BB979B4AAF5912669
S219EE53622099E2B10CAD4E78B378BB8D236BEC271962111A9826
S219EE537775FE6E0B13BF5B4141F3AC4AD691CF4B149080244A97
S219EE538C5A8417652470DB8560F35ED7E58DD1255304209CAF19
S219EE53A114E7FBD9BE43B8F631A74931550D9A3DF8A67E8AE372
S219EE53B68F188BCC2A72A660F464C80A9CD8394AFAD5A9C5E50C
S219EE53CB9C64BB7A7BF57E662A5CB6AD84669C6DE3EE454E40D1
S219EE53E08BA9142B2459981CD8ED51647D63DA38798FEA4E5D18
S219EE53F584B30FCB43161B36E947C17236B79C257D75C51EA36C
S219EE540ACDF2196247631E7DB54F1997FB28C16961EED78C8EDA
S219EE541FF0787F2467092128F1DAA8D7DD80D4275922DA10D7E3
S219EE5434CF008D6A2BE44A8374C737B2686E7791972B34E35D96
S219EE5449996AFCC6A6142105731A21B1ADA394ED4C94E655B2B9
S219EE545EAA541E1872C3056CDDEE93BFE54EB0FA15EFC9B8F2FB
S219EE54730504195D67C631E4A0C58F985CDCD01084245ED6B040
S219EE548807C03E44FB7398A834889747CE2CC7C09D21D03A59E9
S219EE549DDCC1228CACC9BFB7D6E09EF8812E68488DC5BC805444
S219EE54B28866A244D321DA7843F12D297319CACED6599E625F9C
S219EE54C705599907297C7BCB1AABEE9EB46A595A647E39CE9653
S219EE54DC53964B153A14924C974536251D3FB98B468E7BA991F3
S219EE54F14B9088A2879E20E2D1766FEB916715454E422BC10018
S219EE550696F14B655E71670A7B3052B4E63787715E1759673EED
S219EE551BBE69DE9657C245620905052E9769FB7FFA899B993388
S219EE55302B36C199B29C89F96F22649CD509DF06817A092FD28F
S219EE55452802173EDC04AD890850E863C0B11DA86070D9826E57
S219EE555A48FFB6494A7BEF52D75BAF056087E82792D23FB83591
S219EE556F2158F1AE889034D1152AD61B524A3E8920C3935F8A0D
S219EE5584CB77F07EBA2B966387EDA66496B5F8ABDDBAFDE06A47
S219EE55998171ACFCE20A72C016124D97E4EF4DCFAD470A458A8A
S219EE55AE4E4D5B4E5CB9E2CC5CE4257E1FCF752FB5EBFEF75292
S219EE55C3F4585B6A4917EE7752C3A4102EE5BF0F174328571275
S219EE55D80F37CFEB96CCD2EA42315EE709F7DA3B2BA2C6835D6D
S219EE55EDFA9C1FD5801D29147818EE5353D84B43AF2B9490C307
S219EE5602F59C77E1F8A68D3923E705FACEDFEF37FC8F3BDD0ACA
S219EE56178FF05F505386B82C0D0B8DD5A923D13C746625AD5150
S219EE562C8AEB21333F2A2EA3B7D3AA90676BF5A7D588005FBACB
S219EE564115035889CC0F1304D0452A40F7CEE8BED7159E1712D9
S219EE565606902942792CC285DBBD28A6ECB963CC1D288316E364
S219EE566BB356CDF8C2066E79D9A776EF0C410E1521B1EDCCCE0C
S219EE568092088FB8C2A076D28B4F00602230D6998A7E3CE6FF73
S219EE56953F5EBD747D3D358C9FE94C0451A0DF4524E8FE1F0AA4
S219EE56AA3329B90557E1AC775E7418EEDE6FF0B22C48FDDA93DE
S219EE56BFDC8A7507B94BF0FAB353A40EDEC9D2B7CA2D0AFA44EC
S219EE56D47D8EA801215E710A7A1729C3A450EC7EBE1E5F19D120
S219EE56E90A6E07D53AC1A9CD284D060872EAB5E90A72E7635958
S219EE56FE30885B4A74F58BEA1279A872F46C7483083C8D475DF8
S219EE5713498AB3568BEBC453C8D2B8ED52838B50BB4759C076A5
S219EE5728C6639CA72E5A4649E9B97E43B4D256E5215040F0230E
S219EE573DFB9065AFA262C2100AFFF1AC4E62620A0DBC92007C56
S219EE5752055EC031F37C0A452124F7A7F07B71752FD6B75EB13E
S219EE57674713D02347FEA77A127907B44E51323B72C31A9DE960
S219EE577CC85AA12700FC8C238198D4C04F6EDCBF5051E8659EFF
S219EE57915138F21813043E9CE99A2AECECEEE9CF08750B5ED6A5
S219EE57A6AA3A2F1C1D17CE9B389F57421235A332099BB68DFEBE
S219EE57BB6EF42326B0FF140A003723E1A821399A505B5E2DDC85
S219EE57D064DEA0707C56C1BB5A45E50BC9A80A05D9C6765FA40A
S219EE57E593330E9519AB3FB772E631C1B65E6AFCDA13857CB433
S219EE57FAE7250AB2670E5935123C15DEE5F5C1646B970BB9D9FD
S219EE580F4B558BC08E19C09C549B1FF6B9317E2BC006FB3B67A9
S219EE5824B39A4FF51766B0D57B25B829574709ECB5FDC972F8F0
S219EE5839521140898940AC4EA4946415659B2B63D21065D4110D
S219EE584E1446E3CECA1443B2015E1830D33A4D11279BB1EFB14F
S219EE58636DB83F15F21051E413583211512EE6E9BB7B6F56088E
S219EE58783851B519C25AE5C8B39DB32A41196C11FFB20D1AF636
S219EE588D58179AF3EFE0188A5EA348135F6724599958B9D67710
S219EE58A2F1D88889EBC808F87A0E7A18478ABFBF9C77BBC85919
S219EE58B70CA16C25529243F75044E19D77AB5D6C8734F4781752
S219EE58CCB874435E4CCFEBDEE7C8FBCC56B8659EAA06B65AAF2D
S219EE58E12214BD4C4BBE354CF513A09B506B2DB158477CFBA55F
S219EE58F6CA0FE63ACB31B35D9BF8398CB2F323E9C3CF128DF07B
S219EE590B2C95C584221644C0F67320B69D0A90F6B6D46B3DD8D8
S219EE59203BFD805B3986202F3BEC667E1457CB5157C48BC4441E
S219EE5935932E8E0876B4B1CD3C5AC70579E5E3725AF34B0700B7
S219EE594A9F63D9FB8D25B0FC2D474EECE1632F7CBD0344363F0B
S219EE595FE6FF050885D1CC13A18E693C08C90698414A0082D5F4
S219EE5974B615F5C72D2AEB6DA4DD0E386E61EEAFDA968B4B80FC
S219EE59899AB93E890EE2A81EC8967E79EB0190129E85F31744F2
S219EE599E7C95DED6FDD2250D49CD60BC30262EEEE3403A9D237A
S219EE59B3ED2F43A06E5E4A9C43293A10CE9E8179258E5149AD25
S219EE59C8833FF27D81D8815AAAE5F3D9BA8CCD5EE8BFC4C89AD9
S219EE59DD27B9205B339E77FA3CF85D4C1E7F4EBDE2240BB04C93
S219EE59F2256EDB496BC3C6EB1EFA20AF5A679A9BE20C2D30737C
S219EE5A079CD13B47B2637A27D2BED0DDEAD0FFC0982346ACEFA0
S219EE5A1C5B7E0EE8FA0169BDA30B18816C424F316F2D18FE7BF0
S219EE5A312B87BBC97AC19D356393451DD1BA3565031205B1964C
S219EE5A4627A76039248CA81D0B37C4EF4FBB20772B08E4F3A636
S219EE5A5BCC356CB19DD3B8F7A7783C74738F853707DA32BFF9AE
S219EE5A70A6B0D335D91D0A660BD6C89D95C8EF590F8101B8BB7B
S219EE5A8556F1797CD3334CFCF12A520F3EC287537D2CAD85CB93
S219EE5A9ADA948CF7BD5495EE17A9EDB4A615779086A5A2C2FCD1
S219EE5AAF1FD43435DFF919B43126CDD2705410E984BC5532E391
S219EE5AC46A526FB8E2A4996254E7464A40D2D13464F90C7C5F50
S219EE5AD935712B09D30B9DB3A2A61CD3C0189B5A686C69CF9716
S219EE5AEEB3505C7FF56BF06EF34DA52FBC2A5544EA92720A1673
S219EE5B030E127FB7D947F9B272A60EEF517B5CFC879E08EDB670
S219EE5B18D81DBD84183D6E6702D5873577415AA780093D9BE692
S219EE5B2DBB9D3AB58FCB757609BA1D79755EC4B002E4BD6042FF
S219EE5B42A9A0EE8494BE464B05CCEBBD408D77B3114EAFC09EE1
S219EE5B57E70DA073603E351C9B416389ED7719DD37AF8870EC64
S219EE5B6C5C2D318FE8C630B574B4E2FB0CC33E04A3FB45673CB9
S219EE5B81D9D3AB981211224B390D005D074443196D3746BB1995
S219EE5B968D37054B840C4126317855DE919C71076AA1CD1FC3C1
S219EE5BAB198CC2545243D257C4812BFB4958B3EDA63BBFA32763
S219EE5BC03555A85205E91DD8E83BB88A215F5373F1B794C017B8
S219EE5BD54303850CA798F1F1DED2247A49ABF0847D3C22A29508
S219EE5BEA6814FC7D5A7CC2CE67B1B8A09161A92BEC8176B52565
S219EE5BFFF682DA8448F8DE1C0A9EDFF4DDEBFC65955958FAEFBB
S219EE5C143E52C7BB1271068A085CE907FB7A21860207CF00B764
S219EE5C293DD7BF34619E649C937669B504EC162B5C43B6F86860
S219EE5C3ECFEF7AC9ABE99032FEE2D994A9BA6077CB4C14B2EBB8
S219EE5C531F1CE319AC5346BA975B9D76B44F26F0D8148D5AE141
S219EE5C6865FFFEBBBCC78884B55A25B1386F05CB52AFD2F0D396
S219EE5C7D81561B096F74C2AD467FDF961F7A9158948916BE3DE8
S219EE5C9243F832F5B159BFAACDA2F212C7341C70723D5407B37E
S219EE5CA78587DDEBE64BF5FB103FFA298B286B8ED0AE194F54A8
S219EE5CBC509F062A18780E238EB866F5807FD563D786AEDBA69C
S219EE5CD172B516C5E0F899FEBDC48B01459B078D0ACE49142C78
S219EE5CE6A3162CCD383DC1266A841D586EB767006B65FAA32C20
S219EE5CFBDBFBD7A672D5C268DB75DEEF26FB3A4A30AE69AD1116
S219EE5D1049334FE0DF556B5216C317DD4F179B309BEA5653457E
S219EE5D256A7A74682A5429404E59CE4A7331FF8CED610351EC53
S219EE5D3AC27DFA1DF52D088B6AECA602F22B1DDA5AEC0D554F4D
S219EE5D4FF477FB6404ED117C2418241ADB5D638FFA7CF627DBF2
S219EE5D64E92681B7D0DC48A8A50A45DD69044E83794CE6378BD8
S219EE5D799F37AB1EFF59E5A30F265752B4058E7AA6D4429710A1
S219EE5D8ED446ED465E78E1F64F76F81C199994E7DA1DC546D437
S219EE5DA3B2790CC21AA5F1F063D12FE50A9AC338ED2ECD2489E3
S219EE5DB82035BE3E4BCB42E0533E8354EF7007116F8CBD599BCF
S219EE5DCD189D40E3D3A03C0E5468D4211A6D93B001206E51AA34
S219EE5DE2D89ABAE94E2D8D7A28F25E05E00AF3A06618FB691E28
S219EE5DF7D08F68768890FE4F61B6046F7CBD90ECABB4D38256B9
S219EE5E0C7A1E6B6DD203A267F4C289B0B059395F1F3917A6C5D6
S219EE5E21C64D77031AF6923B32BEB8F28EE0F58AEB66F325A976
S219EE5E36697B8E761A6ACD0F8292DB72E26CEA133F3037A2BA6E
S219EE5E4BA1888DAF721CF5AC6D8F1863FF8D1D5CB6B46DAA03BB
S219EE5E6008335D40AF9C96A56A995357A710E96019902ED25531
S219EE5E75C6A76D6ECFA17EA6D00206D48FA7F41995CFF577CBBF
S219EE5E8A3AEE6FA800C214699171FB02F14158A0601D8CBBE4C1
S219EE5E9F4CFC442A59A6BC3AE4F6F162C35D42745394C4A36996
S219EE5EB496B7B57C468B7E5EFFA65E7C25A0152E3B804E0F21FB
S219EE5EC91C0014496EBE21AD237F2F21F95F191184434CC731DF
S219EE5EDEDFCEE1B61B35DAD08C9E033D79CD15290E01E5AE9D51
S219EE5EF3E60B85B043E073BCC90FEBCC34646DE5158937EEFDF6
S219EE5F087E12BC9F33FD80F323934B3878ABBCE4FF76FF04523D
S219EE5F1D6E83FA11C31193EBA84F9FBC73A00B82C283D0FF4ADE
S219EE5F326E382DFFCB95C60EF5FE79CD1A994F857A1D410CB10C
S219EE5F4773F1882459FE0D0D9806386B395851235BCA1565AB41
S219EE5F5CB331CD4A440905E38EB404E1471A8EB618C84550A428
S219EE5F716590DC4AD9E7E95322CFA7C13CCB8AB3BB303A0A64E1
S219EE5F86F1163976B7ED05F87818E389FA14101585BAB770EE39
S219EE5F9BC89CD316F9DD8A6046542756BA17BCF5C5E2F00DFEB6
S219EE5FB0CFBEFBE08B07DDC17C531A190213759E8788B180E007
S219EE5FC552F126DC47F1A3BDA6C6E6C05C6268D5D8DF4359B2E5
S219EE5FDA2A7542C2B56C6021A5F7630A14E6BB0CF50B48FD9BD0
S219EE5FEFA26D3D38A85D99E73C792FD8D3B02B842C5BDB0994B4
S219EE60042CD47D9135341E2A4D2513931DA9581DADCC062B9C3C
S219EE60197C6C46D731ECE71D5384238E34139354BB64C38FC66C
S219EE602EA505BB4D6FAB24C97648732C2D4AC521390B1BE84F61
S219EE6043E0C08D75FB9006B63374B746DC47A3FDAC2673416C13
S219EE6058BBDAB2537B96EF43B11D29A40E4AA65443688EA65740
S219EE606D3898A5F45B8590B12175A50E94C4ED13C5D9679DEA74
S219EE6082FAA8AFEF6B6994438767B1CBDFB2972D47617FE02441
S219EE6097651A72437F32D11671054D8CBFC03D12CE8E6540A374
S219EE60ACE587595FE77012F091816654816D958A83416BF20F66
S219EE60C186F173A37276D859639DF6DF9CBA9B1608196B533B3B
S219EE60D678449EF4B1552CAF4E4C96B8745FDD37FF9CAD2680D6
S219EE60EB8F6BC943CE015A482E3A06550A559EBF51BDFAE28D40
S219EE610093C90C2BC6A368B6653FBA7AF4A814140D126DEF90D6
S219EE6115F591AF4916DFCAC38277457F57DA55322F227C4E17DB
S219EE612A5DC915256AD68C34BC202199CC542F89FE999C5ECA44
S219EE613F5018ACFF8C0DD23C149D25F43B77811D6BFDF549726C
S219EE61545EEAAAA833367EF185AB7A541E2D36F3C823BB56362D
S219EE61696D25759058A07911FB15E62D494C2FEF772DCD545E1C
S219EE617EF35BDE7BC01D6801D07DB67510BD6EA103368590800A
S219EE61931022EDB078D19034E0D3D46857BB61283EBBE4366625
S219EE61A84FEBFEA02869D71A3D185E2805960A4401A0D5F1F575
S219EE61BDD7D4DFFBE25B11EE16BAE9BB058F699F3F79F8EA016E
S219EE61D2DB7A4555ADAD92EC2CF8A6F5DAB79D848CDB2832329A
S219EE61E7BE938542055445E701C800A0871BEC07DACDC478FD35
S219EE61FC58F85F405DDD234542004D11F6117297A8168274881E
S219EE62117409D4C48A8A25809D0C5AFC41E50C0284744794268B
S219EE6226A21FA8F5BFE608DB8D2716D10DAEAB14AF6299D4B93E
S219EE623B111F95D8B6B9CFBE6B64547DC5DFC83CD875A4E40E97
S219EE62509A2AB97CF1A22D100BF936AC906EF7190F88F8DC27F7
S219EE626595D7A30B8E4AE0030D7A7C736D404956A3E6AC2AFC3F
S219EE627AD72BCD53E907671CA4A06CB2A80A0C5AC0C12C788A5E
S219EE628F35FF3F1B5E05D99B2195CBD354581D4913ECA13A67FB
S219EE62A4486334F4CC7411709422F805F96F99E24B2E0EC87405
S219EE62B9F1BF0AC93626F5393A12BBCCB99D3C7D57E09C4723B1
S219EE62CEDBEBE8A6C499BC2410856ADD273FAC20339300FF9ACA
S219EE62E334E5B4F9A2427EBB5D9E08AF55B72D3BB5DDD331BE56
S219EE62F8B2D38E69D01AA69472C432535ADC1D337D91FDDD8451
S219EE630D8D8B0A0769AAF2FE9DC16A159034AC3AB49C29C83262
S219EE63226A3E426757061010335FA2B4DF4687125F1F0024C09D
S219EE633700DA68CF5D2A7122067E6D1F30014CA4820967186F89
S219EE634CC7B5398148652C6B4FDE0BE925C591781BDA1A87E540
S219EE63613BF948C13D5CD02821772758C329177824A969542426
S219EE637637198A60F0589FA55F068D289649290AC477169A241E
S219EE638B16E5E82499894FDD3021C66B6A2E4DDA528590C3BC8E
S219EE63A0E29A5AF2242296B1BF65CFB176F64D91B84AD48AD57D
S219EE63B53DF57273A718A08D5159F8371CD64513B1C0555DA6F1
S219EE63CAF2BDB5B9EE206A16E166A9EE9BF8C7AEBF6626DB2DE7
S219EE63DFE2A9E924DD22E86A1B4C6B7852266939657C8A4EBFF1
S219EE63F4E2A9C689220C9D05966F90EBB9B9F201492C05F8049C
S219EE6409C19AE08B855EC5F88ADCE83A0E613555F1606FD46EA2
S219EE641ED85378370AD8BA0E31967BFC7F840CC4FD3017BC26BB
S219EE6433088B891A96E4359388BDC30B2CBB2219B7D2D5C68F01
S219EE644874E1DFAE0AF24A1E4C75D0E5170F1969C716530D1992
S219EE645DF24BF08DDD290DA93C65DA22D77D5B36CBF3D0CD3CA8
S219EE6472529EBC8D22DE0FE9742BAB916B2BEBDA092F84E032ED
S219EE6487113260A86DAE7660D50C3E0F5FD2FFFCCEE35E885987
S219EE649CF8264D730157D91237A436568C057E4B9310DCD07F48
S219EE64B17B7EA88997E434D9AEE21483014B12FA331856D9290F
S219EE64C664BD46D4FF51B9282D2C0DFDB8A79A041C593317A49F
S219EE64DB1B8932E19625CF8997BFB3F3A7EB8C98CDE5F688C944
S219EE64F0978A423B46608510445DBFFC083949D71F8733EFD175
S219EE650567968B6D92DBA86EC6D834C2750FF6F0E2184029FABB
S219EE651A8C1AC261623F199DAAF9F4C75FC9A847DFD0C6D21F7E
S219EE652F9ABAF657A082B6CD6B2FE22BB730806AD88D5262404D
S219EE654415169E28B5352A97B66E2C0081528202AA71FACAA786
S219EE6559B51EE35BA2D30F3D24EE0104D24F53059C69DCC6C56C
S219EE656E34EBE4379529FEBFC8520308A681619859269991235F
S219EE658380D976AA4E36F1F8CC524DAA2A56A08BBDDB9E8B7138
S219EE6598352FCCF145582B4ACC8DC748D710A1FBBF57662FEB47
S219EE65ADD6ED9F82C976C7AF3637D9CE83EA9C7FAE1FE76EDBB4
S219EE65C2E2C6B3C9DED66EB8769DA43D48C3318D5CBAD7BEB5B6
S219EE65D75CBC1197BE528F16EFC0F1B807A3CC9705D3AB1CC87B
S219EE65ECBD759A402BA5D5AD3E5171634C4446FB3141FBF6CFE3
S219EE66011EC30C0BD6735F4E7081C9E6D58EC70A985C96B8C1CC
S219EE6616D7E8D97F4D814EF9742622102416E3DA19779FF3E883
S219EE662B9E8B62A7FD308E4D818C754A96D745D8B5D75D19A82D
S219EE66409D27C37FE2E87A24334BBFAA60BCF3B3CA17561BDC0D
S219EE6655E5BCE2537E19749E6A2027AABF1C2CFB110A19A1315B
S219EE666AAF93A89A4CFF9FBE6300BDBBF04E0738D61F99E481B1
S219EE667FF18F7839B236C47EB10E80D0AC7DF0D73FCEFDC7A642
S219EE6694C1363B571A003C5A7FF1253675F3AB460030A9F3E0F5
S219EE66A90940000AAC9A4E03F99FAA747548795D5D406E871A0A
S219EE66BE7007C35F6D97777205DAC6CED86D9FD83A2AC20D27C5
S219EE66D3B84CE87F5216F0308FD2920114B4405F0748CB3929F5
S219EE66E8D6BD1D475EF76BA020F4ABB8ECC277EB0BD9514C103B
S219EE66FD7BF496203412F9CAA5C2D4AA488BAB5E8EDF5869A8D0
S219EE671248E77AA758FB5611D9647624175C236634C84B90D2F9
S219EE6727327822115BC257AE5B713FDAF18FFA93622D65A1B133
S219EE673C6B3BBEAB1DB92CC43F4903F15D6346C0F57E944BDF0D
S219EE6751C2ADEDC7950EC18B77126D9678D70010394877E14E1C
S219EE6766CA4E3203815470202E2C2EB13EE76F1657BE63080412
S219EE677BEDEAF029225E118801CE52214F3DF8D216E11FE75A1E
S219EE67908FCEFE91263E53FD96ABE915F89551B6522722C476B9
S219EE67A59C9266C694327ADEDC377B0C689F491F575EB5AA9ABD
S219EE67BA2298710EB0BB34986832019C36FB9170E28591C0F74F
S219EE67CF9316AF18F4398DE1FFC47475484B65880972738EEA25
S219EE67E4DFA046885A88252C65438FF273CA989D52A091A9E185
S219EE67F901519D2A0F60D83F65A16F854C51C341E4C135EF494C
S219EE680E3A110159BF51E562F59EF941199657B95AE65A10E26E
S219EE6823D036DF8FD54EAB64D6D56A0972747D3DC44B4455530E
S219EE68387B218269880FACF58EDE7FADB0EE57FAFD22C351657A
S219EE684D480838E33017018B02C1B3CC2AF291259DAC2E95489D
S219EE68626802613F1CDBA78A6EA547B34682864262E192543402
S219EE68774F28A16820A3025492477E98594B831880FF4A33AEA8
S219EE688C6C50FCA9218D82601F9464CBE3F52D4DE7B211962C73
S219EE68A1B10E0199BD2B0403979F083C12295700BEFDC5590BB7
S219EE68B63BBFAC822452B0BBAC325E99539DECAA3DD1F15233F2
S219EE68CB70F08F7395A8106C5C43107F4F46BC40E62D73AD8137
S219EE68E02A99132A1C980A27E6EAC3B28587BDAC1769AC0B9B3F
S219EE68F524FB3EAF69C3E779430C6E0BF32B01CD23EC97B647AC
S219EE690A635A38571473FD51DCD28824EDB87F8BDC36A34D92C7
S219EE691F0AA17492E68B508ECE53D3F3286233A5EC4AD2516767
S219EE6934A8244157E4426256EBD19AC450D8F20AE2308E240314
S219EE69490D5C45782950B558C28045CBC78D4BC47644C27A3AB5
S219EE695EC8F76CD398AE3911568006F51B6C5A9BD30827DAD4A6
S219EE697335250DC43F2E86D0D09B2CBAF2BB612C79C20A9DFBC6
S219EE69883DC652C504D1032B0BED519FE2A48617156535C03937
S219EE699DFD5BCF0F7D35A4016FE083B75A449E42308925067802
S219EE69B21A644FA7DC4C2635A43E012C507F8FF41A0AD7677CA7
S219EE69C71FB540C81DDF283A99B65C86C092A0D64E197CDF02D1
S219EE69DC5BCDBA4973A2B33189DD5A191AB351E3352D7F865CF2
S219EE69F156598BD8029EA3842CD604652137BE8DB4FDF37EB3E2
S219EE6A06D015D12C8FA5C598514C83C8E0F08C555D6B2C57CD64
S219EE6A1B0DBA007FC78F7743B4228F8C4F23B5177CCEC3D4DE2F
S219EE6A305FE9236E145786AA52FF519DF70DB1A1E48D4592CD40
S219EE6A4541911E9FBE64355412555B5493C3D2AA947B07F97B9D
S219EE6A5A49E45E6E980A3C04CD5BF6FA562D59F574B3D1388EB2
S219EE6A6FF86B081C22AC663C8AB2D4ACED3D4E760A3DA45C63D4
S219EE6A84C0015FCD030E378D23202885CB6EB8CF417A01922525
S219EE6A996DAF874411FA918911C44B0FC80D245E9A653CE1A3A4
S219EE6AAE00A1A2BF66E1FC42913B4000B78985EA55C8A8845302
S219EE6AC3A44D05E5498A87320D1D85A2ABAB18C306C89DB89827
S219EE6AD8730E5DCAE26C4ED61E3280FFF900B02FFA449303A978
S219EE6AED985DC6411A262E0AA697C1FD78E211FDB3531F10464F
S219EE6B02EE25FA6BEBCEFA77ED357111CF034BCEED42AA163833
S219EE6B17D82CA758AE5CE2A11C5E0A65BC83AEE09795418B0B2D
S219EE6B2CF92962FBA76466C81D8559CBDCBFB73CB4129C59BBDF
S219EE6B41A79CCB588F9E0E4DEE1E1901539115AF0734FE20A98E
S219EE6B564D92DBA69A120D62B1528A4A9D343E47439C92986A1C
S219EE6B6B8B26C6C34979F67677BC55BD767B36C025EA09085B13
S219EE6B80EEE613EA622FBDBC4CC51D3151F8A4DA7AE554FED388
S219EE6B953C9CBE4FAF730BFED81A75D4CC598C1F523D10349A70
S219EE6BAA533DB3C9187E9DBD9F94A3A68AFEC7768A122CFA895B
S219EE6BBFE048208CF34594C1E248AA577D7CB42DF199F189DD87
S219EE6BD44E20F44314591E1EA55449D10645BCF7B203027C2007
S219EE6BE9132E2060B71738F39635525F60062DC9C8EC36B6482A
S219EE6BFE6D739837AE878E9B76043035145E388E2EE4A24E2049
S219EE6C13A03977F83E54B26C234FDC9016BCD98B559758010721
S219EE6C28BCB16C9347750FEF6AEA520E42C6A196604291F0EE3A
S219EE6C3D2F1195520D5EE7A43D026F8155E639EC480B39EE2AFF
S219EE6C5208F822A3B1427956C4007E3FBE7DC43C78F62BA1C4F9
S219EE6C67E17F4CB8FD0BF5AE8F8CF45057E139F6B67ABECE167E
S219EE6C7C8ECEBAFB8F4EA878F97252DFF89BBFADBA15B0A1D473
S219EE6C91D8CE975410746AE79F9537DDE799B448926FA7E874CD
S219EE6CA6071D1EAA3113123BC8633BA1933D715BB2EA98914FB2
S219EE6CBB513FF53088A299C2008B93BF63F930ADD208C288332A
S219EE6CD07C399DA2FCBFD99C7F1738DCA6E2277EEE6A179A9820
S219EE6CE5277A7BEAB2F09B6527E2E8827D14D793A57235CDA4D4
S219EE6CFA3A85E8904E2F2599B328ED6325EF943E5191AED2D3DA
S219EE6D0F74E81B9E22AEFFF12E5B6FF76B995A65F2BEDA8C04DB
S219EE6D246D7DF42B5E21B48F6B000AF28B3D5731F2E487A4489C
S219EE6D397E64EA94A602A70FE420B973DEA02A05D71A588F409F
S219EE6D4E7AF33DAEFBF2DDC7B76C69A6D74811B6330BA940FB1A
S219EE6D630E1B0C7C04BD20141FFEE8ADBE6480ABD1042F1CEE75
S219EE6D78907F7BC45A78AAA49AD0806C9FAA7CE7232977A2340A
S219EE6D8D9397D361B5C6DAC5DA403CE875EF02B46191DE3926FF
S219EE6DA259D6E1577D82783DD0C0119AB51CBC64974BDCB4111F
S219EE6DB7BEB0B7A392B535A9EABF2EF08612CC3680EDF4BB0961
S219EE6DCC9F09D00DE173778ED3BAD4CD6AEEE64F19B765E4A865
S219EE6DE1073A39D92E4F455B270272A8A383AD88C96FC38BE630
S219EE6DF63EC1AF8C6EB8924043C3B3D5DC9F0186E2AE59AC78C6
S219EE6E0BE99F11F746DE9982789DBB6257850AD8FBE7E157F6B0
S219EE6E202E39A03459E7A9208BFEFCE42CD6591BA8C8E5BC5CDA
S219EE6E3508D15DEA5AE8704991622FD5A2B8107B9141BB2ECDD6
S219EE6E4A1CCE024A01F875E98871222EEB106137F9522D7ADD08
S219EE6E5FB537E2C8DC708EFFDC79E2F83509F51471741296B504
S219EE6E74FD2F3DCA738D268481F2BE90CA726DE609BE7D7E61C6
S219EE6E897E6AE087BD906275154D6B3021FDA696C8D1754840A1
S219EE6E9E11935169DF00A44D926BF439BEE8F76FE4B2301ED8CC
S219EE6EB3634839E2F690D60F2AAC955BCD9F886E3EA3FC95DC30
S219EE6EC85031EE83FF445994AFEA0875C0078A3BBE950B3FE879
S219EE6EDD9EC0DFB3D56A1BE0C7213A064A0B2DB669239CB0C685
S219EE6EF282F02132BAC029ECDC339921CA370887CC13C8A9FD9E
S219EE6F071302E5B3C6518D624CE6496B1A47EE93F25E93C1560D
S219EE6F1C4AE82201F01F92C467A4AD8C927A4C187CA17CAECAEE
S219EE6F317997A303EE4C20FAB0FC5BCA92B881C1D63E54BA9C33
S219EE6F46FF7CD145B81BA052835C77C2421729D83A132EAA5600
S219EE6F5B614E12DE8D16F76653105B6801DB863FECA3F3CB4A31
S219EE6F70F794A964200C5039D8A2523E00F0C3F1FC3FF36ECAB8
S219EE6F854AC40A9004EDBF4EF84EE51D11C00E7D2E6D1E1021D0
S219EE6F9A3C9DB26D95B231B0E70C3CF9B1D08DF242F07CDB1FFF
S219EE6FAF1AEE1E87003BF1D58908042AC825167B9CA128D84D65
S219EE6FC4FA395BF1108CE1FF3C6BAC55B5FC06C69F2CBA5A4581
S219EE6FD927F5B4E2823F8E2C3A5974D998404919D32A34737451
S219EE6FEEE5BAA482A62F5F172BEBB4A3BA2D33F6F60BC427DC46
S219EE70032A1150829A8337F1AE538CF849F5CE4BB7CB4D19CDA2
S219EE70180B21A078CD5A1BD87809D2FFF732FC177C622CB22E9A
S219EE702DBD00B33CCB49B3FFB64C2C32297D27B52021818B9228
S219EE7042EC0A3D61181DB6F899BF645478A46C453D37CFCE6C75
S219EE7057AF92C23A459321E0DA709924302FA507B18F1063A9AD
S219EE706C61E46A09F433755D27A78187671DC2FA1863BF695161
S219EE7081115C22901B31A38B0B84B8CE8242333DD563A7F5BA97
S219EE709613F07BA106F9903A286E19B0587F3731EAFD0AA0AE2D
S219EE70AB6B810C25BA7C8DF5B77DA75A028586B6C31472CD52A8
S219EE70C0221EA746003F8ABD9A1EB19F660D26552963FFF0277D
S219EE70D57620C79AEA15D813A31EE2606D05D675DF3AC130A662
S219EE70EA20E502E639705FED041BA2CBD487EBE83B1B4BE82554
S219EE70FF08EC12FCB05381BF07592F3FC3C9502168C63FDAD260
S219EE711456349228F3F87298B70CE4A6A291733E85D7FD68A1A7
S219EE7129C483600C0B3A731122E870B172EF1E966B525AAA7869
S219EE713E6810323EDD4711F999FAAACC6EA936FF325F0FB49EEC
S219EE7153E9B6D974DC990B6CD85363D9579F33BA7283ECD0431E
S219EE7168AB869228C36768FB66EED736288F99E8217FB1987DA8
S219EE717DFEB2AF6F1E4BB9E651DAC82A40125AC9B504115F86F3
S219EE71928F18565F75027866B6CB62EC7FCDBDCFE36C7D0E10B3
S219EE71A774AC08F4F0DFF4B5570CD67884153D72B55E91FF9719
S219EE71BC7BA53877386A72A730418737BF9CADE0DB99298B36CC
S219EE71D1A515AC06D599E1A593493782BBE5456AA4EF121B4D65
S219EE71E659DF6C1602D723D7757209A43811516207D136587DA1
S219EE71FBF651971A147F3B4E4FB2F83D8EC5908F03F295FA1438
S219EE7210CBC554D3057FD8D30337C0EB90E9E23EDBB49AEE6893
S219EE722502F8EE6FA743248A43AD039C70F46C587D7BF566F474
S219EE723A2DD6D4C16AF54D1C24D12410A7BDBF3042FF8FAE559D
S219EE724F0B8F9B0479B44DEE8305AFC4DD2C200561E14562F292
S219EE726463366634FC0BFADC04741FB6324324647D26D9218F9C
S219EE727955BE4F30C3EBC02A2590DB895C193A04F7DB4E44F8BB
S219EE728E635E6ADE9A7A36522C715429F224247C3DF83F2341AB
S219EE72A30F2B6BBA03E80555F9C78F5E753B0D6CB8B34AC641AD
S219EE72B8E73E89D2DC932915AADC0EC44451DEEDB2296F6357E5
S219EE72CDFD249D42FB7DB9AF73D65CBE46659C0B7BCEA7B1374C
S219EE72E22278C83F04FDA84D1D8935BF23B1B212902A082FDA10
S219EE72F765A7C1B187FB32182B66993923EBEAE845817402BF07
S219EE730C70A4353AA6DE1A51C35E2EBDC47C5237BA6620A271DF
S219EE73213F9E06F8B35973209FB3F5B69C4586288A0CE4F24DA5
S219EE7336D69750E4C92A38ADAB4D9557F0CB1BB0315BE1094BAB
S219EE734B9715A26F77012EAFCCEF76364CE971476C7A4A915AB9
S219EE7360B9995E92DAA6C6CBB7405837068A76DD866FE7FF5F2F
S219EE73759DD332889426634D01EBD4BBCA6FC1FBCBD5BE0F9708
S219EE738AA6F8E1D8B7C715D74BA211FF16EF9A43864522FA294B
S219EE739F0755AF287AFF7EB9ED935C4D15850F3850C6C9376E75
S219EE73B42C6A1E104291F327D262EBDA6ABC784D0AB87F3E4A73
S219EE73C93230C0C83DE223BA4CC7406501964BAA4E5EFA21B714
S219EE73DEA729EA34F24F85F89D1E0660E9116A64646E12A06925
S219EE73F303F1BD76B7E6954A357D28824070638EC682B4F34CB7
S219EE74084040B5903CCB186D087EB552479A224646B645F8E03C
S219EE741D0382C306499D740B2460F6D969BFA6A56203E0B97C74
S219EE743229BFBB17AB3644C49D7592F94D8CC30A5ECC7820B1F9
S219EE74474E679302B61E78458E046E38E6D97EFA176166065DB2
S219EE745C5CDA0CA081A7686F0DF0D579184937BF2B79CB347092
S219EE7471A511D7D259562E3FC98EB7F7ABA24D4AAFDE99D82C85
S219EE748619508037FDBAC57BDCA20CCA35D0E908914FD445FEA6
S219EE749B826C51B0F62A14AE0E97E7B400AC8A5BEEFD847DEA71
S219EE74B085C8EDB61FAF3AD385A7F23E8AE40375BF739FAF59EE
S219EE74C5E702B4FF46A334B336124C66C33BF91D1532509048D6
S219EE74DAE2CEA6BD33A0F7592BF561FD73CF8AE91B8960C495E4
S219EE74EFCF98BCB4E8EEDDEB0147F1E5915928DFA371B68FF6C2
S219EE750411BE5025785723F2BA137915EABBB750AC45E1642BEF
S219EE7519E6A3B6D1F3A50E105281E5CF5B1CE979EDE7CC93CD44
S219EE752EF8EF6AFDF752FB74E213F93D5F3E75D8B95C4A910D3D
S219EE7543B298C29EA0EC11EAF8EFBFBBBE8D6F013012BDB368D9
S219EE7558B354F41DF9196D381ABCFEB6F85977DD2B294E442E19
S219EE756DE9580FB24A2CEE08ADFB9297E29EC5B61FD3FC9B2B28
S219EE7582C3668CC22430C536D3A51172E10E20FCE733B40D4F0B
S219EE759744D7088913506AAAC9FA621D19AD78235C3C173589B9
S219EE75AC8698777E666691EA2F641A464DB119296A7E3DE3A0A2
S219EE75C1DDED8C4A618448FDB37035869C69A0D1979734E6E07C
S219EE75D631A54321076959852426733ECF79F2C6D252FA0419EF
S219EE75EBCDF0C42A22D5A2B304F4DC03DFEC4A1778E70522AC6C
S219EE760026791CBDEDAF88A3CB763B59688222019AA7AACB9318
S219EE7615034AE99260B650EED096C0D4AC13A035F260AA7DDD6D
S219EE762A0526A5DBA0D4EDD08FBF3FF7B7D2B8BBD49390846F12
S219EE763F258FE3F3213279A0E258FC5A4D96B45FA145557647CF
S219EE7654D4B15B18ECAD955773630CC4B66165D26D36C28F5D6C
S219EE766945478A5BD371E360E51F71E6F3C916844617EF24EC14
S219EE767EA126C0B181695CD2142F1680503E7D0C9E7F2D274A09
S219EE7693D10A01BAA5CDB92110124C5F05AD7F22B3ACFC8C23E3
S219EE76A8A067B653D37E06751990F26E8655A380D4A278788908
S219EE76BD139BA264A8BFB5FD5F9902598EE1E28287A09201D246
S219EE76D2D9634C6FC269274C99665A30571BF7772738B7AC29C7
S219EE76E72AAE0B348DED4EBD14AEDB2287EB9F3E16FA54160B6C
S219EE76FC06877947C34714F62861BC696FB95C9BBCB06A1EB3B1
S219EE7711BF9978E62473439F9363654506EA4D7B8634299080F6
S219EE77269B69FF68F4D12486D182E1ACC0A39E32E6351ECE5F08
S219EE773BC800B72AFB786C08CC8A4A4B553D84950E27B035C343
S219EE775059D6BE1F621C1A99A387766E61CB4938545499F56C97
S219EE7765DC9B1315081E945DB408EB34F7F5B6776465B30208EC
S219EE777AB429A1DBB7E23FE625893CBB7EFE803699B9B8259F4B
S219EE778F8979C75A539344928A0E4BF184C4AABB5E019CB014D3
S219EE77A41B7050DAEBE86CBDBD60106B5EE87F129D3D4698EB1A
S219EE77B9625AC9CACD83A69F26E6014FDEDF4453DD179E131B74
S219EE77CE7C83C0ADA452AF8C0328751D07EE2CA45F04D0B0753C
S219EE77E372352FFE846D453995C707AEE0F0B90CFC9727D1E743
S219EE77F84A1FBA6DFA1334A5EF031B2D758BB92493D67D4A9C30
S219EE780D4BA6BD901F5F7C872AA184C6B2CB4A8152F6C22E55CA
S219EE782204996C4FAA3CC8F3D7A10A3197886CEB504358A71991
S219EE78372BE88C07930BF9CAE6CA20658D6E8914AF60CE337FE6
S219EE784C95E237F68FC67527CEB423DDA06DE8E6141953D3816E
S219EE786121D5A7D8F338EE4E738E128F30BA52D3F357E2E56A17
S219EE7876C7DB1930EE4B6C1CA568D88CFFF9D101E4A57500BB6A
S219EE788B982F9CAB6762054DA03C281EF68B2F8A9C2E5FB15046
S219EE78A0CA6715AD53ED2B136BC13BDC835E4BF1231D8B165FCF
S219EE78B5F3E206E49ED79D246A47F12DAB9627111B0C0F833D98
S219EE78CA10CE3B57AA2C9DABF11AD5EAB00505DA1E4FB1DBDCF5
S219EE78DFD6C239B0691403348FA34D8A9668C08484874056146C
S219EE78F4D3B6EDE6C2028CD2A93ECDF52DD68856B5F93C2993DE
S219EE7909CEA7BD8C9F1CF105BD1204531509B591AD001C66BB93
S219EE791E6A30E4B95B588C9B2FD916B338354A3B8EDCDC98AC03
S219EE793309DF3927B5D005A71DAE195045A030DC239A07AC3A04
S219EE7948F3DA4AD904714AC7CDF956F803B06C3105DC4070DFED
S219EE795D24BE724F91F880F91EBEEC48CD0B8107526D05FD3A12
S219EE797203D79716FC3601445262775F2105152D71FA80753D80
S219EE7987FB9B6A4724A9A1A4B431B9CE116C94B58EDD50B75AA1
S219EE799CEA6EF3ED41608E14DA979352BAAEE8C3FC32836A895B
S219EE79B14500875A7D00CB1570A310F1D53A3C215D2A4088F28A
S219EE79C6651C78622990CAA153D964B43F8DFDFD484A1934C091
S219EE79DB90535E1BCA4B33CBEB4199175F9D7B77D10DC8B5D63A
S219EE79F01A861246CDA7CBDBB0ABEE5083A582215AF05A2BA1A9
S219EE7A05A6B2A40A42271D639F041D7DFA10E01C1A87257D18EC
S219EE7A1AF90EFC59313B224DE2869B52D69966FCFA26C6F3AC82
S219EE7A2FED7325F985F8C337C22FC3926C6F68630ABC396060AF
S219EE7A445CDD34293C4CAB3319F5F6B63A78D1D49FA37185A253
S219EE7A5984E9DFBFC7E018054C66E86C5406FFF60FA8EB622FCE
S219EE7A6E5441CD3866703EEF6631C7ABA0731D12A11CE2058FF5
S219EE7A83B17760A97DA7AC441F1EB89760656BF8C73309C9A294
S219EE7A98D24FF8D5D49406AF8FEEEDAF1E51A19D468285960F23
S219EE7AAD2D9FF37B96D69772B8F582AA5D3AB6C03A1FE76DEEA1
S219EE7AC213E378EF65DD622C4FE7D8483258A5FAE5E24577ACE1
S219EE7AD7A5E877050EA00A5AC44AD3A9B087E7ECD4453F726AC4
S219EE7AEC8F46681D00B4276BE3A1FD70604849B7D4C1154F99C7
S219EE7B01473CAEDC0D230A859B7367C3769E4B5DCF2A5D9D3891
S219EE7B162795B04247528DBFDD2160735D746674F588912D65B8
S219EE7B2B8A8F2694638EA1405C06CF5B168A22E2FDBC4FDA811A
S219EE7B403CB640DB95B8DD89B1FAB3FF821BACC9D382E87DC292
S219EE7B55E45B0CAB0A5F802D582C41A8CD98A75C57FB05761862
S219EE7B6AA01F17C3FD215B6A43014821412340C6FD14EC3293BE
S219EE7B7F141711921732869D9869AB21FB1D68FF87AFB3A4A843
S219EE7B948FE826A52AF9D77051DCA42C3BF79C3E14624B1AC792
S219EE7BA97AB4534D003F6981773077CE40359A8F2C3FF408D517
S219EE7BBED502A82119742FE58F0169C1E6DA53BCF5AF2D0083A1
S219EE7BD37865270CD82392DB396DDF443F53C21EF7DBCD84ECE8
S219EE7BE836113BDF8C18C23B070BE982AB6405DFB22FEF8504CA
S219EE7BFD4B7A5903979560FD99B3ABEF4C654943D3242F0096F7
S219EE7C1223B01422A7999F985C51409CE7677A5562B0001338E7
S219EE7C270C87DC34D8C9C9DBFFE7C8B18F47FC20E9CD51F926F6
S219EE7C3CA237A3B28202718B4F39B614CDBCE9D325501172DE25
S219EE7C513BE98F6F544510CD5DF2F2B01A25AE37B2774A10C734
S219EE7C66E47ADFE09856A4F6696DA5A4D2D3B18E3F438C9C5F65
S219EE7C7B8D9A2E1ED01D161B8C2006319E90BF83E858815427E1
S219EE7C90FDBC4E290EAB6BDB2DC2F4729B3388CFAFF7D2F125B5
S219EE7CA56E6101B4F7970BA07C8500765F2C2412D497075BCE47
S219EE7CBAAF43B5BEF26D446BF5DC197FC738CB47DBCB021FCB43
S219EE7CCFD383C2760AB242B3031733CB340D6138935F56D7CE8F
S219EE7CE4A2E2A660AB3AC719BC7DE630316F713C2C3D42BD72D3
S219EE7CF92D5A96482E6098593439537DCC74F8B9CD18F17442E5
S219EE7D0EAED7B42C8CD7CA9215751E464032858F0C6315393CDC
S219EE7D2356C21EB9A1470D38D30A3F28004626A255B3FF93420E
S219EE7D38EE2D9FF6396A82167AF8C74B445485113ABACA9B96B7
S219EE7D4D9B9614A15ACA72DC59007CF55CB09ED5E7DED44E3A6C
S219EE7D629B4EA9A6CFF64A254A3695696377489089EE32BB3FDA
S219EE7D77492FDA3380800CC3103AA722313F9BC14E0208344EF7
S219EE7D8C35D94AA1C865C5620FFB84111C31F24D183859741F3B
S219EE7DA1582FC1F3027AEC34E0EA4C51E28A460AEA908081EA7B
S219EE7DB6F5F226D44831C685CB0D6D2AE618392C6DAA35A6B9A3
S219EE7DCBD55A5F37ECC6E8A2D01D05634F11C907B27B16F07582
S219EE7DE0B8EDF29EA0C158DC2D5405C7E7BC5B0199CBBAF5C0B2
S219EE7DF5312C9DD3A359062E45DF3E9D577C6F6304B63292D98E
S219EE7E0AA9011A1CC982296A298BCA7B853645A4B059D0C9A9CA
S219EE7E1F705643FEAF1E6AD7B821F82CAC81C5A7F5BB48D9647B
S219EE7E34BE6A99FEEDBFD8B38753D0E2EC1F68FA66AA8F3FFA7F
S219EE7E492FD3B348E1EC80BD17789A9238C83DFFE8EE37D43220
S219EE7E5E2429DA0A380D1A1A451E754C5E929CCA699108107175
S219EE7E73AE273666A4DF58B7943CBC522AE84033C53BE76AAAA6
S219EE7E88D82407AED22780A930D70E902EC0C4FF6EA572E65905
S219EE7E9D8897A8BF6DE4027438BF799A89F354D56A8E57F4415D
S219EE7EB2BED2DD5CEBBD8112F67A2767411CEBA6B695693F1FC6
S219EE7EC78940289C0C84BA628B5D847A5059077B69CAF4CA87F1
S219EE7EDC1CBF153B4DD5AF0F48CA27334D0A1C52182BEF71308F
S219EE7EF1DFE0263E3FB49756A5F2E663FC3D5F3D79590DFA9563
S219EE7F0644A90400E692EF5C7636CD84237C0C1BDA1E68DA18AA
S219EE7F1B1EA103817F56D099E8A32AB947F93A56767451730AE7
S219EE7F30B1576C61EACA1CCD4238706DE7152A05AE3A46A894EB
S219EE7F458735776E06E96C24C444FB2A88BD1C0E29E62B764583
S219EE7F5AC83413C2AF964FC98FDD186BF7089D0F6E6B4DAFD0B2
S219EE7F6F0FE828B215C8DEC63FBB697E853BA3CBF28E52C82CE3
S219EE7F8457EF756E872CDEF993783306896FFF79BE93F599307F
S219EE7F9993EBAB781E7270E820472B7A20D0A6CB7B42D6DC3C3F
S219EE7FAE059540F593A7E315A7FF6BFC062711F3936787F871A2
S219EE7FC36F6DDC09FE789FE0C0358565E726A7566451A4741E2C
S219EE7FD8E8CA67A6634177668F3AC555F83CC5D7F5583695F0A6
S219EE7FEDF9FAF565DCFC22B9FAE4D33C97E0CDB5C33FCDA7949C
S219EE8002FB982D6AA400A33D8C06082EB6DA908844087C01E5AA
S219EE80175EA2DC290B1CEA771B3F4F8B9B763A4498FAEBA008EC
S20AEE802C5BFFF183E201AA
S804EC00000F
