S0160000647269766572735F666972656265652E68657846
S31AE04A00004C5A4D4100036EAE5D00000100002F940468F7A90338
S31AE04A00151DE41F9AB555AACF23086ACF0920374A91BF42B9E32D
S31AE04A002AFD0EADBFFF3790A7CF1D8FA1CDC8C83DDF85B1E336C9
S31AE04A003FE7B65564F2BA84FD887AFBC2AF6196643984C2B77981
S31AE04A00546B12C3D5A1F80CA691771D762F365697426A07DBA0EC
S31AE04A0069DE5ED3F845522EC625E8DBAF67233744754A45A92255
S31AE04A007E852E97FC4A5709AC98B85506F57989BF09DEA2EAEAE3
S31AE04A0093B5017673648211CEC9E2A292ABF56C7360946A668A18
S31AE04A00A875A9559850C8C6B8C103D82F73184B94E6CAFD4DD56E
S31AE04A00BD8439566BD9CA773299ACF109CD6C125270C4D3130A34
S31AE04A00D29C0155BCF8514EF956C54C2C9C40937EF935BF36E721
S31AE04A00E76CFF6FE4E176243E0E6B0AED5DF14E2429D3A3B34794
S31AE04A00FC78EEB775C4B53CE350DA82DF7E0C0CC6073959421CB7
S31AE04A011111BF30D403F82A06291A90BC54E56FBC6826150B0801
S31AE04A0126F65FBA146B654EFFFA960E60015F9BBDFC86EE00230B
S31AE04A013BECB6739146DAA18FE3263CB502E7FAF3F2BC7D366BED
S31AE04A0150930DF4E24FBF7CC820D4203874A6FC0936A63B4F7061
S31AE04A01656659FE045C21F4D5594E9745F215D964F0FD1983728C
S31AE04A017AB3BBDF437C74D7514B92E1B53B7FD5D66768618B14F1
S31AE04A018F725B9B7FE8C0313A9A7CC2405EBF57C0BA6BCA810E67
S31AE04A01A41C61BAC513155FFED50710F60EAF2CEC481F6E731680
S31AE04A01B9F15CD8B738FFCE05C7A3F7FCB7C9FEF28F21EBCD03E3
S31AE04A01CEF14F46D4BAD0C4107871AFBCA97B0E871E71A4690388
S31AE04A01E3379104B923C2C6FB3E8A1F7028EC5463AF416148F7FA
S31AE04A01F8D09C5825222653FFB41D610C96863E81A29487839155
S31AE04A020D16A6FC6595B849FB6BAA4C70AB6E037B602EBAB61682
S31AE04A022209C231149573D40AF0BDC01D69C611B74E43B1A886B0
S31AE04A0237EF3BFD4A7F6335A63353739A9845816BC452AB1066C1
S31AE04A024C763E82ECDA5992600D283944188B7FBB6BBE69A14321
S31AE04A026115915524730EA9298F67DD3F609803C5AE0A6A1EB91B
S31AE04A0276DE8A2D8C1E96557D49363999708D221FE3C101D8F49C
S31AE04A028B8A3D5366D1A7FA09E58C9BBE1D762F278C067C8CC125
S31AE04A02A0E6BABF7E2C83820F044A208DD984C03EC5C45E9AFB2A
S31AE04A02B58D3E46773A96C88171AF0D7666F422C49E73286CDB00
S31AE04A02CA81AC88100F564BC65641F84C7D255C138352AD86269A
S31AE04A02DF03872ACE00B9B91FD99F958E6CB87FC3AD1776E36C3D
S31AE04A02F4461AA1A4E22D9BA30B1A0F251C08F2D72DD87EBCB09E
S31AE04A0309F41A33272B7F77C552B6BE6DEFE8ED0E3FA133423BCC
S31AE04A031E5A1BD1B4905F2F441B5A506C6242462AEE98D24C6CE9
S31AE04A03331C7FF7771E698DD16A4A71753DE384A4187A84D65376
S31AE04A03481F7AA5FE37F5FF93C5BED37A729C5608D6070F0E7DC3
S31AE04A035DE1EE52324599B22DDEEA7A010C2269F2D901EC6E0E3D
S31AE04A03723D3868DA4E81C6B2938DBF9C5FDBB9BADC679EAC8211
S31AE04A03870E9AC75BD46096C5665ACE57759FCECAA37C1BF82CE9
S31AE04A039C619344062AAA459544041847965749E7E7063FE82D2B
S31AE04A03B1BE99384FB9A9587DC0C661D05E49D5D88AF822449F60
S31AE04A03C6C2F1FEA95968196E1B0E8DC2352D45D00064F2FA5FB2
S31AE04A03DBD634D564FBBCABD47C702A890969D36F9BC344FEF180
S31AE04A03F0C56D1C69812A94221DD9D8B7F0DDE305FC72D4871F8E
S31AE04A0405C44DA36D65D82544143818846DEC980C7544B491CB3D
S31AE04A041A7BADD356FB0A81BD2ED8E169415699A8760CBAFD0C9C
S31AE04A042FB8F36FB27FB4050BF409D1E66AF7ADCF97E2772A02CC
S31AE04A0444A26A844E88063B4EE52C209E44C93CBC8D0C983D0A32
S31AE04A045938ECFADF66C2DF27BB4663FF157B8C266700118D6821
S31AE04A046E767A638910E1701DDA732979269AEF8ABEB1BCBE439B
S31AE04A0483B9252A88E33180051912EC8B5C8F9133CB8208420122
S31AE04A04986F8C3121E62A6ADCFA84EB9653BD05D65241B507E360
S31AE04A04ADF39E730D52A96C4984E8397FB8A74482A7393362FD8E
S31AE04A04C25D047FB1B3F0F7E4316D6B01CC9BC6199A37B81AE60D
S31AE04A04D7F2740257285B47B0DBA45C2DB5355D5C2183FC96C303
S31AE04A04EC20D482396C003AE91B5DA03DB5F59AD89110FF176EF7
S31AE04A0501078D2E27E93CBAF6FA27AC69E1C065C9C916441E852C
S31AE04A051645FE6C397DE487A0B077BE6A86BDE3F6BE1F2473A5AC
S31AE04A052BDE6F1958E50D684B6D1238FEEB63760B0302D1B672A6
S31AE04A0540995FFD1138B6BC721E4DAB880E9088D35FD036537D88
S31AE04A0555EC0D29138AF8453318446EF952391258471F909024D0
S31AE04A056A5706FC9771C0D9C724D7CA9FEFBE417DEB58A50DF2D5
S31AE04A057FBDB8A358455F9E3E6C18CAD8B8CD0175DEB2D61CE0C4
S31AE04A0594D8017CBCCE6404B513B253A0234DFA03A3D4BE179E17
S31AE04A05A9CF7143C6A7E778A2BF359DDE5CE59C993C10B5965F41
S31AE04A05BE2884C1B6EFEB0BFAACAF08F6D7AA7A2279FBD03712F3
S31AE04A05D3C02805C1163CD32F9C7660FB094D3C8D64B2BFC54972
S31AE04A05E8E4EFD8F9898F253C9ACC1397AA261675D6ADAC3228BD
S31AE04A05FD92B88CC8BBE8148C1B1D18474C798F080EDA23C445D1
S31AE04A06125183FCDDA9D3FE5E20B1A621B75FF5C5B665AC23E9E3
S31AE04A06272D111EB790A3DFF8D4DD9EAE883F1168606A3B978D0B
S31AE04A063C9BA8A349810BD2EFE0E6076C80721EF98557BF5EA51D
S31AE04A0651CF7DAB0150C0F62C214AC5EB57BE665AF97395ED9EBE
S31AE04A0666A0D84A4784EB08308F6514F7B556BEEAC4D8AFC37867
S31AE04A067BFAEAE4BC5D2501FDD484ADC70AA4F561C4850168D3E1
S31AE04A06907D8DA633596C034F3F593DBFCFB3DAACB0E8CB569244
S31AE04A06A5C18EA3A0C2B1FFA4B00775FCFED6EF3AF3B17C8BABED
S31AE04A06BA4717EEB57F3E392B264A1C554306CBCB592D2D9DE2E7
S31AE04A06CF5F9FD3CBF4A95A2E8456CA518B92D86E2BA1C817AD75
S31AE04A06E4365C0A4EC947698EB8ACD0057E78D48838E19CB2BE30
S31AE04A06F9280361AE2AF87643D34B1E20EEE3CB046525615FE879
S31AE04A070EE7A55D915AC697E8158DF54CE390842EA752054EB782
S31AE04A07232412AF1E52D2202DED255BF480E532A58DDDF017F11E
S31AE04A0738F34FCBF48F8541335C49164F96E38E9AEE2306394FA9
S31AE04A074D89D4C5452DC7109ECFD3B3C4A0CC36480833471C5C61
S31AE04A0762AD038A40E5AAC16724AB4898828BDC09AA350E1AEF8A
S31AE04A0777BDD4184EBC6D77B2590B667B92244341D33564C61C27
S31AE04A078CB03FFBFA5336C95EC829046B77F22C39DEF777AB6906
S31AE04A07A116E2E0537DC54505F41B70852790B12039ECBEC432F7
S31AE04A07B6E4CCDC8F914215119285F05D3E31D3349539FA3F50B9
S31AE04A07CBEB35AF3BF634688A7E030EDAF96E22DA736525C95ED3
S31AE04A07E05F2018BACB870D32E4BD4079DD09BD9FD95C6785F63F
S31AE04A07F50344F1E0B0E7B4FB190CCD0A41E5EB38CC3B3D8B6CE1
S31AE04A080AE23D45E4A0A0CF07924849F5B6180C3CB20B19D6630E
S31AE04A081FACC2AF22F20E2FE5695FE3B7D203E495975948505DAC
S31AE04A0834D944AD153F2798493D46D8E1AAB65F6B6B5C3B9B9CBA
S31AE04A0849C44668687D057D52ACA040801D144C0F1B2AE9E4FE97
S31AE04A085EF3A403512334A1733EA049BC3803A943B66CD377D4B5
S31AE04A08738235CF10C929FFFB443316CCF4960E6823AF1230EA67
S31AE04A08889BC7E9DD66B21BC1B53F624F8D2FEF953957ECE11DB0
S31AE04A089D1CFA7A7908CEC3EE97328C39977558B3CA17D5C8085B
S31AE04A08B246412791DEF58EB7A23F6E4C50E9963F449AA3F3612C
S31AE04A08C73C51C393D39CE46B7981DFF3FFCED60A12F9CD900D5D
S31AE04A08DC5AEB4831A656F8B32655239FF4F121732F78DDDF72E7
S31AE04A08F18320BA5942942E129DC9BC61DD5FC14E05A3C6F75F64
S31AE04A0906DB5F43BB0EFAB06EE3E961DFCC006525DDD10DA85C2D
S31AE04A091BA1CA93354108CCA73E5E90621E307D3DA2698FA3478E
S31AE04A0930B71C58F2E50EBEB7FFD53698B9C537C9DB7A65C49CC3
S31AE04A09453923C89FE02151382BE00562E1166EE54F11EF87E0AE
S31AE04A095AD5D5B3FF5ECEFF5A0E22A46B73B00CE723B1A5462241
S31AE04A096F176A952582BCA9FF89A5B4FAD7A08CAEE75F1E4A33B4
S31AE04A098432F5505DB4C3115396251CE7BAE0732293C4C5BFC7F0
S31AE04A0999C1FD913247BE1D8B4CBEECE50261258A2F533F0743F3
S31AE04A09AED9AC58C8A0BCCF32FF959AA891F1C501C279D8BF749E
S31AE04A09C313515324019D80C90F1AA2CD01ECE0D12E1FB9378733
S31AE04A09D8B5A7DCEA865B4E0E7F1FB2D4B9E3D48EC127A059FA7E
S31AE04A09EDA37EEEBB60A1F4891E0351FE8E25707170ABBC08ACEE
S31AE04A0A02BCEABBEDA3D36F76963E2B9D46976CEE3429A0E40E44
S31AE04A0A17E05C969FCCACBF2BF18DF915338736E31D4A2B7E4E0A
S31AE04A0A2C179FECCD6D2AA06CF25E17572FBC5F2C98205E6700C2
S31AE04A0A41B64E2FEC87AEDCF418410727F73BA344346D9AC87336
S31AE04A0A568AB4915D316E648044567983B6F38EC5A832EF1958E0
S31AE04A0A6BE54ABD01BABEF1026F82D6DC09EF776E77ECE415040E
S31AE04A0A80784BF8184EB232CA58E571AC0747FA621E8C75A0E2BD
S31AE04A0A9594691081A41A5ABA12A79DDE562F08A5E3153DCDD084
S31AE04A0AAA6B4B5C7D4C75498233A1969B13CE894B0F997C60D4DA
S31AE04A0ABFA6CBBABF864D7371B5D4CA57A43C01C497F3FD3D043A
S31AE04A0AD47BE4FB52944F933F33C73BC2B003DB5E4CAD50362EEC
S31AE04A0AE923D37339F65E099BA09054626FFA157FC57BC92AE731
S31AE04A0AFEA8E559BDA682CB8AD166878E5EEACD1481F37465B21F
S31AE04A0B13D0ED0EF85D9DA6552F60F5D31E1EC42881C7DDF47DD0
S31AE04A0B282E66C4A8EB5D2E45D8589574B73A9A69841430954DF6
S31AE04A0B3DBB681E1048F5744C6FD5ACD40445534C7E1CED6B2463
S31AE04A0B521AE252C84C1AFD17E1AF602CAE39829100A2F1DD3D0B
S31AE04A0B674DFDFFC27BA14372427220ADCE9DBD79CC115EA5BCAF
S31AE04A0B7C2CFF0A02B52D0D224F4BA5C8155287F9A381E466820E
S31AE04A0B91F254878961B9BAE1CF908B45E6645E67306DC604E18E
S31AE04A0BA657D8727E87EA1FC0E6A0F835AED874650AE4DB65A2B9
S31AE04A0BBB79767EFD5B9D92AF47A1512103CB7AD55C27E6A5BE0F
S31AE04A0BD076D3A75C0E63077E073443ACD28D92122089290E573A
S31AE04A0BE5332174A0F5A912A48DF055B9E183CA3434F9D723A853
S31AE04A0BFA77A79A5826BF19D8C3AB52DC8E291CE0B294620A9B34
S31AE04A0C0F00938617C4E99FDA29977DDF968338C1D6C65DFA3AEF
S31AE04A0C24FF1052FF14DE450C12E3778F6F3CED99144CB203F7B0
S31AE04A0C39C4580CDB68E39A67007C2F594E4658E6977166FDA343
S31AE04A0C4E7EAC3736A7F4E4EDC679C5F124B396458D657869C222
S31AE04A0C63734586C77C0DCC4A952852BF06C0097D676B5DD5B4D6
S31AE04A0C78EE66FE978320E2863F3646BE84A46B3199F2E6A26093
S31AE04A0C8D7433FE5DDD25F6AE50D44C0D4873FF0D91896F38B2C3
S31AE04A0CA281213655C710426FC026C64DFB79FB6A783333730A2B
S31AE04A0CB7C19D11DE132B58FDB47FAEC461D509FA41A73B1D3EBC
S31AE04A0CCC16BBB706908B00E8ABF1CC5D38815814D294711696E5
S31AE04A0CE179076BB1FCC13DDC62CB6292B8D51417E6C1645E0218
S31AE04A0CF651C9726AEE0B8085A66D2325C8D36089A710FA478A64
S31AE04A0D0B0EE4CFCFEC0E590358867336F22B4543346C9D100242
S31AE04A0D200C3EE7E511F4809F8104547AD8C73A8721E7EACFA739
S31AE04A0D352934D2DACDBCA8490CD4D37859BCDDC5EF6313402B44
S31AE04A0D4AB60DF1AA233C99FFD4EC8E32C21CDD8CD744A6115A1C
S31AE04A0D5F38DEDC846E1BF5478FD149BEBE6C4069059CA70E166E
S31AE04A0D74428A17C39F9252AE92BCB2AAB0635DDB97CDC0D60E66
S31AE04A0D899EE56C55F81F33BD2CAE89AD07825668D069B10C5439
S31AE04A0D9EA9CEA96BB6702C60785DC266D0573F00E160C4C69411
S31AE04A0DB39ACB40DBF05AF7B1BCFABC2D68881DB348159333D037
S31AE04A0DC8CEBBDCCAA069B10E6289297E07F7A7A71524D11E32B7
S31AE04A0DDDC33D01AA0855BC7194F9EF13F4499A49D7FCABBF1A96
S31AE04A0DF261930C68A7386C4FD8940B5D32E643A25E99A823F631
S31AE04A0E078182FFC377C7C8E52B706F659D54F89A52CC4A96A561
S31AE04A0E1C1CF2BFBC7E627BA2C3F4A5B53A43C0F579DFF86B44C9
S31AE04A0E31C29B122875CEC89D0DB8A8A8CC4591A177F1D49CCA43
S31AE04A0E46D0C04E6C672A02AE1AEFABDE750FF16D43BF6127C816
S31AE04A0E5B07633A5E96E493BC0C99286482837208B00F3C18566E
S31AE04A0E7019385B43CF5ECFF1DEE1B3B2B92629FA8B692F6B4568
S31AE04A0E850B507EA00D226EB079E5B7EA9756DD04932BB42D9F57
S31AE04A0E9A9C194A3EADE8DF0E5CBCB388BA6FB37FBA5ABFED6482
S31AE04A0EAFFB531BFDFDC519AF2678DD81639919449EBEC5112C5B
S31AE04A0EC47EDA1179BA740B0FC588BA286D949EA06BCC21356A5A
S31AE04A0ED95B4690A434D1B5B5517BF0C1FCE56CBFDA9DA64BFDA2
S31AE04A0EEEE68BC7E2B362B3A9453411C781E8A8FFD91B903D977B
S31AE04A0F031AA80C6B97B35B6DD49BCA8881B355DA6F3A1F234807
S31AE04A0F1823019A6C2859C398F800598C8EAB3EECF6D1399E4868
S31AE04A0F2D1430571941F292DBA687E6E7DCD2D8A4EB3FEE9177E7
S31AE04A0F426F8B72FFE177AAF1D4727477E01FAA76BABED2B819A1
S31AE04A0F57E40719A7A41116062FCCC4067D3F7C8AA431EF4D9FA2
S31AE04A0F6C45D94DB07A413BD7425FA05DC94E66E97E743D25A55B
S31AE04A0F818D665BEDDC04FD49C5B81AFAE4F1CCED8492414D9C6B
S31AE04A0F964CE7C9B1B606EC0BC2459A01563D84E895F56CE51921
S31AE04A0FAB24373252817AFA17047B8D006186F6FC1571D4E6648D
S31AE04A0FC01C21A33F7AA73E0B95BE324A4B0D67BE2B9DB2D8A223
S31AE04A0FD55F7F54DAB7F3F68828C05C0AD4B17FE17EF6CC7C882C
S31AE04A0FEAB7D9FBF53E70AE47D6EF92E85E533DE7294A5E296C25
S31AE04A0FFF41825A02EBB238850D1C705F2985FC03A1E98D04B4C0
S31AE04A1014D7A59793A276435D642E83E69607220A2DCC36B6E6AA
S31AE04A1029D9DE79625354C59D9789315B119E1453B0B805B8837D
S31AE04A103E0EE4559DE9EC4DFD99AD72145C05AE303007CEA37047
S31AE04A1053AA989FC233427E6F260723A526429F2B2C33E305AC39
S31AE04A1068828DC3F7E118023FB3F709187B459E46E6BADF99AA0F
S31AE04A107D6C19D27F7D4E3F6634B4B27CFBCCF747A9AE64683278
S31AE04A109278A9D082AA13644B3CC2C95C64AC681FF96A650202B4
S31AE04A10A78B505F2A37FC250D0A4538F5A44DAB990E51ADF03F4F
S31AE04A10BC24CCCEB27F54E91945014ADFF4AF350C34898950D2EF
S31AE04A10D1DED6D8EE648B948412218031C48382B089297F9AC76A
S31AE04A10E66FDE08DEA10EBF116B374F9A2AB6B6358C56A836ED10
S31AE04A10FB4049A4D9151368DD5998743C76ED393CAD0EB49E4D6A
S31AE04A11106F604725F347797CACC3C570F17328730D646CAEFD05
S31AE04A11250643AB399F99214C47DFEB37852A05C7DED150AAE85F
S31AE04A113AC743F4C569516C1E2F87B618ED46D09351134145C89D
S31AE04A114F22441521B445DCB24AE661E1827E373FA81BF4B0BC2D
S31AE04A1164FA9CE606D0FCCDBB9B5FB37D267BB6B1D5A1BD05E91D
S31AE04A117918FCCEE57D131322B4669939B2AE484D3C222CB33651
S31AE04A118EC3132308AFDCE0A4A53BBB48CC5CD72D534B6657DAC8
S31AE04A11A3CB9E4FCDDF997D1A7A18C982049C09D494DCC404E6FB
S31AE04A11B8B8F3B536A74E85FC3FF10FF4123E61AF9E00E7F4EAF0
S31AE04A11CDB5CC5A627512CE29C5DE629AB614320D1F4C1D9065FD
S31AE04A11E265831AF92F9DE1D1280B695471C2D94234496858BD17
S31AE04A11F7DB296072AA364F4ACEC7767624D87AD65E4718EF4AA1
S31AE04A120C8764411DCD788B25895FC6F6F8E573CD984803068D28
S31AE04A122108ADCFCD2541E3701DBBFD33BC48F3C3D373A783D577
S31AE04A12363731231DA0A33F4FD0F188F0ED470676854E30CE69D7
S31AE04A124B9A36EDA20E5D92752BCBE6ABC5C94AD562D3CFD4136E
S31AE04A1260FE68A9E79175A098A02FF450F4DF520DFA113BD07743
S31AE04A1275C51F836A09C82E2C1D7B3782E7BF191A9A76517E2B04
S31AE04A128A6B28835D745D3327C452F277B6E91121C726F8FE1836
S31AE04A129F4F0447ADD90FB1FEE9D73ED469148B74B6AC76288F4F
S31AE04A12B429D1310F21AF254948DFE5B8D6580065632CAA7DC5AB
S31AE04A12C9A3DAC87BDB6BD77F23B2F04123198BA7B49AD873E196
S31AE04A12DE6D96D3CE661A4A0AC27D21B18ECC89BF46E99AC1E333
S31AE04A12F3C08E7774DB0EF185E61D17A322F4CA4F50E2D39A157E
S31AE04A1308134A7CC1FE165778C2C0DE474AF2D6F278250561ADC8
S31AE04A131DE28D957E2487BD0BF89C7201FD4E4010CB4599D0215A
S31AE04A133202A551CEE7A2387A0147CE289611EAFFEFE5691C74DA
S31AE04A13474588C1CCAA159F1F0322D9270422D6BEC6912DA52C56
S31AE04A135C34EB414A628EE31D8E8171C4E094BA1910745EB4751C
S31AE04A137158905848177A6E4B7F5E04F0D1DC1A20ACD642846EF7
S31AE04A1386B7E49FB170CF8C663BAC6D68726C52324FAF6E864EA8
S31AE04A139B3165E2FFC8C62B31B04F9C8984BB9ABC9F017E632151
S31AE04A13B0A23329608EFFE8CFF4AA5D9A11955D0F4CD91F7A10E1
S31AE04A13C5B1BF672FD4B2C597F0CB04534EE957017465096EA763
S31AE04A13DA477C4395DDFCA0642C1071D0E84A055F6009E677FB82
S31AE04A13EF07311E42EB18E6A4ABA68AA9D9320C047EA7C9B79DB3
S31AE04A1404625289F489ABFF256B82974C8B17411FCC4A138EE4AD
S31AE04A141921A31588507C78F86102078736639A3B473A53FBB013
S31AE04A142E3CBAA96F9D5DC5FBCCD4D8127D2B286CDF6225371539
S31AE04A1443362D0CA1A1081E815FF2697E494E5FF287A8B14FD7E6
S31AE04A1458C58B2B5BB2F7BD0A6856C3D3129177B47A9DA771991F
S31AE04A146D17CC913E66EBD59E503ACAD5DAF2EFC0D9A045E1F091
S31AE04A14822C571CA45A49B04D6F3E580B5FFD1B5819B730A3B60A
S31AE04A149796C85F999E809FD1FFF6D953BADD798A2F45FE8691E8
S31AE04A14AC568BA9F397B612679778669571857B798964E348901C
S31AE04A14C1F6F4283120C7B790832EB12816056B60E96533072A53
S31AE04A14D6945BA841451B04E9A3611CD48EE0EAB8593637C4021C
S31AE04A14EB2841F22A4C600F6C678E57563748D78852580C8FD07B
S31AE04A1500EB9AAA11C581AF6C9D57A1FC03AAD53E49D49124D50D
S31AE04A1515E204350AB009F65850DD9157DB28C8E8BC67D444BDA5
S31AE04A152A8947D85C5E49D5EFA5878DB56B9A2199B969D0449614
S31AE04A153F1FA8AB591EEDDD8096A65DE4B67FC56B87F82CE5269C
S31AE04A155404A38B171E0B2FFBA1A5186A36CC139494FAEC8BC779
S31AE04A1569617BDA199089C86FDA5E05BD39FE387DE901593C4E6B
S31AE04A157EE6F99875BECA73F60424F988394A8903F9B1C8221CE3
S31AE04A1593FC86CBD637A069E68E2E57F5D5DC30475D195F48D4A9
S31AE04A15A89E5A2DEEB1375CF9F2922849E5D00E835571B8B7D06E
S31AE04A15BD2EE2F1A7AF4B3FA7733300C24F028A6FDC52617BD0D5
S31AE04A15D27BEF845CE567D81B657829A74103A634AF597C2CF3DD
S31AE04A15E7FDACDBC25CD3661CCD331F0966935EE0DD7144CFFF09
S31AE04A15FCAA10602A7E53E58A0CA225A7F9AF93A8E7C0B94964BC
S31AE04A1611CAD9F3AA7F0F901713ADE83EDCF98D17034B3AE64B07
S31AE04A1626F983AC766840BA3DC1A3EA2C50C7B88BE757EC343AD6
S31AE04A163BF5B51B68C0AD806C353FD4ECCC52A271CC0EBF88F668
S31AE04A1650A7CA2FF8567D1D5AFB2E941971FBA76297C8F61B9A1E
S31AE04A1665BCE87E56F98ACE14AB032D46409C38F6FCD7EF22BB99
S31AE04A167A777412D83BD83D0B90CC8732AF9F7A6C75C19A7D8ADB
S31AE04A168FDBA83D05456953D15EA97AB062D31339BCB280CE2CE5
S31AE04A16A4698E2FE7630102256206C78921C24B2D53EF185EDDC1
S31AE04A16B99679230C3A2E0F4797F8ECD4F5D2F6DF95801DC93ECC
S31AE04A16CEF214906C08FF8D39CA8E1487FE8DFEC13A72EADEE077
S31AE04A16E3793A7CAC284DCB9D808D1D4F2490CC80A71473090258
S31AE04A16F838AA580A43F970FD805975D438006C6EFBC64FCE9A14
S31AE04A170D0B9030173EB51F3760BF9B85D3C39A1E5723C55DC083
S31AE04A172283CF0D8F4A340467C98546F86B3E44D73DB09B0D3C8A
S31AE04A1737AA49D8A6FA961C5AD20CEFB89029172736D078C99B98
S31AE04A174CFE7D22F2A9A6AF7D2037276E93286BA0A08AA316AE0B
S31AE04A1761549A319C7AA7DEB826765AACD684B84E31F5F1F6962C
S31AE04A17763D8C4AE6167FCD1C5BC0EA453500FEBBB4BA9E95E2FC
S31AE04A178BE39DA4D8D0DC82E4D6F28589E9281E391056467E2D76
S31AE04A17A069CA5E7DBF34DE671BBFD121DB9882F6704FF6689951
S31AE04A17B5D1341F6619CF4A31C0CC1D290AA71F0E4BCF5DC834DF
S31AE04A17CAE421DA0B93531CDF07E2AABF227A014CBF61758FE6CA
S31AE04A17DFE6698D9FA6C3846174CB66F1F45110656E5D2B12663E
S31AE04A17F4C35F616A5304BEE54DC02CEB8466369EBD219D17A4B1
S31AE04A180909332D721F04EDB0C1FF9682CB73566856648213E8F4
S31AE04A181EA2FE55AB9F00484150549C18C485A10D13DC1D419A87
S31AE04A18331BFF48A71F6EA55AB2E25866CB31AABBDA4A26C4AA70
S31AE04A1848085CCC29BDB5CA3E5D69453A5AAF9917613E3CB2906D
S31AE04A185D06F61A17EF55ADB63562C6847CA268CC96580E5A9950
S31AE04A18723E9538FA05CFD74173808806CBE9ECECCB13320650CD
S31AE04A18870CB6EEE281512CF0C824184B17A5D4FFB885277625BF
S31AE04A189C79B929C9FC6C5F2062BC6AAD95F8D4CC08F18CEB2EFC
S31AE04A18B1B0C9E025E1DC291EA4A8A52D7F68293C496FF6BA4757
S31AE04A18C660F54DC21AF67050198D079BFFD62AEDD31B9E6D9CE0
S31AE04A18DB8DFDC098875FF2FD81402129363B2423714657CAB3C3
S31AE04A18F01452661712653017154B5EAA1F079C5A75093250EF9F
S31AE04A1905249599486AAB1F67F4C1D4630BC05F364F2BD8F236A2
S31AE04A191AA5F93B7B3BB85D16F01296BD6133D62A7BA08E2665B1
S31AE04A192FDBD24DEAE475E9043D642316B158164E32FDAAB5373D
S31AE04A19443C489AE3CB74BF6F571B5342A1093B36AF0F71FB5252
S31AE04A1959BF41E9208DFDE1534EF6595C53F03BF542AB2E8CBBB4
S31AE04A196E530C277104421ADE474718851ACD29861E61B6E0B178
S31AE04A1983C8DB74361683AAF1843F48B560CBBFAAB88B6A417BE1
S31AE04A1998EEEC65C9C006D31F9E96169DAF840384AD523800DA98
S31AE04A19ADDE7B07E02B2156D2D3F399997858FE664CC10568B8E3
S31AE04A19C2013CDEF830530C241CB6043B08C914368D607543D475
S31AE04A19D714B9265EE1C320C9EA25CAE2326A8B0D68E47244C03C
S31AE04A19EC207F103B0E40D3CDC38AD7C06BAEF456BEA7C632CE6C
S31AE04A1A0110CA886E5769215576E8744B9051034ABFA44BE9C9EF
S31AE04A1A1615DD45B1ED92529D0B311F9CB10AC4426F9E7713EDF9
S31AE04A1A2B5BB6BB61720702642F82AEE840132765EE98268F11F8
S31AE04A1A40F2C2999EEC3D7D08BA2973B846B32F7E7D99DDC1EF71
S31AE04A1A5507B499A90C3EB30540FC2192B9A1FB8F987CF33E082D
S31AE04A1A6AE3C828FA0304592B9097D8D22334D86D9ECC81C3FDC7
S31AE04A1A7F626C3F34179488EAC0C92859B9A9839EC12041B6D689
S31AE04A1A948073B59C0F018B11B6C532C0BB9FFFC6CC0A607A9A47
S31AE04A1AA9ECDD96D3493F0DEE38F97F40549C679723C84188436E
S31AE04A1ABEFE02329A33F88557844E804F08D176AF26829BE83C0A
S31AE04A1AD3568505E448AE44800D1299E515FA32025C438961D611
S31AE04A1AE8761436E19814A7FEE5A189E0FE67AE8EF75253079301
S31AE04A1AFD7AB50025CF146CEAC2202B6A80A996266280FD70B1BB
S31AE04A1B1211621B9A7FAAC209598A316BEC8C758DAE4DE97962BA
S31AE04A1B279F44211D7344B2468FEDFEE819FA1F4EE5E1FDCF979E
S31AE04A1B3CC6802A168A1CC11ACF954A69EC31C7E1B4D33BD725C3
S31AE04A1B51D46F9822E79E10A3778F23A64DADF4D36362AE17B44C
S31AE04A1B667D48F73D796AE400B1ECFFA37CA53123AE0FFB040DFD
S31AE04A1B7B771AF3DE2C9FDF32089BC70191E997A6A6312C84330B
S31AE04A1B904BC611C1EE13CBC15F4C31D9E890AE7F97ADDD076AB4
S31AE04A1BA5D46388767E11EFD040E1572C6C7306CDA677D3C37FF0
S31AE04A1BBA0432E173F3152BF53B0DF11F687C3B83B4B7E327A322
S31AE04A1BCF3EBF368B18E852D694CEB4D822422C227E3D52FB57EC
S31AE04A1BE439BE7C58C196FAAA63BC0BB72E41CD76612DA037F608
S31AE04A1BF9FF02E2BFBBDBE7D38528365592557BD71CBD8CCB20F4
S31AE04A1C0E3B5648C7CC654EA48CB32D0D04E48EC2EF71A791394C
S31AE04A1C2346576671C030DA4E769C50406AF6EB694311FD2F9486
S31AE04A1C38033CA258DC796CA1EE0125DECB9DCFC6C67D58980C9E
S31AE04A1C4D92F7BA5AFA66012F2A4A3053B259CBD0F623C717DAB7
S31AE04A1C622603EBFEEC76E2CC8DE7C833E3D26BC6D27C27752EAE
S31AE04A1C77B6D015675CE5928AB8AEA973B1D948328A4B474406DD
S31AE04A1C8C257765EC69E90C71A8E04B079C2B5761B6883FCCFCB9
S31AE04A1CA1A60FA1BFA28EB5F238ACB5330840B45E2A8F5072FD74
S31AE04A1CB6AA132A13B2530789E20274FD46487C78D58B0F273BB2
S31AE04A1CCB33C9EE6E2709C95FED8927826533718712197A88EA5E
S31AE04A1CE0AA57CD7C902DA336D3AC85EA6383E461AD9C85C2A393
S31AE04A1CF55CC1B02679C637E354C227FD455121F3D23CD06055E7
S31AE04A1D0ACC65FC549D33361B5308134895D39E709DC5708B4E1B
S31AE04A1D1F452E5A002C8973B5171094F7DDEB87508564EBDF9140
S31AE04A1D346FD86AD85CB959474BF228246A035A66BAF036F9A1FC
S31AE04A1D49289252D9EBF0C88006A5E2D661ACD5B54182AB6A2655
S31AE04A1D5E3CF186859EAD62FF0101AB0314CC66F89944431BBA79
S31AE04A1D73870FC2C78B553856E4D523E342C4D96C6475F42AE9B4
S31AE04A1D88D7EEDCA237C35D6F2B888BFC607131D46308ADACE554
S31AE04A1D9DEF990B4C668D8DD10C0C31DB7E8AADEBFB35907FD4FA
S31AE04A1DB2F2347F4442DD438CC05C1E998065CBE97AC482195779
S31AE04A1DC70D1F191B2BF3B17458114E0F091B9860217401F6F5D1
S31AE04A1DDCCF5410D3A963B057FF7D98AE3DC62CE19D791CB6608F
S31AE04A1DF1E514BF2A60D5CE048B194AB1B01F0798994AF9A351E7
S31AE04A1E06E1068ECDE5017BCF90EBB6A4E20C9C6E56103F20ACE7
S31AE04A1E1BB57CBD39B9E1C165AC0346D897FA9AC7A42BC01883B2
S31AE04A1E30B92334CDFD82BE703B636923AC56BBB08076DAE00597
S31AE04A1E454588DBFF73D87C46F2713C81C52E418BEA245DF983DE
S31AE04A1E5ABC225252009AB76C477EBC32463EBF6A1A9B50899482
S31AE04A1E6F0931556DADC6B6534057D04DE61C8797EF03A994E7CC
S31AE04A1E846FEE226CA8ADA937ABE5DF15813330BB6A8E40C66D6B
S31AE04A1E99C643C06559AF5F66B40F97B70A51D113075E61CE81A4
S31AE04A1EAE80CDC01792134B253977EF68FA4227E124981E9C32C3
S31AE04A1EC31E7E346307589F02E7F17AFABF221C029F835ADAEA1C
S31AE04A1ED84AAEDE2B3FFCBFEB85404B9825A5E29F0ED8FE4B902D
S31AE04A1EEDF7C414819086A409D60F33135E5AB2D0CE8A0C195269
S31AE04A1F02543740E4238B10B335A29CD573C83841226704E32FDF
S31AE04A1F176FAFCC652B41E719C88DBBD3F8A8A7751D9D6DA164FF
S31AE04A1F2CFF96909768FC40CB24B05EAB0986B04B253E9FD2C644
S31AE04A1F41B0130027B94425ADDADE6D843DF21CD4F3BDABB2E4E9
S31AE04A1F56FE6CBA31E51EB254E3D367370475C0065DCF89E79029
S31AE04A1F6BFED3E7D071F0AFACAE03B3A20D82E1009C1DA9C25300
S31AE04A1F801C52323619AD69F45E1BFE407F84EA7CCD46AD824C75
S31AE04A1F959B9E66BA01C46192A7F06B999C510DF71F39077EDAB3
S31AE04A1FAA0D1C4ABCD165656B819214AFBDACC4C65A29D769E150
S31AE04A1FBF4F7D9D6F24CA21CDA8E7359FEE6E53A59A5C09790CEE
S31AE04A1FD4DFB556E79ACCE372B48F999336835BBF7B6EB0B84168
S31AE04A1FE9EF43050563715F55AB24DE6994D8D00C5E05443F5A51
S31AE04A1FFEFEB63B712F4368366C7D2A33F305E9B68DB412396263
S31AE04A2013A93E81C894F6731C99479ADB5930BC7F0017C4217AB0
S31AE04A2028A51B09C053C5CCEB6A83FFC7772BDA5E5961BAE1CC6D
S31AE04A203D620DC15A089DA410C7CE5E14E70EC50ACE9F38389F34
S31AE04A20527A26E07024DE1A8B23689864AC8E827F0D2505A69A79
S31AE04A20674315EA681722742C39EB284020D6D2B117B2273994EF
S31AE04A207C7B87EE9AFF2E0B398B1C03C8326D42AD05DB6CC60012
S31AE04A20914DA534BB3AE02F5A21047C11E6B0890C73AF839595DA
S31AE04A20A65BDF4917753D51033E15F5E8C9B06C870D91866BFC2E
S31AE04A20BBDE8A92CD04D855A0B6273E67EE146AF0084E7255F35A
S31AE04A20D0195F67B19A663EDE8A757FCC47E368CCD3F0DFA5042C
S31AE04A20E56A7B4B5EED95EEE059956F9711109933BFE2D297C32A
S31AE04A20FAAF07408699B37F8A32D08EEFB0652856E4246458C436
S31AE04A210F826D54D9610AAE9033FC6F4D639333060DDD4E690EFD
S31AE04A2124D5861526188D17DDF395046982E4320E68E1B31EF1A1
S31AE04A213958218AD42556D9D0A3C13840E538E8421ECD51ACB8A3
S31AE04A214ED321CCFD6116EEC1C76817A8971E1817842D60A67E62
S31AE04A21635667C35993DE3124C1BF9ABA2E91E01C8459D1636E8A
S31AE04A21783C79E4721B3CE4B7F7459092ABE5A9C674B1906A2584
S31AE04A218D8EB9106DBC81AB597E51638B7291C9B10F29A279D4A7
S31AE04A21A22F830FC1B25B57A002D62A91CE7084F0524C8B270AD3
S31AE04A21B7B3638522BC5D5FCABD83FE2C5D14A923F604DAD25D3A
S31AE04A21CC42307E6100810982D8511C031D5835BDF271FA1AD774
S31AE04A21E1F76B6CED161BCE722F59BF56B2917A77D4A09593AC74
S31AE04A21F615D89D339762FA769211A683C2381E4904C164F6FB37
S31AE04A220B67D3B302CB89A5CBC659B3FA7497A20DAD483BEB42F8
S31AE04A22207A93BEA2A4A0408AA4385CFD5E8D725F2F394DE8FF71
S31AE04A223530E57B0E2B7FB724F978EAACB979F540172FD1AB43CE
S31AE04A224A8D1A0ED5781F32E74B3E578AE991422DB50F81C54078
S31AE04A225F07658FFE3CEEF3C0D8E54286E13F2F9CA6105D655428
S31AE04A22746AC23F82DE64D9148DCFDFA1F0A470DB26341C862F23
S31AE04A2289DA8F773BF268FBF07981857BFE398F04D8E68F73C567
S31AE04A229E0AE5B17179E7128983F160386C75E47704D967E2671A
S31AE04A22B39C50D3F9952F0706D64A29E6E88E88F02F5D3C532AFB
S31AE04A22C86F08AB874963F534EF733D3158202E8DC8F7E436DC9B
S31AE04A22DD1B9B024E9A6ADCC3DE21F4587891571C463CFD9B0032
S31AE04A22F200C8B0C620C881B2BC1DAA466BE848A51CB4AE746AE9
S31AE04A230772A610FDD6653CF013EE758CEDCED6C4D403AD2C728C
S31AE04A231C1C780B6829B37E25135907102CFC9B62B19583D6307F
S31AE04A233153DA0ACD808719CD374C171BE787137005D4BEF46CD9
S31AE04A23462ED493C2C3A28D88F4366097A8A2FBD5D47ED7C99EB6
S31AE04A235B81133AB079A5AAA8A2152F36B04C8BCD270DB3B269DD
S31AE04A23705DFB3F69D6167D4FB7EF703E4B761D7D23B4AE4AA64C
S31AE04A2385A5F444B4C84852204C28C315BEAEEE69EBBCFAADA300
S31AE04A239A5AD93B4999565F35D0ADA39E8BE83E7504159FD496BE
S31AE04A23AF67BE0E06F764431A94F8C1A2D5FE9E14588C7B3147AD
S31AE04A23C4CA1EE271F73B16C6C03FACD062905222943AC2921474
S31AE04A23D92D91BA21CD55F996F596DEF8D5BFEC17CB6EA6089DF9
S31AE04A23EEA53662DAC1D5763AF06AD5F801C81B090FBC9F1D3B77
S31AE04A24031B8B771D64D0A9CF68CEF5AA43EB2B66736DA037362D
S31AE04A24181FC4BCABB1726A1C6E1F43F239A365798100CE66C794
S31AE04A242D50452C3C423FF18463DAE0CAC0FE0DB983CCE7DE4AAE
S31AE04A2442D9FA1FD7E87E4CAAEB4568AE12D3A67C3A039AAEA2BC
S31AE04A2457B6F6AE3586A7542DD81464DC71DDFBF6B5C9CEB2B1E9
S31AE04A246C9EF626FDB81E3A8BF09A342FEB6153EA3A8DDD4A83F2
S31AE04A24813B28033076B4AF7422ECB2A7436E3421577ADE3209DC
S31AE04A2496492D0EEB55B2934416F002D325BD5FC7744685C1AF22
S31AE04A24AB1D9F92AFD0D06D63EF9EF667B73329AE5F7ABC137DAF
S31AE04A24C05C05353C9881F607B37CD56DAE33D1751155C1893A6D
S31AE04A24D5F3F5B7EC59D398E02694A90C3658C7614CA0670DB15D
S31AE04A24EAD0F4562044D2AEBAB133BB7D2772634C7ED0C3EEFA98
S31AE04A24FFBF2AAC2F26B1F67C3967E78CE03F7565C29FA7DE2376
S31AE04A2514FE4DE349C71D211C08D89EE60D7FD71AE29A413726EF
S31AE04A2529BAE64CA34D53DA1523645994E9930E3FCDCF7B27C70D
S31AE04A253E6D22ADA8185A5375F15BB582DD8BE997767BA1483ABB
S31AE04A2553CBD556A48074A2187404EAF9DB129C19CB231C9BC198
S31AE04A25682E950DC423EC2F2445104B7931DFDB784635B3AFAB34
S31AE04A257DA5ED79386D5D5C2A9EF75F8E3A235522679FBAFA79FD
S31AE04A259220D6792B80A50F5E30C7E020B0E59EFDB824384EE16E
S31AE04A25A764A26A809FC4DF8388FA18C4D7D730F258A98A15B2BA
S31AE04A25BCCF7D748BD6F83B46C74BB842B7ACE93595F216DBE05B
S31AE04A25D15988C7DC9329F449480E8C4045358E7FAB8E33953A64
S31AE04A25E68B652616AA2A41612207827DBCEBB8861BE56B0CB1D9
S31AE04A25FB1E3F7363328E709FB21ABA7B97F3AA0F120B19F558D2
S31AE04A2610ECC12EF9A85A21BE1AA3B641A33EAA075EEF23A54431
S31AE04A26253464C18206349471941B86F518CA81EB0D5D653C369D
S31AE04A263AFB746A0D316C22316BB5A306DFDB612AC66FF3AAB6EF
S31AE04A264F3D99010173029083C495A0D4DBF9FE2919ADF9A4E9D2
S31AE04A2664F904AADFB9A15C5AEA68D59B513118663D61A313C2C3
S31AE04A267982905F6F2B6D0C750266DDF30CA9E0ED7E0038D62EAF
S31AE04A268E41F0C55DDE0142E827A50AAD182E51592EF5E05B6B6F
S31AE04A26A389E826256AA1E756016EA4FFC111560F93B1C9D2C402
S31AE04A26B822F0F1F361DF509D41EFE42B712AC0F395C9CBE5051A
S31AE04A26CDB8CA8EE89426230C07EA75000F4CB0AF8352A4965D5B
S31AE04A26E28C5FC3D61AFFAEF37E4813BAB70BD1FF598C5E08D134
S31AE04A26F7065D76F33905628C887DA9F306307ADA1222183233CA
S31AE04A270CF595960DC0F7B7A8AB0EF73E7DB53BF77F471504DA3A
S31AE04A2721DF630EAD808966760B77C3CA752E6753F7533E1BC8BA
S31AE04A2736CC71873392D50F480712A0A4C3E0820D029A0530C683
S31AE04A274BF5859FB65DE1620E78DA72F921A809ED7ED1A2A81A9D
S31AE04A2760A10AE901803041BFBB4F17D14871CDF26C08B6D69DE8
S31AE04A277505358E232D65DA7C57A145CD29146E4A824F42E8341E
S31AE04A278A8E3DB3C8311A03E088A3DA59730518309BEF27134C68
S31AE04A279F4B6D3B51CC3883261F92AF3BE2F82746008264379F66
S31AE04A27B48560344BA2D7CC20DF898491C9C67412514EADED1636
S31AE04A27C96DB6F4693C15B0AC6C5C887644D4EED1E7C680B64AD4
S31AE04A27DECB5C3889103B04F09A053B0097D9010343D2C1FF3636
S31AE04A27F31C2E29B40B40C7475CE6AFDEB01C9972DAA6C76FA025
S31AE04A28080EF1A8785A4BF3BBAABEBC526E62C2C04AEC854462F0
S31AE04A281DC107B0D7C33374439FCFD01F1CBE9759084E7E2A0E47
S31AE04A28327030C35928EAD9C4A131242A23A97AFEB8936044C4DF
S31AE04A284702A297E8D22D2CABAAF6D88535FB72E9462F12B4B1DF
S31AE04A285C2370A7587434FC7E15CD91940458119CCE04E7B5A65F
S31AE04A28718D9C1F520498C07C6CADBF3F3C539D505EB4833BEB62
S31AE04A28862A118D12C38B653FCE7D8FEC957725178821D8EC299D
S31AE04A289B24DD7D21F98BC6A101964ECE8C7ABE1170FAD77D88A0
S31AE04A28B0027660D402DDACBE9C67CC2A8AB61C4D605FD0028734
S31AE04A28C54C53F12D6E483168967F8F091B499A54EEBE6D9E46C6
S31AE04A28DA98C0863B079E8A9E7AA6D4E9B103D395948B3D152D3C
S31AE04A28EF690029BE114893024BF904CFA7B4DACED8DC2C0A69F9
S31AE04A290434D7956234D060B2E5C647CEE47693FFFC9B32E81900
S31AE04A29191CDA798059C5B0D13F2C77E366AFFF1DA2078F16B3F4
S31AE04A292EC0A7EAC7C92708DDE4EC32C36B8B8C9F02E0EEB72EDC
S31AE04A2943BFDE7B5599BDFF2BB15AB889B5D2DA9BCD0A2FFDD83F
S31AE04A2958BB720D1772D8074ED1BFBDA209604D16650AED2B7692
S31AE04A296D2B2C2998015C61DFE7706DB61D019336E8697C9D1491
S31AE04A29821CDC3596C91CB5A1D89C45D9BCB21862BE7BC9820A0A
S31AE04A29971C75DFE4BD7B401ACE88802A78370A7D068C6C7FAEB4
S31AE04A29AC34339FDCED0F4762E7ACB5ACC55073B54421708A6867
S31AE04A29C1543C6998E659961A72384F6CD84D1A084D3DB970B43E
S31AE04A29D67A31174EA1561019000C7A603AFBBD7D690E0D2D5531
S31AE04A29EBBF51B81329CC094A6FFED7CE2D82CB4029313C499A3F
S31AE04A2A00A0E2F01624FEF9F1AF872FE5F18E94CA72B9FD0B7D26
S31AE04A2A15E2308B0510CDBE7621EA5745B99BFC0F79E3FE3D1517
S31AE04A2A2A50501DD33D6900BBF1B1294641E57D41A442BAD619F2
S31AE04A2A3FDD17B3DDB62BFD245B5ED32AB893066E547082D1DA66
S31AE04A2A54A1C86AAF3B45E3E701F70AB36422947FFF3FB0E13D17
S31AE04A2A69DD9AE5344A8DE3F861A42A10851A6F94F261DC6B9ECD
S31AE04A2A7EBFC1918A32CFC4C9B1F4ECD6037352756F8493D1C926
S31AE04A2A93060D67E740738D656A7BDE16849C3055C9E68BD593D8
S31AE04A2AA83CDDB6724B9C091A31D88A396C209576800D95AC7EEF
S31AE04A2ABD03D80F32BC62E8F3E8BB2FCCC8F4129BB38B40937F28
S31AE04A2AD2356EA34E3086CF05F3A2590F8A38B1F60DE69A2A3F45
S31AE04A2AE70B18423B4B21A43523DF8928CCAD36562CD477E9703D
S31AE04A2AFC53194DA4E8781215C7E59CA7C509111DE8E0E4DB152A
S31AE04A2B119451257C9788D40A6E6420A57000B97ACD795EB15A13
S31AE04A2B26451FBC6BC2A8F8A37FE24D6AA9E7E1CD97544A974E6A
S31AE04A2B3B7CB8E1FD97F34AB92A011C27F30D4F759142E5A482A6
S31AE04A2B50872B091169D3623C9A8263469CD06E7ED3D4F4DA38D0
S31AE04A2B65C35F0C7C64385068F613860FCC67BF9BCC587DC22C73
S31AE04A2B7AD75059BEBC9D762B07FEAC896D82007296E4BA3005DA
S31AE04A2B8FEE89D7912C395A2D981A715D5FC2CF4C1753E6D9153C
S31AE04A2BA468FE3AC75DA2BB0CBAE62BF70F7E7C43ED2E6AF494A4
S31AE04A2BB9D31F88AFF5803F2BAB9DD6333F50A816C46CE7B1DE8B
S31AE04A2BCE137AB9983C976AD29F1BE53F7A443E3BB721484063FD
S31AE04A2BE359F3B7B9ED7BBB2385E0C872681718A980760D7E9EAD
S31AE04A2BF876A36FC0929F58F4ABDC079F7CBDE9FEB2DA7DB52D9B
S31AE04A2C0D7F6184290F5BCE8D2D9479749A5E5041D05955AB0AC6
S31AE04A2C226AD5D5EE6400FA80E3F4363781029C3A356433FA56D4
S31AE04A2C373DFE9DF70628924DF9BD06EC96145F6CFF91614FF02F
S31AE04A2C4CF4106338D6E28053E5F086301914ECDC13D9E752BDB7
S31AE04A2C616A052AB50E547990BB8A8D5A62F71369A4B7CA1C7DB6
S31AE04A2C767CDF16B38B97503C2013CB2D08126C21D7A64DF79A1A
S31AE04A2C8BBECEECF51451225FDE9F51D38A036743E8E620EFBA42
S31AE04A2CA0642D94601EA79CB5FBF4BD093149BD31AD17F509CFA6
S31AE04A2CB583468E38BFB6FD79F84EDD622BA3431D918486DD989D
S31AE04A2CCABDF635348AC819B4BC098EAA1B4B40FF5E81E8C583D9
S31AE04A2CDF0A4B3810638DC48933A9D670D5F17E1DE260FC9ACDAE
S31AE04A2CF434587E17E277E0DB9219BF03B04324C8BCC98E2FF8E0
S31AE04A2D09378CBB89A54D6913F36A6E000C5E443DD449DE8CDEF5
S31AE04A2D1EFA75ECE7C0E53D46E975688184F5F671648F77501411
S31AE04A2D338B1C07485487FA6A2203EEA6DB68FD448FBE9AD59E8F
S31AE04A2D486C8248557CF7A91D13E4398E889B3A5F51013BBF2597
S31AE04A2D5D0F8CB0AA62B6EBC7273891A64768DEC9C731DF4F70F0
S31AE04A2D72127529617BF76708E4726514217D9A3C0A31252AB0AD
S31AE04A2D87F88A74208749B1AD754E68E0503F2F986D162D3B88EF
S31AE04A2D9C9CF82A1396E65C5835F59902F4B4123C75A9836EA87F
S31AE04A2DB1A50D83B3162D5C3B44992BD08223E31F869BF0711505
S31AE04A2DC6449B015BE390729ACE341A608378CB35A22DD5F00DF6
S31AE04A2DDB51E3591751EC29FC64273AB507B026D23D819B2C9A65
S31AE04A2DF07EDC569A6FDBA6B81020CD65C27A3ACED3C066EB0B17
S31AE04A2E0527FCF48C79867257C2CE4DC1B726087F1F99717D7104
S31AE04A2E1AF6D3B257D3D0F4F04CA5C2EF1331B557785D957CDB67
S31AE04A2E2F19593CA3E21928C3CE4933A982B40546957CF1CC8C59
S31AE04A2E4428CF941EDBF608B5AC5BE42B1C7A2B4A206FF809CD94
S31AE04A2E595EDB750B349D1EF979A3C489A75817A189C85D942D04
S31AE04A2E6EE9F3EEEF2E06E3E94267443FE93AB68FC817494883DF
S31AE04A2E83B1898A45FC44ECA7AF954B16693A03F04D791B79FB9E
S31AE04A2E98B728B778B23B430A121BE561E7132B75152BC541B0AA
S31AE04A2EAD32EEC3C084544399AD41230B05699F52798F513D096F
S31AE04A2EC2B4A1DCF3B1C2824558E584B515090C2F46B4E66C8EC4
S31AE04A2ED78910D09E9BB68ACE6BFF5DEA592C32733C3DD7C8EE25
S31AE04A2EECFD30A2C70FD42ACE66B49A08DF55A40FF0F604E6536A
S31AE04A2F01936E509AA293934AABE2EA88A721224056196166DA55
S31AE04A2F16A90D896A4CF688251EDC90D9AE76B9543BA3EAACAF27
S31AE04A2F2B4FC2549DF67DB821DFA382A4F5FA3ECC19F8D3AEEBF5
S31AE04A2F40D893856FF259135063807C65B3C954AED1C9A3F0C30D
S31AE04A2F55F809E263C03332C9890A38D6F3068BD422DE982E2F15
S31AE04A2F6A2C8FEB07F0505756ED0A49E48AB0EA4C03199E80DEDC
S31AE04A2F7F9C6CE9EB5AC439393E18753973CF9788E6BCA9F97583
S31AE04A2F94B24E5F5EC1DC7B67BEE82F9544634992C8F9034609BD
S31AE04A2FA9FB888801DD173259ED6F3CA224F5AF5A79E6A2557432
S31AE04A2FBE0C9D1B726A9A2A5F67F72F71CABBA87A8FF959C92D8F
S31AE04A2FD3BB07FE530D258160C75F8A433A16A1DA8E01EAC09507
S31AE04A2FE823F19E8B5815296A631FC418525DDD852DFFED950D3D
S31AE04A2FFD8EF7F60248A215CE76FE9A84154FF1689362026E256C
S31AE04A30129DB89CDD761F95E07EF65CF2717F87F157D6CEBDBA05
S31AE04A3027D318D4C72E4DD2278B929E5A0FEEAE003EB9326653C8
S31AE04A303C5EC3E35FA50F9BC38DEE9C9F371E39BBFDD1444C8FEE
S31AE04A305121B77D0627A960B028379C9010C960B2AEC0E0C77DF7
S31AE04A30662435D750BA32B259BCDCDA9985B743A9419FF02FFC80
S31AE04A307BBACDF5BCBFFA3B18F279AF78EF8DFBA7FB242D1BC7EE
S31AE04A30900CC6775E72ACA74EB802B6DD0B505A91BCBDF46C26AF
S31AE04A30A5F7AD866A8A905A3CEFBB687A70C60887DA70FD273EA5
S31AE04A30BA59600A0EBA329896410353D6BED13D537ABCE51B64C0
S31AE04A30CFF41BDBBCB28D76FD3E59B465C0200EC85DD850CA5E51
S31AE04A30E4ADF9F33D45BE413F0F0C7BCF0238910C7F88CF037DBC
S31AE04A30F9D80866DCB09742B0A8EB163BDCDDB7EA9347B93D1415
S31AE04A310E6BF6996FB6126D57C025B05810B38CC9B639C681F458
S31AE04A3123B00F9ADBC9C24AAA7A5D2DFDC97B378E13C2B930AC40
S31AE04A313844796F2D618C5A7CA8BFB690406D684A39BD3D7AEB92
S31AE04A314DE6A2AF72B250751C6B640C79A92F00BDE573785FAA3F
S31AE04A31626C4DB1D751EA24C495B39D8C1B58F610365101B69C00
S31AE04A317749EFAECA98F3B7DE968C7906D6C7E51913E102F30E10
S31AE04A318C278740F3035CFD9801B54A1727EBD68BB33C2C145020
S31AE04A31A15150C2302053381162715592290307AFD2A95A4D9C40
S31AE04A31B63439C55A172B614DF6C3552CF640AA5FF971D994B94F
S31AE04A31CB8B1E3DB8DFDFBE9D44774F60C97FFF7180E8CBD7F5E7
S31AE04A31E08403DAF89D8F58DE5A6EB82AC720BD7A23E3909D43B1
S31AE04A31F58C5FF4567FE01A766F2CAC9357DE33E65EBBA4F5A0F7
S31AE04A320AB68260AA325A448EFD43AC539E15F395C02CEA0F0080
S31AE04A321F096BE046869D5B32324286FBF695F3FFFD6D2456E6E4
S31AE04A3234FA8B65F91A3766ABCA07E02F746DA62479C2070462DD
S31AE04A3249C3B3B0F74DCF6AC8A6B76C75C2FD49C23D76EA9B2D68
S31AE04A325E46A23922BCF90BFC3EB441521A5361B252B5546569FE
S31AE04A327397667E3FB18517883487A1E378B4BAB210EE4CB91796
S31AE04A3288D8EEBBE7E9B38A5930E7A166C62DA2B2B865DB7F43FB
S31AE04A329D0ED117F9502CEF5CADDBB42184E6E2AE5ED7C9953A12
S31AE04A32B2C22621BA7A4B0982C916AC59E3053660CE6F84A954A4
S31AE04A32C768AE6A9F479DA7BB25EB8C6249F750D2B1DCB362BD9E
S31AE04A32DC938D2C6A4EBC7EFEEDA1E22F0D7782960E1A87F8BED1
S31AE04A32F12796C50AB747881AF6BE093B6BEFA2BB75BF1513A2BF
S31AE04A330627B739A3D5D2C32F33758E5A61E1F5B20C043901F775
S31AE04A331B8A67823A7C43400066D5114C8655DFA4D6A5521F3FA0
S31AE04A333016BD7EB060A5313F9820FC47B38206A7C7564E814CCD
S31AE04A3345609CEF8FBFBD1FA087AD68B6C9B8ABFA914B893B7FF7
S31AE04A335A828806B90D2B0383F253CCAC4BF35A7579455AA378AA
S31AE04A336FC2B5D7BD8722ECE556D68534E1C0BFED9882FE20200A
S31AE04A3384B9E0AE639FFD11EBC9FB9C6225404A68875FB21BFB3B
S31AE04A3399745F773B2157A32FED275C04CF59A94E4EC3ABE14CA4
S31AE04A33AEC0699FAABC092F7A92CCAD60DCB9AF6E5EAF6B926C67
S31AE04A33C33AA28DFFA81E2D0765D05B78C10064C2CAFD28320152
S31AE04A33D8BD14F14F41D7B849D31C895C725072D4D34C0542E262
S31AE04A33ED32B7C5CE8AF325B430FFB4F908448DB5A3CF78FA85F6
S31AE04A3402A61930A2C9963F57C1CBECC6F25FCB1C5071CDA990C2
S31AE04A3417B84148DF607E5D09108384EA4821F9E5D6A0A3F32F89
S31AE04A342C933F24D2E9B154D95A7A3F3B615E9C629003279F4F19
S31AE04A34414CEED8C26CF97F768BE4B5F07F57CE92DBCB38E11CF3
S31AE04A345615F1231E18D03444D62BE13185AA240C0D18C8A65431
S31AE04A346BD86BA7CCD3BE831735B3B743F9D8C3198BFD10D81626
S31AE04A3480C68CC7261B1F6BF9390515FA2B63D7639DF54DA94647
S31AE04A3495E4C2364D8873A40370CAC5F129075318EA61C835D282
S31AE04A34AACBB4A725A78E796D72E7898AB3082E5BFE400B24F367
S31AE04A34BF45227C46B96C1A84DAD4C7869DBCEBC6555F9B8A34CA
S31AE04A34D4697EAA081D11AC28E4DA1E41CBD54FAF0976B3DB8BC5
S31AE04A34E9192DBAF7A01BC473CAC21F5A2766673367980F45D85E
S31AE04A34FE2C9CF4C2A0D24205B06B507D17CF4E9CFD6167522D56
S31AE04A35132F451046146429B232390A865109130176E4E0F815A6
S31AE04A3528E7347DBF5ED34174932EA7D849ECC1B45CA5FA76DCEA
S31AE04A353D08BD24D02D5A7A4BB23CB9344FE055C1DF6E154DB5C0
S31AE04A355201EBBF5039F5FC485C2B859F3683C4BE758BB9D30F46
S31AE04A3567DE9FBB61056A7B501C8A991407F58A5400BD06A7E1D4
S31AE04A357C4A04DF7F0B3FD8ADAF90D846BF0DA0041AFFF652174A
S31AE04A359158031CF5ADEFD6C7839E85F3C2FB40B90EEE5FC407DB
S31AE04A35A63697E5678AC2E7B70931360992EBBC6C25E596019688
S31AE04A35BB2B39AFE33CB7D0C88126F9ECEB0574145D28A4E7B87E
S31AE04A35D023D6BB2082D950037A7DD197DB18FA8396C03874382B
S31AE04A35E508EB7C0D559FF1947CEEE0DAA14BD6C7229DE7DFF486
S31AE04A35FAA55FEEF113DFB50D124BED684BF3E77644EB366EB025
S31AE04A360F253D63910FA0B3750DB24C4CAB27DE7A0E676AE3887E
S31AE04A362493B20FFA9A8DD9D1C23298A18BEC1055A79102AF1B35
S31AE04A363962585925798F504165D0700BE66508CC118B7ED34679
S31AE04A364EEC4BB2F66E840654F8B7AF1F0D68FF9E60E6F3379B72
S31AE04A3663B874FC17475CA4B4DD6941FFC2C6A5B85A3B8919C77F
S31AE04A36782F268BEE16F5D3F1DDCDF4F5F7A1459CA678EF2973BB
S31AE04A368DA038C231A664FA5669E802341A93AF44B515F72A02BF
S31AE04A36A20AD395A8BE50E1A8112FFF59CCFABFD34A7A5F6406B5
S31AE04A36B7EBE734966524515E2D3E1C374015CC1B3B2E278DCB18
S31AE04A36CCA68EB71EF9B98165BE39299CD75CFDACAE708D3FD4C2
S31AE04A36E1608C43EE0802570C53DA9CCDD1C5BDBA1E3303F5A985
S31AE04A36F63347CDB2ECD3A6FAD718A7B54B77AA213BCCC216FF81
S31AE04A370B1460ED9A871E90B92E296D9A180A5343ED640D8BDCB5
S31AE04A37207B11BA5CB1A9821ADFA47966B091425036B62DC0FEC0
S31AE04A373538DEB9BAB17E872C975E6196C1151C76BF524613A086
S31AE04A374AE02D24BA89FFA83210208F67BED7BAE0180205BE8C2F
S31AE04A375FD17D83122A6BBA643E2E9A87B63CB9505AC5C5E34CF4
S31AE04A377480A1544EFE7E50436DBA9E93AA1A745EEF16E745CD52
S31AE04A378934DD4B9EBE17E9EBCD8EDEF8988B14B4CA8B3E60D574
S31AE04A379E2433280D11265883D896EE4CDAC7EF2AF5468973AA05
S31AE04A37B3E231A51375B939192F5B84FFFC2266DBFB973BF9B89C
S31AE04A37C8FE5F1F3E5F4697D723E2964233F98302FE8BA0156FB4
S31AE04A37DD912428ECB661ADD69CBDE2815B64CFF0241B090BB601
S31AE04A37F2DD2004910CC112E5B62E6378156CAAC2AE075AE1E9B7
S31AE04A3807167072D9F87F173EA51F63AA4456A256493D3C076D46
S31AE04A381CC3D092EC64A59631776D9B0B077F018A82D89E8E87DE
S31AE04A3831EB583A174D63593BB6122A06A01C886B93F78920DDC3
S31AE04A3846BA31039C7F61ADA6AFD5C59748D216CE69269D4930FD
S31AE04A385B1162D25E88CB4707BEF4A0DFB8B59679B8C9844945A4
S31AE04A38707256C09E3FA0880268A39A071BE71FDA5EB4AF74B1F7
S31AE04A3885489E9BDDF3A9C8455864868177D6EC158862A9E986E4
S31AE04A389A3CEE859D23261400D306FA0A9EAC4686D8531DB44D04
S31AE04A38AF45394BBC250915A1BEF52C8B437BFC5CE2183ADB36A6
S31AE04A38C4F48C087E84D0299E07FF83C25E763FFA1FCF52CA8DAF
S31AE04A38D9F7FA43D37F76ADBDC033147D3DCAB642A8B6FAEA7E01
S31AE04A38EEB49959CE7EBB2DF3B7014177BE51EC2D0ED5CF433704
S31AE04A39033F81D243B3B6DEBA69384CED2FD5FD1474DA5B5C585D
S31AE04A3918AF1CF6933D7624EDFA08915DB72DCFA525DFD9A38505
S31AE04A392D7756625A7DD10D143E38478F6A0AE820D528071A81F6
S31AE04A3942DE1A5E4ADC94E6F156097386CE4795977A96B1C1B08E
S31AE04A3957DE167477DD52D98C30D46FE20D7399B5D23FE8319ECD
S31AE04A396C9DE64FECCB34424B1A03FC7CEBD308D33D90703ACD5A
S31AE04A39814C5CF0E4F13D2AC8BB7DB29D78413E68D33A3BF0CA7D
S31AE04A3996F701F29E0BB800D375188C400C0EB6BA9028918359C6
S31AE04A39ABDA056763C742D4A219E76DACD41229003BCC6CCC4206
S31AE04A39C0133833D8C29C16F16408AD11364649B128413EA50B10
S31AE04A39D59BAA41381F0AAB4873A0D69E2BB9A7BAA197276CE854
S31AE04A39EA702CCAD9448DA016A3E357150EE0A882AFEF3E034F9A
S31AE04A39FF563DBB232F6E2C8CB51C7C71C23F378556E372BECD0C
S31AE04A3A14AEDB4B5144AE983C7EC1ABB4B30925BF17C4087ABB2C
S31AE04A3A29CCCF9F290D5D0D9E6C871AE9CB621B0B5E339D8EAA31
S31AE04A3A3E6A364F42F008BF584828DDC4E257D6DC9309827284F3
S31AE04A3A53A6C4682C2573AAD534735B0186D1E3EA45011F060E79
S31AE04A3A686321174A4902C720E191A711EB9CF777E9A11CE55008
S31AE04A3A7D697CCA28D3BAC9F9EC5A51864C7400A1B38D2B52861D
S31AE04A3A92D4CAD048ABEDD88934B04444C1E2ECB5DD60ED13193A
S31AE04A3AA7700370AF3360A045E50EB6C8FB9908BA6CADD8610CAB
S31AE04A3ABCAABC0A47D665E01A6E4CD29F875C6AF36DA7D2EA336B
S31AE04A3AD161B9AACB97E34F1AFA5F1F362241952EA6539E1DD6E0
S31AE04A3AE6AC1B16578FC060F2066B3D48D5AE14665D410FC75609
S31AE04A3AFB95E856BDE7744EEBFA0F80B573C5D42968D39C83890C
S31AE04A3B105ADF4E2B1F278AEB5BDB1AAF4F2AA3DFCBD4FCF6492F
S31AE04A3B254A4781A45116A0BD34898CFA7AE96959DA6AA2BEDCF9
S31AE04A3B3A9C9E9A92C7794F6CE948C355A28F1ADAA63DFAE30BAC
S31AE04A3B4FA68597688570F6BD1D591C3F972C753B7E6F66D0DA1E
S31AE04A3B642DA44F5BB45A10350BD5AF8AED275B08689C15BA5794
S31AE04A3B790A6BBCE168B6CEC4C0717EF028E08A98931C8DE899BF
S31AE04A3B8EFFF68ED442DC0C0752AA422AAE8FCF3D8E4F79C0B6ED
S31AE04A3BA3D97EDEAB275CB3ABBDA267DEA9B37D5D91EDC4A485D7
S31AE04A3BB89BD3F59850100DD7C38B483B258E006C060FBB1CF8B5
S31AE04A3BCDB45BB25685C682F4B326A7D3D4E43F6A330F5468B673
S31AE04A3BE25B5C4847A8BBB251B68B60911C76ADA8970C422AB317
S31AE04A3BF715662E318E0E52406EFC153F29B69CA351452C780B60
S31AE04A3C0C83D90E52D37FB174E7D3065D77456BE3B3CF3D326EBA
S31AE04A3C21E73322788174A19309B968ABE46098DCA4E6371AE138
S31AE04A3C36AE1FA55A8FADF5E1A682F6CAE4ED68D393DD724E4007
S31AE04A3C4BB9C51DFB793E183F329CD51F6EB26B009CDEE4616D17
S31AE04A3C60BC8E83355C95A28417EC9F9349F3CF1C0C79FBD7074C
S31AE04A3C7533D26587DDF38A0E30EFB4D28F8F6C9B97C4D93CBFB8
S31AE04A3C8ABF1BE6596D3266883361CE43C043A35F94D274676FF5
S31AE04A3C9F2F8306E569FDF132AF196DA1C61A4891126D3839B487
S31AE04A3CB4F8E5BB3DB7470C9A0D67D142C81B800268039B95E1EA
S31AE04A3CC969BA46D32ADB2A6EC709B7EB8F6E9061F78BD20B8797
S31AE04A3CDE431E81FA348FB34EDC37A741C47C9BE0F60C8C40CDB0
S31AE04A3CF33F218351D44883FDAD9704A37097449AFFDCD0C8F386
S31AE04A3D0838D6B7DBB02AF6C3440DADCFD3C0B4EF1F349429BB75
S31AE04A3D1D1D7778EC5D990D85F6345ED487436935B9E5DE4483DA
S31AE04A3D32CDFAAAF63E71889F8A3039D3E70FE4B4C2781A77945C
S31AE04A3D47B6F10A8DFCC44ABC5A387E2A067D3656F38A7C23C707
S31AE04A3D5CF3494BAA403686A0F3C9CC8CD1764D35FB6856C66E8B
S31AE04A3D71D85DA7D62F10A4EA0F2D2A8A70EF26F225A9E5E45C34
S31AE04A3D868B7C4EA68F13006FA1756BA64DE7FC56EBAD5FD6BDB5
S31AE04A3D9B29129EC7F5DFE16D5081326E66D19A8F346534BE467F
S31AE04A3DB030D626043C048FF8A6F3BB78E6E0C9C41A034523D85B
S31AE04A3DC52504990C8DDA101BCC2C03D47B9D1247E42F96009CD4
S31AE04A3DDA11FC36573FB207FF492F66EC0216D3CBE7E66B331711
S31AE04A3DEF3DF2D22E43BD72B1B1CB91FE244A63E04F12E02926F1
S31AE04A3E047B5344CF551DD10A88E4AC246A11F39CD89CE53C7AF6
S31AE04A3E19556590207497223101B17153C844B0BA9D6691AE3E30
S31AE04A3E2E5E1608383724B7E297D56C116181F284919778476817
S31AE04A3E4323518C27DFDB971D3132101763F0A6420B4231C3227D
S31AE04A3E582F9F773A5C91440FC2133953DDDF473E5A3B3787BAB7
S31AE04A3E6D9147227E0627B7DCCCF676C1CE565F157859C4D4449A
S31AE04A3E82A2A8CCA6AC95F7C0E34DF172CEFE198357E8F78C95F5
S31AE04A3E973A5872C7E07D51C3BD5B68C983FBBE7847631B4A6539
S31AE04A3EAC4346C36C76A8545D85E45943AE76C51F9EB2EC319C34
S31AE04A3EC10DEB663440E0D28A47252501E4901651AEF516FE7515
S31AE04A3ED6C475957F8738F9E78771657BCAD4B7C32343D3CDF9CC
S31AE04A3EEBF8ACE8A0C6E150751EAE5220F14559EE297C2A25A2A9
S31AE04A3F00B560482475927C5953927793143888BB36CE44BA742B
S31AE04A3F158E4A5DEB3087431570089611F76B48AF97013EB677BD
S31AE04A3F2A5B3C73DB8DE501B1A40F55C86806BA9C32C030685FCC
S31AE04A3F3F9A09A22135E9AC8918819D69A803906B06BB59EACF6C
S31AE04A3F545CFD9070AC057785DC5643D1309EC6E88C92F67919BA
S31AE04A3F691CB6C7ABEA702DFF8DE25C1E6B81495D672372454944
S31AE04A3F7E4E4F35B0A62B81EB602A5462F56EBBBF4C7E4E162CC8
S31AE04A3F93961928A9E66F02EBBC750A044CE1EB1283433BE48F4A
S31AE04A3FA8CF5482C304D2D811C292154F209E8055DC20A1B7CC42
S31AE04A3FBD07C024D87343C2C7C9EB05B13DE47AF12E5DD222E860
S31AE04A3FD2BC5B5CC897FB3052A171AFDDC18F58B034BFF1399EAA
S31AE04A3FE7A0FC24B679A3482A0697294407928388ADA9CCEDD6FE
S31AE04A3FFCCC5581AD3D355C268A7B192566D26A631B87C273CE50
S31AE04A40118F17274968D7D7D5B665EE230CF509FC3CE1750C1386
S31AE04A402616AA2A9808F60716D2AA6567DD993014C3D24DE89557
S31AE04A403BC23E9179DEF328B22B026878DBC5717DD7CDC44A2816
S31AE04A4050861C09F9242DD09CF604F317A97FA136B66CD2D6AD50
S31AE04A406505200C966B14A2EBAA7BAE316FCEC2B425E785B42A1D
S31AE04A407A9E4269E4A1BDE8229848571559AF741477AD6FA61F38
S31AE04A408F3C9317D96DF196F7A4FC4AAF890F68A7628AAC8DC815
S31AE04A40A4EB93B0E0C116A599BF41D596934FAF659246E2E23B7C
S31AE04A40B9DDD27A17704C3DF28D0395EFEA2E79046FEC1FE94E3D
S31AE04A40CE6F8855CB6E7A604BB8C210F987FABAAED3767B3CFA9D
S31AE04A40E32115BED740CAA2C0C68AD9CA1F5BF1DBFEDFFB7CB420
S31AE04A40F8038C3331CC187D029E36270C1415DE68EE6489E3CF2A
S31AE04A410D621FF61087194E6028B443674DC29DFB9EDC0F79AFBA
S31AE04A41222E7708B416B88EDFFAECE62F91888CA0D1B7ADA72779
S31AE04A413786ABEA913BBB080AD391183AA3B013E5DC25165E5BBE
S31AE04A414CC8880F3E6778FE2C3FF40C9CC2D94F67A49FC304BA98
S31AE04A4161FA079748B4E7A7D5C30A0F113F607E15CEF19EAC17E3
S31AE04A41762BA047CAEF0B2EE7C1CB60F7AB2771CD215F3E753EB5
S31AE04A418B3DCCE2AE22A7931959AE6BAA429EB102B0B005BC0110
S31AE04A41A0A91FE6CBBBC3BDBA88316596063DB4F766A11CFEC8E1
S31AE04A41B536DBB8EE48CDB1AED7DB58E8E0FA37D06E61386EEE64
S31AE04A41CAB61CEDD6FB088778D936EEF4A23915C5EEAB7F619664
S31AE04A41DF0C8CE258234FCEB0F1CA8FDCD6A159F1089F666FA6D0
S31AE04A41F430BA14275D639790995C15BA08C40D68EB224465B50A
S31AE04A420914BBEAB070DFBB9F8168280464715F847E0EA94916FD
S31AE04A421E65CF097FA494AE2210FB11F3708F0D65390DD8E41CF9
S31AE04A42337021322511C4143274C7C441286FB5BABCA1F684E046
S31AE04A42480714379146854645BFE1CAEE9043118EC61152B9BE8E
S31AE04A425D371F3E570895659E2C91C26CF21AB5B587A8D2B48BF0
S31AE04A4272156CD4B8378877361DD1E579655EB0A5D7CDBDEA12CD
S31AE04A4287AE264C8470351F742B01DAC4CA491FC898FCFE0208B6
S31AE04A429C19D21F78E35A4EE034AA178301F59D32E980AC2BA6CD
S31AE04A42B15F5E0EB69CFCA2A8E512818E779FC767C77F2D5D65E6
S31AE04A42C6CC285C88124E1B9E71E98B7F451291741EAB8C782114
S31AE04A42DB6D9FFED2BE83A6677C57F85E5025B32B54632BE4052D
S31AE04A42F025B2AA8D31FBD16BCF11FE7027C76A3C76FEFA580A61
S31AE04A43055315635627F32D2850BFEF0B346791261663532CB4DC
S31AE04A431ABD70424160ECDAE33C6476FF3FF27BBBCA9FE521B505
S31AE04A432F90D0F2015DF7836FC740DF3BA03430D6C157C09A3211
S31AE04A43443D3DFD8EC0A60D7BB06B5783C930B6232D799FDE3126
S31AE04A4359C16585C484C9A78E4E5F39CA5238E330CA0CB3B07E2A
S31AE04A436EBFA6345177042CB262F7779F01723A3A8440BF67592E
S31AE04A438346B6FA84ED4997D8050F25E43802D7C2A20F0F40F5F1
S31AE04A43983E9B990CC44FFD37CCB7C7F36102AAFA3A0F38D388FB
S31AE04A43AD13672A364C81404563C289D75F4747770CF3C9AFAA95
S31AE04A43C2DCA13BD38A36FC851FA9F04D8311980DE90213A58584
S31AE04A43D7BF31851599AD3C11E30A0A1BD5CEECBD7FD05AE5D0C8
S31AE04A43EC88DCAB1689D5DA979B31F80B5A23D413A736A7D627E4
S31AE04A44013D391DC4A4A42A57D29FB9AB1F856F534B01E613B026
S31AE04A44165163330F463703E62A4DDDB602F458AEFC0A5097EF23
S31AE04A442B206A7F3420D37EB106DED1EDD8A888686B79C832B548
S31AE04A4440B08ED9E9D7051E15C5AEB31C5A03D210E7677F43A4F3
S31AE04A445505665A10DDA61BE5245E942CCA7B4E2CB5D1E7BC5F41
S31AE04A446A7BC91384D4B548B673C31EA5291AE3A08824F205F455
S31AE04A447FBFDDF867F9E1CD6613A1C8B19D36AE899950E2776710
S31AE04A449457F2927FA9A6DC255D15B86DDEB3AAE328AB3112234B
S31AE04A44A9EBC4EACC8182401D4D1E8819B74D10F34D10338039AD
S31AE04A44BED12EE64B1431554AD552EF0AA330EFB83E2D41689364
S31AE04A44D334390320D3AF82EE847B9A8A8C245398EACA8E128987
S31AE04A44E836442C7D103FE6DD25011D169A4D4DA5BCDDE32893F1
S31AE04A44FD1BCEE0222C943BE13B6916FA50543409D727872D1F4D
S31AE04A451269530B4163CEF954B1FEB77215D6D81C31803FDF3820
S31AE04A452766B173899B716802882A684A0A461D4A7718D5A66E33
S31AE04A453CC9035FE5BEE2154D5A2C7B34476A4B73059CF014C41B
S31AE04A455169A2099E03F081EB791974C8BB4D96703B08A54F17EA
S31AE04A4566526985AD99CF534B9F678611981651A77810C15879C0
S31AE04A457B6AC9EF1243676AA4E2A38195C7C3BE5CD2D9D75BE60D
S31AE04A4590527AB4D09CCAEFCA73737EDAC515431E1AF947558FC0
S31AE04A45A5E90D9F7EA228E48436130F0F5D7937F30EC71BE4D77A
S31AE04A45BA8D0344F8841EE58535C1B18BE8870EDB67FE82489C8F
S31AE04A45CF30431D14BB2D1E681EE334F9AAC3CFC84CF2EAD16604
S31AE04A45E43684C66A669DFC0AF829B4D3C72AB91FBAFE2605113A
S31AE04A45F999BDECB64D7384C2922B58CC82C731F9F3DB89C07F95
S31AE04A460E15FB938AC9DA533E692118D4FF3111519C40FD70C7EE
S31AE04A462303DB287E8AF5432809B092E3D174B8758459DF418DBA
S31AE04A46388D428C6A8A47C1B834598001C9CA2DC80A475E0BC21C
S31AE04A464D853516E1AB86BCDBF8736BB0B5502700EB1EBF02DB58
S31AE04A46624D9DD44F4A07E73E3E711B2EE3A56CF2F4FCB8B896BC
S31AE04A46774BEAC17EA8755EB8F016C5857012C0D7C1232125C103
S31AE04A468C1696F78AE9602839AB1CD0BE3E47D053852BC522F08E
S31AE04A46A190AED2ED67CEF0E58CDECD55DE4D822D27D767741777
S31AE04A46B6F75E1D73D6BF812E52FC47D37927D8218EFBD431F611
S31AE04A46CBCD1EB7B19396A8EA14B5DF88287C653FD05F66C1D7F7
S31AE04A46E0506013037FDA4C76FC040F04B766E75ED0C85E305FBA
S31AE04A46F5BDB593198E23528D14714A40C2A0D915E659EF54826F
S31AE04A470AD2DE83231924D3706DFA922C8F4B69B04F195F4C76F3
S31AE04A471F3467AFB972B2213363A0C8D820C1398E212E02C62355
S31AE04A4734F5B1D6940DCF1BDFB258263DD792EA431EEF76198932
S31AE04A4749BD322C9208F147E1BBA12A91786803FEF1F170D53FFF
S31AE04A475E01EF5B3AFF2C8D7FBBF39D9868D4D4E03DA3B82BECD8
S31AE04A47730690FBA02B9D75BA3EFE319D92805B852F79F4240B12
S31AE04A47884588464CAA5BF461698CCB633B59004B851ED516356E
S31AE04A479DDFADF8D113A2055BE13E193F0AC465B908F2D7A5A3F1
S31AE04A47B2DDBFA09D39E6070B3110B065EDD0459E111507067718
S31AE04A47C7C83943165F8404A31791D217D54D0E2D25867FD7CA10
S31AE04A47DC49C7F4317E3E0580123248AA93AB04999546AC2EC993
S31AE04A47F12F2CB6D9898F457FB392E5BD6806D3832420B16FA20C
S31AE04A4806292635F5589A56FF8975A6B179E57E12EC275C2320B8
S31AE04A481B6B07CB14B6CEDBB8CC9EDDD6D72CA92B9CB5C643287A
S31AE04A483017B3A0827CEDBD3F3504D1F7B61B75BE94CBFA31B7AC
S31AE04A48452D5F7F5C84742A16EC52D6DE841A8D9A5503E5BA6C75
S31AE04A485A55AEC86D8DA1D0D454E0F013646CB19781BC04322D20
S31AE04A486F2ECADD29CC591E7691B7A54622AEF9B4B2D2EF5F2AA1
S31AE04A4884AA54BF8DF0DCB9DFC8BA47BB64E63004DA8ED4DCA97E
S31AE04A489962598B88BC61F7F139161A3B9CFE9C8431F9F8262B36
S31AE04A48AEF60678C8CA5E63B876B904F4078091D8B04EED08F349
S31AE04A48C394CE1EEB8D5481E9093E2D7ECDA10B3748C2D519332D
S31AE04A48D8E33ECD3275A2EC800F020AC041EF5B5866000BB8E62B
S31AE04A48ED65FB29306AFA1D9D01861C5CE4AE054460F8A8BFF521
S31AE04A4902CA98F4D327705C7833D32FD94D556EC17B54BD3799A1
S31AE04A4917D942920EC06673E045810E46AC081E8E7BAA19ABD1F3
S31AE04A492CC489F2DF99D6E8F999AB6640082BAC7B6D7314099DFA
S31AE04A4941D1219225130B4CD59C426648D07B0A9C0CE54AE9E3C5
S31AE04A4956D46F41CB451F9335E278EBE5C42E48D0412799659077
S31AE04A496BCFC3818B230F9F62CAA32E7C5A819024BF2B48302A04
S31AE04A4980B3C282886C6F26864DB5A1BDD7DD0D7AD976615BD274
S31AE04A49958A56BBABD64E860A9CC42392C1DB99EA80D0601CCB18
S31AE04A49AAE5898AA5416D7CF3F21E7F8234B0393C76B46982810E
S31AE04A49BFCC6C7EBB33EB9B8D89FCAD3BDA87EFD55A56D1CECB50
S31AE04A49D4F6CE3C9FD41203EDB2EA4A4D484B155CF0C9DA4439E2
S31AE04A49E9C09FE029234BF90ED24C5EA377CB2C85F25CB7C32DA5
S31AE04A49FEDA49D3DA392555A2ED33983DFCAC1CFF399B4FB1695A
S31AE04A4A13B0155A9E556CF06E3B4D0B9FED652743A87FD92B73F6
S31AE04A4A2878107AA51B5B22B08373B00098DD62C338C8EFF40037
S31AE04A4A3D65F048731BC7AF5AAFCB93F1B29D7F29F09EB076513F
S31AE04A4A522C41EBFA50D718F7BBEDB4963C60DE9D643EB4835C59
S31AE04A4A671FCEAF09E80111FAF8C43717A52CECF7BF4D8DD298B0
S31AE04A4A7C72E2518319166E54A763911A795A82AA8415B21AE8DB
S31AE04A4A910D2D4BD98BC8177C812CBBBA0AC5937BEC9A585D3B27
S31AE04A4AA6B9ADF0135A1EF1697A34AEAC305A3B841BBA7C833437
S31AE04A4ABBD9E4D125B3EE7A82BD18BE931F10EE192BE957795BCB
S31AE04A4AD05961B911344760772B0EB12C563A40F45929A140305E
S31AE04A4AE524938FAF26F52171FCFCADF17E2058CE1126FADD671B
S31AE04A4AFA8DDB2387F187284DE5C1FFAE9E2DAD9BBDC17E34F1F1
S31AE04A4B0FE2BA0C3EF1537F76902ADFFC21AA7672171F02A7EE2D
S31AE04A4B24F31234815AC3766D11684769691846B06C21FB0EB9A3
S31AE04A4B39D4B7128BF62A917D16326773D65247A702BCB3688B45
S31AE04A4B4EE6EF3C91D63A12024CA9CBE849328ACBB82472BEE8F0
S31AE04A4B63F1F64DABE169180CD0C42F755CF2FB63211843CA672F
S31AE04A4B78C1B50887A1F1ED05E53FC2AA1047B6C88D733F398909
S31AE04A4B8D1D98CBF3C6104D82D9B8738235855B189812EDDA9215
S31AE04A4BA20A83067F90C83DDB72CEDF2B2C61573AA818C346011A
S31AE04A4BB7314ADA4CBAEC0ADF44F1473FEAE0852ABFE919BB5D7C
S31AE04A4BCC1D680A9679DC2D346394580058DEC9F967E1A055B491
S31AE04A4BE123403C17FCEE036DC9CE321D16DF1695FB6C66750FA8
S31AE04A4BF613D649B17BE894F9F22618F1FE50CAB2AAAB98FDF8DA
S31AE04A4C0BDC141B4C9DF6F677EEA4D81274132E8C6A4D57D03E34
S31AE04A4C2052AA2EB981A0BA02A3DC7209EFAAC1E6BE9682DE3A67
S31AE04A4C35D340133262EA3ED6586AD9C94ADEE539AD0BD7C18206
S31AE04A4C4A28DDF109347A75C8D24E84D4F6006C59EAD169823F23
S31AE04A4C5FA455B66EABC3FCFAC6B59CCBB6F3B9638A4064A451C5
S31AE04A4C74BDF9D9BB11D0CC1071C3A3BE06E9D838D7F8ECC3BB27
S31AE04A4C8996A41ADC6B1CD3A12852FF67226FB9F1BCD45FC6A04B
S31AE04A4C9ECDC79026FD437EFDF7CC81E5F692022F418095EAB6F4
S31AE04A4CB315BD2F3FE5A46B0CAE7A16766BF16E3B8B3886B24781
S31AE04A4CC8B1AEAB6A28B6A52E210CCE721440DD572EDD3549F410
S31AE04A4CDDD726581CE47AA47C80AAA65A39A76E348F57B57300E9
S31AE04A4CF282C107ABEFBD40D4E376CA38175101362E46FC42ED2F
S31AE04A4D07175B6963D260F81D35B75DFF59EDE873E8A83C32D328
S31AE04A4D1CE0D863C6EF1997C8865EE56C52BFA32894CF5CF1A7A2
S31AE04A4D314BFB2A67D2DE68263BB85A6B009743DD54D8C87396BC
S31AE04A4D46B24113E990E8D59BFF9C7486975D86A5441E5B50D0C0
S31AE04A4D5BD8D8361D78B8F0E83DE71DD53C6656EE32C8C747BE46
S31AE04A4D700C10898B827FCD6AC3A5C9E9255C963446A65A1FFDCF
S31AE04A4D85484DA9F90C0D152867248E882C88095DC622D389104D
S31AE04A4D9A70994C407D7CFFEBCC006E869129650CC16B2D92CCBA
S31AE04A4DAF5EB845885676D19B20CB7D19C0EA1E72172B91E3BF74
S31AE04A4DC4A526A1133D40B1A70A81720E8673C492DE42C1537553
S31AE04A4DD9FB0DC9DB70814B8813AC6129EA8EA298C3EA63C990C1
S31AE04A4DEEBBA5AA3174EBCD71B8279BA8BB59DF77800E46DC620A
S31AE04A4E0322CE47858150DE8C2FF679D7175E09F2D51E5627A27C
S31AE04A4E1899E461B9D60F07AF6C6B8C0B986BC5AFA5A0D8DAF354
S31AE04A4E2DEC4A4280DAEFBFFEB1A9FC761751728811DF1648CA7C
S31AE04A4E4234E2F5007C7030DD257DE052A5B9EB253CFB1EF3A3FA
S31AE04A4E57B667689F765D05ACB921E2C3CF1E57E4DC86B85E4F00
S31AE04A4E6C22351BFA3A32AAA7A2A03BF400C0D711C2B9E490ECE4
S31AE04A4E816353DFEDBE7B0717D03540B27939722064204F106491
S31AE04A4E9699BD333A44045B952A3BDC6C41180CCE6D0DFCCECCEC
S31AE04A4EABF85041219237AB7568FED052ADDBE4C187CC1BFA32E0
S31AE04A4EC0BA21E7E169E1D385B0AF452A26DD495645D853116512
S31AE04A4ED5831C4263CCB9D449711765211A66A58AA66EEDC983A8
S31AE04A4EEA662CA45340742139231D4D74973AE42F7DC854706995
S31AE04A4EFFD824B32E8C367472F714769BB6D54562536314CB689E
S31AE04A4F148082D6E31EDB1D6A6B4336581D078642584DE1C2B7F6
S31AE04A4F295A4528FCA52A0F9F41999433222B32BEEF07ED156BC2
S31AE04A4F3E6D668C0D60CAAD2F8D5E1D7C734029CB6D82237B4FB5
S31AE04A4F535EA399D6509669B110966C8C4FDF86282AD97BA37C92
S31AE04A4F6874ABB1801FC904B7CFA9C138C8AB2DCC4A29F99D0724
S31AE04A4F7DB615C60AA63AD3466F70AE2DD48F6E2F73852551A390
S31AE04A4F92C6B60443A0ADE7D106640F59A31C51328284AB5DC62A
S31AE04A4FA72085F01916AE8E7EC63161335F2A157552C1F73E243D
S31AE04A4FBC863C2D2D0382E502BB95FB654D90F2DF9D46B1D972EB
S31AE04A4FD1021302CF16389E9E7397F35264E169E09B750D1D9E76
S31AE04A4FE6C1E72EB3D4649E12A7AABAF800322DD247C2DF80CCAD
S31AE04A4FFB46394C1240882097DE3420563D01DB5A847D0DB55403
S31AE04A5010D17705922D16474F4E221A29E0CD7C79D28B71C34E6F
S31AE04A50255C2B241B6082FB0CF35886FF87A5708F700E44C54DC8
S31AE04A503A0343590F56ED01070F56EB7D72D81FB78E822DD0003E
S31AE04A504F8D2532E062040EF196F578D918589EF1447D24B26F12
S31AE04A50642D4777AC18DD3FAC0AEC5AE6A45BE5D52E3D96690037
S31AE04A5079852B3B58C7A255BA5BF73F8287A3B8B81B07C2989E70
S31AE04A508E1B19F91935E7CEB06C27C2C56B8E818FFF17D7587F16
S31AE04A50A3106880B572EEA5ADA8CB816EBE921B837884029894EF
S31AE04A50B845E17413EE3B90CC415986709B2187AFEF57A0611D9B
S31AE04A50CD0A9F3BD4B57624DDD8E9154EC562AEFECCACDEA03B92
S31AE04A50E2D3B45808A3F257CCC322E77A6757A463EEC489680834
S31AE04A50F767ED62CC5B1F9046D276EAFE009F2571F3CD29AE00A6
S31AE04A510C5C2D90B4D55E8ABDC2397FD434433B348B11F35519E6
S31AE04A51213DBE9A10CC77970B9B8B38BF422D7EA2D1E09D122E85
S31AE04A51365EA80C6D7EE4919280119ADE6D714917E32A1E02922A
S31AE04A514B5907CD655C70DBED27C5B43D5D7713908C849DB64002
S31AE04A5160489324A71E2A7D4CA3F7CB56428BDAEB210AD4EEFF1A
S31AE04A5175C7910B2FBD733C3BB661C61B05BB498F067684EB2120
S31AE04A518A286596DFCBEF2B73459BD29C32F88E6DD83D10796C09
S31AE04A519FD863B8C1A5C66CADF8BAD3523247B05FEC7FA52ADD1D
S31AE04A51B4FD2F22E82B19A354F2187C56BFA91B4198DB884E213B
S31AE04A51C9C76D184F8572E5E9E7D7B33A5C1DE273D0BAA0947991
S31AE04A51DE3A81D92B46F15A00B561025BD60410D46DABBF8FB2F3
S31AE04A51F3DDEE4C71C27F07781EBB79DAA57EF990E3E4394E25E4
S31AE04A5208B67C2FA7F4A9E504840BEB37965582FE901293D7AA01
S31AE04A521D77607D42F61591DD68AD17F42884D2D207D2B8616D6E
S31AE04A5232C8B27BB9182D9D72F244A6283544E786CED9FC95967D
S31AE04A524745B798F73DB25C4C5EED00F7593DB0FE6A28632596CA
S31AE04A525CCB94AC9FCC6B018B23AC0E3AF31D61513960EBD6B1BC
S31AE04A52716DB888EC9779CFE6BF08044E71C8B4DE6EDE5E503686
S31AE04A528647BE2F119C4E408D033D3F200FBF710CC5F150EB2BE1
S31AE04A529B3B6B0B7266A1589B874C64CE768D9250FB9CF97102C4
S31AE04A52B03AFA2B39332E4ACDE80624623857452ACED17DD46FD8
S31AE04A52C52F8DA94F028C127417C3CD47454F0E366AFDB67EF685
S31AE04A52DA65F920B0D747CBDF9D418B637ED431B98AEC6A879397
S31AE04A52EFCDDBE64AA4F2929E69D1F099CF9A5D075FF9C41932E5
S31AE04A53047F8864A2C5746CE41A75BE3953B98B25B72B43488B94
S31AE04A5319770E5878986DDC75CF46384A888558B06F31DAD07935
S31AE04A532EB80886BF84028D1D4B7D7F7EE57E5807FA7AA94ED83B
S31AE04A5343C30901B868F3FF4A7D969447C67C832095962510C207
S31AE04A535877E5C3FF1B82B59AAA3D7F54FA374036F93E277A1FAE
S31AE04A536DEC163E4671D1803CA527D3D01CBB5B2A6D728CA26D32
S31AE04A5382866A5276A3E7E1A68E8B1F8FA4C0E91FA4DB81286A58
S31AE04A5397E11CCEE19C33A1CFDA5F6263D056243A07998ADA2B35
S31AE04A53AC24814FFE02CED3FFC4C4E1CE99A943A8DF30AC119E5A
S31AE04A53C1464D740F01B97B954C3F1A799D0E9E011D47EA29B632
S31AE04A53D654B793F468548CFF68A32D6395E008EE4FC5B4CEBE5F
S31AE04A53EB992E4891088A919F49E84D97E1ED248D4DD8ADA8E22B
S31AE04A540031DDC6658716B4195505D252366C482500893218DC88
S31AE04A54159AA3AC4CA4B801BDA95D5D63063AC01582345F5EE0D5
S31AE04A542AD9603284C0005C2AB64FC8C65F265D5BCAEE711B787C
S31AE04A543F27CB242637D5EB27ACC58AF2C26C7E03C56850D2449F
S31AE04A5454BB170DD69E762ED8431F63CEAD835D0B9CEA9363E6B7
S31AE04A546981E6E1BDADEC2E365C6FA938C1F554BE24DF1B3AE24E
S31AE04A547E44068485D28F0A329155365E46A41A40261481DDD0D3
S31AE04A5493A7BE8735BE23EF35ABEF056BCBB80137BFABCE33CCB2
S31AE04A54A884ED339395AA23E439BB6C8B48EE52E6BFBAAB103C79
S31AE04A54BD482328A7E8A716DA4CB86F1F3AF6FA7D36F971841B79
S31AE04A54D21C2BE22BC0390F0953603AF129294F3848F8FFF56ED7
S31AE04A54E7708DE33F41B07C8F04D0EF035567CC6BAE05C6A42966
S31AE04A54FCF945CA8A65AC06680BCB6094ABC5413F3F7C5C92FEF9
S31AE04A55115747FCD7D1918F5646995F11883BD7C87DB8C0E9D03E
S31AE04A55264D14D0A888CD27D366025FB348F728C8474626195D46
S31AE04A553BCFFCED1DA92E852A1168E0FE3F4FA211A13962065D99
S31AE04A5550EED8515689777D9D6EE038B52AF2EC279A3C9D6A3810
S31AE04A55657AF5239449C12F916B6A66F794894A0E836C33B46430
S31AE04A557A38AB38DF6B65A02469D1DFD2FEA3A1BE03C1C222B417
S31AE04A558FDD422D72923870AA694B6A594767F58994335DA7EED9
S31AE04A55A4B04155A8D6715621035A6C84D5F77EDB01330684DA0C
S31AE04A55B9B7792B9F7D41759E340A258B6E5F830E6FA84F3104FB
S31AE04A55CEC3D7426C124D18F7A8FD206FA7E36021FFCA94F0CC8A
S31AE04A55E308EB120874CBCFE276136F8525D11930ADAB3BD94E10
S31AE04A55F8F64F1C1CD7B82B07823CD8356653B97D0E57C0F22837
S31AE04A560D03B7FDF994FF8C8B436C69774094E83C31D38698AEA7
S31AE04A5622EE23A530FCB0FB13FAE4900009A010F0EE34DAA41AD2
S31AE04A56378A7FC388E4C70E5E5244AE7F0A63C3DBA6E115A9F3BD
S31AE04A564C66C5EED3D64E77B41E89092098889318932F49C8F47C
S31AE04A566194BEC16DAC10090FBE53F7F6BD2171098F607A6B5234
S31AE04A5676D7616EE540474BE9E1A5CD60A8B872BA517EC56D4227
S31AE04A568B0476676B303F9BA49CBD9DFB2EAE7B4067704C259A76
S31AE04A56A0D250CB82CDDDBD47053DF8FF5724E527E7716AE5CD74
S31AE04A56B53C039FDB4BC42428AC72C4CDBE6ED130F31030CAEED5
S31AE04A56CAD9EF32FB15D7F9DCF01CAD12343B3992F8662D28F736
S31AE04A56DF1CF918F444340677767399D75667F802FC926E615EA5
S31AE04A56F4DF9AF16A100A06AD5FFE8E03066CD7DD9FA5BCDAEEF4
S31AE04A570910F89C4A288B9D55890E0261BB5338FF446B0BA1B777
S31AE04A571E61A6663942EE15AD4B3BE1B492BE71D5BF6CE02A8D3B
S31AE04A57339287393AA74183477DA42AF402558D1CEBCEEBED4ED5
S31AE04A574874E3ACBD4551314348C49AF3FCBB1F7588143F0DDCAA
S31AE04A575D7E46A3E5BAD0E91DF7352B4F3F98BAF6CF79D55F8BF7
S31AE04A577239BEB16EC46F0511F0ADE9FEDE11B4F6BE76CF749B64
S31AE04A578710916BDA6DB7B9F78519BC63F39D7E64EEF6A5BDCCE2
S31AE04A579CEBF119AA4A6FF6C688725F7B2B8055E8EE27856F38B7
S31AE04A57B121606E4588E1224F01AA61A06A86B24FF8C75C923724
S31AE04A57C6C0EF6F9C9AE577A34CEF59689BD9953BAA9EA7EF83AA
S31AE04A57DB3FC4A1E84EBA2E258D9FE92E24EF2E47BB5AEA56D0B2
S31AE04A57F0CCA86CA79FCA2F6A97B28F829E385629009CC78282D5
S31AE04A5805B183E9A729AB0CF1233DA2EA25BD708E16AFA75DF93B
S31AE04A581AE4CA735CEC610B8824C4B693811C7E7C3923660376E9
S31AE04A582F4808FFB56E7124514986CE5220FCBC6D1401824D7252
S31AE04A584477E8E7B1B5DCA39C9921427F7329C7EDB6D550A0C74B
S31AE04A5859449757C4814C6515D731D1D880BC0AF3E7909DB234E9
S31AE04A586EE16CEB2B343A95180F904C8E13BB2EB9C4B9FFC00B02
S31AE04A58834E9F4990B6C91F7399C87307D417D50FA0FAA2DD9BAB
S31AE04A58989AA85685365F08E83B25A96DD4FCF25AA5334561E534
S31AE04A58AD9918C22061F92865B0C65777D6C49CEA7D5BBADC2644
S31AE04A58C28F8312EBAFAC065300496B6FE124BEA8E4064BD575D1
S31AE04A58D7B8BBC9EA19CEE92ACCD975CA2F6C930CF20AB0F53D70
S31AE04A58EC4C45BC1E9A29DF63065CAC602A1B8F97DCA2507EB32F
S31AE04A5901E8B54EFC9FF89D444B76707B01EC008060A53DDE3396
S31AE04A5916401FC15DB9D4F1141E0256DC55C084C64B74FAF815C6
S31AE04A592B24B076693948EC495CB26195057FB5762EE3642AADCF
S31AE04A59401DC8E2C56489AB3CC883D221451AA5607208BF79E688
S31AE04A5955CD91DD4877D5F77EA06EF62A302078BF5D708CC8658E
S31AE04A596A42F5362FA7258A603E33C6B06ED2FCEA34AB8F4F8C50
S31AE04A597F8F15FBC2BCB98A5E3DDC052A6C6792CD41D7405FD91B
S31AE04A5994C25332FABE4FB35278434A0360577FCB9D14AFD5DE5F
S31AE04A59A9782CAE757AFBB3EB0BE5C87086EC404AB022A965E6F5
S31AE04A59BE70C8D560A2C159E2D4BD8120BA03038397CC8C74C7FA
S31AE04A59D36B7E1DA4874DFA1EA5A6CDA45BB5BF13F2422079236B
S31AE04A59E8043603E59FA39A50A686644A033FE944060C29C05A8E
S31AE04A59FD54FA9D1882DEBC45A94FE4E31EED06FAE63D00F81507
S31AE04A5A12C22D4CBBF295EA79308673246BE5FB3A4551CA90F7B6
S31AE04A5A27D2F1E112B15E07DEE77D35963CEECD43835DA2E59927
S31AE04A5A3C68C1773D7365ABFBB14EA2D1A9504DCBE4FAB2CEBC2D
S31AE04A5A51BA1B3C825E91D788949FF826211F76AC5F6938391B28
S31AE04A5A66F251E1734F36942C07180394AD747BB82227DB3C0EA7
S31AE04A5A7B9A4BC5D7E546FB618A9469198B5908E66BCA986BD163
S31AE04A5A908CB42AD5AE4F2A848D4A1ACA499765694B96DC2F0E84
S31AE04A5AA538E028BA9BAE19A8EFD584D34A43A3796706ABD848BC
S31AE04A5ABA75A4317B7122C237899BF7E0A6BCD4DDBA821C751F5C
S31AE04A5ACF46F4F56085D9C040D777676313DA7F43EEED25EAE80C
S31AE04A5AE4A12274EC59F6C53579A750EB1B144CB8BDC053FFD0E4
S31AE04A5AF9960016A27AF3FD68D1DED3EAF2537682C4897EE96487
S31AE04A5B0E24D51D6BCBBFC4EB1BF472CA44D56A46C7A1837D8498
S31AE04A5B237D66A2DC353266DE6067E193360DED9BCADD2BF2392E
S31AE04A5B38A4EE55C34981BEA83738D310FBE169F30A0F4FADF8B7
S31AE04A5B4DAEB78455BF7247B0EC23C0DD2589D51168229400BD92
S31AE04A5B62D56A12993EAC0D1764A801867E319D4175B23A7FB056
S31AE04A5B77B000A2F4F426E2232F5B6B6CF603331A01D60972A7E4
S31AE04A5B8CDCF21DF3A3FB961762CFD8A4ED2A8B6F8F017983FA67
S31AE04A5BA11194015AFD7D1A5147E4E38A508969615F9C3D0379EB
S31AE04A5BB6AE1AB2A18C35F7D9F1AF3B11BC3ECC0764B3420CB22E
S31AE04A5BCBAE0D29697F5559E59E9D70AE57AE7BB0790CB0D8C5DB
S31AE04A5BE0DA0D27E0C72137AF21B9CD9FA3FB1B61CC0B992203CF
S31AE04A5BF5023AEA6D5823A02CAB35429B9C59FBA67EBA0521D709
S31AE04A5C0A745CB083CED5C7DA97DEDD9328C24A8BE5FA14A45F74
S31AE04A5C1F2AC645D63057292D4AD4570842F14D6B750FC304A7FE
S31AE04A5C348904C67BA57AC0AA5B90F40AC030DFA01E3EE52B9B75
S31AE04A5C495E55D60C3D803DE00CA6EAE4319F8E640DD136AD3C68
S31AE04A5C5E0CD19F7D90412F496B56860C196D850EA99F2B32A905
S31AE04A5C7359F48DDFD1AFA2FC6438876FC8BDBCA1EA49FFF76612
S31AE04A5C8830967122EE17272C9FC65ED8E4704F1A0C50B5194163
S31AE04A5C9DC1D3A34AFD22D46945EA8DED66FB0C994022796235C4
S31AE04A5CB282653F06FE1D20952D86A5C64FAA2BD45822A2B58F3B
S31AE04A5CC71318E1C628FF2042EB7CEC33AB57DC9A9DBB6D35F451
S31AE04A5CDC4F406BF37AD4A3152BED9C923C67921174638CC86574
S31AE04A5CF16E65A9417D8B0AA754473338CA3CD79A425B78B35162
S31AE04A5D06D94BE6C2A9474588F98E06CD1BACBD507E055453B6C1
S31AE04A5D1BBCB2C67F0AFE395A0A4852621D2B7BBA1CC950DE530C
S31AE04A5D3043FDC7D5DF6810DFF08D6D9344C45206627DD0540C30
S31AE04A5D45BBD0DB138F5749EF201A36E3E7C65BEBD81C928E5FC9
S31AE04A5D5A365A58701E0365178018C3DDA765065795C88162C46A
S31AE04A5D6FCA397D401DC5937ACB41D05BBB373BF9741207E10F66
S31AE04A5D84E71AE61C1F5DFFE2A9F7C7C60A2D4C896AEDE6A0FF65
S31AE04A5D99175A168626959F52C47F6CE4076B369D500763FCFF7F
S31AE04A5DAE10F3A094BDE0BB47CD0180937EC579066156E4E9AC07
S31AE04A5DC308EB55599E234082E8039B505988EE41705DFF730250
S31AE04A5DD8ABE241794867EEE9E7DD5286E1C2F16CB5557CCB4C80
S31AE04A5DEDCDE6E4959C0E972E2ED451890957A15C236CF386D1C4
S31AE04A5E02772EEFA681C015837C80B588EF1A2744D77956ECB158
S31AE04A5E17E5B5F8EC12503DD961BD4C06C490F0123EEE1882CFF5
S31AE04A5E2C5BE6F6A054E3F47A46C7DA9D72F49AAE536EBC512491
S31AE04A5E413555CF75919EBF67416311C498D0261AF76B7CBAE55B
S31AE04A5E563CFE1427EC3889DC4EAF643F154B9F44D920F0FC073A
S31AE04A5E6B4A07383BD97490F21D20B33A764ADEF0DB78448E9CE6
S31AE04A5E80546659CC914C088CE69968104851A417D0908A3A34EA
S31AE04A5E95983253E80EC8D51174EFDB1701420910438B29887C5B
S31AE04A5EAAB7879A90F1ECE4B631C8F341DC5A2CE443F1B63695AC
S31AE04A5EBFD8D3C98A2025915FB95DE0ECE4B04F7F31C5AC7459B8
S31AE04A5ED4F479D9C8B9DF746A53074FE852984AD56D29147472DB
S31AE04A5EE9CB52D1B7C01EBE331F65B63189E76FA804A71E6120C4
S31AE04A5EFE3D193B5770318BB9AC74A9B0E4255165BBC737C633A8
S31AE04A5F13C20511B81BF5DE144511697C0DA308F5B287FB6E9B92
S31AE04A5F288704F010636C40727CF754E118239FB852F63EC302A3
S31AE04A5F3D92B5A56875308B1EE06E8B4F8DC17CAC453AF2D1B4E9
S31AE04A5F525ED309C03A7DB0512F4DBE900E707AB23D11298E637C
S31AE04A5F67EDF8D894DC11A0EB9E202D029479DCBA379AD072B4D5
S31AE04A5F7C975935A60E318AF4B523D6845647DA6DD99474BADBCC
S31AE04A5F9128DB3E6B5B6BEE323BB18D59453882D375E9510C7862
S31AE04A5FA62650EACEF9D596F8E2D47DFC0F260F4E59FD35C974A3
S31AE04A5FBBB4CAE2343C5908E2D2358952D55E64FC3CC436B63BF2
S31AE04A5FD083DE8C732563E8C44A96D3DA98B1B4001A8506CD26D6
S31AE04A5FE501988D3FCC16F8945F69217CBF9F41137B065718FE9F
S31AE04A5FFACCDF674BC98666520C3F7515A7C9C4D69A4F467F8FE2
S31AE04A600F2C83CEA46A99EEB0540F9B95AEC5784AFD29E62D4D3C
S31AE04A6024A34454A406B910A2894DFB691F784D532B75F9EA43B0
S31AE04A60395F129F5BEE68EA07F4F21D183D5C882FAA1F47673A54
S31AE04A604ED41D143FD6BE93BCF8E735D127784520499A41EFCD1D
S31AE04A60634D6E6D3A30788A4608B52CBCF798648D14BC784C3035
S31AE04A6078767083A3454C1209C8B07330034BA7997DC70C727D43
S31AE04A608D301C092ECF6249568C53AFAFDA43D3FA0996449B9C3A
S31AE04A60A2AA02E6814B25838937E785418AEE15AC5B43A39F8BA2
S31AE04A60B7431631D0B008F8B9EB0B4010F6ED45E2389F9B3F5D83
S31AE04A60CC74AC6156DC625A3AF3C4D8BED2C76F0BB63991595E4F
S31AE04A60E1001D0327F6D00FB3AEC7AA4B4AE978B7775E89072B4F
S31AE04A60F6CECE5E0550054870BA88A8376A7A437616079D891444
S31AE04A610B8F5419FBEAD67FDA4733588F318A2FF937DD8F8AE4EA
S31AE04A6120E1512906C1829C7156237F1733F0758F9F01C47A5F16
S31AE04A6135D08E73D14E5F660740F703685D95B758592B2A208771
S31AE04A614AE7E3F1C167EBDF588DC1B877D5C025629582E1C4E0D6
S31AE04A615F65020F7A4F65FB921F6FB7922F3A198097E7EE6D1107
S31AE04A6174A77412293E521D9B3843F6E152A8A50EEADD63C31547
S31AE04A6189A42EEB148125380682079AE5D2AF6D6F0A4EF984687A
S31AE04A619E60AD2CC05EE967AD73D0EDA88DC2808C0DDD1660EEE7
S31AE04A61B36AA8E58A24E0A7399081D1E93881C1819D6EFAB92995
S31AE04A61C81C42B4F384D81AE449103D41B948B0BFE837422294D5
S31AE04A61DDC59A427142C918B23F60096EF35194CD13290404A6F1
S31AE04A61F26C0C19BD06FA7857C82B0A2D8FC0313DC68AE0148898
S31AE04A62077E1CF9091E119256FD823380BBF1FE57D92367AD0854
S31AE04A621C384005FBF09EC99E57070E2535B893169B97A816B405
S31AE04A62319A15409704D171EB64A1F5D91E28E42747B3E11691CB
S31AE04A6246EDC6E6F21FE6D79563D123CE97F4ADE8226E7BF72FA1
S31AE04A625BB7C5145E8DD193D042B6607C2F3B90B871AEF6396E0D
S31AE04A627096E0883F895E0F527FE0E363670F26CD0364FF651378
S31AE04A62853645ED2C00CE1CCB48F33E899D941543CCCD06265FDC
S31AE04A629AA0458981191229F89C19A10A4CFEF144E4C2E37401A7
S31AE04A62AF3EE494D04535AE9E317E815DE82B87141483727EF2AA
S31AE04A62C4C7796CEA0FA2FD925AC22F547434998782B2281C37A9
S31AE04A62D93AEAF0702E47A72846E7ADBCB87E336D6D92FDAAA402
S31AE04A62EE154E6D64E689DEE9A7925EEA22624DC69BBF17221640
S31AE04A6303A9FB900612F466AE444E265217CF6E03EDCC54F9CCCE
S31AE04A631842150E3B2CFE66CD07496B6FED990BE97E7402032D7B
S31AE04A632D39693AD1844958D87DE01A3EFD349D8FC4A8A86BDE12
S31AE04A634286959C64899CB722AE2F787C496A4156BC2350BCED0A
S31AE04A6357ED171A26BD1D10725B9614BBDB8271CA79172C8A784B
S31AE04A636CF6D8FA87C8EF56D0C2D825AA82DA1B1AE616BDC5C583
S31AE04A6381D23C0FE42502F3D533553B93ED03871D5D04533939D7
S31AE04A6396A74A40C5E9E40D27239641E764C6C756315E3D92F74E
S31AE04A63AB7720C25DECC6235B910472A79E05F93F3CD8C5B5C9E7
S31AE04A63C0959D32FE23AA2F996B00FB215F110BFB1995882AF74D
S31AE04A63D5DB0BD055B093686A54F27B93FED5347209F9C7B27F9C
S31AE04A63EA8CA63385EC59D3D248A87AEA477E2B18D46CDEF981A6
S31AE04A63FF1A2C197A49817D77C300A661EE0E3C08F2AE0F956A0A
S31AE04A6414BC6ED16ACDB2096AC3279152A2818398548C01F41CF0
S31AE04A6429035E7F17796B2FAA3282DB3D4EB9A49581F161971BE9
S31AE04A643E8BBC2C0D0D532D1D8CDCADAFAE17299E3F1A8E08C9E7
S31AE04A64531D4DA382BA4D1B4FD5A286511438D212C72DFA48024E
S31AE04A6468BC99E26AFE8D69EC3484BE9F06F1A37A5C015466FD31
S31AE04A647D356CCBA853081BB10EFE6BEE5AEFB5DF8D9AC3289FAC
S31AE04A6492DED413E892072D26C32FA14ECE08DAD91EB44727631F
S31AE04A64A72B0EAEF67285A42949F17C8843CC017176BAFA561FB1
S31AE04A64BCA2CFCAE7118C59AF3E7462945825069E2AF8493874F4
S31AE04A64D10E93C7101E46983DFB27C0F4F53DF14E63DCE0B78B2D
S31AE04A64E6C9D6012C826B90C6D152A5BB6106C14D2FADB020C9F5
S31AE04A64FB0DBC8F9C1D3691FEDFA6B434BF325AD8E5CCA904E6B2
S31AE04A65109C06573AE6F09567F7AC27EBF17274A1EAC581A17AC9
S31AE04A65252C95BBBA2379E5DE75D0B0047BB5D92DEF21648299DE
S31AE04A653A3B6DE5216E673DBF1EEC56C94E30B00C47F760C3FFDA
S31AE04A654F83CF6AA533231D019BA767AA51355983898D5AFACB48
S31AE04A6564237EE3F49A1C5CFB1C18E50D855C3A891C7F067AEC9C
S31AE04A65797F90C0820A8F42F6C50782EC59CAB7DCA54D073BF1A6
S31AE04A658EDC2C66A46E5EA3D92F432CAE1A07CE692525D2DEA22E
S31AE04A65A32AC0D6BF688BD7FE60DAD67671301A8A0FCD06695CFA
S31AE04A65B81BD0078CD162856967434A760FA7F8BAA4136DD8949D
S31AE04A65CDDC404DB164C70D675BC248C42922570391524AA9FE2E
S31AE04A65E2F155200BA17C62C3B11E0406F7BDE21337C72AA00176
S31AE04A65F77AA40668B8EBF1659D80F9E00877C59F48293BCB602A
S31AE04A660CDCCDD115DAF313252BC1129D229870B3B8AD1DEBCD03
S31AE04A66213570D60CDF22CDA3695FC4DC56CB5A9A8A0D556E580D
S31AE04A66361551D28A49E27D1FE9F13D7DA2FC81DDD729FA3EBB13
S31AE04A664B4D9F868D350903208165621111BF3BD268F955AB58BB
S31AE04A6660F75D97C3AA253F67E78656834A01F03F7770730B931A
S31AE04A667555D397FA38F12FB9CD46D69A3E6CBD771E97C071309F
S31AE04A668A5C2F0E8026F462CB2EDEFE74D6262E6891E89F8320A0
S31AE04A669F4DC55B6C9C8CFAA05A73E1B213FCB2DD0DD13E1ED40F
S31AE04A66B408E94DD0EF14B6215B3E5371FBB2DFF9B77CA70A20D3
S31AE04A66C9690D35ABCAF2FF2D9358FE48AA9B297001BF12174115
S31AE04A66DEA4A41998CDC16C1170EEAB265141F431FD47E4D85439
S31AE04A66F3E13891AF3A5923969999D482360CB631067E12E16431
S31AE04A670878F53B183ADA8889809E4253CE28E9A94D089AD6E681
S31AE04A671DF8FCFABB492E172FA2FCC9C670895928036A0FA67E8A
S31AE04A67325DA04F9CFC69AA0120E8632A9B5D41C2A0137740CD63
S31AE04A6747A1925FBF9348A669E5F42B73B7E1300906BAB903FC12
S31AE04A675CB5F3A41B12DC25BF05DC81503C621B12FB35D86F9239
S31AE04A677188EA8811A6FA41A1F32E7897BB29E6012F4663022E53
S31AE04A6786751D5FF5796F628AAB90137D84F7DC988129BAD88698
S31AE04A679B21B423B90827451D9200E7DC16FD39C7DBCCFBC4D7D2
S31AE04A67B0BD3465CA95F7A418B31283DE4849F4C3CD5CD0B549D7
S31AE04A67C59A815AAC02B954151EE6035CBC304BEEC47726FC85E0
S31AE04A67DA855926FC1D73FF93A496A0D6A7BBD70D3F64A11D44BD
S31AE04A67EFB42ABF3D0A9989D3D0FED79BDEF4748AF87BFD1916DD
S31AE04A6804A590B6E4EBBB52124201407A62B323FC1FAAF542D471
S31AE04A68198FAC6889B1E7683C895A359766F724FD30CDD7355E3E
S31AE04A682E40DA59613EFB392F6A1DF052B799EFD0C118590F3D5A
S31AE04A6843CA6FE2F23F0DC4D84DB0D81C732EC2DFEEF150EF8743
S31AE04A685833AA0794683EFDE605DBFA16B0D0B73C2C95796F1ED0
S31AE04A686D7E3309FCE3BA3B6FFD39339715A1C0F647136AB3CE38
S31AE04A6882666AE04BFCDD348079F00F6E512E60AB46B33F71B37D
S31AE04A689761FDF97A9A33B71C681D9F65E127547B2942A483A0B9
S31AE04A68AC079EA1D58035BFD28362C9936E5B588086D9A2158BC3
S31AE04A68C161FB94486689AFAAC4C4BC2B980743FD7C43DEC4471C
S31AE04A68D6DFFA9C4A26B484B0B1A58A23CD25EA7755A4358C0C94
S31AE04A68EBA9BED03CFD2BC1325E710B1E6102007F59714A55890E
S31AE04A6900AD3CC3FF6986A1C748A5F46E6288C03078F4F59A60CC
S31AE04A69151826695959EAB9887BD87AC0651C167F60694BF30C03
S31AE04A692AF0B3BAC299043DFAA76C775CCF01727614851C488812
S31AE04A693F61E6F9898AFB191DE466A02DD16B87C6E230D60952AC
S31AE04A695480761B27B36BFC1A6AF7C52B55EDE87898159412DC70
S31AE04A696986B9E389D391960575B633178899BD403983600DCCB7
S31AE04A697EF8D6FDA0794D5D21EC64A5A6B822EE607EA8B3DCE7C6
S31AE04A6993D1AE5D973D1C161EF0CF8103CC6C7D627D5539F32C3B
S31AE04A69A8C47FAB43ADB86F7B585BFE9CEAA0ECE844EB6066D5B5
S31AE04A69BD9324B901CCF66672F279AFCB2F85E9EA6ACF2811624A
S31AE04A69D23E8798FE396F6EED35916B6420BA1BBACD04CFCD036E
S31AE04A69E7564011F38E09CA67FA8C07B485C0BB5C722DE3BDA08D
S31AE04A69FC58E202362E4D7CE1BFDA04230489A379A7E1009CE49B
S31AE04A6A11195F4AE871E1C5D4209CE207C38627FED21F2D0C204E
S31AE04A6A261DFA39863A0DAC4061C9669397CF9F84F5874B12BFDE
S31AE04A6A3B6F638E971102E22DDEB8A348B9A1BD04BE4E01919E25
S31AE04A6A50D2890086AFBEE249AD933A29C90C5007FC798E30FD89
S31AE04A6A65A30EB8D5F126FE9EA3024FDC0D67FFA4986B04F562B6
S31AE04A6A7A69C8B5CCC34132044E6F7E9B0EDD4D4F3CE4F4628197
S31AE04A6A8F9CB4051CF31F001859DFCE42060158060DD92569EC1A
S31AE04A6AA49744FE4E542C6DCF4A9022E34A8D9BE403EAC1099648
S31AE04A6AB9F150762A9192A904F9073B6A77E1084C36D19836447D
S31AE04A6ACEB7E2C32030214FBD0346336359EBF978F2FA5A1B8F26
S31AE04A6AE3C3A8A5BE52268093B353B52BE97F0F2877108AEBC8CC
S31AE04A6AF8EF7B4570E0D0283F3725BC896340DE735B5D32A3D130
S31AE04A6B0D48980BAFDE614A4225E6F08F5777AA9D542AF66F9CC0
S31AE04A6B22D081A3ACACC474D5AC35F30E228B6A774426CFF669CD
S31AE04A6B371DEFE85560271D9B1778F4EA708D8DDD58D44E26C35A
S31AE04A6B4C51B19ADA4645B66E17D88334E359C4993FFDB21EAEE6
S31AE04A6B61F757B94E0DAE02D96D0587FD24636245E1B17DABAE78
S31AE04A6B76A4CD185E8D6E219881474643ED20A9D14C41464F96AF
S31AE04A6B8B8F86C93C3FFB7B5744762A0EBE258305C86754A62BEE
S31AE04A6BA0EFA459954B741FD2ABFBFED1650C4A2D04C13A35509E
S31AE04A6BB58A55513A397FF2E5AA89097B2EDFDE233F1C32040448
S31AE04A6BCA3534D73D493F0894C4B7DB8CDDFF19D77C6E3A848E01
S31AE04A6BDF6BB83EEDCAD310D87071B21C71745FF8F4DD0EAC0523
S31AE04A6BF40CD950B2FF82C106E77893E81E96220339330B77315B
S31AE04A6C09131FC9402D26EE73EEA710DC6F25047932B94F7867AC
S31AE04A6C1E0EC18EBEC7106493F9936EA42AC61EEA860A859A11F2
S31AE04A6C3342370915E88C05C708F8307E5720E0B92BEBA29DD35F
S31AE04A6C4826E4566713ECC578013B130DBD98F18D8A70E26E0B80
S31AE04A6C5D3C9779E82A6DAD45B961AC78068797C75A5D082DAA76
S31AE04A6C72E02CAA6D735B15DFCAB2F473C87B6ADDB2CFD2328A7C
S31AE04A6C87C3E597C3CEADD6BBC068FE8696BBD5431B85F540C30D
S31AE04A6C9C06245C0E20B2ED74DAB5852842D9E4049CC184C845BF
S31AE04A6CB1E84B32FD9A1A337677DA916B58E34604BEBD549A7430
S31AE04A6CC6190C6D93194649A0467BE1A361BACA434ED38BEF3FD5
S31AE04A6CDB77EC3FDBAB0D27926FB8FF91309F9D359DE21467CD67
S31AE04A6CF0711686E71E85FB1D63516547F233F057485FDEC0534C
S31AE04A6D055362A998C26E8AA0DF1F6D8B1DD7207261DF429CF768
S31AE04A6D1A754FBC57BCEC3418755EC7C68E39DB3B6270BFA88073
S31AE04A6D2FAB1F6E9E41EF91398D4FF9FA19562B14125541B58BEA
S31AE04A6D442210301E35A850865AAD75490A27D8EE1CF018740A79
S31AE04A6D59C5C38CA5539ACFEAAF382F9CB2C5F94B10DF968B55C4
S31AE04A6D6E952A591FA35979889CC848A7FA458F4DF88E7BCEB8B7
S31AE04A6D83B7EBB1C73D1817147D818BED2492DE0954980888F4AE
S31AE04A6D983E0FCF9326C1775D201D8BFAC21E92BF383A325FD581
S31AE04A6DADEEC8D21D65CE43622E932E02197B77D1672542421433
S31AE04A6DC27AF5DEE20EEE8302A85703B8152B0B5E1ACA6D536D68
S31AE04A6DD71AB7C6C652A8155CBADFD02FF5D977492E9A9E21B151
S31AE04A6DEC368CDA63324C0D0A4E6ECE88F40330101A2996037831
S31AE04A6E0131F6C6C5634E32B48CFD4B75299B29729D4D12686394
S31AE04A6E16D527F21887CC91FA5190267A1704BC0BCE078B53AF8E
S31AE04A6E2BD93A96515DEE28AD8697E9B28598FF775682C04710CE
S31AE04A6E40ECFCF83FEDE4CA64EAF216DF4F14D0193BBBEC852C3F
S31AE04A6E55BB8997DF7B14E4BD6F339981001F5E8BDA72D64CF6E6
S31AE04A6E6AB808921D9A19F9242DE76002B1187DBA1CE6A72A1D3E
S31AE04A6E7FBF1D7565E7F92DB0484447BBB33371FDB6EC9B89773C
S31AE04A6E9487F0221D86FB56E57796461F0A28D72AE25B7DABD766
S31AE04A6EA975C1EC4DD5C8CC9163F1CE46A9C8D77FBA393C8E5CF3
S31AE04A6EBED768F278CCB789B0F1DDF639322F53CE261E7A9684D3
S31AE04A6ED38DAA7032CF00B2E901DE64D8EEF1D859C7BA24D8721D
S31AE04A6EE8EFB166D53052D92ACDFDB4B494D0128DB8B348471CBA
S31AE04A6EFDC0DB4B6A05B76B2D32BA86E783A0025666F3A70B537A
S31AE04A6F12F14A4782D0545EC426E08AE0CF6207419AC221EE8C10
S31AE04A6F27AD31335B42E9585CF456B1407BD364963ED5C1F39FF1
S31AE04A6F3C9F07D2A156EDB56E2ABDFF6D471BFF5F5C1F8D8A09E3
S31AE04A6F5193B149D409A43C0EBAF8E3A5EB60220AC12CE260EED5
S31AE04A6F661CCE01BC5BC472507975597A23392EA8E13CB360C279
S31AE04A6F7B41002E340ACE9E37A4246723FD6CE6B9396DBD5F590C
S31AE04A6F907A66DAB56D0250B8071EE35E145B47B240B80579662C
S31AE04A6FA5658EDB3AC592328B89C8FBBFE36E1F5BB96EEBC30DD3
S31AE04A6FBA81DD37D48B09AE132CB9D3703E018DAC21C060FC4FA8
S31AE04A6FCF4C1EF5D0D9D22B5EC75276EB5DDE0EF8F78A00736605
S31AE04A6FE4E8C4B4BEDF03469AA4A70E837B163E30505D62DC09B9
S31AE04A6FF9575140B6C0E72B69BBFC5C98430E5E5D337B7161C47F
S31AE04A700ED7E9295480959638C1E8E0C670349520605A12EAF5CA
S31AE04A702306ECEFE7510C2591A56455427F4BC15FBF9CB7A44CC1
S31AE04A703850565F773254A413069EC1F656DA98745A0166DB899E
S31AE04A704DB9308C4539BCD4DEBB4B5E65C5F5D8FCB6172CC5B6D2
S31AE04A706260A025DE5427D698D970F3CB6B98705948B8029AAAE4
S31AE04A7077357FF738080E4F41D464482E71695C9C4934394A5576
S31AE04A708CF59EDE9A8BC076C91353AB983AEFE92062078DA410A5
S31AE04A70A1F3198ACB0621942DA614CF128B4C35A0E46295B04649
S31AE04A70B6A003AF40D665F55ABD5C226D3C771A5510C5060D21A6
S31AE04A70CBFB09273C16268EAEDA639D0A225124B5B05B9A6F0657
S31AE04A70E0C1A53E0E393485A32EC58CF62739A5D9085BD25C59E7
S31AE04A70F58BCD920994C07B24704127FB9AB7474678F9497CB9D0
S31AE04A710AE40E748CB1A815652F8888A6982BA1A5D982C291D50A
S31AE04A711F7CD29F8BD6AB4212B04CDF04888E8BE3626A70526984
S31AE04A7134FAA38B93FD2582FC726DE0D7894E1CBCB135939589DF
S31AE04A714975C277ECA21AC6FA6EC6B51D8FF6C8C9074F80A2F85F
S31AE04A715E9A929E86953DA257F877ED5017A9793F82341323328F
S31AE04A717368781E62EE81AE1A07D4503D85B89A477648AAEE055F
S31AE04A7188C65D28374C87C181B68CAAB741228C14ACC36C463133
S31AE04A719DCE3B013440B5EAFB04A85CEEF97A6B43C0A13FFADE06
S31AE04A71B2FB8221F40700111ACDC07956E9F61C3D30E60D0EC847
S31AE04A71C78A3D53C25B36FF478ACC93F2EBFE2F5C43E54FA8ABB7
S31AE04A71DCB3D1DB042C91FE303F58689597E8205A663CBF39C336
S31AE04A71F153156A7FA7D903CE47240A74842E070ECB61DC3BB90B
S31AE04A72062F68717809E5BD8B9BF86B0F7008B60F87A410D6D55D
S31AE04A721B2076997228FFBD44F361AB13650ECC689B16B9962A82
S31AE04A72308BC7FCBF59B375CB63B4F2998659EB2E5D27E3139913
S31AE04A7245AB0EB6CC5CD822E9189ABE7CD6ACD0A17431FB0546C0
S31AE04A725AC24274714EE117C307A5B11C40199A6B1560E1C9B354
S31AE04A726F4151B42EDCEFD28669BFD0F60895DBC5A898F3870F4F
S31AE04A7284F15CC961B11EB1C0352F89FED57642AE3E4978842342
S31AE04A72995D737B4788CD5C13ACC886DBCD880E16C89E3D314FE9
S31AE04A72AE926F3ECCACC3C4C2FDA2EE48CC89AABECC87E629DFC8
S31AE04A72C3D8D0B566E95C5540FB66B4AC1DAAFEB8326DB3848E47
S31AE04A72D8030936017B4BCD82589F841748F0F7FBF9324476C9AF
S31AE04A72ED544DDBA9B0689737D3F62D7B688C9B07D802C4CD21BE
S31AE04A730230287FF93C9E5C86DA89BFD3F7DB7FA021995BB5A961
S31AE04A73178CC67935D6BDB134D64822CA0DA4F59C5D1D4BE04781
S31AE04A732C7CEACB3864D055D5124EB2D7BDFD289C48AFB529B960
S31AE04A73419AF2B2B2361D0A504B6C123CAB180F495EFF41ADDC23
S31AE04A73565221E2461631489AA6F7353FB2BA81BFD2D4C4A488DB
S31AE04A736B9670D8710156D9E58F2D283FF3E17C7C55E36462ED9F
S31AE04A7380068263634A1E108F3BA9AAFE979D24FCA484BED035A8
S31AE04A7395FD4FD32DC2DE93081A36CE53D476A5B881667D73DC61
S31AE04A73AA44B2178DDFEAFF3E461F1E7E15730E73970227AA1971
S31AE04A73BF2E0AFA0610AC2D99CF43FD27F20E27E0B9F8DB73A1F2
S31AE04A73D49ED3C9D271012236AC1E166BCD16850D4F433CF0F52B
S31AE04A73E9A74EE56464810EECCC070DEBB4DEFDD46134B1E55E8B
S31AE04A73FE405563F7AF561ACC89D043ACB3F2C5852AED9E3380D1
S31AE04A741321AF7724995B1F9986472122521A9FE49B1C54D094AF
S31AE04A7428ABB6656834FC76A1F61C857689F8335AD4A45B37C0C5
S31AE04A743D7ED6436FC92C65FD2C847BB3DD703E896B3459933EF2
S31AE04A7452EB6609A834E16CC05C6718658AF0D0400963B16A75EC
S31AE04A7467C5CD9F34AC7CD65B3B45C5AE210E916D9D8F11A34DD5
S31AE04A747C20280A6ABB20C984FA6861C2E864F945295BAD2AC0BD
S31AE04A74914580B05860618D7CD0492A65484DBBA5BBAF54A3C958
S31AE04A74A6BC9CBF0681C7CE8CCEC911DC222073D303B564D6E202
S31AE04A74BB8E1CA0A9F3A4E03A30059B5F29F3D914D23F708E4160
S31AE04A74D03263F9D8DAFE69055651C69C6AA220F69FC63FC49A9E
S31AE04A74E50A832AF69BD63F5DB74951DFEA9A58A24FA53651C7B8
S31AE04A74FA72ACE199F461EC7C2B11088168DE18BB277021109AB8
S31AE04A750F35C6A1CA762556A5B6C29E70C87886E300DEF618E33D
S31AE04A7524ECE2D17B3257D52DA33C4C6556DDEA1780BAC31A564C
S31AE04A7539C919013FC4E19A95E096A16A670DEC209CC1C0EC1DF0
S31AE04A754EF7C176DFE65E37F95F13E8BF7295CFF15251A5F3BE9E
S31AE04A7563334FC8C8446B9CFB83E8FF551EB21CFE8206BD102469
S31AE04A757875BECB6336F2BCB64ED8768914D0B2E546510178A87B
S31AE04A758D80C28DDEC69EA181DA0E4187CA3C3679843EEB817E75
S31AE04A75A22E286865DF304996EDFAA149BF97994160CA407D1497
S31AE04A75B71EF7FD2A492CB35DA5C54ADE2FFAB9371DB381A05DD5
S31AE04A75CC45F35A62C56CBB27E9A14A5C6A86513FEBAC72842B0B
S31AE04A75E1E3F777F36E45417D1807A42604F03A40576BA22BD8F2
S31AE04A75F67A3BD2D3C61F163F0093E747390687595A960462C6C0
S31AE04A760B5F48CECFEF9402A18E0DA0F144CBAF43FB3CB8995EBD
S31AE04A762059A8434D221D3873CB04876C34424CCF4C7A9ECF2FF5
S31AE04A763572C169AE8AE61259C6E6F5594DA86F4BB66996D8AA0B
S31AE04A764A29758226706414C369B5208A934A0B9F3E0F3347C430
S31AE04A765F0DAE07A60B6F229561D755E9AF8D0F5A3D89BE7B092A
S31AE04A7674808CCD80EEAB0FC7FD064C6D43105D3F43E87BFFB108
S31AE04A76892E56CD90001FABD67D98EC8CC5DA41FFD4AF225DE3EA
S31AE04A769ECF0B4B210DF9694BB0BA6E96416E17B4751820EE889C
S31AE04A76B3A34ADE531629F4A0F75EB15A9281AE0C8B69302368C5
S31AE04A76C8A8D0599B135AB8B42C18F4F30C385B20ABFE4C2D5BD1
S31AE04A76DDCE0AA3A77544F1740EF66C260DB5907A618992492FD2
S31AE04A76F20CD03003C3F5FE3DA94BC6C84A2A4B16531FB857A5D4
S31AE04A7707D01979B4DAA563FD1405D6FB0D6BF554FED66470AB4A
S31AE04A771C937150F31372E194682CB6D2724FE640F281A7A040EA
S31AE04A773144413B9F855C4A6C3727F753F04B51DA96CEEED45495
S31AE04A77467F8E5C29C176C3D762220AE8AB43DB9BD7BAE58EC4F9
S31AE04A775B741E6FF9FC9AE74B76F8CEC51FE2B465432DEE01436A
S31AE04A777090AB55A77BACE12BE486875F97508EE2AFC7B14EE866
S31AE04A7785BE07328FCD05AF10744F2A973A1B2D00F99DB8A72E7F
S31AE04A779A138C474122DCB4F15B9C3A6EFAE3900EA5468DBCEBA7
S31AE04A77AF5019E69F1FDD96CDFCD6AB6FD19818518BE28C552913
S31AE04A77C406820D930B46F5C823BD98C26B3B75FB126F34E2E182
S31AE04A77D99983A6C8031030A91D80A8B89CA3E257DBCD71925481
S31AE04A77EEE26020D9EEBB32D8561602CB3D83D6681A08D137F90E
S31AE04A780380EF07BDB6D87227880EDE4D5D7E48F7A02FEEBC6032
S31AE04A78188831D3DDF4372245E575541861611A655D580AA01FAB
S31AE04A782DC495DC277991D597C0866D3556A90A91F362EF9AB72D
S31AE04A784275E29043167B6BF99DD4EFBADDD435BD27212A01AD05
S31AE04A7857150DCAF4042E4DF02F4AB8A2B8A7A38C65868B91280D
S31AE04A786C85C6DB6AF50C9E0C4D712041601C40EADDA418CCFB77
S31AE04A7881465CEC73ECD9B839C78B341BBE1E0312144DB17C07E4
S31AE04A7896B9D9CBC65483EB77B3F2FC5B81817A39A2F9549FE230
S31AE04A78AB04F936F80C615B12CE2F27CF0DD234F2562F0A83EB9E
S31AE04A78C019EA3647E2250F936BDBE4A93A976E25555A7FACFA4F
S31AE04A78D58243C60CE2BCAADA1F4EF36AF3D185382189359533C3
S31AE04A78EABDF5A237579A5F375734D2A3EB818AD782EBE2469F46
S31AE04A78FF5CB763B98C71102A027ADF95FB5CA0B4D145A1DB05AC
S31AE04A7914E553EA65B9A6DE275E8010FC687C607B7BE2503413A6
S31AE04A7929A2AF0F1D928FE42ACF0FA537BBDB519A9908C3C620E8
S31AE04A793E9F014F040E15B570BF46F5384A00D858ECE098CCFFEE
S31AE04A795306A167430DC08480C6CAAC83077FDB359D17484AB77B
S31AE04A79687DE7F59A702F6D61C17DEC4B29AD971D61B6A1B361AF
S31AE04A797D8DDF1CFB53D17D145A92FF4A1FD4923BC00827D6E5EE
S31AE04A7992331EEDE56E9EC6D473ADB46977CEAAEC4771FFB30461
S31AE04A79A7044362927661AB80F7DBAFB86365F9FD64268C5224DB
S31AE04A79BC53841814ED39111114AB3D6BF0F27123D53285368814
S31AE04A79D1038620631C19D4B9A2810FF99EEBC640B93358175A34
S31AE04A79E65863618D868F414BF6D3B46965E7EFDEA8FF7F78E095
S31AE04A79FBC3BB95A8BC53F2C528FBA93868CF88750EF8246225DD
S31AE04A7A10BCE1649671288B98E1C22986587FC1B72037848013CF
S31AE04A7A252C52ABB2C375C2871F502C1DF1DCD0B56DC2F78920E7
S31AE04A7A3A89B3EFE19D0A642E40305AA99F190B89D0AF98FE7975
S31AE04A7A4FAD53C587C0AFC6D309A173C4F48723A9A3D5E9628D26
S31AE04A7A64767D62D7A2B2144B2AD122A135951D0E18150FE6E445
S31AE04A7A79CC328CDC2D179E94F644F84FC2B796CC91BE8C93EF33
S31AE04A7A8EED18EB7A58C70424063AB07278B6F7DDD1F70A56EC8A
S31AE04A7AA303BD170785A02CD2D88EDA5B99B9690ABAED1239F15A
S31AE04A7AB8C4F6762507FA2C8311BAC78B8B82DC9F617F35586A08
S31AE04A7ACDC60F794CEBB40E704EFB021B9A957C9C21514706123F
S31AE04A7AE286FCF03723889C28DFBABD885A2947C1F871EBAB914E
S31AE04A7AF7F53AADE67561BBFBE318DF4A999EA48F5DC2FAEE76F1
S31AE04A7B0C4DF7A24D2D474617A33C8AD91944A4C538B7D631989A
S31AE04A7B2140FBADF05723EF229BAE7456BB3D3F85995EF61F9150
S31AE04A7B360DFF8DEFA6AE524BEAB9C89E80AF5B31D8E63BBFE035
S31AE04A7B4B696BF7517560CB4AD382F26A73593291097764CE5E9F
S31AE04A7B6073AFE106A599D816CF119506046D88A0FFA59B623EB8
S31AE04A7B75A5E9420DAB3C2D7E0EC48872B9DF478ACDCDA8ACFE3B
S31AE04A7B8A649977B938FF146B99B215A1F285C3A466EDBB5B3754
S31AE04A7B9F28857A464900B2F012B57986430C21C9603255B49C13
S31AE04A7BB481D8C80D1657E06D62BE22EA6D79E8424901936A9F82
S31AE04A7BC91ACC642A5680DFE4EE43B0A607780FBA0B275C02917A
S31AE04A7BDE0FC2B0E3043A2FB2F00B76EC6C9EEF4070FA42570640
S31AE04A7BF3C07460277FD408B353912849A143EC2E200F19E9DF21
S31AE04A7C08145F32E564F6F049E4855CEEF863E113E370CEB45DE6
S31AE04A7C1D4D13996B3E0ADE4981839D6471F14C11B598E940C352
S31AE04A7C3237D00F3CA14E9A9131ABBD852E1AAF594606A4374AC2
S31AE04A7C4744799462EA0D485519A504A9FEAE925DF7F5C9B03115
S31AE04A7C5CC48704D120F9E88A4F138E75A092D40016FE248B59B1
S31AE04A7C71F5E1115B551569ACDDB09A15CE818CDD41686C59A506
S31AE04A7C86BA275E61F0916056F09401279F4C0FC2A7DCD93119D4
S31AE04A7C9BCF3253C6245B4E48E566B691C929856111BA3D089764
S31AE04A7CB05E7CE65013AD12C8A50A68D841FB3AA834336CF8917C
S31AE04A7CC5679C8D7548D6D51471444FDEE5777FC502268783AD0D
S31AE04A7CDAED58C161354C0F4B0842E0991B902F52429B2D419F4A
S31AE04A7CEF41DE87760CD2090CE56F2855B752E41388EEB6BC99EF
S31AE04A7D0433304AB323E649A2845D0BB125165B883252FEA2DE29
S31AE04A7D1986BF9470A0B24CD31579423B2FBE8A5A3EC2DB25D8B7
S31AE04A7D2ECC4AD955BC5B0C10EAF4AE92CEF0FFA134EA8F883BAD
S31AE04A7D43B214B1A17564721D073BE80E65D68E01BE7B59CF9187
S31AE04A7D5809D4B32233539C0C274CDB09227C8BEA9A45AF0CEC16
S31AE04A7D6D8B5AB4E93F489AB2D0D225CE2B9F6928651F5B9157C5
S31AE04A7D821B16EE08A717F338680BA7A515F5087FE284DE40B820
S31AE04A7D97B41A044CC3FCC45399039BE7AE2164B53DE05461C615
S31AE04A7DACF9EC6C42F088831D0A614CDE12549C6C442682A7A6AB
S31AE04A7DC1A240B1179862A9FF6CC110BF57EC6F2CE53BB7FA2D59
S31AE04A7DD657682DDC39D9DBD8517818367EDEF5019CE3F7D38A9F
S31AE04A7DEB01E6EBEEB29C56D9C81A9F5CDE7DEF52E0A46A4B2242
S31AE04A7E0039630933F0221D0F85BEADDF42D737F2E6AC74A0F27E
S31AE04A7E155CF98478581A9CD19914D672365D1F2864A62FAA53F3
S31AE04A7E2AF309F70A94CDA070BD719A5838E9907B392CD4058B90
S31AE04A7E3FAE60DD268324E01BD15FFBAFDD207CF63620E43E7317
S31AE04A7E5463E0BC9CAE3E5F2E23C1ED7B01F5113878A06B031FA5
S31AE04A7E69F0C2553F15A7EF24048B2FDE90B4BA1B5728C9338C03
S31AE04A7E7EAF1DBAB0BD3C585DBB2ECD04BB6E9007257E4483D126
S31AE04A7E93E93995704AEEB304E3F8C701117D041E962409035526
S31AE04A7EA80226D34C69DBAF21A46B190A960BB4E306BD2DBDFE25
S31AE04A7EBD51871DA0029306C3A312C25B62698066B4FE143EC145
S31AE04A7ED2F67435CC0DD17FE34D3B888940E2AD7CEAE2D0E99CBB
S31AE04A7EE7057B453EE0B213C2467F288FDAC8FF04D2EBCA81D4EF
S31AE04A7EFC477F3AA0977A6B509B1D49637DD8FAA83D2E1B192CAF
S31AE04A7F119A99F33D01A36A850B2463CA7A9DC3CFE64BC708E64A
S31AE04A7F267C5EEE863CBA1EAD514B88C932291EFC9C9B43299072
S31AE04A7F3B49DF57F8D827FE37B40A6FFE9F999ECFD618B761B8C8
S31AE04A7F505CF84F2726C3916AC775FE14557417F5FA7C17EF3C63
S31AE04A7F651298B7E7C6ED1F43046207FBBD4A369A22B8E8A924AC
S31AE04A7F7A156452DD8A0646CE75BFE9C7D012460EB7A33A426620
S31AE04A7F8F2D6642991F77F9EF2EB0B9893426549CEC1A2077FBBF
S31AE04A7FA4B5DB84BB7CDE9DF2CCB9AAA273EA3E066BF4D23ED52A
S31AE04A7FB930DD665E6E6B64A7D09E62ABAFCE1F43272B09E5E84C
S31AE04A7FCEEE3FBAE1CD1B8CD2717189608A45F6EE0B5549B32E58
S31AE04A7FE375D74AFC9907BB0DB427CDB6FC232FCAB230121FB71F
S31AE04A7FF85AEE31D9E5CFF608BA71DBE75C0F16B832C9E9D1164F
S31AE04A800D1984B894A3525460EDB659EDECBD18F94B7B91DEAA1A
S31AE04A80227766AFDC78741F98B04E6AAA846CB3F2B3DCBFA74B27
S31AE04A80370A700BF94F0847289DFE2C8AA929E835BBB91FA084C9
S31AE04A804CC15F000E06ADD10A51527518D94035B9392BF44C2F29
S31AE04A8061048D108C48BDDD8FD871015E2C1F46E037AF8A205B38
S31AE04A80768D122FDFB07C922AF818623098AC68805DDC39BA80B6
S31AE04A808B538B2F72B92026B46EB6F5A1AB09268FB13B2B9FA203
S31AE04A80A01ED5AAA5293396346D5AB86D396DE55EA54DFD8EA041
S31AE04A80B58407D05E44F002EA7DD31EB2C130F9CA95438FD8C3D7
S31AE04A80CA041A54483AB7C677F69012E56973615F2EF550B14606
S31AE04A80DF96A5DFDE96246A134D44689664B8C3106EDF1443AB60
S31AE04A80F4C354628DD9610187C474DBA27B66E46A716E5176F500
S31AE04A810929B4551E7D83DF353CDB6CE2C29C294297C39C9668AB
S31AE04A811EA415282C35A1CD32414257B92B3FDFE94A687ACE4437
S31AE04A81330DE53109AD2CB5D71606A1BC4BD9430C38D33A070D31
S31AE04A81487B6165957CD2836728B5BBF458A6A16BFA32C4A15964
S31AE04A815D55672CDEF30993B67674DBBE190C5540BB0A418CA360
S31AE04A8172EBFBB9C65B146789AEB5DC2F74843EED81F2B1F73F19
S31AE04A818720B1841D5866CF9B309CF002012DD46AB2C2318E615B
S31AE04A819CFBF6842A33AA5A5B65CECAB8E470292AE56F363ECC7D
S31AE04A81B13A5685D992CF317615DDE580E402FF5BF21A9AD7EC93
S31AE04A81C6C583A5D11E70E01B2BECA3E38269D4CC8C5251B46EB4
S31AE04A81DB1EF29BD4EC0E139D5A7E234613AF228699CD4A50B7D4
S31AE04A81F07AD625AF7562D359962A47CADE4C445C9AD90317CA31
S31AE04A82058C44687990FDF1A7556BB02CC6CEDD286506C9495359
S31AE04A821A54F9F571DC43CA7FA3A5C663659F674FC4C574201CA0
S31AE04A822FCE6CC7F368D689E2DFF3FBD443F2BC72008D657C5AA1
S31AE04A8244F7A91A93707D98627F5060CAC41B8E7108698FA6D074
S31AE04A82597A6AF395C8F6FC8FC07C1C5C04EBF13933A19D712953
S31AE04A826ED46BFDDF3B43F893DE15BAF5D4A0254075E6266FFD3F
S31AE04A8283EACD3DA46FFCCA7A64F06760ACE0693952B0479C83BE
S31AE04A8298D0F008507103F2D936D2171A5323730512AB0F176FD1
S31AE04A82AD03067399D411DF88103BBDA17B9380470DE5337029EF
S31AE04A82C26B015D1F37F5B97B7A7900C392C1A2C95215394EDBF2
S31AE04A82D799AE5FA056F21967B6358E69E56F25F587B90C58BBA5
S31AE04A82EC18FCE3A07E92C5A2FF36C89A7A3C447CDDB100BB6089
S31AE04A8301AC4D18A59AF2FFCCF7C3ACBD2AFA7A08393E933F8395
S31AE04A8316198142DE46EC1BC282C972113C0FBF6C81314EE78CA2
S31AE04A832BFB78F7551393764884F67C805DE6365531D58A553C85
S31AE04A83408F8F2AFBFD743279C29174C97B4FA97A6A513719C849
S31AE04A83550B276973CBEB7935810A4AB0A8A69AC4A95A8AD7CF0D
S31AE04A836A49DDD89DA188AD772E09F8B2FB0888E4F161AAD74281
S31AE04A837F82B6615E2A991D9618D609BFFE3EBE09842DF40AAE36
S31AE04A8394511EE11B749BE4EB791C374CF01995CC74FE193478A2
S31AE04A83A986A44E56707A4ACA5D38B09459649840DF54C10863F6
S31AE04A83BEBF914315D3E22FB20F4BBA5FF8B56A0BF992DB7A4681
S31AE04A83D301954EE5A531295610E0A577F291BA97B402FEB8B348
S31AE04A83E8DFED3CF9D2A300CEBB74211BFD998A32CE436F35B1E9
S31AE04A83FD760F44F44011942AD9989611A3BF3BD843144E139298
S31AE04A8412BC76EADDC63C5D62178BA760A7A61A435A99BA7FA547
S31AE04A842726C0D548C7C03A455EB879B7F8CA2036E088C99DAB30
S31AE04A843C3084ACF470ABA5885D1D040C4C050CD16DFF507D75F9
S31AE04A845121D98FFE028591FAF4CDBC469A62D5097ADD11739F36
S31AE04A84666C81C0E6926CA9431A02251E23092013FC80B568D528
S31AE04A847B9C2CB55682348739A14B7E2C872B0AE10B9543D886FF
S31AE04A849064AEB82794121E6F25319DAAA7B5B23C5BB52CE3E39A
S31AE04A84A5ED25771D27CF4633A9117E777BD101EA3845E7AA5F2A
S31AE04A84BA011BA53A358C2AB0A235876ECB02D07B0AE8B633C464
S31AE04A84CF89D3040564F3A363AB06BAC1195F37E1962818ACF474
S31AE04A84E4E5F78FBA86D1BCEF7A4B57A485785402691F2B461907
S31AE04A84F98E4189E33228127C37CB0FEBDA9DBFBBE1ADBBD7C04E
S31AE04A850EF60BED226CFAC8BE08BA6D1AD238563CAC7E90B3F8E2
S31AE04A8523169BECBE4132E4628089B03776F427F7F64D20288A72
S31AE04A8538174B03D0FB5512FCE8B966D7BC966672FD5C306ED894
S31AE04A854DAAE56E9CA24A1EBDE92916AB13712EEC19BAF5601AD6
S31AE04A8562F9AD69DC3C91CBBA2B2217C401740F5733AF064E3A24
S31AE04A8577AE160C5E4706FDCB6FE16E8E911A550D2F3723848E88
S31AE04A858C5E872A977FB1FC082B9FF54DA7509920A8207F96E84F
S31AE04A85A10D160F017DA7238F962E6C28E481985406195454D448
S31AE04A85B6A6351CDDAC04622F256ED698DBA596BC59C27342C008
S31AE04A85CB407C537086EA45F861BC8B8F2EAF25F8C17DCFA65209
S31AE04A85E0EE90253789CC53DD5908082FDF1C46E650AA39A583DD
S31AE04A85F5BD62C23E9BD3A88C68292D3C60B52B4EF29EFAA7A027
S31AE04A860ADEE72110298832F0D2A794B8C43FBB8BDF7D7598CF1C
S31AE04A861FF60CF312C7BE9CBD47BF875E3275C7CF72AC5A23B7B7
S31AE04A863476F4916907FB35603ED2DAC38E04405500062F0A5D96
S31AE04A86497D8EF44F1ADC79E9B25B6A1BBC356C99A6E24CE4679F
S31AE04A865E5EC2D3E9E6C9BE8F053CC24099BD34333CB24DE21DC5
S31AE04A8673DC619D05218ED0E78A5EE4EDDC9752A4EC529AF4256A
S31AE04A8688AC772AD9B97EC9179C12BF3B70A51BF0FA4114975171
S31AE04A869D7F069C43B2ABF53749F2C85975C80BF515D778C42DBD
S31AE04A86B2F2BFBB0D94246EEE79CE420A2896F499D1B3A425C506
S31AE04A86C71B4405EF1BAB55ED48B0170F6D4BCC4D324C3C0A64FC
S31AE04A86DCA6E7DB045B0F36D2A17E89F507365825712A84CDDE5A
S31AE04A86F199632DDACDFCD10F27EF6B12117DE521C2AE638E9878
S31AE04A87063252AE5B555CBA5F16B38EA0C89196A9CB05FB6A66AD
S31AE04A871B08A6BE1B74CB2CABF79BF5810992AE7E6E94D6CC5DAC
S31AE04A873054B9429C9F0E2080A75A6E1709DE6FE2B18522512144
S31AE04A8745B5A4137092C1F8222755B0B676417E91F8BBB8646BC4
S31AE04A875A7F378B9485A4F41F320DDC08AD64487A788080261D18
S31AE04A876FAA15A0E57E68439FA8069CD40999DBA846D23980CBDA
S31AE04A8784B6B8B5FF3DD0CA4B4E382EDD2EEB12A26711A2AAA0AA
S31AE04A879920C332C9DA00DAB797CCF38AF48E93E71DCF34A4545E
S31AE04A87AE897F6A8B01E0DBE06B97210AEC7F54C5912AE742DD7B
S31AE04A87C3808910A77471B9D0513A93CACBBB08360C150A2A2E14
S31AE04A87D844F77EA5D504BCEF5ABAF750E27AF56329A0883F9D3E
S31AE04A87ED66CE0A3234F0E337D35C66D30F890EFA58D2C9590E37
S31AE04A8802CD6660B8E45F3F40C7FA6E5018CB81D8FB4293F9069A
S31AE04A881744C213C021604CA4B341AD54A0068BDF79F5ACE2735E
S31AE04A882C227584CE0ECB835FBDF2E83AC881C4B9E616C7A3D591
S31AE04A8841702923A1B3AFFD97F9EB7D6FDB27D0BAA512BD30316E
S31AE04A8856F636DE89C0A277BFBEE6F8C5DB530105E76D29296413
S31AE04A886B5430DBD1FE1ECAF93BB04E4BBE9DBE53392E5CC60838
S31AE04A88809692759C7645D106AD5BE7AAA6731364CCB35C81F172
S31AE04A889508EADE07A48A532854711A7353EDDE50E2C44480D123
S31AE04A88AA6B96CE94C37099F2FDF9BAA923D5F4DAD28627414445
S31AE04A88BFEDABF5921C076684D2FAB8139A4104E383EDCB5A7DDD
S31AE04A88D4DE1496FB9C93CEFF0A1A4903B830D027B140A62709CA
S31AE04A88E9FD3972918E637AE15B1B7249F9E2744B266C24B9A6E5
S31AE04A88FED1696E197E1D8C5E1885BF34BD7F26AC4BBE6A239A21
S31AE04A89137DB24C1BD0B5C0F1AAD27890895AF9DF69D96D1367EB
S31AE04A89283AD4FD52B166EAF74DA24C7DF5332B622A5A9F79D9D3
S31AE04A893DB3691C82CDC3D0F2ECAB6FC7492BE56A43175AB7EE00
S31AE04A89523A3EE8475640007F2F37509FF30D0FBEA7675BC9A62A
S31AE04A89675064379C2D1EC3C80A42A9C1D2E4951A0299F18C2219
S31AE04A897CFC6F7B0A0BAF7E9123242F680A06626CBEAFEE871847
S31AE04A899117A15522F8A10B00CEADB3AD3199B123C42FD5C2A922
S31AE04A89A693C9B111A3E8F061C6D693DD50B6C98D48E5BFA56B2E
S31AE04A89BB270812CD2C921209AA5BAE301DF64D7CC72CCC4E4084
S31AE04A89D012DD2904CBD8C36904611FD8ED7DDD87DC5D0304CD40
S31AE04A89E575259F160FAF287F9688BD05371A89B1BD430EB891D7
S31AE04A89FAB181DBDAFABF5DB90568996BD9799C32DAEE6210AE09
S31AE04A8A0F20F5566AD55C889F3346213642E8262D5E2CB171AF4D
S31AE04A8A241996BAD7D1A3A1F9D75B7981FA165111426B32A9D8C1
S31AE04A8A394A04916ABFD7E5E6F295ED00D1C18BD7E91FDFDF110F
S31AE04A8A4E2A6A5AB804106802DF48A331C562D6AF13ADA84383EA
S31AE04A8A6348FEC82F8B2445C6E1E43DEA2E6C6327D65A3C898151
S31AE04A8A78394E83FE507CE0D6808F18BB99A6CCC6D40632BA6254
S31AE04A8A8D22E89B4A1AD38EEBEB0759A3AAFBA181E25B7F9CA49E
S31AE04A8AA25F9EAB3069BAD654FC6D7327F1032B9A6F175EB96CA5
S31AE04A8AB73A916FF18735F6DCEEE9C0596388BEC149CE2B486E6F
S31AE04A8ACCDEE72C052926B0F09AF96685225420D0C63E2F709663
S31AE04A8AE1275BEBC288D123A945D61A9E99D48371370203E109A2
S31AE04A8AF65BA1FE934983F1C6AF58F0D25509DDB3C22CF418AECC
S31AE04A8B0BBF1127C05D283B6DF1831154802DF49FB4ED9C762154
S31AE04A8B20D04898B25FA32A71C17CB7ACC59438DF7414AC9447F2
S31AE04A8B35A99DA24C71F0A6F01EF71027FB580D10FFCC671014BE
S31AE04A8B4A568B4211ADD66340BF778C6AFC4202B1891EE76C5025
S31AE04A8B5FEAE97E32C24A48877AA67BF7288B9E475A2D420A8CEA
S31AE04A8B74ACCE66179CAB7E10A37D2CFA120C9F697BEA7D8A2EEA
S31AE04A8B89F68CAAD889999E920BCBDA6EF9EF192300511E57F653
S31AE04A8B9E377A116E973737D8C30EC438D7FC0BFED45EAB3AC6FF
S31AE04A8BB39728A196D7467EBF5366A61E1FC5C8D428F235E030D1
S31AE04A8BC847DCA7A0F3253AF7A1C204E8A0DB1B64497772F050FA
S31AE04A8BDDA88FFF2A1400534B8A87EF80007D55938F5B42D764F5
S31AE04A8BF2AFE38DF0D71A75FB470E59E8CF6E5430566AB0C66FD2
S31AE04A8C077DF6DE6E23AEA65331C3786D007DF9738AA369EB99C3
S31AE04A8C1C8E6767F55747EC15F74B4E7F2E19A7A290665476C8FC
S31AE04A8C315B02AD892E4CA1347C9267CA457CF1BE31CB6F73711E
S31AE04A8C46E2DE40A8087A8B17D12020828441E7DB8990EC4600B8
S31AE04A8C5B2DB3F350804DE469FC04D4A2013DE8C02318883DD764
S31AE04A8C70125A3B8E464C1D8B9328F0FA38E2ECE1FEEDDBCBA390
S31AE04A8C858C05CCFB316943A5CD8FA57971A509F26E71133C36E1
S31AE04A8C9AEA9D23E6AAA967718681216709E759176857B61D0851
S31AE04A8CAF0367874256994F6377C8DEDBC2EA1A9512DD4EC3D782
S31AE04A8CC43362CF50942C078CB0A85598833025D089011AC1FE14
S31AE04A8CD92D2F4A507E7443C5382A14283C606DDBC15751A0D605
S31AE04A8CEE036969FE228A7429730599C6A286D540BED418DB107C
S31AE04A8D03809263B77681EBB33B9E2DE01265710BF8CA942133E7
S31AE04A8D18F3013DBC5D6CB54FA2B38A5AD0D95A07CDED57DF5CCD
S31AE04A8D2D3467CA907AA3ED48F7D6730A643A51FBF8983914C6E3
S31AE04A8D427D69090CDE5647D7A54CD27CF1A709ACE936733979CF
S31AE04A8D57767A2C8AC95FE2B892B9B0F07FA0EC52A8C961D5057B
S31AE04A8D6CC26BA7113A25C3625361BA3AD917CF4B56B4D16470F8
S31AE04A8D8170AE05E0F809E78518D62EE8422D1C94E40BC793C110
S31AE04A8D96E0CC4A1B66CE281DAC5D8D2B82BA0374C8097ACA99EC
S31AE04A8DABCC6CF2936DE652B72745C2D7D3B83CE0CB397344A55E
S31AE04A8DC09D1C8F5F0E727A3DBF2B140E83D1BCB7D2947F5FCBAE
S31AE04A8DD59922018AA976CC7DEA8524694D36EA2D5763984C3D3A
S31AE04A8DEA6C45F15705E0FA14A2D86D8EC9278C44B7F82C706A6E
S31AE04A8DFF007838A947E748E334050163253DB015D5640762B364
S31AE04A8E1408E3DA256BEE297B2DBF71FD50EDDBC2AABF6111C95A
S31AE04A8E298BD4AA4671CC2E573AD054D7895792A0323295FEE5D0
S31AE04A8E3E8ABC18027BAE1B9B2287E61D30E5EB5B8F936510C949
S31AE04A8E53ABF55DD00B52FB1363AB3961BEFE4185D492E46301CA
S31AE04A8E6895FC631ED13750C814B194D7BDA817A628F6D6B74E48
S31AE04A8E7DEB7E17EFF2716B782FAFD29593366AF4F9F08C8A632D
S31AE04A8E925CBAB3E4D5777D81A82E906923AAC62D24A048037E88
S31AE04A8EA7C0B8044FB3CCF3E41D91D217FD4EF51B69F0C4D05234
S31AE04A8EBCD2A4797A9C8AA24B00B2EDDB9683D0A3FD62786D6B40
S31AE04A8ED179F53EB9B7C3333E8E97FD43B2B210C8156B4AFD465E
S31AE04A8EE67427D9BAFAAC380D66DDF4B94C647A814FCA50A1DBAE
S31AE04A8EFB5726C1DD4CF7204DAE749EEC2768A12D3D7E623FD82A
S31AE04A8F109D8AAB4D1A8D6C141F36A93D05FB4752931F75A53600
S31AE04A8F25F3DF7766B1E00BBF0921B95EF356F6C8EC378798383B
S31AE04A8F3A5728E368AB9F7B230A13FB5A7554907685D83B699D61
S31AE04A8F4F27EC2AFECC4818406A77B181E76A61A1C8D57FC9816A
S31AE04A8F64CEDDFC95E678C5D6DE39619121D0A9D1DBCAE5D60EB1
S31AE04A8F79E0C898732D6CAE410B792384260A1411BD39C047DD1E
S31AE04A8F8E37C7E0C019F0DAE6CDC986F92C38323C0B4A47BDDA1D
S31AE04A8FA37D6FD1BE2CA9B482BEFE82426F206B0534EC118B4A7E
S31AE04A8FB8950EDF62367225ACAC6E57985BDAACB6FD84FA453E79
S31AE04A8FCDEF03EDBBB06E3D9C5E8D18B7B1FEDC1722D9E1B55190
S31AE04A8FE2F7DA083DC3CDA431A726E9C6A88E971C00FF5127A54E
S31AE04A8FF758FA13987B92ADF3B84464F06B3DF002A97F89DA65B1
S31AE04A900CA3B40FDCCDE292208F4A58A385263B95AD23BD092E69
S31AE04A90218AB7D60E637D111CF30A7F46D0EF1CC5EC48B0292049
S31AE04A90361A3C6C02B85DECE76065175661DECE8E5487EB71390C
S31AE04A904B03B36B3E8F26ABEC11E4597C8A68FE009C18473C4BF9
S31AE04A9060A29A21B40A910279727D77AEEE4BDD8E78894D0B6A29
S31AE04A9075AA8E9A2CDBE7C4FA8BDAE8D06E7EEAD38A04F9CC57C8
S31AE04A908A8D87D6016562C3A749E85C0B77BF7D91F76023C597D3
S31AE04A909F29CAFAD6BC86831E33320DF5FA3F0AF069D67467AF83
S31AE04A90B4514F77677D631BD1F2734AEEB15E1FDAA7E1E3510FBD
S31AE04A90C9055534E22869E80C75941824D9A96C5B93A97CEABF7E
S31AE04A90DEBE8EBD4B303BFD22F9C25A410A0CE4ECEF7B406034F5
S31AE04A90F35438E60A395900AC641F80DD86A0936BCCF186ABD2BA
S31AE04A910861E0E892AD31133D7BACB728DBB88298BE0C923335C2
S31AE04A911D0C6E2B448BCA359AD1EC809411F6E09AED2E43B87F19
S31AE04A9132D6C55FDDB966447347DF7D9B64C6FAA44501A06EE70A
S31AE04A91477B509E339FE53E5A42391C389764F779A880A165C201
S31AE04A915CAF03E6BD6A0CF371EC72790DF7BA65975BB8FBFB0401
S31AE04A9171C80A40E06B2A9D4E3E28DF10159750E02FF4916052B0
S31AE04A91866C2FF06B6AAB452BF8F073DCDC6567C5CECBC570892E
S31AE04A919B27A46336C6EB0F43F30952A28FCD53FD3CEC82301C96
S31AE04A91B0F1B6D78DAE8D3E91FD7FCEF51C9E20B66BC7595F5755
S31AE04A91C593BF74E071C66E48598D7D115F1232A82C99CF34FE4D
S31AE04A91DA97037277ECD9AE8E67189EC8618CF04AD882D325234B
S31AE04A91EFE7D24258D2D6B4BE07FD062E02B632F1C945D30BE6E9
S31AE04A92044694FD0AEB4668EB274892C9EA73591C1ECCAC8742C5
S31AE04A9219FD4F4CF003D49F05145BAE7E1F963EA626097E209B71
S31AE04A922E2922BE30A7F29DAB68EE4AFE75EB802FBEDED0FB9C31
S31AE04A92439C4C51BC207A6F035F3A9D00EEBD3F91C8EC165831E1
S31AE04A9258E13DBA08FE62C86934A1A055E85DC4990613F033C0F8
S31AE04A926DAEEE0B1051CEE04DA3B985D72E54BE7684A52739E1E1
S31AE04A928230345B0494A00F0F930B8CBA1F1AAD9E3EBBDDD39CE5
S31AE04A9297E6CACB775277D657F3B7259115D421E00773FBCB44DC
S31AE04A92ACC7CD61F4840CA0E48E4227297D585B8A932BD97F543C
S31AE04A92C141732B2A4EE136EA7FB9C2101553B3FD6362C66F965E
S31AE04A92D6F92D12768B3EB0EEA3532B022F5635A3F2D4ADE21B4E
S31AE04A92EB5EA56587CCCF4B6B8F5995ABEBA4F62DFE36BA7C9C1E
S31AE04A9300F46F88DF7433447B51985E1BF8C83A4DF9A69801799E
S31AE04A9315136DCEE36C0D4E8AD7F963775F1CF8222B6CD84D5343
S31AE04A932AE6528484DF41F05B7503DBC1AB233D4EB3177C987296
S31AE04A933F3D6CBC00BD1A35C1F12763336B9998C17DBB6C0137D0
S31AE04A9354E4F230A87BF456A596564AE6FE28B099D3130CE0312E
S31AE04A93698F8EA2809AFC9A872BACD4CDC6E8E1F521CDA48E3F6E
S31AE04A937E8815590AAF8DABF0C4BB698DB5F02F5E1453C8A95BF9
S31AE04A9393281548588F7855D1E39B2531C1BF1E9C7C89A69A96A2
S31AE04A93A81A38EAA5535460BB3DC438C615FE348A7CF5458B527A
S31AE04A93BDE4BE52FC56361B3BD8650A5A91A521DBF5746ADAA079
S31AE04A93D2A7AC81BB6C9F55FBBBE4CA4A8AB19AB667A2BD0C61FB
S31AE04A93E7693293F4A55CA00470456E9578EF5451C42A0C98A282
S31AE04A93FC5419D9DD00AA3C26113AA6F645459BD8653A2AEEE181
S31AE04A9411F5ED891A3D3FE463461AC1F4C04B4F01900FD8D255C0
S31AE04A942643EE21CF0346C3BFE64904D973E68429A1E77FE8B95B
S31AE04A943BBCE9F323E6FCD229C93020E3C4BDE4E75CEB5A8DA43A
S31AE04A9450DF70A7DD41AB0C909BC648957452DF8BBC3411FD1EF2
S31AE04A9465A40593BDA4E99F16E776DC7C981EAF8051900A780A80
S31AE04A947A4343C660A696AD0B581765AA624F1C2D03CA3EBA0AC6
S31AE04A948F2B9FCAEB37A82CBE328E4DECEDE679741FA2EA90B9A3
S31AE04A94A4CF63AEEB00941F91A83CB11D082AE7160AF420658789
S31AE04A94B93360F935C07A1583A5B726B53E3B81134489B0FE4BD1
S31AE04A94CE32B61BBD748C0A44526661012B425172F98E4CCA96CE
S31AE04A94E3D835D53385BBDB8F58D5E3E104BE2D7E776E1965A321
S31AE04A94F81F148B75B844C958C37D8341643299E2B03423E6FCE1
S31AE04A950D671831F85ADB052B89419EB2CC1A1316CBA6E0A412DC
S31AE04A95227DAC11CF2387537EF20BE45846FFA14658C690165FF8
S31AE04A953707E335579A62131073BDE7F27ABA2BDD0A377EC6147C
S31AE04A954CADD6A02F92E037E65A52AC9E34CE9274D13C5D4B81C5
S31AE04A9561B515B802FD3C462BB0BBB98CDE7EA9DE37EEE589333E
S31AE04A9576BFED2D458C440FEA02C4249D299FB669B7D56FF45D0F
S31AE04A958BF0651509AEBE26FC6C3ACEF14C53F9BC7B29D07AD81B
S31AE04A95A02948758E6CA9C85936920FDD1A84EA5402E01739E337
S31AE04A95B55167924575CE3D67C7C9BE0B6EA5EF8ED3E1C4F2DFC9
S31AE04A95CA1D58EF6E731750FAD24AF9ABC31CC7C4F9D8881FED27
S31AE04A95DFAA0CB606D5E1F46256A9BEAD123E92E5702C6BB811C8
S31AE04A95F4DEBCB8E24047226D88E9EAE10D10BDE4D693E04C3425
S31AE04A9609251497D057ABC36F43E620FA80B3FC832FA6600126F7
S31AE04A961E526FBD195CDB8E5708F5059828E15ABE2D4B978C936B
S31AE04A9633C25C4E02696B11425E5B2EA06F58270107E08AEEFF89
S31AE04A9648E7333C5FCEE018BB96F5ED356284DA5BF846DBE3964D
S31AE04A965D924FB8A28978C3F4C8184F72BAABE09DD620B2488BD7
S31AE04A9672B558E193BF11E51A58946036E1C937802A0DADA46395
S31AE04A9687DF928D74507053979BCFE9803DA763A9D4B8B767DF36
S31AE04A969C2C57D52A98A622A24DF288C12611A8A798D8C9D7796E
S31AE04A96B1CE7084CDB282B6B8F0A535B65CFB343A49F8AC82E8A7
S31AE04A96C6B612511184ACE13F275D5CD3BC783E7FB60E07425ED6
S31AE04A96DB375877609B06F31163682F314F404E053690A1D0D823
S31AE04A96F04D3D18C36EC6EF6834D53C0D776C391E3F0DD58B33DA
S31AE04A97058832C8C7FCCA858382D3DDA0E502F180F287D4FAC0D7
S31AE04A971AE2352576B684CD93597C75D9C0EB1FC88030852B08A1
S31AE04A972FC90BDECFD2C44810E0E4F275296068192E5A66B36B45
S31AE04A9744DEEBB7160DC540A380D2014F09B9102B52793B660F7B
S31AE04A97593E7664BA741BE39CC16E771AD9E5E38015F9684A4802
S31AE04A976E35DB192FF4D8EC60FB87419B559AC81A11D88FD04689
S31AE04A9783B9EB9842698060BF2224BE089A63E296C148685AD2FD
S31AE04A9798C86D8F782261013A45C74A142538E483E324BF42E379
S31AE04A97AD6CCDCA03AFCA5B3A2D9DE8EB7884D0ECCFB1272E2514
S31AE04A97C2770A5E213A42BCA320FCF67792300F280B57CA9D0A32
S31AE04A97D7A5F1E43A8151092598FB97793E612E2E7A18EB73F516
S31AE04A97EC732CC89FB67060336639CADB7120F7209B0BFE47D4CE
S31AE04A9801F1F3B0E585E2050E4FA124AF4A3E260BBFCFB51F0C45
S31AE04A98162D14D428BEB300FD6905885BD137557D800B9CE557D4
S31AE04A982BD952EE105E0ED5D0721F085B1D3A0334EDAD5D3F08FE
S31AE04A9840A9F0C4822D65638438E9ADA1C3BD4820D37702CABB63
S31AE04A985564F4DAD589BFE712F92EEEA42A5D46F33DB08183ED2F
S31AE04A986A747CB5DD7BA0EFDDADC440C02B8BF0465FB048FC663A
S31AE04A987F553A938B046BCF150A8D13AC1BDECDDDC46CDBED9221
S31AE04A9894326128B31F4A0A6985A695DD340D563819EF76B38622
S31AE04A98A93E353879C7BCA3DBCF081F92568AD8537D66DF6D3D56
S31AE04A98BEE3931238E9A54D87EA79BF0D48533A90FE86736EE367
S31AE04A98D3CB319617D262C8629AB54CC4B8378BA49526D8416296
S31AE04A98E8F5A50FFC6D1843261D3A3FE1810DD03ACDE845C3DDFF
S31AE04A98FDFCCA08FFB171C1A16091629E17E7309AF3B950C0AEB2
S31AE04A9912D6CAED810CA6E6836D1498236ABF8FCB4F4C0A6342DE
S31AE04A99274D488D193660DDA55DEE0B3060364776DA4094EA1B1C
S31AE04A993CE7FADB472D9F93C77D199E7954D2223CFD5D91EACEE9
S31AE04A9951B042AEFA12718380D6E45DC9130F098A93A2AA309875
S31AE04A9966B3832BB6DB7FAFE8B81E4DB5D45B0F230E5A86C9EFD5
S31AE04A997B8B27EE05BD3492A7C32856D24F19A08ECE0546026CA8
S31AE04A999074EFC705449C4DD5A2180A55047DC72448865FC841A6
S31AE04A99A58EE9C375E946D7056E790C84F00DBA0A5AF190842705
S31AE04A99BA227B307A4C353E6307D80292596CBC02FE55C16ED1B6
S31AE04A99CF717DF8076D9F071203A5E1A5A623E0ED5C0B2A05994E
S31AE04A99E4CF782D78B3BB43C1B11316696E6E140F78BADE62D854
S31AE04A99F939A5D459C9F0150A52FF5973B2AE1414E6285A6F3298
S31AE04A9A0E128E608CD255402CAE3235D7975BA767749AD8F9BC6D
S31AE04A9A2317AC7AC6D881E3AB8CB698540D533C8BE0362D7E31CD
S31AE04A9A3871462A417503904FBABD571E078CB1E1827FEE044725
S31AE04A9A4D92EBA144FC88C4AC88F59BADA4580CD86868A1825294
S31AE04A9A62C0D1F5D010CC3774C388E8E79D65F1C5E60B9CA0667D
S31AE04A9A77638CBF10EA9C0BAE5585B1A32B195B1817487D2EF7C7
S31AE04A9A8CBD93A4A1D30BAF3B9E7389E01AE4ACDCADA4461DC9BB
S31AE04A9AA177F1E40CBDEB178A9C60A9317C4CA36394C9785244D0
S31AE04A9AB609DC0051FE380E721BE680DF84FAE9C93C4FC0D1646F
S31AE04A9ACBB90163D74937AEBF65C34051CB728B85A5388D5DE8C0
S31AE04A9AE0FC274C13C2F28EFCF424A416337441F9A4E2330751BD
S31AE04A9AF53A5EA39CD0CE7C8A75EF246427AA77F3BFCBD1B03F40
S31AE04A9B0ABFE84D4A60C323DF7DDE6344EBBE6A5C938D67113575
S31AE04A9B1F74A130E0E85045127131616FF6882DAF3DE804ABFBB2
S31AE04A9B341C7FE29E6F3A2B7D66DCD26294846EB19A26FD119E67
S31AE04A9B49A603BFB785C74821FEA82FAB9ADAE1A829342007D62C
S31AE04A9B5ECCAA96F33BFB36706C21616DB02E2F83580200D4507E
S31AE04A9B737C94F830A54AF50C731EFF5221E2A62CD0098E80BB2C
S31AE04A9B884D3A8E37EC20BC775E064FE7C722686F0B6B63E935BC
S31AE04A9B9D9DA453C1EFA0A5152FCB79DD1F6D21CABA936205F476
S31AE04A9BB200239317CC232EB878CAE126E2343F2E96D784F2F32A
S31AE04A9BC72E2D46E63898F5F9D3C8F8BDA9578C8F72FA5178B9BB
S31AE04A9BDC16371E108C98BB6365A2071D351CF2AFFDDF1491AD3C
S31AE04A9BF1A99304289E5E56E4C58D33E40BE574985BDBC533619D
S31AE04A9C06C640B3155A7E90623809731DA98B6DE5B238A5526EDB
S31AE04A9C1B2AC8E63996646B796F4576386DF786816E1CB0736239
S31AE04A9C3044BB9F3FF08042F5D8AB5330A937DC418B48718B1386
S31AE04A9C45EF2881125E59DC249B635379A99209C6ECB4E895C5C3
S31AE04A9C5ACDEAFD49AA696350508A59E1E2CC6F6AAE8EDDF91144
S31AE04A9C6FE25F007B364A58EA4242E369102B8A389705FB33E3B8
S31AE04A9C8427E7302C9922788AB676783EBBEADC0B994B0A29A748
S31AE04A9C9936A4AE5B59B15014B184933B73BD4ABF8040F92EC54D
S31AE04A9CAED72C82D16B0D419BCF336A2DC5A3CD76EA72158890FA
S31AE04A9CC3DE10A8D82018E42F0BA646E716001797112844C2E4DE
S31AE04A9CD83C84CA6D734D698C60F2339D17072D63C7913E16F629
S31AE04A9CED87AB95A78638F25F59B0CC479617A26758CE4705E889
S31AE04A9D023EE8B82E7DB95E42DF4B22CB79D35884172ABCDDD54C
S31AE04A9D17DEFCABEA2E779CB641BA86A595AFBF6596013C3E669C
S31AE04A9D2C0FF66E57301132ABB51142BC3156659A9E6583ED3D10
S31AE04A9D41B158EF0BBF9699982BA09196554F3459ABD9800366C4
S31AE04A9D569091708C0C3E005A6CE8EFF3C9A004F11E7D98C92E49
S31AE04A9D6B6108CC39DC837F4484FE09AEE3C303315B7C5B977FC8
S31AE04A9D80252B5BBED4B0067433A5EA2E036F3972BE6E1E2C476D
S31AE04A9D95E912BB36045344D48204288F99150AB084C873656FF6
S31AE04A9DAABDC7C7C2C73F472FAA4CFC860B39BD445F366202F342
S31AE04A9DBFB4E0C005833582C3CA4B220588DC9C2BAC291401AC0C
S31AE04A9DD479FD93E6EF89862E6F271EAF5842B2B76C1E6920892D
S31AE04A9DE9E5013BFB04858B3DD73AF2A227481A4AB29B51BAC434
S31AE04A9DFE52634985A7A6CA1867BA2323A1F911F741FEF39B7A1E
S31AE04A9E13E222AA8F77C90A3A9218A4F5E1E21A3914D5F653E3DB
S31AE04A9E28E9B8EDC6BA51A9714BB42AC436332695BCF9B0113BBA
S31AE04A9E3D8BF487106431CA3CC62BD9D762D9DFEF683E5D07A4D7
S31AE04A9E52F5F426AA0492393DBCF59538CA93B12CC729485C17A3
S31AE04A9E678C670DA24293C7EEA220871540A1F4590F97407AF0AE
S31AE04A9E7C89A301735279E8F32F10ECD32AE5E96BBEE8BA9153B6
S31AE04A9E91FBC99B4F81DC7B5A047C24B7C6DC2C8C55822E35E0DD
S31AE04A9EA6B6D1A6E0D8AC878441DD6F66E2DDEDE193B26BD813C0
S31AE04A9EBB9FED9EF3384A15EE928D48DAEF4BB5B3C85C508DF1EB
S31AE04A9ED0EDA81C68AB62DA20D33FECBCEDEA076B69C12E383D5D
S31AE04A9EE5C787A727D45EBC9816438EA04D5F341F9D739EE6F389
S31AE04A9EFA94166CB73081CAC1834F31165EE54660113728B27185
S31AE04A9F0FC30F5D073ECA9DD697BF05E54FA76DBA86E156A72F6C
S31AE04A9F24BA0BBDDDF81C7B381CCB464E06D153DE0DE10B787569
S31AE04A9F395899F12B391F4247107A3BCD7C3BE6D84466E67736B1
S31AE04A9F4EFAE7AB3E0954AD84AD89A3A53AC87D18FBC568978E14
S31AE04A9F63A8B6FACE8F4AAD95686C433290E025023E84E14A901B
S31AE04A9F784B5F5AC0DD15D5C4890DC41C0168AB44F28CFF935621
S31AE04A9F8D5D8B99940BA4F5EF641BD4C0B2AC005F70A3B2D187FA
S31AE04A9FA24B983D325C59AF0FAACBD2DA7A84E0F6A9C319C08EED
S31AE04A9FB7A2AC7ACF6F3F99B68B79F6249E340E320432E4BAFBD2
S31AE04A9FCCF3F706DEFC16FD8CD52B65D2AA38837B7BC73DBC0B8A
S31AE04A9FE1CEA0E6B242D7CF2F329A3CC484B5FB6F77BA8DBB0E28
S31AE04A9FF6400938F90EBC3AE9A6E2B1B9EAF792C68BC248278652
S31AE04AA00B300989D040A440CEFFC950913A86848545418B921C5B
S31AE04AA02021F926F88F0F0D944E8A815F948B1F7486C16CA91F9F
S31AE04AA035BF5A689A09ECA456219378010D1A46389E9C08DA9D51
S31AE04AA04A77A5839A33013D3BDCC20C675FCE7DB22C3C340A5485
S31AE04AA05F1E9F00D4AC7CC9499FA65A51C283978A15C764B77E26
S31AE04AA074707E10F2AE96F3E0702340D2A6916560114DA646B203
S31AE04AA0895D90A7BD07E360581C9F34A0DC852C270E73C22B826C
S31AE04AA09E2E54C78C3B0BFFC303CF2E36274D14AF016FFE9BDD4D
S31AE04AA0B396D6413F068872D853BD00D261855684D48CEB58EA75
S31AE04AA0C8DB429BFDB035CEED8BA75A0E39F1E991B67CDDC6E902
S31AE04AA0DD5D87C5E6847F22291E57010EA12167586A4BB732922C
S31AE04AA0F21E3752B3EAAC7D6C6071E3710EB5F02BD04C4A6DFA80
S31AE04AA107BB2047025ECAF4EA0AEE0DF3D81C8CEA4AA9A122F5DC
S31AE04AA11C154C79636EC6C29C0E6835FD34B920DE6B447ACF7B29
S31AE04AA131C485CD8D62177A795D015DFD32140313EE62E87279A3
S31AE04AA1466F3C34770B40A041541F418C3D7BC178D725FCCED18A
S31AE04AA15B6EF3699853BA45D10436B76079BBE1D9DA246F738D8E
S31AE04AA170B8A14AB350A87607334A58E62886959404795897EFF2
S31AE04AA185159B8E80641E1C37B5AA7328C4CC931E6A49DF6627A8
S31AE04AA19A32175D7358E922B854B9D780A9F8722F915DD407C815
S31AE04AA1AF682D656A69DF6BA32C4D5B906C6F7B8D427FA57E6521
S31AE04AA1C4C41B2181B6C18E23AA126C7227B30B54D1813DB37424
S31AE04AA1D9FDDC93A06D585CD265F9B541DA09E57BC416457D4AC5
S31AE04AA1EE3A08784DD5914BF879C5B35A2573BE9E47D79CE7FAA2
S31AE04AA203C59395EEC8287E0AB46007730982DB1B82451AFAE6F3
S31AE04AA218EABB8B1E494E4078BF9F65756DDDB75ED79C64047F73
S31AE04AA22D13739D1248C5C5937CBDF27459036419C570AED5879B
S31AE04AA242DCDF7305734C3F5B201DBB01F663C151CF3C77F1F480
S31AE04AA25735FC06111C9F179F53928425303D5B96184969682DBE
S31AE04AA26CE3438C33C8EE0A1D194639AE791BE316C98E90A42865
S31AE04AA281DEF5D2BE7376F11A7A01F144D879E3FA2FE746F2F322
S31AE04AA29667CEC633824436FE16B3704DCFA9102A6E171B02A3DE
S31AE04AA2ABC74BC5BFF389C65129B930191072FC383810B14137F3
S31AE04AA2C047D85C180D11D2B1C95CEC306965920A23144630418C
S31AE04AA2D59EE633CA3DC2D61B15C06C0A04F0B3D62AF2BB1DA96E
S31AE04AA2EA08F4D7D8AE2D0ABE00B0861C4081E94A6D0849D1A864
S31AE04AA2FF17DD3CC0E90D5481C8445F807FE0322E635943F55E63
S31AE04AA31411652D2570E2D074B15E65B78811423F8EA9FF9DF19D
S31AE04AA329C6704DE97C98230327DB1DB774BE63E1767EFDED35EA
S31AE04AA33E7563A7DFCAC3B87929B3DF714C82B1019D88F85A7625
S31AE04AA35316204D9C5A434DA7B268C7E34325097C70DE327AD298
S31AE04AA368B4302471CEB4EC0E0FAA5B21C9C5338AA9DEC50E2DB4
S31AE04AA37D04648215B49D55847B3021416DCF1E7C39BAD961AEB4
S31AE04AA392149D9CF84E8AF1AD840CC5EC8A7230BD72B2BFF2507C
S31AE04AA3A7F1818B126FF7CDC481ED40EF6D94F7F4ADEA0520DE48
S31AE04AA3BC85ED66AD643C43369B473A7CB93BE8FDB2B4B08D3971
S31AE04AA3D1E355837A3BD5FACAE2190698EF0948E9814F63398090
S31AE04AA3E65BA540804DC34F184670EEF2659DCC930D01FEAFEF5A
S31AE04AA3FB3197E020D26FCF04EF19DF8BBE46EB5579D7754D1D5C
S31AE04AA41075FA6638174CA6CB33AACB7C7CF6145481A85837036D
S31AE04AA42580C7958839A28E6B78670D08DFF6DA1C2482C95A989A
S31AE04AA43A7388BAF86DEDA2F120A95E6FE677D3E84CF2144732CA
S31AE04AA44F26CC43F8F0390AE241FDEDD4E977F3D3746CD4362255
S31AE04AA46400A5E92B0C1A2A53FD3CE976BC51DF77FD1303FB4806
S31AE04AA4797AE6B4B98716296C0EE983C226D7C069062C3CFF6A66
S31AE04AA48E98BAB5B9CF5BD7E2461EFD93002B12B5D70293045B35
S31AE04AA4A3B21221B0C4EF1B97A527566B6575F9FA72B0AAD4740C
S31AE04AA4B8B947DE82712230C64FFF9E16483A15E7380F3B7ECD29
S31AE04AA4CD67B1C6A687547C20BC077526E735B652280CE0005069
S31AE04AA4E2183764D154999BA398AEC9EE8E4DFE4570429F1AB14F
S31AE04AA4F7F5F76D2757B22EF88267B369B07E62ACAFFFF549C381
S31AE04AA50C7C81AC453D605B49F99E25A3986FEFCCA49EAC029C2E
S31AE04AA5217FE8790E7CDB55E5935D9BB357941939F84F7079EEDD
S31AE04AA536CF7A14E1404119D6D0C23FBCDEF99D83A20735CECB37
S31AE04AA54B84181938CE097E85D8F572D92C8C375FDD0FF26866F2
S31AE04AA56098FA5C49EE5D5FF981D6435ADD1FB5E419544391749E
S31AE04AA575C7A85498802053724D405FF5DAB2D197CB952B39D573
S31AE04AA58ABD942B075FE9CA214E9AE84C7706B2142F58814DE63C
S31AE04AA59F667B3D174E7C4EBD29400D0EEC9468F6CBACBABC041A
S31AE04AA5B4EB982462552A2FE6E5E4ADB0E432FE9EAFFC149E127E
S31AE04AA5C9796717CE0C39E0AD44DB5AB88118FEB4924C159E7138
S31AE04AA5DECBCE8347C28BABA58B766180A06B02C5406927A19380
S31AE04AA5F3A9ED443EA222723B6DB4E2C2140BAD5426E46C2FC64A
S31AE04AA60866FCDD0E6FBEB8BC436DE28275D06F738741D78D7147
S31AE04AA61D2C935316B0985F5D5AA6AC3819EE6A00ECB4C9F3B16A
S31AE04AA632972D609055C619D35049370B42B0AE88D1D6FF3F90B0
S31AE04AA647904C96C19B078CA1E1951EFCB04DBDA51B29D6792228
S31AE04AA65C775F8EC8FBEB5614CCDFD1A68071CEDAD60B3DF5A1CE
S31AE04AA6714D2140196F51BE40CCB70145D0686BC1A65A97697181
S31AE04AA686601DAC9558E356C2E2E9702AE3D2318888610BFF9C1C
S31AE04AA69B17F225BB49E171CF6025788ACEDBAB8EF42C40011F3E
S31AE04AA6B012B2E8FB56FB4BC4A7355A8A64C01BF22B838E4AB631
S31AE04AA6C5365AC2F263B97720D595B28D17292A42E881F8CBA137
S31AE04AA6DA9800A2923C91D740AD26CE250B3C71A313FF485011AF
S31AE04AA6EF8E8E81A671F72243F7C7D03AD71CFFB522EAE66B68E2
S31AE04AA7043BD688283AD0F53DCFC1DB55C506DD0B8BD12E73544F
S31AE04AA719F6360C3569CAC64562B811AACDD8EA2923AC8A3985AC
S31AE04AA72E636CE48878301995E23A21858BD6C2377B3B7BDCB577
S31AE04AA743F285D53BADA43953101A751094E7B543CCCC44947368
S31AE04AA758C64E244373C19674436AF46C986C2C46B071BB800F15
S31AE04AA76D04D6DA9D4190355A24799F2DF011A9BA138E28918A45
S31AE04AA782A065B9304AB5F92033C6C1F170B3216BBA8D7C13BAA2
S31AE04AA79715464FC7C3BCA6A6504821F5247773C9EFC8998F7469
S31AE04AA7AC256A7F9BCE048341EEA8DBB3F9FEEBEC8CF533F3E7A9
S31AE04AA7C113806437EF765AB35467FB1F22397DC3282809DFD03B
S31AE04AA7D632BD9582D06BC8442BC97AE16E45AF058D50E49324C3
S31AE04AA7EB584FE35B93AB9B6D12BD84CF0AD5153E52FB62B18BBF
S31AE04AA800F3BF0DF40DC8A57B222362947FF69C446BEEE5B220CB
S31AE04AA815AB77B610BC41213A045B83660652201A4AFA8E4B7255
S31AE04AA82AFDC7C04A616DB81EF04309F0E67096A2247ECEE42940
S31AE04AA83F6805AEE3792B275DA5EC0C3A377CC00C36362410B800
S31AE04AA8547222C0817ED0D764E8682B16CC047A24DEB2552B2B27
S31AE04AA869A7E04DCC0F1D7446DFA958752DC6D0693ED5BF372377
S31AE04AA87ECA3641EA076982CC4FB852B375D127C863E6EFBB0E6A
S31AE04AA89378A5429902C37265DC42D3B0496231CD282C9B47C8A4
S31AE04AA8A88DD43546BBC9E20F1EB34F6ACBCBD023B2FD2FAE7902
S31AE04AA8BD73EF99DBDFF1E61B6CDD4CCDD684AB1F74D3858B32A0
S31AE04AA8D295219739941533BD7F368EB0AC93566C665ADDBA8F48
S31AE04AA8E79C182185C5827961DA15A344B4CEC8074D376EE5E3D0
S31AE04AA8FC666ED155B573763DDAEC1A3ECF266561E8B94ECD9F0E
S31AE04AA911D224A77B817ECF8C3DECD36731872EE64A7EB8C6D149
S31AE04AA92657DCE5B91CF8C32FB934BA4D54B73145E5B848ADA965
S31AE04AA93BB7C968259F82A3938B7DB8B3D5B022A2D36AE6F5D3CC
S31AE04AA9509196C01E49FFA237928D12D568D348AE504CF6D46798
S31AE04AA965B491B7911D26449393965D7304368FF19480DA3B2406
S31AE04AA97A273C150C9D9EA05819AB44844C7A79835C47761C79E5
S31AE04AA98F71639A094694749FA3FBC081A6ABEB5C9E99ABEBCD0E
S31AE04AA9A4702810D69D8990C9961D37780DC47C60992BC4AF1516
S31AE04AA9B982F4218DF1DF914C62B59CA1E36C92913D62AE04D79A
S31AE04AA9CE77DFAA21A51687E13F3480CCEAAC8943255BADF0FAC8
S31AE04AA9E31342B4B82D19C52B93AAE28B0C0B5B261E7A3A58AE1E
S31AE04AA9F81582AAA7ED483611521A9D543DC64568C5049BE51B45
S31AE04AAA0D3CFFF632B55AA9CC06FDEE399BEE3D5A811A8C88150F
S31AE04AAA2258F9A6B9A09F0D5BECB990ECC37729ED47246922DF52
S31AE04AAA376E082D8233BC4AECDB847EDC87823D59B3087696BBB6
S31AE04AAA4C6C758164CB290B8AB1D1C3E086F4B0E0AC95AC56CB39
S31AE04AAA61D2B06BD2EDC147927CA8F0C6F6F8A2E046BF778B0B0E
S31AE04AAA76F42B65EC6B412EFCC37ACDC55A3F268DF67CE576412C
S31AE04AAA8BECF2754897544FDED121BFD593D02AB023BF7B3F1B59
S31AE04AAAA07FB41E1412B692953E3C8D2BC3C71424BCC92CBBF0CD
S31AE04AAAB5C1F27E61D0A273E7957BCE40BFEF17ABEA0E5BFF31ED
S31AE04AAACAA05FE1515CB27470AEB42EF229DD73AC2C3633DDEE1D
S31AE04AAADF0B47C5D5A50C40D95824CA352563D4FF3324885C82E9
S31AE04AAAF48EEFFA73D0660C92DA20B26583675D7FE043044E25EE
S31AE04AAB09B06E61789D6B99C9660FC75CE812E338924210E37EB4
S31AE04AAB1E26B1DAC4BAA829BE75DC87B44CBEB9991ED6CAA07A74
S31AE04AAB33EB59DF3B222BD9DBE64E217BC01A064A3B4B5977210D
S31AE04AAB48387E67E8CF48E7F3D15E51B9D9F270457ECCC432C316
S31AE04AAB5DEEA76430A432B22E9126EEC9EABAEA7472BAF861518E
S31AE04AAB72366C7E67B2A2160FC7A51FE8E5349E8F61D081DD3323
S31AE04AAB87EE12223E3A07BDA367C1F2ABEF7E929409B881406648
S31AE04AAB9C1E2D6B5570DECF5073DB59F1141E301B0F875BD357CC
S31AE04AABB1D71F93DDF06B9F7DFD6BC5839999B117960B96E0A31E
S31AE04AABC627D569AEB56631CD88582ECB351EE7DDF33A1F21972A
S31AE04AABDB4A6222BDE401374BE31F287BF48C14179D3D246B7C0E
S31AE04AABF0CFCD4867FD4876C1F368C0B042D7E7FA9813809CDEEF
S31AE04AAC0523184781BDE02CE31CA9D25A88C5DF7DE2DACFC0DC9A
S31AE04AAC1A8F72F0E2D33901C430C255922594A19381EB4BBE7B9B
S31AE04AAC2F105DE6C2C9055C1ECAF515CCF87E2AAA7FD34BF060AC
S31AE04AAC441EAD3189380475DBBCFFF0F083EAA133C57ACF74E17B
S31AE04AAC59AA85DCEB04D8D4235159FDA0E2FC86D607271DE985B3
S31AE04AAC6E94DEA8AADC736F451FCE6C4486410B39DD9FCEDB27E6
S31AE04AAC8339013226B08CE3AE7504F72BA0196D36A47450E08F5F
S31AE04AAC98417B2CBD13C18AB8ABE1C778AD4D7472076EB01EE4EA
S31AE04AACAD5FF1A7132604C1FAAA56684D243F4D2F2E2AAF5CFD7F
S31AE04AACC2713C939CE0B0BBA4CB9C2A9FC4694720E688493724AC
S31AE04AACD7C3522A9328B22FC7ACF3EEE2F0D2B0765D690AAA8D38
S31AE04AACECA4B3D299B2EF17657D51F6560C6ED61EDEC4874C9DAA
S31AE04AAD018749589279CCB1F2B723E51D24A9959D03794F557FF1
S31AE04AAD1675ADB85FBC519026EC0249502742825DD9FAC75CD661
S31AE04AAD2B2CCAB6E542B42AC8890291EC66F423E8A858DB01130E
S31AE04AAD406BED3A861715AC38641D9724CD62EC98C8A9066DA42F
S31AE04AAD550E5E63DCC20A6946E3B089D4750D4AAA75B6945D7D94
S31AE04AAD6AA67853B384A26A685E43CD95D85FE83742E7281725A2
S31AE04AAD7F4CDFD9AA2332C1980872F266E17DD5743FFE0E59888E
S31AE04AAD943702712D20F61F27BD92B412329E2FECD92582E9DA04
S31AE04AADA94D9B9FAC1C4375E738F4BC4E2F327E9F0B3A80244D8D
S31AE04AADBE76C42EEA1C557DC45A8870C5CC09651B144758742F8A
S31AE04AADD3B461C3962D992D04D2106D5ABC3FA9C0D752B66CB5C9
S31AE04AADE8FC0305BD4EA352634C9C832889C7BA29C98EA95FEFAB
S31AE04AADFD60234175358E4E81EFAA4EA851468308CD63ED3753EE
S31AE04AAE12AB39F60E6D1EC0E9361907A687A63E67BAE9D59068A1
S31AE04AAE277FFE4B39F76A6C5BB5C377F8689EFD77115898D61570
S31AE04AAE3C4C923F4BE8977704FAA4E0AEB3F28053432CBD1D5A28
S31AE04AAE5170CE410DB3A2C7548F7FBE9098B6C392E666EC6967B9
S31AE04AAE6607C02DB4F72A52AE949935961DED9F198C3119E53732
S31AE04AAE7B00CDE8079A3204E77C8C1C538CBEB9EFD6B6DF807358
S31AE04AAE9058F5702D370C5487B6F10C9C191E3FD02810C7EC985D
S31AE04AAEA5EA2DFC1B31054550D02F0E2B8BE8F4B75EE047D42997
S31AE04AAEBA4864E5EE6CD6B2E5F2A7A2ED6B7CF96AFA2166F82DE3
S31AE04AAECF0E89F9F69DFF18D0F98DCBE183FB274CF3309F3A0114
S31AE04AAEE44B442DBF27E65FC54B77904F4DDFCA37B998BAC308D9
S31AE04AAEF9FF80EE3245005F8567D81C620B8EE569CB214C9BC70E
S31AE04AAF0EA9E6E3F257B3EE237D7DE348881CD597CA4F51BB1312
S31AE04AAF231C52672ED1B2E7D9AC1B1938AF0CF411B0D820AE7104
S31AE04AAF3814DEF34E051DE21D7E6E6DA981D71931C1D733BB1244
S31AE04AAF4D072047AF5792051E5496E2A08C7796CE07671217EC40
S31AE04AAF629A4C9A0E2C4687CC3607DC99F59D36B0EF3B2AD138D0
S31AE04AAF77C0B5A24F2753797BC6F85AE043EA221FFDF0EB256AF4
S31AE04AAF8CCD449E575EA4739F2C582D90F9B4DD3913D7D77F70B2
S31AE04AAFA177D002016187F6B506E864FBBA27983ED99481E63F77
S31AE04AAFB6C76F3F885E17ADD3E8B30A0CEF1FC94D7B1EE14BFDCD
S31AE04AAFCBEC5CF1BBA1F6D565248633FC563038BC76558F3D3062
S31AE04AAFE00752081AC15EA970D63462A8D87ADF224CC1EF0FC542
S31AE04AAFF5082D3F49798E931F8284688EFFD871583D6A45D91D23
S31AE04AB00A5ECE167783BD93540B3A58421314A54512FF9CCBFBBE
S31AE04AB01FD2166AF9FF4CD554F124E2DDE40D260CDBA5E82D8C15
S31AE04AB034618A87FA83E7CE78801E4029C95E3C3F89B61D112A7B
S31AE04AB0492367D68C01D7349A9C742918359E13744317540C5774
S31AE04AB05E27D6061912C4E6B47F36CA35E22307F474B6D7E53A4D
S31AE04AB0734ED24651196F9728D5E53730C4AF0EEC6D0864301CE7
S31AE04AB088ACCE8B6DDDFE4140ADE7CF6D984B1F632609062DCB53
S31AE04AB09D1C907C22B8CDADE8F20E49EA3663AA3672356CF4B7A0
S31AE04AB0B28FC50F5FE41F3758C6094B92261E2A6A2F459926FB53
S31AE04AB0C77D19704BF240038BFA874115FA9A5E7ADDB035A32665
S31AE04AB0DC10B5F57D6ED4C0C6FB814B9627BD4CF05BA3317DC047
S31AE04AB0F1A216D06A94673908EA80C3F041170A8E9FFE84B0CC42
S31AE04AB10658CBA513F1352E430BFB859FE0DC0548C1457EBDC856
S31AE04AB11B17D2FEE1E0773854FF40ECC949E4A93A98754A902534
S31AE04AB130057F51398BAD8C2077A072D34FA34C3CE6E959652A5B
S31AE04AB14584C6637FC32FB7F809B957515CC50EB54AB13D06D597
S31AE04AB15AE23825E26EC638EDD1753D2D65BCA0A96AAF04610698
S31AE04AB16FC390EF6AE373D84D54292C5DE8B15D4E24E65117D1E7
S31AE04AB184C41FA35D2938108BFE1A4F61F1965C0DBC38D52CCD2D
S31AE04AB1996C62192D7DFB7592619DC974A9C56B3142B65A8AF5C8
S31AE04AB1AE083A888D4576BFD7DEFB97F31478A759D4243E7530EA
S31AE04AB1C3728F323994DBA392DFE33ACD32C67D190A0EA5F262CF
S31AE04AB1D8680B99A8F2D8F6FB9C7136C9960213E8CC0A6547C1E1
S31AE04AB1ED1EA678F888A1F2CC41CB34634A5A2AAD1EB761F0B20C
S31AE04AB202B836605A922EF3D10E62334081BB04EE79361E9F93CB
S31AE04AB217E1E412C9F9E55B8801DF480793227BE2037B0FEB7860
S31AE04AB22C424C69DF0C69CFF963D630973EEBCC9BF0AD6B22FE12
S31AE04AB241C023C75987402956F10B42AA7FDA93F5CE949F37CDB1
S31AE04AB256FDF0E0F69D2B26962A3BEEBB899989F690CC20056DCF
S31AE04AB26B9E05688BE7586F37F0DCF60823CDC90112053F907049
S31AE04AB2803A707670C5C9F2D4A398C36B9C9141236DA8607DEFCA
S31AE04AB295003B05AA856F1645A3443F8C6B720EACA537C82DE63B
S31AE04AB2AA852B61387B9C3BE2251A90A1F9B85AF5EFC1DE77C3AA
S31AE04AB2BFB6AB07FE22768F69153FE00D0109FF64A0C5BE3F9BA9
S31AE04AB2D496820D6CC62E61B8372BAC397AC8785E759276D98B57
S31AE04AB2E97889A95FB8C63D2D8D8FE759FA19B5B850F58BCA5564
S31AE04AB2FEF908DE4805673A12750FCC0D3917B8FA8B29AE92A534
S31AE04AB313032022F6C8A8DC2D408DCD7ECB69150F8A5A520D4945
S31AE04AB328000379E2DB71FAAC9CB435B94D83C5B71C46F50A7134
S31AE04AB33D12F7DD980D24E029CE996D643E6AB10E2750DD7ADBCB
S31AE04AB352DC4318CA59198D70062FE0415C0C9C37A91D8C0D5EF8
S31AE04AB367D764DA8E25D5E085704AFF5773325E623B00A98EBEFA
S31AE04AB37CC6C1CB79D46325E996D3E64E579D46F6EAAA2D17894E
S31AE04AB391A1388CA80A8A28D0524D5260EC614AD3B3E4BE40612D
S31AE04AB3A62D58117D94DFC2518F30E9216FD4D1800988DC9FEB75
S31AE04AB3BB6D726190AF83CA1ED146B0AFD10BD74CC44DDC288455
S31AE04AB3D0EB7637F314BD9F9BEEB06306F1E197F787F638DB6F3C
S31AE04AB3E57DF6737C0D52F3BC80F4FD2731BC85B97DE85F1A9E74
S31AE04AB3FA080EA18DC4C3610DFAF1B3D854F0AC2DAB7CF4C92F2F
S31AE04AB40F755841D6788BB7F38F071814D6B29BCB5D94DAD1809B
S31AE04AB424527C912F8FF40A789ED5FE8D46751CCAB5D3A48C3DBC
S31AE04AB439415A1271D50EE09121A5785BFEDDA3EA919932712B63
S31AE04AB44ED9A7ED4D63740BE307D13BF69AB4B0E73B772F439395
S31AE04AB46345938537BD27C7505D6E32765EBF0D8D83C71F004C36
S31AE04AB47889BF94798C4CD28C50F4329CA891E8CC0641F57B242A
S31AE04AB48D9C144DC9D7B0C53F7B1A2C4FD9B63A0AA7DFF7A9C060
S31AE04AB4A2F10470A92553337EB68912FF67124F2D5EDE01EA9230
S31AE04AB4B707D83F393AF9C7C128D4CCB94BC7F1E601D1F3F0E738
S31AE04AB4CCC3E2277014EAAB94AF6379937F62D11D37BE2DD9D901
S31AE04AB4E10BB8B2A4207462D52D5CEC5529ADF883BB422BA067F8
S31AE04AB4F61FAA8B33FB66F3EFFF96F650DF82E25BA063648AB528
S31AE04AB50B72811149E647FB020907C2F288BE8F6CF823FF588786
S31AE04AB5209A99CE9ABA9B1376AC5B5ED612F8D0B02757E585615F
S31AE04AB535662946739A14F69EBA3A7B8851C9075F497FB4113E05
S31AE04AB54ACBF1FCF7B0FEB34E8F26E7C53E1470177FED9E1BE31C
S31AE04AB55F01375A2ED332813ABE0824632CBC581C3BE45473C5D3
S31AE04AB57411915C6682110C43D5D940069A245CE43F63A6033AD5
S31AE04AB5892AD8A188935E7B73D1A44152450000C37AD7A8C6B4F0
S31AE04AB59E69D504A6D9842412E23AE3E71D06946D5CE54A67C829
S31AE04AB5B30E8BA3220962A4EF356B280A045BCFE2EEA80BEF2560
S31AE04AB5C84A5EFFC30D25373D83656DDCD30B53DC229E6685192C
S31AE04AB5DDF5EE16C57B78DABD3E579C5BD3E2FB34762D8D4AEA0D
S31AE04AB5F2AF96E6A3399A2E24FD9624B3F55B9AABDF4B3C37EC99
S31AE04AB6078050DC215DFAAB312A2574156401C9BCE52EF320D73F
S31AE04AB61CF6BF0E6C0E01E80F3B1ED122550CC89A2F1B07F3BAA7
S31AE04AB63117FCAC4B6068EEF11CFDBDE9C1085656B07F901B3CD9
S31AE04AB646B44CFFAFEEA3C93D56EFE7EBE4EAF58A4EE68716ED58
S31AE04AB65B3CC83BCE311E0BE23ACCF5DCFE17DBCA9019E0323BDA
S31AE04AB6703385AA774929C259E816AC9B7825D81361E3FD658339
S31AE04AB685F4513C90C136899CFA443E744EA6745E6365AFF7F43B
S31AE04AB69A2F21BB1BC5077DF788AB2418D37052464B0BACED6963
S31AE04AB6AF1696C1EDA092ED177A84E8B8DBA0D6EBEC4E0C158D04
S31AE04AB6C4B72AF3F2A7D36C1FF837AA1A82FF202B2EBC1581B087
S31AE04AB6D98B42E6F602C45057010E75793AA8124D6C1C1FDF4D05
S31AE04AB6EE84FE69FAFB23E8273B80C3DFADB9020B96B7EAB19FAE
S31AE04AB703E3F8035791A9D00BF254EE6C28A5ED7FE054E21B4E5F
S31AE04AB718AFB03022222C7F2CA8BABF8F71B0245DA82BAC6865A4
S31AE04AB72D1215E5AF28C9755A3F202E3172FBEF24014D29423530
S31AE04AB74288E54C79E275478FEE38D7778DDB1508F298A00D062D
S31AE04AB75768FAC309BF360BD5D733FD6CE3BE899EA4390A2BC895
S31AE04AB76C38365E56737D96D05510F132FCC51D9F2BF463ED2F7D
S31AE04AB7819BAF9874738EB21C2AE98FF49707D9CC1D1C81F56076
S31AE04AB79664E7C595B8346663E53820743CD121FD6E0252772DD2
S31AE04AB7ABB1797F677C785BA1339AC76AA308694B14DD1871ACD6
S31AE04AB7C049C19FB4F3428B2CEF07646E96479EB6080088B9B900
S31AE04AB7D506661134691BF1CC35BF55050380600CDF1D84E6B3E7
S31AE04AB7EA98E6F8EFE930A13D43DF0250734E13DE66C74C7B455F
S31AE04AB7FF08CA2AC718FBE163C71768000E9670E2C9E9D4E984BC
S31AE04AB81400AE22DD6DFDE1371FED1C88D3AD989AEDE33F4545C5
S31AE04AB8290634353F57C3F5C3414F32B0A9C605C60D00C5159532
S31AE04AB83E7A3C799CE19FD62D8AAA5273E5C8C8594D12A2BB01F3
S31AE04AB853BAE67432365F3BBAA3BDC17619A0DE135D15BC07BBAF
S31AE04AB868B9F37546298485FF3D4F9085FE8D3B9C68C86882BD29
S31AE04AB87DF4C7BA933E1FD4B678AFCF811A02F4A207992F50BE91
S31AE04AB892B9F75AF32AD8EF67E276A53BDC2D016963677B888D17
S31AE04AB8A78ACE4619069DF426433AA7621B94CADC7ACDF315BC02
S31AE04AB8BC96B8B4A44A66D160B3A98E076098ED1FDAB55778FA73
S31AE04AB8D11E4F2BE77460E4E1B604CCF95DD5B5DC5274BEFA98C2
S31AE04AB8E64ADD126C0F084EA0560DFF50CE19074EDA7C65921028
S31AE04AB8FB2B35DC281A5AC213E224C1B9EBA984565E580A8B72B0
S31AE04AB910C74AA344840C49F04F7169D16418C8219AB01EE6ABD9
S31AE04AB9259ED4CA70C1B6CE75B62620CB83F740BECAE2146DB754
S31AE04AB93A8CDA266A0EE8BC278B806525F882F3CC7C651039AA57
S31AE04AB94F7A4A337D0A92FA814219C1CD60BBE377747FC13DDBFE
S31AE04AB96495BD4240E30E81E62519F7074A51F6F152BCE5EF6C66
S31AE04AB979A1F77392C32270C4C0C29D8956A4C130154A475548FD
S31AE04AB98E9C36563C0193125A0728CD78C59818680FF4058A51DC
S31AE04AB9A3E21017BEAA14E32DC7E0470AE41191652A7772026E64
S31AE04AB9B822C54C01817BE79B775D7C90E577F5AAAB630F3A74F2
S31AE04AB9CD271BE468D2796E22726D8746497179B5A2E95B627080
S31AE04AB9E256FB4A5075B457DB7096C966F24A6B037E89B74836BF
S31AE04AB9F7F0C0E39C09FAE1352E2893E889F72BBB84BFC0E2DCCB
S31AE04ABA0C1D664B90F30D4ED7394443D61E2E3B024E4B4EC6D7CF
S31AE04ABA21E26F9EAAF64B06787F20CA90A8DCD85621A6353E940F
S31AE04ABA36370612068C349373A199E9CACD1DA1B7E0A7418884AD
S31AE04ABA4BE3346B942D90360C8E14F83D6DC444DAA23601EAAC0C
S31AE04ABA60751911AE999990B82023790FB54727D726418077D4E3
S31AE04ABA75305E1798B3F1F8F9171F90881BDDD83D12A73EEF6B0E
S31AE04ABA8AE2BD7528E04807858B9B1A90A333C59B804881F60F33
S31AE04ABA9F37B83953CF43B63304D25B187AA06F471386B0422E1A
S31AE04ABAB4E466CC84992A580CA350663F9667DF335EB5789FDDDE
S31AE04ABAC921E4D063F94001E17951038578446AF1765D0F27E78C
S31AE04ABADEC52CFD1FAC497A118BA5E9D193D399DD67CC5E4F8E62
S31AE04ABAF3307563715E4C192D49DEEF24B6D7F7F0A7C73EEDD886
S31AE04ABB08D5E81C05E39686E6595F03B85B87DFB55C3646F2A1E1
S31AE04ABB1D84A19995C5D772C53B1BA8C57E35CB35660795411EE6
S31AE04ABB324398824107F4D5801BEB0510267ACCAB95FD9A1B3E29
S31AE04ABB47E32D4AD7B4CA3CA4F0B7C006868D59F9288579A62765
S31AE04ABB5CBD175E9B5CE45636CB422A9C4220056D53601BF2BEE6
S31AE04ABB7143E421E87E9DDB6A5E079DAE628906181E3551B96386
S31AE04ABB865596451C991E44717D621ECE7CB16E79E3DC61FC487F
S31AE04ABB9BCECE4C75DF8CDC61C468FD4DA0BB8881BF67266A7957
S31AE04ABBB0EC6788AEF73A5841A9D3EA739D2D6FC37F35740F22CF
S31AE04ABBC5A91CBBB2DF81085E82B2A0FFBF67A8D4A73694A27843
S31AE04ABBDABA3DEB9A1244F7F0DBCB232B34D6A1D80CBAC47148B3
S31AE04ABBEF1F0BB9FEC45772804539271B0448994290E575A3406F
S31AE04ABC043076030DF2C5ED3696EA978D8F36945895464F3E7D31
S31AE04ABC19CF6C52F7AD7732A9032F9DE19421B824BDD1D582C17C
S31AE04ABC2E1F2788569EC121FABA9E2448886053808C07AFF59CE1
S31AE04ABC432D8E5FB1EB9D3D93F89F17BB544458416EAEF88987DB
S31AE04ABC580CA84DF53FCF8665EDD14EC5FC115DF44F94031B6E1A
S31AE04ABC6D930B3A0F9195CBA8EC70839EE643D3C5ED1D432776EA
S31AE04ABC82CC49998838A28FA90DB0DCD3AFF2D313B8230CD2BFCA
S31AE04ABC97F26D60B8BD11B936B3DCDE8765CFB4BFD6BD725C43F5
S31AE04ABCAC886DD060D965786245F19F288520E80D137D162CAD00
S31AE04ABCC1893B766022B3D4BD7A77E0F3A581F28140C7A11757CB
S31AE04ABCD6D429C8AFCA3B8CDDD052D7D730694FD37659AD525A94
S31AE04ABCEB7632FDA36EFA2E8511C9852849EFE36EA51B28A740D2
S31AE04ABD0037611CFA0D468C697A1829F20BB7C1D72E5DD5E3714D
S31AE04ABD154B5D530064F74788B7DDCF1D20D61427C02A504EE0AB
S31AE04ABD2AD0CF5278C4179223DA844E2D53CC7E1C7CF7B844A03A
S31AE04ABD3FB5DBE5A8FAF12D89B7E171B215904BFB9D5CDE56101E
S31AE04ABD542F8C330FD17CC231B019C7442905EDAE946CC5EFC458
S31AE04ABD69E8D6E9D09B3BBA68DB4FDD230C86D4EF2A9CA2E11D41
S31AE04ABD7E453568623FAA6A7C28C20698CC446E5FD3F15D94F162
S31AE04ABD93A16AF922CC798B54DCC662B5EF58A83B739002A41580
S31AE04ABDA814EDB54FB368636423A737A0CAD5E8A078FFD93AC855
S31AE04ABDBD27777C235191D6B79755EDF7FE6C591DF0BDBAF8F690
S31AE04ABDD2AF75DD4CB073B3598CC6259C0AC31AA06D48C67441E6
S31AE04ABDE7311F282B90CF7F6D6125C77A85CB7270124A96214DD0
S31AE04ABDFC108A694A4AFF3487980CDDEED2F82C19FBCF6AC35EDE
S31AE04ABE115EEFE34A536518A5BCE63CBE5AA041DF78782265E4EC
S31AE04ABE2646DC43473B9D16167139AF8356CC6146CEEAED7E5906
S31AE04ABE3BAAB434AAD593AFFACBE464FD961E43A45993BB76505D
S31AE04ABE5049501BCD0C9F318F6D5AB4AB4E5024030D87DE74A54B
S31AE04ABE65762D7DFF390039485F30BCFDA0F99A505705770C19FC
S31AE04ABE7A829CDFAE76AD820176D32C1908901C6647992B5C39EA
S31AE04ABE8F4729C7032A5AFBCD915C2A6D3E82ED8F68ACC1E91357
S31AE04ABEA4EB9C7CE87798373F1F8CE21D1A84C4FA68B2533A7FBD
S31AE04ABEB93B50903E1973DC0C992511BDC028CF1BD482FFEBBE1B
S31AE04ABECEF68C31C3B90FA3A950A4661003A5651E253E29EE5442
S31AE04ABEE34A6C006082AF3437658B0DAC01FF1D43A81F06C2C40C
S31AE04ABEF8A6BAA5EA954F8DADB8056A6039180909F6FDCAA7DDCD
S31AE04ABF0D7313C077608CCE433F8C32FFF13B215264F0C9948069
S31AE04ABF22F86746F48EC562F06EE40ED861B846BEEBCAF4927399
S31AE04ABF375D7BB0EF9723B36F13E4B98873DE8CDB6640772AA09B
S31AE04ABF4C3C5C21D5AED89E2978EF474D5B0913FC2D9CD8E8FCE2
S31AE04ABF612AF30B763441E911E3DA6474BEC8543FA51D68E5B51C
S31AE04ABF7656942C50ECDA2FFC6927DFB2BC490B3262C34CD10387
S31AE04ABF8BB50DCEE0D5708A09CD22EFA1200D5C8B63A1A0ABA5A2
S31AE04ABFA03CBDF865C89982C250A86672D17A33AA92D44834EB9C
S31AE04ABFB59F25C7583F5F5942FB4296AF9F7A551AF7EE3371E0B8
S31AE04ABFCAFAC647D990E7B6A1BC24D866F99E9712D6DFBDAD37D0
S31AE04ABFDFFB2642EFEAC79C3B9C0FDCB4F5770155BAF22AA902C5
S31AE04ABFF4F7E3272931F9CBD89D1DE0E7F2C6ADBC99AD4768D1A9
S31AE04AC009E34AAE8EA2F0E8DB88DD0EAFC287F188D53BF42A44DE
S31AE04AC01E5C2ED6EEAB2FF3AC5150B7B2F508680507A52685F556
S31AE04AC033A9366E024A9573A79AF8DD61093C1B4A1F0E5F6A947C
S31AE04AC0481B12EFFB8386FDDB3DFF50A71EAD464FF12B01A889DA
S31AE04AC05DB3EC36E52968CB9E211094B4849940E6DF03816CB5AA
S31AE04AC07245C1D691FC13D52DF31B8478DA8CE9CFCB5EF3CE21D8
S31AE04AC087032DE1C98C28605E7FFCAD3E167DB0F09C0F1256ACD0
S31AE04AC09CE6FF2AA2BF3B70639417621E0CCCCC2F61D3786322B2
S31AE04AC0B10840608C3041CF65885F076A359631BBE596F3F81BE1
S31AE04AC0C64B7DB1330744DC36A0840A814C51EE0FFEAA90DDD4FA
S31AE04AC0DB5616541B779824326481BE20BA546D1A9570FBE38223
S31AE04AC0F0E4FB05B16897D5163B2910B1F7CC691F5E6E889FF039
S31AE04AC1054B5FAED427F5A71F8F44D81B1880CAC28FBFE9196C41
S31AE04AC11AAD0AD4B6C2894E37589E5A14EF03589337BD3B947754
S31AE04AC12FDD52A0CEAFB534E946D3EBF26A67082963F041E8D168
S31AE04AC144ED43A6D65435E9B09162FFA2759284944B5118051D5F
S31AE04AC15946A15532F531AF9C8BF8BF23AC3EA15702AA95C36611
S31AE04AC16E7BA9C9D869DB950C4285A109CF420895B560BC192EAB
S31AE04AC18300FA4E0E7AA36AE673F3CBBDFA7957012627DD386534
S31AE04AC198E486DEED3D142968F9F8864C997045C8D6F21A58FB3D
S31AE04AC1ADE089E4A1B3F7760C76BC0C9A41FFB0D5CC25A8508429
S31AE04AC1C200413AFD9546DA4E9078489163B19B6CDB228B52E9FE
S31AE04AC1D7D1257E833DAFA46D214A8475A46001127B77A7CCB19E
S31AE04AC1ECAC81E27852B275E85120ACD2D4A65A04D83235336C81
S31AE04AC201C82F5445F749839CC4A222827D438FD007FB34447EE8
S31AE04AC2161ED001D9EF0F0B4285F48F840EB8C2CBD11CAA4ABA56
S31AE04AC22BC2AB82432BB5E65238B8B97FACAE6C518D3EC67692AC
S31AE04AC24083073BE00D88BCD3C40A4960AD947190DB1E06DE2F2B
S31AE04AC255488535BC3612CD99E2448FF274401B40CF82EDF73A13
S31AE04AC26AD47A44439927F2C9B95F928220648D161ACBE186CFD1
S31AE04AC27FADA9A64E1D14CD6112B045AC661970CBF417DBE8DDB9
S31AE04AC2945A78C93AC040CC08148EAD97C12A86AB04088B5BCCFC
S31AE04AC2A98F6AF05B18719FE252F090A6A93593944F8928414004
S31AE04AC2BE2457635442634EC0B521A6C165AB4EE1CD00D483DCDA
S31AE04AC2D3BC05E138F3CA58694198F1C821F5746F742DC1086277
S31AE04AC2E8AD6CDD438F640760B3A794B5E8C0607FF694207B60CF
S31AE04AC2FD0077CD1F332E5655329EBD75FEB5E5F7395794AC39F3
S31AE04AC312284AFF9AD3C1F4DAFFD194EA0D2591A24DD7B3677C0C
S31AE04AC32722BACE326B8DD08EE8622A4413BC24A74826A7FC0E2E
S31AE04AC33C1F108CCE8FECBB069996843927FC398C2378D1FC6C4F
S31AE04AC351E8884FA47D4F7DB16EFDE95B0394EABFF17B3085C674
S31AE04AC3663347BB9FB63B1BF2047C9EF284DAE84C7CE129E5A60D
S31AE04AC37BC5238BD4E08E39AB40E412C49CC93479B2ACBE4CE58B
S31AE04AC3909C4B8EEA0A35E16394B1312D56D3FA77EFFEB72E5A1D
S31AE04AC3A592DE254695CABDC52F765AEE9532F766163F82D3A13B
S31AE04AC3BA3F13C1A0C2AEDB991A1B060F28BDC992ED189706C9B2
S31AE04AC3CF85D363247564AA0ADF1D39D4FF4084FFB0654C0BC2C4
S31AE04AC3E48C50E462642F7439C6F191E9348EF3F464DDFD460153
S31AE04AC3F989ADB60FD7847988AA540403661AC20303F716D10D70
S31AE04AC40E11FAF683082472A7AA410C90E1CB18DD9D7E5D93B538
S31AE04AC4236FC6BEFB69F98FFA0D216CF1E078CE6568AA2FBD5A8D
S31AE04AC438339D18FC738D04177B909DD020AF832528DF72429581
S31AE04AC44D45B9D3F30BC05D31307091273F7B882E871BEFF32918
S31AE04AC462AA9F4B52328C75BF56035AA14110E1C7A60DDF0A25AF
S31AE04AC477040DCAA42A00CC0A9166EC0A1E2BFDC7D7869F16A055
S31AE04AC48C1D963CD1984B3D8AEAB15AE33D5847C495F514FB0EE2
S31AE04AC4A1EE1A880EDAC713B9DB9A6E018C2AFDF09ABD23529860
S31AE04AC4B66CB5C85EA9902C056060C1B4A917C1B9BB8CC96F9111
S31AE04AC4CBFEAAD613A0290347948F52AC8F2927022ABB621C0D16
S31AE04AC4E08CF29067E75268143DCD5C39FE4310D298493BA4B1BA
S31AE04AC4F55E7CD187E895185B6D3BC41E4EC70E9D80F100EF2E08
S31AE04AC50A6CE9A86B960C811CB3AACADC9D659A1C8B3B1676C771
S31AE04AC51FB05FEDA048C77F34DF6F4637A137AAF492FFC6B5C468
S31AE04AC53412534D6E734AD3DE85E10147516D17F2935E3BB3BE22
S31AE04AC54973464277277046815B5D23398D1FFCB4E0DE331C74EC
S31AE04AC55E1CCB37F35BC0BC042B5E0A247CE1EB7374FAA26A0EB2
S31AE04AC573DE02DAD88AC856E4AB664558A7DF58063931AAD16B83
S31AE04AC588F0F9137C6CFCF945B81620F0E293626A0CAF14BC8323
S31AE04AC59DAF928C93F1C10A34577367F705102E3FF556CD1475BE
S31AE04AC5B2892F6BF8DD30EA07FA699A78334AA90601FF021AA5C9
S31AE04AC5C73D7577BE3782BF8382BA614D7B70732F57B6704B9876
S31AE04AC5DCE86E38E86A8DC1D838E0F464033F461842071C2F363A
S31AE04AC5F189E9F9E1E24FEEA1E3762865E05253467B3DF6821CFC
S31AE04AC6069F5B97A308FB945C376D4B946A90D7038C07636D8B83
S31AE04AC61B2B7FC6F7452B6144DC7BAFA448390809CD47FAE188AB
S31AE04AC630DB789285BF0211F40DEF9AB22F6B8129BFDEC8080993
S31AE04AC645C0F1F5A668121B5571F2701FF74F6617670541286A86
S31AE04AC65A5D2E34F363A27C78E48A9796EECB7299AF08ADD2203B
S31AE04AC66F043E8EC92E663A60CDC0276B97BB7BBEF7BFA3812F0C
S31AE04AC68446577332D408FC16BE72B5E0DB3B8F6FEBCBF994A67F
S31AE04AC69930D895132BFD657848CFD726A667A91263AB72BD7519
S31AE04AC6AE653E9C39409813D302E0417AB633007E6E9398B4FDC3
S31AE04AC6C33FBFE9DEA43F9CE750A374663172DA66486A4AAB6749
S31AE04AC6D83CB4C29644B76A9EFFC1EEA121328D65BF22F1A1B516
S31AE04AC6ED8A01C294AA94768AF06637DEE129595A30434EEDED26
S31AE04AC702924AA557082CA7E52D685615991757501040ADB099BD
S31AE04AC717683376910777FDB313DC950E522E3E3BB534C6D1E919
S31AE04AC72C0EEB7D00A0D48891B0B4A520C752842F1E0F68286AA9
S31AE04AC74199D45E0CA1106273573FF1EE6137BC3B68359103E53C
S31AE04AC7568879C5BF8F77BEB7FCD65F8EF0AD7FB598ACAA2D876C
S31AE04AC76B2F6FAF8D71DDF633D805AA7BE330FD212DBD4CC347C5
S31AE04AC7800E4DE27070694E523102EED28CD303C3884350C48BCC
S31AE04AC7954AC0623B851310D8E27F02258778433FAAF3608C3E68
S31AE04AC7AAB63B455C049A634684BA1F82AB1A32F66F7673052523
S31AE04AC7BF28B14071D98B07EE401222E9A0DBC7144A6E3B89D152
S31AE04AC7D405617212EC7B1DF7A1CEC64367B0F562C597E6548BB4
S31AE04AC7E947C46C86363F26F812433799F7A3143D10E75FF12EF6
S31AE04AC7FE8DEA391A1CFFCD3AA435FC63A89E54B7BCF6F637B2F0
S31AE04AC8130A24873A6595DEA276DEF4358A3086F231DCA2C5ED67
S31AE04AC8287EF816447A4F8245A79AF280065D6D65EB8EF077D3D0
S31AE04AC83DBB9AD2186912F02AEB8CA0F86E3B1F9AFAEF860C787E
S31AE04AC8522A6912728F8CFD207AFB6434F54C7B9D79E885AC2337
S31AE04AC867989CEDA6D8DD1D1F03E7EBA581876495FD451E2EA922
S31AE04AC87C4D08A0657511625FC562E893486901784E8CD0EA89ED
S31AE04AC891E776488998209346FCB3AF1A56A55DD33C604D6D5D4D
S31AE04AC8A64ADC8178E2FACD191D5A39C369225771F3EF7FE5550B
S31AE04AC8BB14ACC883EC458FC1AB78FA36E5EFE6674FA4774893F3
S31AE04AC8D028F20EC2DD5D33EE950B0113E9A01E38E6539948121F
S31AE04AC8E51A1C2217F82DCA2E6A003A342ED02B88FC534BA9793D
S31AE04AC8FA90421434723081AF9F2C415E0C05BB853C4D46F5513D
S31AE04AC90FFDB5EB5B3C1431CAA94E6E4486EBA22C4023817D9DBA
S31AE04AC9242F50A18D05BC034440AE6C8AF0AB0D97AA966EAC8D0F
S31AE04AC939210CC4BF4EB27B717DF781F17650D9231A8A220D7F23
S31AE04AC94EBBD5E312775B2D946611F1584DCCE664C851C7298CD4
S31AE04AC9631E07A9D3057CF3051D3B45E555783705FD8A2A57E7FB
S31AE04AC978E7F021CF61748D209493CF8A42FF679258D1FA7F8B4A
S31AE04AC98D96CA5466A3B09147F3A3A64E7A92D28338DDDA5C8C5E
S31AE04AC9A2EC8A237CA470374C36D2D713BC5E886E12A3A1EC1A46
S31AE04AC9B73E9C7EF627132E9F3AE36853488320B4A1BE37B3D650
S31AE04AC9CC6597F26765C4EDBD631A75A25079AC3C98317A0AC0AC
S31AE04AC9E154CD1FE75B38F5A6521E728714FEE1FD87D833A7D357
S31AE04AC9F65971B308669AE7CD44062C1AAF944B05446F300DB4FC
S31AE04ACA0B2CD62BFE2F4411893A8C05C6B7CCA70C0E29220A2D57
S31AE04ACA20B72D51297E8B10630399F7224D673595FC031B1B434C
S31AE04ACA35BFEA3C4E671FB56A812C6BB1789997C455AFD8691456
S31AE04ACA4A4A9531B0AB96D37B133C7421D60886BB8C2C10B59147
S31AE04ACA5F387951650DF1AB44B6C2F7F479742F4EBAFA3B7DA263
S31AE04ACA74B0EFDE7C8F9103E042AB8DB884A8D1CA4B967CB83F34
S31AE04ACA89FAC766C98703FBD8656FEA3B7BE3EB5CF5CCAFB8D184
S31AE04ACA9E07C36BFFE234BBFC79ACC67658F315D42A36833DB2EB
S31AE04ACAB3BB7792836B3FF7B828C135741FADAFA56A0668C79EAF
S31AE04ACAC88FEED325642E7E14DE535502F5852283B72111E6CB4F
S31AE04ACADD74FF6336543011D521DDF888C6D1031BED5F9F40DF61
S31AE04ACAF2F9FCF635184F58EF19F52D965F115AE059F9DE20A8BE
S31AE04ACB07563D1492B09C8DD4376AF9CA156AF0AEABD345E3E0FC
S31AE04ACB1C223F8A85311F2FC6FF3E2737202EE15914927204F8E8
S31AE04ACB314671FCF028A948D22CAE03E9808757BB46FAAFB5812D
S31AE04ACB4612F5F63A72DADEB1D2F9A5A8DCF48FCE5763FC54CF7A
S31AE04ACB5B7D2E3D63EE19A4F354AC2BE6A3CEC8CAAA196166808E
S31AE04ACB70DA1246923FC7101D67F84DAA9C0E7845C95F61E33B25
S31AE04ACB85DD6F3AFCA8BFB731423D625174496414BFFC083099A7
S31AE04ACB9AC3909FD72E05CC7BAFAD210707C436467062C9186530
S31AE04ACBAF05DAA7FED399B997B176572BAA7C6A57D3524EC298A4
S31AE04ACBC473DE3A99DAF5CC492437EDC9C39F257ECD7AEBA83FF5
S31AE04ACBD9AE08E9DD6C1C6FDABC4E266B5D021799016C151CBEC4
S31AE04ACBEE6CC051807B1580F56181AEAF0FBDF373D3ED8ECD6B09
S31AE04ACC033B5A3A4E736E10492869B8BB5275BE3D712BF9B7D5AE
S31AE04ACC182E39EE052E743A39805649E693D14563AF0DF0E4A126
S31AE04ACC2D9C3994379E0BCD9287FE2A226934B7C1C271CC6023B2
S31AE04ACC42E506FE9065FE6A980BE96376360867F8D40E5E0D36E2
S31AE04ACC57D353E8A86D7FDFA06BADD8AD56882AC3E96C68726779
S31AE04ACC6C5E17469E98BDC296CD189B5D2CEA040B89F7C974AE10
S31AE04ACC81A00F95BCCF7AAED9618B6A625A5D03B2C6E4C748AE13
S31AE04ACC9625D6E2E9894E95433DF291C7CC17299ACE540C15E58F
S31AE04ACCABDFA0F3B030CA89FD1C10125ABFE896CC69FEC90FC002
S31AE04ACCC04D567005F9610F60F77CDC5DD464140F740E83C2EA96
S31AE04ACCD515339F025D2DDB30716BFE6A4317E78A98246AF8CBA4
S31AE04ACCEA835377F65493C457B38222FAD8766613A9472B7758BE
S31AE04ACCFFDF8C3DD4E89C8F9755B2C55CD8C470CA2353FD4A61AE
S31AE04ACD14B8B3B852F3E142190CF2F06196598FAF5F8482043D14
S31AE04ACD29A9CCDF77EA223DD9A8C7FF7A8F91AE7873E2D9143F29
S31AE04ACD3E0A61989F6521C9F8FA51AFA0098DEE4B8E54AD1BC9EB
S31AE04ACD537F41029540E3B79A362F5D08652AA513FD9388759999
S31AE04ACD680916D4803244E5E96F8CAEA7CA9C165D912A06EBF802
S31AE04ACD7DEB18F441B44521F58BC93D9BE01ADCDE34E372E0BC25
S31AE04ACD9246F49CCD20CB4445A74C0D6C3B1B0D6AB0FBEAD72A76
S31AE04ACDA793EF085577E186528FFDDF01885ED70C2385C981F120
S31AE04ACDBCF18C72826840BDFB1772050B4631EDC427497349185C
S31AE04ACDD19CB06FB3C57663CD1B229D13D533F137B8BB33AC874E
S31AE04ACDE68F2991F183E973C2E215089DD892E488EEBE4E14D5D8
S31AE04ACDFBB047CF5F2E175A4C6618858CFA52D87D779C1B06532C
S31AE04ACE10AA57A51371F49A24429C7DC6BEFFAEA82F60969D61AA
S31AE04ACE250D9CA264140CB8CF1987419C5DC007FC3DB2A132ED26
S31AE04ACE3A0A9D166336AFF5F875151A693820B52DF79B756555B9
S31AE04ACE4FDD4E6D5D9CF539C4D9D4B21F7D7F693DE1BB9BF86E5E
S31AE04ACE6442F7E091C8648CACE9DFA90EDE8C1319806FA48BDA6E
S31AE04ACE799B3D88A31A026CD2BB7C55F485070B7C9F2FAF8F9DDB
S31AE04ACE8E54D9E143C92BC4A247CC4B1DCA0EBEA79798FA21CEE4
S31AE04ACEA31FE47E7949AF6C1BD76556FD7CED88316E9E964C1B17
S31AE04ACEB8102197BCB03FEAAA9F0856541F93B07C483A475D6970
S31AE04ACECDC85AF34B5DBD576EBBB3FC9C14BBFEEC3E146A6DCF2A
S31AE04ACEE2C17B4E2970A58048ACFF834C4CA3D9AD730C29433968
S31AE04ACEF793B93638CD04A779F354B265CB41EFF70C29F0643141
S31AE04ACF0C052A3D609510F27D271D9938504F9B25387745A4FCF8
S31AE04ACF21E1CF63FF3B8695FF6E5D76EB0A336B3D7C66A4D78175
S31AE04ACF364380F06C3FD363B09E3F79E804D87C020D793D77DFC1
S31AE04ACF4BCA6475F8FB84467BBD05B318E5C827D31F19144C31C9
S31AE04ACF60040C157D0C775CCD8C217175D1FE62ADB34555888B6D
S31AE04ACF75C13A6988B52918DCF9EADBDF2ECAF850F3FC9E9C268D
S31AE04ACF8A0C1FC6DB44E2B84E636439FECE823DCF0E18C672535F
S31AE04ACF9F7656AA623F8D2B8F78090664861D1464779B6BC6E8BE
S31AE04ACFB400713E2911A26639EE05250D4962F230238C19675598
S31AE04ACFC9EC3A4A1A3B5B063E96DE922C81814A4D994D5556B0B3
S31AE04ACFDEA3169C57FA154463000B938BFCB69617E0DD3DE5A0A5
S31AE04ACFF3D78EACFD3F7CA753AE75538C153AAC74D662D9527CE6
S31AE04AD008773D678690C9E2703570D4643F67D3CA4BEBE543B465
S31AE04AD01D6A8540E81AFA613952845A004041FD3933847EFC0FE2
S31AE04AD032A7DB39DE9D896F5AAC819845FE2CF04097184496BA8A
S31AE04AD047C35F5B39DE759B2A3279849883BC85BA61C4DA08F496
S31AE04AD05C8312FB17EF9E71E96F9B0CA58B80803525D842E4540F
S31AE04AD071616630CD4851739B322510D4B67FDF9ED1BBA0BC4AF0
S31AE04AD0860DF9421CE2A1D5110E10D1D0415095EA4A6F3E7CC294
S31AE04AD09BF91B479B982C4E596BB9C9A3F33E3D0BA2F52B1D52B5
S31AE04AD0B0FC9819965A103635C4FD00C4F02569E5C8EF72EC77AF
S31AE04AD0C50C7610BA1F5C540CF502EAD9358DB16DAFCEAB267E99
S31AE04AD0DA427C3A60E6C1204F59215443E9499A632AB13CBA8111
S31AE04AD0EF85F701CDADCAD8A6424E0588886717D69D021A783261
S31AE04AD1047CFEBE95652EB3115423BFCC804AE4492BFDCAEB32BA
S31AE04AD11987661FB4E3A4813D1EF04A9D7490BF5A64D853BD95D9
S31AE04AD12E790F45FD107020A165E368A2BC105688C88500B23A7C
S31AE04AD1438CEEBA47BBE4FC82C05600793F274E5322B862F2B398
S31AE04AD1585493DA0515FF7D01941B34AE796E10196ADA3076DFD0
S31AE04AD16D15D6108D465E143D21D15B4209E260BDF633520D22BF
S31AE04AD18283773E8F063EC9CDCF6AC8B32E4CF28BF5C7B6C4875F
S31AE04AD197AAB49BFEE5F6106E12F53A8DD8ED3BF793AD8AF4621E
S31AE04AD1ACAD139E76E3D7C32F8B9149D7D378E01073742C4E677F
S31AE04AD1C1DEF48C3D60C5F49A86D2954D12944CDFB96F2B31A9A3
S31AE04AD1D614B3B153E157E79A9FE6C9DA4C57BA5FE57DE5E94B31
S31AE04AD1EB9C4AFC9E67583BAF6A1B4D06CB475EB5ACFBCBCD7426
S31AE04AD2002C5CCCDD8B9AE844E874F7329DACA6AA1C65DDB1CA70
S31AE04AD215FEAC9DB2F575252A90A54A47357CE91517B8F31231A8
S31AE04AD22A9EE0BF55A4601877EA7B0675F47325757E32367D2B2B
S31AE04AD23FB11110C41D71CFA4BB9CDD304D450874B971CF7CBE6E
S31AE04AD2549DF9D090962F5249D977AFB119A35A3756ADD6CE0398
S31AE04AD2696CACE1C7345626CDD0606DBA332CD811073734E9B297
S31AE04AD27E57EF0468344EE69B4221BD69BF417C0A4D6FACABF89C
S31AE04AD293590A2FA5EA897C02B4765976FE57F0EF88A65213D698
S31AE04AD2A8D35B6640D5C7E447E435B0351AB4CC0C1344D5062EA2
S31AE04AD2BDD9E771BA011E8B5809CB5C9A315E8FBB004D2DA14E33
S31AE04AD2D2CE1159507FABB06E8FB8F98E67B0F2AD6FE49270DD91
S31AE04AD2E7956C498EDACB5E7F9160FB9A424D4F266E9511D22F09
S31AE04AD2FC6F0400C1C2C217CD7E13C7AA796033D6E3860B9C81DC
S31AE04AD311E945723BAC5F29CA02F0278D20934AE4333542E541A7
S31AE04AD326BBF1684E1A5E1E5A56BCF2086ED3A34DD2E8DA9F9868
S31AE04AD33B87CCAA2C19789D74B7787EF224C7E73033616F975B4C
S31AE04AD350791EF50DC07D7ECA016445086D263E5284BC4E637D37
S31AE04AD3654EA094DF12ACA855523A4367CBEB49169B3E16CDF36D
S31AE04AD37A153B9234BE9AFAC1912BA752EE6827EC0C8555EDB1A3
S31AE04AD38F44EE5DC558C5996E05DBE0DA288C7FBA22E29D59E17F
S31AE04AD3A4DAFB253955EBE80E82CAB1DB1432EAD18CF71E43EB33
S31AE04AD3B9E6E2E6E52F508BE885954C2BEC47BD5D3EBF9D86A804
S31AE04AD3CE1A7ACA3E10813DC7C1BF29F03E486BA835E680453B9C
S31AE04AD3E3874036B071EBFDDC2572D651DDCE1052178BF94EF679
S31AE04AD3F8665A9E84CB63B9C08BE461D531EEDE9B79BF2ECB4CAD
S31AE04AD40D197B0C8CA688FF852AE4742A3456293997C77DCC338A
S31AE04AD4222B02B50F137920A2912FC23E890F9BDCF59357F9845B
S31AE04AD437D8CAD1F3A778A21DD9B345F8008F994380C826205F4B
S31AE04AD44CF6FDE34CB863BA1172233F1CAB17ED1C8614DE658F6C
S31AE04AD46169A007E785DA46E5A485F65BF3868E9B0F1B40561217
S31AE04AD4765AA6AB331D71611E785F6ABEDDAD9587721C5D158D54
S31AE04AD48BADB903FF777378BA265CCECD68EAD76A6C6E1FE1BF8F
S31AE04AD4A01542D1C4AB25280CC329921698C968B8E0BE7987B0F4
S31AE04AD4B53E00918755922BD04E32FFD07972E157CC5E0FFEB39E
S31AE04AD4CA505D2CE14EF33966EAA6053E01A37CE565A047A2C6F7
S31AE04AD4DFD19A71663799FE8EE18CC79C14B9C7A1DAF02C45A288
S31AE04AD4F41866CB51631BC0B28A84B6EFB94D5E9B8916E966E5E4
S31AE04AD509AF9F12D3F973BD93F79F8DAF3CAC575CDFA286A7A62D
S31AE04AD51E156C352692EEC3E4041FEC18927E4913FDFC5938BBED
S31AE04AD5337FFB7D7FD6A243C8BCD18A06203820470705A7DCEA65
S31AE04AD5483E5591E7EAB9CA3E24CC551CE2735F4CAA60E0003E5F
S31AE04AD55DEDF4F9CF2C75FD52CF720A1C33574E234CF4200F2DF2
S31AE04AD572D00A6D9EED14304D2197C6B984BDCAB55D71DDF04C33
S31AE04AD587556B58A8848E360E29C1E089CCD496F9D237F4F1B623
S31AE04AD59C7A0CFA79740F109CE4E037FBBCDCB68CC78C688D9A70
S31AE04AD5B1F5A224B6046F83CC35BEA2D9712782AB68EC45EA4309
S31AE04AD5C6B5DB3312BEB410893B40873EC4971898A5BC98A4F266
S31AE04AD5DB26A5B6532FE68DE99C2B496CD751E91C6E599F054751
S31AE04AD5F053722E555DD922FFE4EE2885764FE2893C0CD22B362D
S31AE04AD6058088EEBC5186519CB1B7F56F5D5814BDBBFBA854CB9B
S31AE04AD61AB802B7D4810B7F2AB2A36CD967E8B3FB62AE966D9B0C
S31AE04AD62F94A9B651B709A64AEEB1E38E31E93755F91912DAFF0F
S31AE04AD6448B07F094EBC64393E35C9C4CB872D8266A05EDE2F285
S31AE04AD65925D39450AC9CE49E83AEC87EBB5D7B8D69436A5331B5
S31AE04AD66E0FD95A91FA438EFFF98FDAD9D06139D1115C28473A4E
S31AE04AD683AEB4A294344098D892EA7F80A7B53942D2C2F46AA8FA
S31AE04AD6987663FD0ABD07DEFC01AB2C181FFA3FBCB2358E54689A
S31AE04AD6ADBF6B7A27223FE2DE58BF47EAA5325A809663B32B7DFF
S31AE04AD6C2F082546D6612A14ED394107AA0FD5A1318C500087F2A
S31AE04AD6D7E10F3EBA1A3543FB5D71806F854E746BF63126E12ECE
S31AE04AD6EC57921275C1A1DFE10F881B5153419BEE6F033B47F063
S31AE04AD70114FEB2963319D459E1566732282024667D70DAF5961C
S31AE04AD7166ED42F4A54F8E3E67EE3C9DB108EAD96E8026C55FC71
S31AE04AD72B42E6C29CB78365D171C1D5C879FCAADE71E09613D627
S31AE04AD7404D9A8C3276A538371E99136B3039ECB80E4FC2E4A68A
S31AE04AD755DB6199C185A7FC22B485ED3E80C03F4DD2C384F0CEA8
S31AE04AD76ACFD3C8C78DB050CADE4583DE932F9572E45BE7A227B6
S31AE04AD77F6BEC3A60B6A003243FCABE92F9B00E9E1C34909D7755
S31AE04AD794077BD8B3E4513E12D093BF36C13D4D39BE3A7B3ACE67
S31AE04AD7A90CF6A2EC6409B7C9CBB3F99A091E93016AF39615509A
S31AE04AD7BE297DCCA8C71697282A57755E29F7651825B2B6ECEF17
S31AE04AD7D37E0DC258E5DA7A174EF4D1E680D8E903930C21AE6C05
S31AE04AD7E89374CE78730239BD407CE3D360DF0F2E80AE7FEFE6D4
S31AE04AD7FD6AB2E2F15FD3EECCC42FB1F6CA7BC2CAE2C44BB956A1
S31AE04AD8129E0CD2F919C922D9C94C8EF147F07C46C3444E12B8D3
S31AE04AD8279F7D28DC28D33F4BFD37E3EE5A646F896E6BAF48414B
S31AE04AD83C8648573DB78070A017D41FCC1E81FD6FEC4A39C200EC
S31AE04AD851998AAADF8CF8D0809F5DD1940F56398922BC61EDF767
S31AE04AD866B3717B671D91A0C81D20C715E6CAA4D871608BC89761
S31AE04AD87B96DB0489B58F7FEABB6660E5BC843C6A0B0988DCD128
S31AE04AD890C35479D0580697C86E6466F5E5B339F49DF4A4A32646
S31AE04AD8A55A15D796D9300BD9CD2E721E4D4D3E665E1A1143528E
S31AE04AD8BAFDD4681B4E27DF9F163562338A7EEF5D59924214323B
S31AE04AD8CF53EFE563F68B4C4C48F74E532E8C50D96F22162B9D3F
S31AE04AD8E408F192B079FCBC41289A0A51836EEE8346A60D5A6C14
S31AE04AD8F93837020F63E209F21E47AA8D581AE920E491145590A5
S31AE04AD90E5F6D3325A73A1F6208E56F94F6E004B0741E96D49741
S31AE04AD9233307AEA648B5D4221AF4809C590CB9196CD78ADE2D05
S31AE04AD938EC88FD758D3E5AEFB289D7E0F6D3C5F088718145EF92
S31AE04AD94DE051B173CCACC7EBB9AD657B16A64F83C26C581E6F2F
S31AE04AD9622C9834C4A37CDBC93BC01A2F72E75EFB22B18546323B
S31AE04AD9778D4268EEA3361758B9573ABFCB1AC43E7520C7FF7F34
S31AE04AD98C0A6135DFD7C4AE764642EB6D3E3B180584E431F81EF3
S31AE04AD9A104A7290DD0271E08934784787F019208CF5C192715D3
S31AE04AD9B622034EBC686899DC7573CAA9F4C7EE2B436CD6824A38
S31AE04AD9CB533DF3A81511231135531916C1386CD18F9697749FD6
S31AE04AD9E08164DDFAEACD836B4377B1232E77298CE07AD7F35F36
S31AE04AD9F58317AFAEBAA6F75715A9AB3708742472D29169406129
S31AE04ADA0A4016BCA70077EF61130E88C4032B0CBFF1C0FC2959C2
S31AE04ADA1F3E8605300DF87CD1A2FC3A57CE53568924218973F80F
S31AE04ADA34FD6C2B68F6CFCAF085785BE54AE92BAA31CA3AF2E9DD
S31AE04ADA498F74C0F8C8DBF57D71518B1F5C2AB978D70258EFF095
S31AE04ADA5E1E531F67121CC4E17D31298FD0E54C39A3C06F4660A1
S31AE04ADA73F0AA8CBF9D8967586AFAD57B8239DCCFE51C15BE9620
S31AE04ADA88543F4FFE76C7C6C55490860B089FCA3D89E4BE4876A5
S31AE04ADA9DA8853E430E5BED28B861DDAE402627FCE3CE88F23888
S31AE04ADAB24FE2CF5EFAE5C53D8C4139CBFBDAE0BF00C926CADD15
S31AE04ADAC7AF93007830999A2292B9DF8A56AA44C79888726828FA
S31AE04ADADC0F289436AE67575D2BD7D728EC0DA3183F8D683953C6
S31AE04ADAF1520645378AE33001BEDDFC08B2FDF77CAC466B659764
S31AE04ADB060F2AF7483D6F7D6FC64757D1048D1A7B308F2B8C8475
S31AE04ADB1B37E3251ACABA9F91A33A603FD1F45A415385316F74F0
S31AE04ADB30D71C988E93FACB25D9127E37424F561257AEE13783E1
S31AE04ADB45F1E327C200DC9912F820845DBC58C3B97248D1E96DED
S31AE04ADB5A77899CF0920B552E4379653A6120B3523B700ED579F2
S31AE04ADB6F14F6090FDF402621D11E18451EE43D252C1CC5E573D4
S31AE04ADB840E2B3794A3DE1FC1046301C2DB62616973917C9FC5E2
S31AE04ADB9900D1F6F07D74008494F94C4A1816958A42921B4DE38C
S31AE04ADBAEC8A7C4E92A0B7A33DEADF01100240D34E38A2EB29D59
S31AE04ADBC372F3CA57427A1D96BEEE129409239F468AC12A4248C6
S31AE04ADBD88533477FD7D5790031D1D2A8010FE58030E534C4FA6D
S31AE04ADBED6056D92D57417EF8FC0957767D9BF1CF6C21C37C07AC
S31AE04ADC02B93B1FE671C2AAF3C676A8C7D64D335F470D7509A939
S31AE04ADC178888CAE1FA0F794FCE147A45CA298EDC500B766A9C67
S31AE04ADC2C2A2B04B8782DF8DA6C8C9EC311179D091D6001D32E85
S31AE04ADC4129D764A5FC439EDA3AD1C56031B6D96ABBB2AABCC7EA
S31AE04ADC56E5EBAED3DF641C8C91343C0CBF22302E8C26C4E8366D
S31AE04ADC6B38BDEE8D4FA8A2ED2098AE9D7E440D1C65C49EF4B124
S31AE04ADC8072872D1F4046A1A79E84DBEFABFF754B800825629D4A
S31AE04ADC95F93626EF5D74F6C566D8B941A4824DFAB8E262A875BC
S31AE04ADCAA32535124BD01A524DCA601B0525D6916830F70FE262D
S31AE04ADCBFEB219C1D6B2F69EEDE61A1BD3B52FE987655D151DAE3
S31AE04ADCD4089E8ADA6476EC2B85809020F188966A096BE1BE745B
S31AE04ADCE9F2F4BA0240B2AE38FCFA1428080CC36FABA45B538483
S31AE04ADCFE0893BEBF4483D802993774B850E1FFC1CBCDEF7859E3
S31AE04ADD13877F73C7951C5409969B1BEEF6B266D5F83E10FDEF2E
S31AE04ADD2865AB36A8BDCBC596811EF3DF4B8754110C4B4DCB834B
S31AE04ADD3DD7B8A9F0CFDE04DB249044DB05B2039615FCAA8B1D67
S31AE04ADD52FDDAD04E433AFA53743E8DDED154E8661E3200471B8B
S31AE04ADD67CB1D5447FE49FEFC5518D4DB71B57B8BE12541B2D0A2
S31AE04ADD7C88ABFA9CC04C814047D9417869368923F005ADA881DD
S31AE04ADD91849EFD1E12C109209EA99A16BDD70B02AC271DDFD1DC
S31AE04ADDA6E7763D5F50F105201ED926130880CE345E5E2BFA94AA
S31AE04ADDBB10DE74DB1398E5E3B3BB2EEFB1F70E9AF9856D6F0D31
S31AE04ADDD0C3729B9A2A6E099F92C3045A137F56761B893ABD4E6A
S31AE04ADDE576D1A497737FFD65300C48A850BDE08763DE504E8D17
S31AE04ADDFA0DF1520ACA9A64FD2A2158E981E08AD519F5E716511D
S31AE04ADE0F4B3178FC56217A1C2136A83AB600ACA8BD39BAAE86AA
S31AE04ADE244167122E16C2B528EEE55EA047554C5F43F7565F6DA8
S31AE04ADE394630EA25F54A6DF109CB270CD74AEE0F17B9FDA5BA31
S31AE04ADE4E46A6D87F586B8145E7C1B280E27D527905B39B2191BA
S31AE04ADE63DFB5D5A2535310242A52E12BDC9DA00E47187FB8054B
S31AE04ADE789AD8A9E89C83C2D447841CA13EDFDE53E02C78B0188B
S31AE04ADE8DBAD4BBD073DCC0025335964FF41B42D1BF4776289E55
S31AE04ADEA23BBBED2ED18887F30C2F7884596D661451F31E73709B
S31AE04ADEB7ABB1D11552B4FB9B29B8BAC7C8CD11B1D92DF1C8DFF1
S31AE04ADECC875C9256A6869E74AA91D19DA07019CCC7E93E4C44EC
S31AE04ADEE1F4AAF2E102444190083F8F9CD6B251C1ACD4CF686150
S31AE04ADEF6302499FC2FBC39EC684AE03F755BEF4018EFFA4F7C52
S31AE04ADF0B89682B82AC2CB929E41337BC2E14727A089B400A6F05
S31AE04ADF20BC7D5AF10E061ABE154440EFED8EE11BE067A9D75F27
S31AE04ADF357F69ED3CAE33D1C50C9909A1DAE88CB04F289450195E
S31AE04ADF4A084CF9A21BFD129D75CE854C2B36C253AA4755E3C960
S31AE04ADF5FB3E0BFC96F133013FA533DC3CA69354CB1D0C09403C4
S31AE04ADF744FD6DF1C3C8E1D14951D64D56DCE8DDF59AA8196425F
S31AE04ADF89132E588056AA8834042344E7A1C62B2681ECDF3A7D71
S31AE04ADF9EB84CC81F8ACC284D4D1B626BC4DCB5B9A89B1F813C26
S31AE04ADFB3A0732B3B3F16C8ABBCB11EA8840A7CF9CE4A83F42AF9
S31AE04ADFC8B665C2D73FAE5F7C82F33E3CFBB690E98C95F3D07F1C
S31AE04ADFDD6F38D60D84BFC365A92F69A6C21DCFFAC77213C9481E
S31AE04ADFF2D8F3B5B5032B959DF7D612F525ABC92F76EF3D9991ED
S31AE04AE00778EF61A92B1045DFD3ADCB9C03F825AF05BDA32A05BA
S31AE04AE01C8ABDF8C40C42E85620D751C6DD4875CD3D30D4588E94
S31AE04AE031BB59E5643EE64C3A47D08F000828F205D02C7E09FE55
S31AE04AE046C9A1A8B7ED73807049FEBCBE03604B889CAD83EFBB0F
S31AE04AE05BDED91881A044332622856B1C4549E1D3E8D78EE8024C
S31AE04AE070F9655195503BEB34276BFB5E20DE49A430F882B569DF
S31AE04AE0855AE1AB1E09E9A745790AE0FCA7582288315CFBBA101A
S31AE04AE09AFEE481E31C0F64737D7362CB0DDC8D7B6004B1D0996D
S31AE04AE0AFE483F3B05BA58D2D19D087637C904EB0E9EAF4C58679
S31AE04AE0C488A7C0519A402C3636EB83FA1EE71B7C44635A53A766
S31AE04AE0D9174F8520D5F86FE406EC5BA4427CA5F4A06EBFEDFED7
S31AE04AE0EE77807CCBCC0083044B85F8C5D95997E416C7651DE9DA
S31AE04AE10375CC625EF126A8E08FEBB0301D93D7761801275C2123
S31AE04AE118A086B164691ECB5460D5E17A068018DF3B73A52FA6AC
S31AE04AE12D8D269FAAD1CE71CE354F09E4898B036B0C7A22C05127
S31AE04AE142FDAD92BB30EBEDAF9FE5D4F6A9680EF72B29A3479BAD
S31AE04AE1577E09C538B89ADBE91270F8A6A3B16809E0E6B1223338
S31AE04AE16C046BD8CAA7548287014EF02CB200DE1FA7F2AB433F79
S31AE04AE181F445936AD29ED8C0102980BC0548BD7BF64D0D6987E1
S31AE04AE1962F3D53B5DCBFE29E4D5ED6B9E00FEC63F8185A29E9C1
S31AE04AE1ABDF0A70EB0BA50667BA29F4B0EDAE2D044CE971F55789
S31AE04AE1C03FC0D44AD32DD1F2AA2359342CF2436F638C5A434341
S31AE04AE1D59A80A6F1B5D534881AD1608F4DAC15B7246CFCCC50C7
S31AE04AE1EA4E75DC139100864E7038FFD400C713F57B81184A1021
S31AE04AE1FF48307E128D87AC57199760448661453304B8F584696B
S31AE04AE2142DA1D5CCA238B6165D8F10025216DD9BE589FDD35440
S31AE04AE2299B0862E3AB255AFC06787329D3C19612CB5246FC7E6F
S31AE04AE23E721B1EB3F7227EAD0FB9F1E076437EB0C7BB7D63F126
S31AE04AE2533EB434DB928FBFB3A9B944DF3510653A890217A2C97C
S31AE04AE268030DEC8F9E70360765EA09FD958560CDAB9176F91044
S31AE04AE27D5F9061BBE554A8562FFD99BE798ABE707DA9B04389C4
S31AE04AE2920BFC83E9AE886BBA5257ACFFF74DD6248AD2B409BF0F
S31AE04AE2A7C003FD8103994BCC270ABFE6D3E159FADAC5AE0362AF
S31AE04AE2BCAE451DE79C8D60EE63043E2C84016A3A49106F79EB89
S31AE04AE2D13EFC87F6D36B80860169D12FC1F1654991C5EDE6E238
S31AE04AE2E68312AF7B1E122F110E5FC81C0BC556788ED257F1B875
S31AE04AE2FB32E3FE620555D3790EDA6859D353178F672B1C165535
S31AE04AE310D5D9A013E3AB971DEE2404D787E4354289571C57996A
S31AE04AE32566DF4CEA3043F298262C9B9F01F651D5F49BE6523C8F
S31AE04AE33AB2B0EDD50E053F64515ADFA75DF1B0EF38BF783A8C71
S31AE04AE34F3FD1FF3A36158D56B02DC9C5B7A5FCF6188A5155D839
S31AE04AE36468A3B4FAB9225BE135A6E928E07A7523948CD468A5C5
S31AE04AE379101BC05CB5CC7ECE00947814B930CE52BCFB9161AACF
S31AE04AE38E9E9C6483923DC9087BE93D2DB25D4A09719A3216897D
S31AE04AE3A37AEDA274CD29BC4BA59FB66DA24759F5B0045DA8F074
S31AE04AE3B8563E7A2B9C6331F245A12F5B797994654CF918C50147
S31AE04AE3CD8397B58934D1D07DC5F8B9A55B07539F1763B0F210C6
S31AE04AE3E22527B98B68A639746B6374DBD4D863B69E2D70D4C0FA
S31AE04AE3F72A007AB244C6665D19723672B25A9B8F3D79A123BD1E
S31AE04AE40CBF8F4F4205824BD4526C87695C7F5AD54A450BE82BE1
S31AE04AE4215D59CBDE2F84F612038DA6B399DFF273791ED221F656
S31AE04AE436E050FCD6D9A3AB88F4ABA74C8EFC39362861D5CA46F7
S31AE04AE44B712689CB506A5613C0B9E0B1B336711F367E3CD755DF
S31AE04AE46034EE8E14E0DAEAD7C9ECD54B65924AAAE6A91C6AF86B
S31AE04AE4754DD10C2B782EA2F62E202A642274BCFCE269D2BD9E2D
S31AE04AE48A651A02D21134F4A740E30DCCF643925289F365F97DAA
S31AE04AE49FE713D656DE108492E7D54E4F033F60844DCB10A7447C
S31AE04AE4B46C217721CDCE824C2B89B3B3C85E0093FE2890B5DB7C
S31AE04AE4C955B49F212985B9F3E4905979DC04620D9CB9FF371EAD
S31AE04AE4DEB2518E18196239AB0829B7BD52E95D68B9A9A9520EE1
S31AE04AE4F36340B100A7D5CED8D784E8881F6D45FD287B3FC673BA
S31AE04AE508B34C44E729527A6B2264C02CCC8975B24E236CBD6C50
S31AE04AE51D13B5BB79BAF14014120C0F40F7881E366E2AD0B64917
S31AE04AE53271EA4F002440FD995FAD744D4BB652899120DBD3AE4A
S31AE04AE547068F2372DEDFBD9C04A6DD5E411704C9D52E178C9E01
S31AE04AE55C241312402D1A08CE488641D451B6F15A1F6128DCB566
S31AE04AE5715DFAF9E12F5933CC28D1D99D26368B09EFF6ABB0A866
S31AE04AE586A9584B532E4B3E1A3A52D34803D9B7DD871EFFAA403B
S31AE04AE59B6C7A04794B0F5BFBA2259C99E12D3611A4105080450E
S31AE04AE5B06795EB239BAB07619A63CCD16172E41EA2C97661AD10
S31AE04AE5C544F974A1622C2F9896406BEEBE2F64664B0F670E0BAA
S31AE04AE5DA111D18855CC07485A910328043AAFEBE128EE140F750
S31AE04AE5EF85E40BCAF369D4CBB51DF1D42A83F38208936B781166
S31AE04AE6049D0B32F6A90AF35DDFC8F3702971A9C24390B3976A68
S31AE04AE6195125D37B6D32AC3FEB40BAE9B36B156A24E5FAC0A59B
S31AE04AE62EB470B297718313E46EAB14DFA3ABEB646F2469B8EB07
S31AE04AE6432C95E10614CAF9CC63B81CEECBEF89BBD2CD1CD2C2D5
S31AE04AE6588D0C58B71A3F35FE3C0358AFA44523B911FEB92FA5A2
S31AE04AE66D77577D0D4558B06C10901E43F5EAB34695B26D0C9F1F
S31AE04AE682AA6D6272543F478771F1DFA5D9445E6D906D50CB0C15
S31AE04AE697934B2E644EE98B304CA8EAD1F167741C39CE75426E19
S31AE04AE6AC4D2F97DA0CB284D4DE7791EDEB5953239BC81D803B5E
S31AE04AE6C1A03A416B0FBACEE5D52ADC5E4BAA53AF1D602414FB32
S31AE04AE6D6910CB0850339A7597192340A4B2B1B46EA41B5E816FB
S31AE04AE6EBA568B7041C7F82EEE76032EAFC4816291588674E944B
S31AE04AE7007B298CCE7578B1A7E1D10662C68EA4900ED989856D8D
S31AE04AE7156D91D19B06DB163E278FB1AC42A794EE2912C8CB5C78
S31AE04AE72AFBFF4B833DE199395B9DA89BEF2EA7248C480C428825
S31AE04AE73F90493F6300337B14F3EA20B1FAFEC693726649A9FF90
S31AE04AE754FED10C0E4B85F7992EC2F7EDE1C4CFEB900B803DF8B4
S31AE04AE769FC70F406DAEE2F79EA59989FAE11FF39B9EEDB9BC93E
S31AE04AE77EF92FF27E94C5DC7702C25CC430697C1E7D09DD595AE5
S31AE04AE7935788366661ABB3669268034687A6C782B14C7BCE3C66
S31AE04AE7A86D539F34BCA4776484F5BE2758639AC2A4DC4E9F4E2E
S31AE04AE7BDC9DE7E9030E8B41183DD181A3345462F38C365E1D5F0
S31AE04AE7D213F9BFEF0106F05ED93D873CCBD7E04FFD47335586F7
S31AE04AE7E7701AF924D107E1BBCDF51A18FF6563F6C4DE64B7F96B
S31AE04AE7FC8518DEEBFB47E93ACCB905D7E15A8EFDA8868CD6F264
S31AE04AE811B6B7AA8EEDFC22FE0193E63C587E50B82E59E1286E82
S31AE04AE82657C7F02935DD3117CE485260CC1D4EE18869E93F49DA
S31AE04AE83B55A0E719B16F5C9F400438709442706D1470F0C99517
S31AE04AE85083116375348C8439713E835875BF9C02F280B446E1F1
S31AE04AE86512400573A1BF19DC96E026C365B471CBD8AD5D2D3953
S31AE04AE87A6C48D6CEC3D3835B7F03E9918331DDFD567778DEE9F7
S31AE04AE88FF1E4D9615595C78FD3CBE85E37B456CF9ADD8BC279C4
S31AE04AE8A426F32BE39BE3AA9E5522B5C43129118C0F0D855DBBA2
S31AE04AE8B95A0C7882A9BDE9E27DAC92B1C79B8BD636F90B1B51B4
S31AE04AE8CE8B409C732B1386AD81E38770FA14154BBEBC65F267B9
S31AE04AE8E3F4D3BEDE3FD7A34D16332A5C6A79C0239D01325B4D7A
S31AE04AE8F8E596D84AC23FBE829F4B16DF28DC08676EE04651F0D6
S31AE04AE90DA1EC5BAFFD49A849BADF66C5E0F9C11015A35F5A64B4
S31AE04AE922814DFE3C5FECCFE2A9C4F72A2898973E788AF3881DEF
S31AE04AE937F565A103874D7CB473A009CACDAD9DA5019C4B179068
S31AE04AE94CC1F65B153C186288FEDD8588E122B691037DBEE41BB2
S31AE04AE96127B891528043535BC1E013FF6A6267C9D539B1231796
S31AE04AE976896E962A1D02C032F5444E3C0658E12FD0481E4B6979
S31AE04AE98B950F7E7C2D1924FD1AA9241AC02DD8A816E6903747CA
S31AE04AE9A0FB8D63CF140DA26A6F2E320DDB08F812FF6E70016F35
S31AE04AE9B51B4F6AB1D3AF943C265E00A69BBC19643F69D90CC0FB
S31AE04AE9CA05AC748E07DFDB36639F75CACBDCCAE9FA83D2312C17
S31AE04AE9DF5536E08449539661A98F7D0DF766A00147C895E73BEB
S31AE04AE9F459E4504B531D2A36B181EFC22399A75AED5E8CB939CD
S31AE04AEA0908AC4A6204B5CD062A51DECA9E9279F9B8A01941362F
S31AE04AEA1E37CDD93488880E9C4CE9AB98F9A195569D7EF9EEB831
S31AE04AEA330CEC7CBC7C754C2B0069E08C43BCE1B5719E487DC404
S31AE04AEA4894EBA5EEB543FEAF6BB0CC1952A2365D751B0CECF3D0
S31AE04AEA5D7438DF4751909CD49CAF9C91337ACE06F7D139F6D48D
S31AE04AEA72716AB0013E2ED07B0CA425F3814B50A7C75C19099DAF
S31AE04AEA87923F07BAFD1E5CE407DB31E23BC627755B419F8419F3
S31AE04AEA9CBF5E970030B8004B9DEC38392E6B919362E8DFC83B6B
S31AE04AEAB1FA4C183A382437E30DAF18C8B5EF7C3509E33240BE05
S31AE04AEAC61BAD319DA84015AA773C489EF1643225299EB46BE5BE
S31AE04AEADB7813DCFEBC6A6EAFF159BBBC5B4C92EC502AA90BBD7D
S31AE04AEAF013D6AE65C675692F7DEC94FF3F4206D55F98C9DED04C
S31AE04AEB055C482FE1E7195D4ACF5898F3BE27AFA92AA9B6B6F250
S31AE04AEB1AF62E8A5DBCED5536E55AC0FF858815F13BD31F2A18F7
S31AE04AEB2FF8AF0661A8E4603B74ED81AD6322A2B955B385500719
S31AE04AEB4482FED38D922DE00FCDF9BD91B227583901783F7A70DE
S31AE04AEB597DBE651A84D9CB75480B1A2B1D9965F71BA991DBF155
S31AE04AEB6EB8588474C99D1D3314CDE9BDBB00D1D9F0548893E673
S31AE04AEB83091A4C0D9F153052FD2FD3C8882DE8211E53276C6BA7
S31AE04AEB98223AD1F4C3A00816EEC6AAE5C817EFE7851D612EEE7F
S31AE04AEBADF9A01195418738F519A007C7EB508531F7DED0AF8C97
S31AE04AEBC2FF20F8238DF3061491C4B13DDE89B07C10FA1C863088
S31AE04AEBD7B3DEE80FE5E1B3490D104E34853BF1B2C2FA08B9D15F
S31AE04AEBECD04D26002A7C231929E99B20FFC2335C3A91C9FEA967
S31AE04AEC0150CB0D63EC237A1D1794B43C265D4669915241BE5C92
S31AE04AEC169244A0AB93905C9CB36F222A30541786EF20D1F30F0C
S31AE04AEC2B33AC4363220B62DA4319144A67A46393C0BC05676CA7
S31AE04AEC40FDA6C1697C43E8319F4AE205302E635AB1A8A8C1BF7E
S31AE04AEC55CBA27E7724685E102AAF8CBB103A559E9A8114BD7E57
S31AE04AEC6ADACA2337996756020A3AA4A8D9CD438DDCF748C06CC2
S31AE04AEC7FB56BC76B31ED7079890D00C1301DF262981E20606A5F
S31AE04AEC94D98FA2D1660086683A4CA152561AD3DFB28297E37F44
S31AE04AECA92C776B6C5A3D189FE974903446A33AA0C7828CD5725E
S31AE04AECBE2C325B19F827768BA58FED1951084BD539D6C1DAB30F
S31AE04AECD3364159390556E5783D52CE3ED3F0B624D32F66EA4C65
S31AE04AECE86F273ACAFDBB9687D4B3B81E20CEA327BE30116944B7
S31AE04AECFD157A656F903710251A2C5677CF492ABF3BFEDC691BC6
S31AE04AED12FC363679946A6273504D5A6289DC1D50E4C730551E8F
S31AE04AED27A67677A249F6F373588656B6563626614D7B3AD027D7
S31AE04AED3C350DFF7B9E6619CBD2C76AF21BBB05229D974F08B9B8
S31AE04AED518B11C2102E25FAACABDFB0A12273E4307EB1DF82D230
S31AE04AED6618BC967C55289B5F1709136ACBD8A6021EFCE82A51A6
S31AE04AED7BA4B2B9D80FFB9777CF1F4345B4CA7D9B61C08EC40ACB
S31AE04AED902CA8BFD6F1EC1232202146E2E3AD2E49336C4B8530A5
S31AE04AEDA5B0C917058AF2DE8DC8C28D2287FF359A8D9B3A93B179
S31AE04AEDBA071A67CFB7E221CC8F42857D93D95A5A2A20C1D59EC6
S31AE04AEDCF6ECFDF510999E26F3475EFA1BA34C50587855EFE8DB9
S31AE04AEDE436D7642810A4EE1364207B3F51AE1F6E949FAA4A9516
S31AE04AEDF94C94BFBE592195D980F874599374A5FD2A2DCC3F82BE
S31AE04AEE0E06AA1D4CE44FC31E02814BD2188F863C385522B26EBA
S31AE04AEE23EEBEC70D819C3577242EA7A6EC36D5D292E960F430FA
S31AE04AEE382957F91F31C41830BF449CFDAA9721075D86D94CF3C0
S31AE04AEE4D6FD43993C2E179D2CED4D50E94BF4B4028D6F4A0523C
S31AE04AEE629B46D43D146D80DACE052DE5984AAA0541E185ED098B
S31AE04AEE77077496B6DAD462DB6A60A7100090BD1285DA5ED851DE
S31AE04AEE8C1CC797C90CAEA09FA4B8F463AB58A16F71717F7B66FD
S31AE04AEEA1B99D8D1D3ACB2E50737D6B9A7A30BD313CBCBAF5F481
S31AE04AEEB673C00B1AA7BBD8DB009D6901F9B1E8027B1896AF2215
S31AE04AEECB018DF666850A6975CEEC93EBD3B0CD32A8BB774F9335
S31AE04AEEE07CBCD7FAB2BB89DB710F8C5E08D1AEE7FC9DB955B2E2
S31AE04AEEF524419C39B4AFE3652883CF62904C2E7F3F2016E972BE
S31AE04AEF0AB3E7BF8538B74F8D1847AE14BA0183AC62FCFD0C4364
S31AE04AEF1F3D407590DF0BBC1502EFD93709EDD8002AB9FEBA5DA9
S31AE04AEF3494D6673BBDF81C073C93B892B269D68F16CED57915D4
S31AE04AEF49FC021C979838AD4FD44E3A56F26C695CC26AD17013B1
S31AE04AEF5ED93A5C2E6C44931993BF256829069CAA1195A5E20EE6
S31AE04AEF73C2A64430E7263FCA849FBEA47C50D6DA4D17A58819BC
S31AE04AEF88DFAFF9732ABD80FA2EAF45FE3735CDF95D0A799430F3
S31AE04AEF9D1044DBB1C7447D64CA74944C59D389AAC856390D9FE3
S31AE04AEFB23E12B4577E339287CA3A8F1BEC8B591CD745D881C71F
S31AE04AEFC74BA7E737C29F7BD2EB22B9C54A557FD8C30A612E82E8
S31AE04AEFDC0606BE9CF0767A89D4C1D4F7D945D7B7B592CFE4A576
S31AE04AEFF17C5BE9B753F9BDE56FB58ECB9B75AD6022F369E72A4D
S31AE04AF006FACD3165395FD5BB2E86BB11926C06CE3D588CA93BE9
S31AE04AF01B7FB42B85FBC0F35C818E4F6EB85820C15215C1B90520
S31AE04AF030B3D4C8665C6E4B414C9AFE7451B4FA06B0205A753262
S31AE04AF04583BD4383EDC01AB9C48DDF0252758CEC6EBAA09590A2
S31AE04AF05AE724C468D2B5A4CC074FB8D42F4A0263E0FF197A2BE6
S31AE04AF06FE0CE96E0E2112A4D2C4EC74A363E26BB70CB20B9A436
S31AE04AF084739CA2A6DB12D26989354C81C38A7F3449A1A4232765
S31AE04AF0990890860B4845BC923C090EE5EAD002C6E66F73D34891
S31AE04AF0AEA4809A5453A3905B5E8E15C81F726E4F9C6FD80776B3
S31AE04AF0C3BEEE31A1729988F31EFBDFAACED7E9FA1C720FB6B5D2
S31AE04AF0D8052580D1C91C8FA8B021DF3D419B28FF499948F470DE
S31AE04AF0ED690A198F808E5BC6C84EFD6213D03894AE840747E50B
S31AE04AF10277E4DB53288308BD0FAE0EA6FBB81167574512646FB2
S31AE04AF117E1631F7EC33F8D37CFA175E38D917FFA945657ABA120
S31AE04AF12C2AC2B6DE02EE266E933AF9BF3EBF57EE78E3AA744E0C
S31AE04AF141DCFC44BA314D8303374B440C2FB51739D61BCA643951
S31AE04AF156A5594898D09C16CAEEFD05DF25738F56E019FD31DAFD
S31AE04AF16BF136E44A827C947D1D902A27B41D826E170948248D23
S31AE04AF180B841E0D02DC86EAA1B95D443F1D214D8BB952DB39D51
S31AE04AF19512C2E5091D42D7A4CB5BA06FC3935734A654D14F82E7
S31AE04AF1AA5DF32DE7186FDAA268FE7253E4330C5255658570C6A4
S31AE04AF1BF1E0573A2CA0E16A983A3A36123529711FEF714047573
S31AE04AF1D43AE1BCC39B0D3DD9CB56972E4F5C334A49F558F7FF04
S31AE04AF1E95F16C90899636C919B7375E65A983F296DFB490732F5
S31AE04AF1FEAB104B33C1FD82E7147BF492D1A22363EA710D76611F
S31AE04AF2139F735B453E98194A744D64E281E794AC83C45E4741EF
S31AE04AF228E9B66FFAC87F7023E62C08546C4EFB79A7043A504AA4
S31AE04AF23D8693927AFFD0939A9AF0484A2D25E2C5E289A0716F6B
S31AE04AF2522A8EE2F6CCACA840411D9BC91948C65BDCFEFB660206
S31AE04AF267E08FC6570B14119007B41C19716B185A7ADE1F2EA291
S31AE04AF27C8040C4D2EF00164CCF1230FECAE8F123280731298BBD
S31AE04AF291365A368C863D937C76728E4032B58659B1FB089DBB8C
S31AE04AF2A63D7D39FAFC0F92F941D02439572BF857117653168EE3
S31AE04AF2BB1BD71F621482764DD7FB38EDEEBA7684156D19D2FF3D
S31AE04AF2D09C4088B73A27351CCE35347E8785DA5EF42874AE0EE7
S31AE04AF2E5FDEF840812A1939CCD6DF072FF1C6DB6F73BDF315E10
S31AE04AF2FA3C3F34AFADF65E576105A6E320796FD829997FD1FA3E
S31AE04AF30F1C524106FC6933777A36A4B8682C1FE14B02F0993E41
S31AE04AF324A78BCC43D4CCBCA5CDE2EC947B87FB4A46828D19413D
S31AE04AF339D902864964C86098184C9AB09DC27201DBA284FB64E1
S31AE04AF34EFE9133E4778580F27F343835E41CCDCEE2EC53393120
S31AE04AF363024E9EE3A844E769C1AFA69F1E1DE5FEE22FEA216405
S31AE04AF3788E6FFBE88DFDD756A69F816D99DD2213A34EE0A8FB67
S31AE04AF38D0E38D09164CA8B67F0E37DEA4A99082B8D49F2BF8D10
S31AE04AF3A2AB6EEC99443A12115D712AF23EC0D507A78967036623
S31AE04AF3B7C513800D9218AECE59D9BBF24F702ED16C407BC6F20A
S31AE04AF3CCA7C199087C544732A60F55BC27CD617B11C464173B89
S31AE04AF3E12F041DAE6421AD6B07840A32F5756C2EE1C675DC5C2D
S31AE04AF3F6471DAC499EF048E1F3CAB91CF91601ABF5D7E7C4C638
S31AE04AF40B4E86AB5B65522870797F0A484ACFFC10B46AA2A6B40A
S31AE04AF420538276FB70C77FF1B63A630859861EC6608BC732AF09
S31AE04AF43558047BBA12076F988A5F3E9B38BF349B3658BCB27FDE
S31AE04AF44A158233FA648FBE21A52835DB61F4B1D982ECBF403886
S31AE04AF45F0824715F2AB60B71A280FC72E45AC191CF28519F3CCD
S31AE04AF474CA6AE109A0DFE4457C502D4443A24D066CF285BD5B1D
S31AE04AF489452D5F25E760511123F9A7D3346E8E819AF553D0B1F5
S31AE04AF49EFCF251ABB5E54977ACCFECF48D1A5B9FA6C0213470BE
S31AE04AF4B3B08719AE4C435076C46F81C165AF0B1FC2A9893E904C
S31AE04AF4C8939327D692F64FE6E6BB5889A410C1877B9DAD5BA2DF
S31AE04AF4DD5A4C1DFC1FEE04D6EFA679BF906A032B9B14AB2EAD1A
S31AE04AF4F294719FA7B323744659BEB7AD9DAA5E0CDF9C6D8D6AEF
S31AE04AF50742D6BD938B941B1EF2E42257CC9641CD5EB7909255B4
S31AE04AF51C92BC5D11A4440FD3A5DAD82A3641FE027DD5572E95C0
S31AE04AF53120B305A1C4AEC548F8C2101161CAE16D22301B682D47
S31AE04AF54689C422CF5ADADCC0A06D8C691EFD7418975B3EB49253
S31AE04AF55BDA57AEA8F05207AF7DCA5965416D6923656CBEB65D0B
S31AE04AF5706495D90FFFC88FE973B775F666288EF6DAF24BEFEB9E
S31AE04AF58523492480EB3D8B6BFEA968B78A6E8F03B962970925E3
S31AE04AF59AB53B5ECDDA805C6DE61E9741A1BE4E10A1B0F4AD293A
S31AE04AF5AF96070C72C44027FF3735FB7BEF0101956B7D4A738144
S31AE04AF5C431A554B61FE3B11EFAA1C4A2D76F31D69857574C97DA
S31AE04AF5D9C9AC44EECA1FEC0F1B63518A4B9B70483986E7E037AE
S31AE04AF5EEE10F8DDB56CE3BEF35571219D162104E609526935CE0
S31AE04AF6039BC0F49C24B0B66B250FCD328CBD5040EA2A08002199
S31AE04AF618CEE4D5FAFB45692B1AE810C2C8E82478D3B301D7DA00
S31AE04AF62D0E48FE2FF9582C4F220A96DE54F5CA011FBCDF30DECD
S31AE04AF6427FC2A54731437DE797E43B2A745E720FBA1DE6EC6240
S31AE04AF657DD46CD04312414C6C5BB9A6BF8CE6C8369E527EC1F91
S31AE04AF66C789F16BF48DE4A87BA4EF92C8C804F29AEF2939FC330
S31AE04AF681DDF8176895580F9814C0F73C7A9E9D308FF31CB6A07C
S31AE04AF69646BF4FE871F8A617D37C1DD2669F6EC89C8DB22558FC
S31AE04AF6AB32C24FDFDB02DEDDE6037D0E5AA981A48DD433FD0E25
S31AE04AF6C063A9EC3D621DFFA042CFEDE80F7593F8294530B79ACE
S31AE04AF6D58CB4C064CF16FDC865DE94EE52665292E0E72375160C
S31AE04AF6EA13081650C579D3C6ABCC25EB529445811FDF0A806365
S31AE04AF6FFB55D85330F22E4A77F83BD1ADA55F351F27D0FB81F9F
S31AE04AF71460C8AAAD13FE37D8DC6917ADF6BEA212E2C25C59EF58
S31AE04AF7296987885A68BFC36FA634220E10D5B25015DFCFE28951
S31AE04AF73E40A3F4206C43C144612F6C214D3831273FA65114C5D2
S31AE04AF753ADBF5E539C90D8E9A9B6BF09C006E73967B25ABA89A4
S31AE04AF768B9A4FD2C6EF5AC89F4117E6FB9BA680321D3F7FD4A3C
S31AE04AF77DDABF588BC7AE9F64BF1FDD7FEF06D419D249E3F9AD93
S31AE04AF792793FB77C37356EAF5A5E453FB43D4FC574D74B76C3AE
S31AE04AF7A7D2418D0A80A7F3D72EA67678F896C97EEAAC015ADD1D
S31AE04AF7BC80A0D25689A2E9FCC7DA62390B22F0BE713DFC90144B
S31AE04AF7D1DDC9FF9ED1D09582FDB664C3B60FE8F25D7D09F76D38
S31AE04AF7E67B6329F681CDE92AE601F3C1427A0CABBF658E33414C
S31AE04AF7FBA7BEA0558F7BB2FA051C0FFB35184AA39EDA54C05177
S31AE04AF8102CB6F78CA5360014B6D4D35E2620AAEF886A792BE34C
S31AE04AF825C0A523F12C4A0A58B7136B6716A338ECF9282A3A1A35
S31AE04AF83A298591BC6AF739F9D9D3C0474C22C09B6EE169BEEA1F
S31AE04AF84FD1633D08432968D9E81828DAD3381B441BE5A7F7D76D
S31AE04AF864224A2167903581D2AC46164F118E2B9F697DBA4FF5AF
S31AE04AF879E73B3C8683F713537313335EEDD2E2B65500C74C1C94
S31AE04AF88E5E335D7D9D7B258D3F736E025F5F4956A3D7C9656D6C
S31AE04AF8A306E1C34BA2AB775A2C06066290281132C779B1B7EAE6
S31AE04AF8B81AEB8F304AC631794E54F89C7E8A9DBA55A57E430F2E
S31AE04AF8CD552190EBB35224F40AE7DEB6B897A344F7BFA955D1A8
S31AE04AF8E2D8870676DACD9D458EC5F124C10332E0705253435D8A
S31AE04AF8F7AB69A81BF915CBF817A0522A7FA754EFED5EBE699A7C
S31AE04AF90CB4BFD273E374D02992A9CD9EB727060A054DC3793458
S31AE04AF9210BCB4BD3264D2D07D875673F54AF9CA0472AEA29C18F
S31AE04AF93677D1A26C9215693EA50481BFE10945493713DC92438C
S31AE04AF94B56F50078FD4C609AE94F1D13FCA9EDC627488B0A812C
S31AE04AF9609BC6F9AE097D8F80D6B14BCFCA4D2B4E642CCFB9621A
S31AE04AF97507D25E456B0BF1EA38DD31CF4680558E67F017FDAEA9
S31AE04AF98A6AB60C42F82B40E57C937F33B157D8F2365A48C0FF58
S31AE04AF99F95FB6183B3FF179D5D8A30397849B48A4650D9711505
S31AE04AF9B4F066895288C72556D660CCA98B217150A9A84A8405D7
S31AE04AF9C940AA830D0355A02075E25D18E73C4D22A6C459FE3A0E
S31AE04AF9DE709CB54C5F7814F67BC7EA1C2F79890FA43A186A818D
S31AE04AF9F394E33B89164FAC38888BFB31CCF1D33CA5EDD3829FBA
S31AE04AFA0819211066D8D8BBCA4C33BB999C4389296AB2C639CB8A
S31AE04AFA1D07051038DE103A66CB78DF26499C36755B9362A001F9
S31AE04AFA3211D24F5BBCB771FF1DC831386FD2A6F09EFAD2CA03C3
S31AE04AFA47BD24F302BFD676BA98DC538A758EA553770A5C71F451
S31AE04AFA5CF76F10DE84B572CE95EA075E28E362DFCA268F3A4B64
S31AE04AFA71EB0954B3C448ADDB5EDAC00625805FB8AAFD53E779AD
S31AE04AFA86E156D7E4C1A8800522B7BEFA92F76F302977F708FA09
S31AE04AFA9BCA6ADDEF459401E35D4B0B850860F53B01F4DA98EC46
S31AE04AFAB055DDBA9B0A3DE52898780E4F587A0F29BC6C69CF1748
S31AE04AFAC5CCB1D6EBD720471EA10AC947221DCBB656BA0E31E5B3
S31AE04AFADAE0A09EF070F6436279B40C0D408DD60D645F987A15EE
S31AE04AFAEF100797ACC09DC85059919CEEE0F79F827D45EA07964E
S31AE04AFB04BC5CC2D4EA385D933F622FF0C0B6DAE54F63A55BF164
S31AE04AFB19714F3ADF963232A159285324457459702438E2B4C403
S31AE04AFB2E1E0266847F562DCE866F685DEC2D744DBA326A045575
S31AE04AFB43130542B182EB6C86C9412D9C9333F9B3670A23DFBE9D
S31AE04AFB585CDA2B62CE9CEE736CC84354EC4B70C0A6779FE9E71C
S31AE04AFB6DA119947E0E3296F5EB7731EE196591A1DA843FA670D8
S31AE04AFB82A63C1EEE1E38D241AE713B987DF90C13CA51EF082D21
S31AE04AFB970CC82C60A3967202584FD7E61A400A34E3670BCFD428
S31AE04AFBACAEE6500858CDB487452A0016B1DB7EED6175512FD026
S31AE04AFBC18338953A3028F4FDE4555A3C426A014CE5FD9AC24ADC
S31AE04AFBD6F59308708889D4A146A63E24E926DC56D85D346F42BB
S31AE04AFBEB6F670FED0953EABFDF6CED215CDF8F0593F7EFDA4E35
S31AE04AFC0071D8A5676E102FA864F896F83F4C5A8FD8142A24A7D6
S31AE04AFC15A713DFD732B1DEC98CFAFBD9A0ADE5CCDE5823456F4B
S31AE04AFC2A231D861838F888D3667070737B286E39566A89674A2F
S31AE04AFC3F1A7508503C4BCBC21FE6F980B440DF3AD3404B8EA16D
S31AE04AFC547EAFF41A943A995551C38A93DB061E75924CB429F91B
S31AE04AFC692558269D9BD082B70C89F3A03F2576F5D67D12EA8E9E
S31AE04AFC7E49315DE7F524BD9190BF408B99D4DC7E54C2CAD28108
S31AE04AFC933A284E9F54A40FEBDFA883B0EF38F3715ED30DF30D68
S31AE04AFCA80C7DE4B11178C1E0979EDC9C571C1AFB742BBD8A862E
S31AE04AFCBDA58902E66AA3236052E058472B088BEFA37B125DF45D
S31AE04AFCD29F1C732A66CF6196B28DD9A99C32B4D10C9DB9EF887C
S31AE04AFCE76D7195E36D42B4ABB5FA8236B27BA63E20F51F466B17
S31AE04AFCFC3730A22075580ABB53CDB0491EC52DF7284B0E8DECEE
S31AE04AFD117A76EC5E1651155DE4FBDA3297CC87291A56EF8E3976
S31AE04AFD26461A913B00F0A010C25FC8386ABB61F4E20566E0768E
S31AE04AFD3B81E03F0A6ABC235A0E18FB90CB84AA8FA5D3236854A6
S31AE04AFD5045AABB2C793A20F98BD2E700F720B1AFB74B191032B4
S31AE04AFD65E2FE91913F6826541BB2E7AF4D47B8577B4AE506463A
S31AE04AFD7A7B58FA22E12E393D07010CB4A7120FDC95DC95B46149
S31AE04AFD8FAF7CAA7B91B9DA2AAEDD3B6739E550E82AE5447097B4
S31AE04AFDA450F7327954E8B727873B58551D5F87DAB95586473FA8
S31AE04AFDB92F20825D175DF123CF19C1D83E21168DDCF96939E96C
S31AE04AFDCE9382B96FBAF6F3FF11D1BA75D3FC4B9A436BF83B5E0D
S31AE04AFDE39387E04B9ACAFE8CD631A4E3012400A8F7C974C9A4AC
S31AE04AFDF8E29AAAD47D8A5CE0C5A37EF9ED0647F42C9A7AA12378
S31AE04AFE0D0F4711FD4A83277C0C1FCE9F16E8F435791EA881E974
S31AE04AFE227AD8431C58648926E4E29958D83325264AE9807BC67E
S31AE04AFE3703AA54CDD98A0A1645AB477206E6FF25C74801E33C4D
S31AE04AFE4CC699BACF26C4CCCC26AA543422FB686D61E242D5A3C0
S31AE04AFE61085D91455BED25B3A12946F92F2D4F0339662C77AF59
S31AE04AFE765ADC35B93FD40DA14720511215865ABFBBAE15068BD5
S31AE04AFE8B7B0B575FB42B3FE00164AB49564B3D92251F080411CE
S31AE04AFEA0E1D9654DCF7FA7746FF3EE2CE9E18A6009826BF0A092
S31AE04AFEB5EED24E33DD2825772A1BBC5A99F15903D8EB0CEBBC6F
S31AE04AFECA4886E7F861511430069C531B1E6AE390064EEDB08EC6
S31AE04AFEDFB6BEFA798E70A418FF0B468A7E27EF753941D96D3D5D
S31AE04AFEF4419E0D566248A388D70190D6BFA1FABBC6BA896717D8
S31AE04AFF09C5B8797EFB23DCDC28F987457F7B50ACCFF541CD4B69
S31AE04AFF1E4B05BC6AE708676A6157A69F33830FFC312564734E2F
S31AE04AFF33FFBE72527F042060AEE1AE0EEC2F6AB3866F2CEF4F23
S31AE04AFF48A748367CCE1FCD683E443B2FA70743A801DC17CEB0BA
S31AE04AFF5D567521A232358C750A04FC0B862B6DFC8C92721A8A06
S31AE04AFF7297082D42DF19CE1A7EF6671B5033BB9D23CBBFAF70BF
S31AE04AFF8727944C2D3D16599056009B303137C3C3A33FCAA22D3B
S31AE04AFF9CF7DE25EBC88C838AFEDEE808E3AB06BD8051027A2749
S31AE04AFFB12B65DA05DF11B2B902AF3466CEB84061CFAAE3280E3D
S31AE04AFFC63E0B9DE1E900EE1AD820CA5A62259B99960C88B35535
S31AE04AFFDB552F23C07C7D51A06EA22E44B712F05BB2BCD46781D0
S31AE04AFFF071A6DA84BE10DA9EB81BB4D044A7D537628883A7C6E9
S31AE04B0005343B640BCA41A41B56F14417A8A09FCF41BADEE7B63F
S31AE04B001A2C2FE28E26CE06C9D18AC1E8195B7A5550C906663D09
S31AE04B002F2B57D09726E04EED2285ACB1C63C09B958569101D089
S31AE04B0044B1AE65CCBA8FAB671371CCE1024CED964A8AE28F5FE5
S31AE04B0059DA7379C09A7D3A852B1BACD849BD9B5E12AE2C69687F
S31AE04B006E1E8645B13A1AC811368C860857ECB35DF4969A219706
S31AE04B008345EBCB10896BFCC567B43315C8F7A8CEC964A5E253D8
S31AE04B0098156867B8EA23AC38254568E1110B7EC9D709B8D1DF37
S31AE04B00ADCB6B17938C398C3A99E6B5C92469B01A6856568406B0
S31AE04B00C2D177E4E5C3F69B3962ABD4812A3DB60DF781081A0E26
S31AE04B00D7D478AC9F5DAE652878CFFE7FE70319EB1A55A8A667DE
S31AE04B00ECF255A9B0E919B897F491302199C3F4BD1EC8B09CDAEE
S31AE04B0101F7ABA665EF277AEF0BAB65E8A8EDE6715251A094A620
S31AE04B01167AEDF5B106B5F00E5A7279AA4D5223762AF80E8C34C6
S31AE04B012BD72E9BC6BCC0189FDF6DFA4DD44AFB64143A1E0E501B
S31AE04B0140E4614C7B67413C2E55F212982D659824B6BB40A813B0
S31AE04B01553C1129B4BCB27571B607CD4E135B56846826B9A5D703
S31AE04B016AC1BFD9F3E53525D3929828D60757FFA7BD330B5F76F5
S31AE04B017F730589E55CD1DE46EE7A60F60895FC7015533B0B642A
S31AE04B0194172F3271C3AC5DE9FEEC4D6B0356ADEBA3C872B63C25
S31AE04B01A925100707A76A475B08FD0C675C9144D4314963926BC3
S31AE04B01BEFCDB6E12E09E0E9AA4C069730831AF2121B475790072
S31AE04B01D35D3B8448390FF169543BBC90AF29A5FF94E93F414C40
S31AE04B01E89BC3FDB245024F4377F00867633D522E40E44CDCB8F1
S31AE04B01FD37D32C80DD91990D5829E6243D107898F220E4F1FE25
S31AE04B02128F581C01951D9EC3DF5A198335EFEED1CDB8DBCA0E9F
S31AE04B02273C8CB6DF2D0067863DFB2E7DED6D0610F39442B13E0F
S31AE04B023CFCB3FCE04FC3BE9BB822110E03F2A9B8DD994AA8B619
S31AE04B0251A7318ED425A97C2B65835BEA4988F1ADC1A64A154F07
S31AE04B0266B6A1E2406A90F2465E48A0F0785A37CEFE14D0CFC128
S31AE04B027BD1BDEB55D4FC665E629D984DF9350C46895BA56E1F61
S31AE04B0290232E47B0D1B418C11F7EE5DA3E13564065132C084053
S31AE04B02A55191D712C9A2360A02E3A90D695719C9362FC82435DA
S31AE04B02BA990EA7453864D7A67A49EDC02D60D32367A474BDFF24
S31AE04B02CF2C05C7745D6B6D9941D3E46E4085BA227C4F3AA8AE4D
S31AE04B02E4BBB78F380F4C2244BBD0DF714AD59C12E1D2AF7561FA
S31AE04B02F92E1E6881DD96C684F7BF629EB666120F6D1403AE594F
S31AE04B030E3B55CFCFCADC4B4AAA1852FC06E9D663087E484028D2
S31AE04B0323FC1B95B33715710689B1D1AC64F7DECCE2E09AD2F197
S31AE04B033851D16669EB1D97268FB01195E95A47CCA1A34CD40F1B
S31AE04B034D151A8A5AB7A2B26C20A14AD0582C2B48A2C9028CBA5B
S31AE04B0362789F7286196F8B4AA5B95BD5AB9435FB853B46491885
S31AE04B037778E317890394531B59F85BD8D64D77315A6253774B20
S31AE04B038CC413299891828FFF89370626F0C6CD33D787D37BE0C4
S31AE04B03A180262769093FE01AE2126549737A2ACF5DA204B70656
S31AE04B03B65C4FA4219ABD0ED37867C46CD101DFFECDED23B3709B
S31AE04B03CB75202AEE4277B8611CA38B0AE3F7F2D6E31A3A2C9D77
S31AE04B03E0865BCC9E2F105A80E1A233E4356CFB3B0ED9549B2804
S31AE04B03F57C33CEEB9757DEFA00358560B2F5711321507FF2D499
S31AE04B040AE0EA71B42D171715BCDB402C45C30E60A16C031C6B3D
S31AE04B041FD311B7150B2C6A9DF2E5AD756F5AA1FAD3B1CD2AFFD2
S31AE04B043419BE493A0C039B95725A795FA0F92FC14516212E61B1
S31AE04B0449053801627A59D8FACA51B5D8B0ABBF1A9279EA167AC7
S31AE04B045EEDEB0D1347EBE0E2F3B42F9EC66878D167D8F8896B56
S31AE04B0473893A8C00C476DD17B62CB64DAE8DB6CBBA6F363EEE9A
S31AE04B04882116C9421086B43CD03B9AD888FA0C9A7E1B9C561620
S31AE04B049D8AA24FF0B13BB0DFFA7056878E982E17CF05A6558A28
S31AE04B04B22B794B94EA1DF1214DAC627EE145CA71834FDA3D9DA8
S31AE04B04C794DE95FCF2F65EDA2767957C9245F85D2EB38771E147
S31AE04B04DC78E572CAFFD04110411AEBB089FAE23F9127FDF1A23F
S31AE04B04F1C7E42B2DD0942C55218B53718B6B7B90CA0B44706D76
S31AE04B050645CC2F048BD7B18D9624EC1ED868290CFB1081DB5AD1
S31AE04B051B80D1CBB74C8CA38AE5401F219FC29AE9E7E73501BEB7
S31AE04B0530D5A350955CB0CF994A41D524C027BA95860C51585768
S31AE04B054556ED1EF3E2B5A6540EA8B720F881EDE5ECC53A4BC6B7
S31AE04B055A4B4B56011C72DCA74E8975E19222B3C89135E562C82C
S31AE04B056FDFA05CF7151483176E38E40B02016E5001E28E448C1A
S31AE04B05849B975DEF6A20368C043DF587153C308BC1CF90176CFB
S31AE04B0599D68CFE50AECC6DF55E16F7D64C03B5272D36F2FF7A56
S31AE04B05AE4D2A9CBBF2E1279FD3565E06B0A8950358051371B48E
S31AE04B05C3D4BD41F2C626109326C845F934F26CF3020E092E099E
S31AE04B05D8E88C03A9F8E990B0AA599576FA4DB1D4CA8C62B4292D
S31AE04B05EDEB2F0CD59CC5FF245D4D2FFA6EB0550CF379CDF2309C
S31AE04B0602C6F9497FAA42515864AC2321552D34BA53284CC8C97A
S31AE04B0617AEEFA7E1119E4A94EECE06802DB115876E9DFDF441F2
S31AE04B062C136A8228859E7286BD59859483AC98F34FFFDEF61E1D
S31AE04B06410B80A7695FB787B0D06AF9C06D4CC3D75908D39C80F5
S31AE04B065627EB6FD9757A1E5B75CE10CA7B08BAEF2A8CF8F03A7B
S31AE04B066B0EC861A684135AFED2DEB2728C48A7CA518850F4C384
S31AE04B068063A83DCCFF61928A08885A3F91E49CE2900B377366DD
S31AE04B069526A3E3CF8D79B973CF455D603EC42D78F985ED6C71B2
S31AE04B06AA43F744BC4C995B209F20D282AC09E0BADBA8098F30C3
S31AE04B06BF0BDDF8DF322AC79BD56342197793C05D434370C5D92A
S31AE04B06D48FDD656710536BF28BD6C429009A558E7FF675288B80
S31AE04B06E94FA3A022D34B97998D2F4EDB461CC77EA3365E972A45
S31AE04B06FEE7AE5EB02CFD7739CB14B23AA894173D565529D253E6
S31AE04B07136B7A20A6BE4746692954686A19C3CD4D54D1558E29CB
S31AE04B07284C09C7046DD33BAB3520E9A0622221B821284CC44170
S31AE04B073DCD38E24850C770F0C47E97FDAFE768B743E117ECD44A
S31AE04B07527872F762A33386A3813BB8E2320C1F1D1B298E8A7E75
S31AE04B07675A5034E7F05C4803930978FE0917F59B1FDF192C8665
S31AE04B077CB61AD99A6378BB21D0CE7F4597CD69B8A7A300542494
S31AE04B0791F675693D7A891812F538B9E8A86DB7F72897210D5412
S31AE04B07A610A5F04D139E9879896FD3884C856A98D487BC0F49C4
S31AE04B07BB1F2E8B3B421281FC878385AEB3C300D40D6EF9274EA4
S31AE04B07D086401F9F06603C70F0C39A5BC9F116F872FB71170CDC
S31AE04B07E5D1F49C010DC8B79FE2BE4B56B880771BC4A8002CA7F7
S31AE04B07FA50DF737469B6C940D76C152E72983EB1A39B00A23FDD
S31AE04B080F50F8249F9F54BF800A91D5144FE9BD887DDEE52C1BDE
S31AE04B08241DAAF88B3746120AE05228B3F0478597FAF1221050DE
S31AE04B0839BECBF6A3D5B554DA02957928C6559DE883FB6D4B1C75
S31AE04B084EFE4449B9365BEBB3450BFB1503C2F0ADCDAA7A1D48D9
S31AE04B08638BA1E40A9435CA30BB1C03105B25BAE2DA17F1D204B4
S31AE04B0878659B44B689F5329985D1BE42F5029C2D45D6317EBA5D
S31AE04B088DECDA65B8D8945C6EFA05E3C3B919461EEBC07B3C5C73
S31AE04B08A225001ADF39CB69C6A96D4EF30E79909604C8C04F429E
S31AE04B08B79BDB9163FB1053F0D16EE14BCE6E5141B5FE7F62D5A1
S31AE04B08CCD96B7EA7726598652ACFC3CEE268A50FDB1BCAB29C13
S31AE04B08E135AE86656DDFF674B976FAF7FF6166DFD199CC1AF93F
S31AE04B08F69DF28707EA2587E67F92AEF737DB511A81AD66637683
S31AE04B090B806BECB4FD3CD2CC8D00C848C1185957EED262FC966A
S31AE04B0920DB7379507A0A5820D672CC1A49528FE8A89BCD0B1C07
S31AE04B0935CC4A3F13A4B1CC29ADC39ECC878DF69278BAF00CFC2A
S31AE04B094A7B144A810617C5195F021B19DA5C4F5943C087AB78F2
S31AE04B095F71FEB3C985DAD5516370E20200FE39D020FA799642B9
S31AE04B09743DDB8B6232BD90406ACCB89512BCA89EB041514CA9AB
S31AE04B0989D8C4CBE1DECE12358D4091EB7BF073B841027460985F
S31AE04B099EA046C79762C137613627089F366ACFC1F732666140B0
S31AE04B09B32BDC2B715E0973BC2A8CF4EC9504260F584C708F1AA4
S31AE04B09C833471B97E0A6F5CAE31717CE8A8363ED11AD35DDB6B6
S31AE04B09DDC5D868A31628C779E66C8DAD7DDDE46E5CD10E6A1FB2
S31AE04B09F2D0FE5E4F4EE9CD13611D681C62E2ABB9421839CC978D
S31AE04B0A074DD79132609F1EE6E45902EB65A9BA442F0CC8948969
S31AE04B0A1C2D87E02BE6F613B3BC5181B859C6C90413109620BF69
S31AE04B0A31D6A7DF1FDD756702A40D2E278D34ABDADB0581B76B7A
S31AE04B0A46D889FBA77A0FA4BFB4A19A779DFA7A37C03B2260C987
S31AE04B0A5BEC3D4AF5416C8FBBAF9D3E1321934B9FAC4B227C9096
S31AE04B0A704F2B40DA201CCAE910FA1723FC1A4520A937BA6CA553
S31AE04B0A85808564FA08F355176CC3E2A7790E4A1295908D238B66
S31AE04B0A9A4280FCE9246FC2D88650D6F7B95EC7DA1A13792DA76D
S31AE04B0AAF578593FDDFEA063E7E0CC3B8E3D9674797C0C033D1FE
S31AE04B0AC4016CAF7132A8CDC8E5F8A0F8F289CB69A2F4CE411413
S31AE04B0AD91378EBB37B8C84116E8657EFB924C2458BE2FC321D3C
S31AE04B0AEEE64EEE6411845A955BD7F783A8DC3855F18782670F8B
S31AE04B0B0326F3914AD2ED6FB3B9E80AF36253CB103D7CDEFFC74C
S31AE04B0B185D6A1CE1A639F9E825076FB35C323520F2C898659398
S31AE04B0B2DBC125B504CDEE42E712092FA65DACB647A72A63E442E
S31AE04B0B426CC0FD5111D77901990FEB01F840A284BA3DA6D3EE41
S31AE04B0B578677A402B24F5E2FFB3BB6714271ADF9B2A4351C6E5C
S31AE04B0B6C6B11F283348BC768212D7C9A6C24F719D8313985F5A4
S31AE04B0B81F5D975B34819110F8F6187C1BD0BC4D602CA90388AFF
S31AE04B0B96E455CBA9708D18FF194CB3088CCE11268EC52C2A8A74
S31AE04B0BAB394BE6139409353D857B6B652F8B177B9D1B24E9EDAA
S31AE04B0BC06FCBCC7D48087C8623F4F74D33A17CBCA758562888AE
S31AE04B0BD58E599CAA98900A54390E47F7B7A8B712B25D31E76FE4
S31AE04B0BEADE77C152973A1245D61AFECC4088D48A47596A9B4967
S31AE04B0BFFA5194DEF0ED07A43690062A64C39DB941D10441F56D0
S31AE04B0C148DE10688354E8E0F985F6EF8F0B069E2CA2D74290A98
S31AE04B0C29308B7CB384D8379E8D839A171C84572EE48052A2AA82
S31AE04B0C3E4544BCF51E52E4B9486751E542BB2F1935450D3DF14A
S31AE04B0C53737F25DFB7BB9FE0B9A0CE86901FBAB919C39C60A825
S31AE04B0C68A2CC684CBE555A213E5A0068AABCC0D1D453B488BD7F
S31AE04B0C7D2B68936EAEECEA5C6E5037D94B9EB3D33108A26B42F8
S31AE04B0C92AD77AA088656C45CA47BB586274B9E1FF05C88479A0C
S31AE04B0CA7F13DF26B0CEBCF260BF324F1D3FC2258513A8A96F198
S31AE04B0CBC95EA4C49603A705BF596A1E509102DE5388361AC462F
S31AE04B0CD112E52D542165F3768A0BE4E572EF3A10850BEEE311FB
S31AE04B0CE612C277F5EF43ED2F7CB1BC70116269072BD2D7B35621
S31AE04B0CFB87DEA4E48E3EE6AD987B75F95F74D67B3B0EBC34B8D1
S31AE04B0D1044ADF808425473883BB63F66AC34FC64F420A2A406E5
S31AE04B0D25F1191CA7D16BC7C819465FB2BFFDCAAB04D604C83871
S31AE04B0D3AF32802B184D78886DCBCC3A388BC3ED5DE97ED6ABF5C
S31AE04B0D4FF5B17AE684CFD8807A6520E843B35622254B0690C48E
S31AE04B0D6464FED462FB89D770A6CD762ACEAF1AA004E2BF8DB1B9
S31AE04B0D79F1EE81576A43897DA6ED9519054E5055844843976289
S31AE04B0D8E0F3931E892A3EBB7E5383EA6C1BD6656B7EA63E3596C
S31AE04B0DA30B56E8907625A563FFF4A45279EDFFD39AE862CA952A
S31AE04B0DB8B24E531873FB148FAD7B1BC2DA470A9028437F823B12
S31AE04B0DCD3EB537CF1EF5B6DA38FEFA096E0268C5F70D8AE28F6F
S31AE04B0DE2FA3943DD5B9EAE367CA2015FAB68ED948FCE637899B8
S31AE04B0DF7A2C74F5C57771CB4F2C76449E34D99E307488527FBFC
S31AE04B0E0C315B0D85E332E6CECDB7157C16DBF933BEC73F909C97
S31AE04B0E21971887F3471B55563A0DBD3D681087653A2A5D74C1BA
S31AE04B0E363B2694A13268F13E8C3D1CF42DF74D3B5362973863AB
S31AE04B0E4B15253EFE6BE812158065CDE4597623C55565259F9B0B
S31AE04B0E602A2515BB4FBFE42876D79DDD01D8F9BCC9F581014F2F
S31AE04B0E7518B2AB1E1E2550273095C5F3B7C0F6E0427F0DC75D2E
S31AE04B0E8A392D2AB28E09AD4522E81F308F9B333C06AEAFA270F0
S31AE04B0E9F155EB6C1B3773D07E9573D15E05E3FE585BAA481CD90
S31AE04B0EB4DEDC0B094F03EB261FA0D7AE6C0827495131FC8FB6DC
S31AE04B0EC938338DA6F21D4B3199C8924131A9B1BD9CE4999E9FE8
S31AE04B0EDEED9EA70DBC2CFEAC6AFB0675A23E793AC2FEDC145684
S31AE04B0EF3B260B60F6B79222CFE8E518BAE25AB9F5E48F85093AA
S31AE04B0F081F6D95621040192A02CC8C9A8650122AA3AF3897A8BE
S31AE04B0F1DC59CD7258CFDFEA60470852DC6788D359C465373AC8A
S31AE04B0F32DFFFE22F68F7DE47A1DF478503273C12A1EBE14F7610
S31AE04B0F47172F88B6EB6FC591AD1541A74522E289730B2A732079
S31AE04B0F5C60F8E0DBBD376623C19CA6A5B47F899CA1B6C5328AE7
S31AE04B0F712F764C721DEC1F830966622F45B274CD90D799AB1930
S31AE04B0F86B41C578696601DB9FA6DAC540E1CC82235B76380382A
S31AE04B0F9BEE020E3DC7FF510C5E7EE1AA3F4321927BAB4D962AE3
S31AE04B0FB0F2A05992401FF3C4A09D981197D907531DBB65971DC7
S31AE04B0FC549BD80566C639C58FE06B8BDB418FB1CD742B97CE6B7
S31AE04B0FDA871D761305844A04AB60A570DF1D982B8CC6FA6B4FE8
S31AE04B0FEF425D56A0FEFCA1D852A6610E04F98DE34036E7F16F23
S31AE04B10049E008C8E467CA66E64D059E92D430DB9D3A479641EFA
S31AE04B10191E6297A1F4E91BF5139B4DD90B2D052FC9D14C8D43F6
S31AE04B102ED87E2E9506BE2E4F093C13B74683CE3812835E8A5F68
S31AE04B10436EFCD00738044A3106980829ABFA0877E9F76E98D7BF
S31AE04B10584B0EB3D537DAE7DDD28B078105299913C8046EB0886B
S31AE04B106DC8F1605CE4AAF5EF7DAD622D7F529DE580F4241A4850
S31AE04B108223B435AEF198DF81B27FA05F2133EC653EC147010861
S31AE04B109719E4906F55016762F8C3B289ABD870D2D359B640E239
S31AE04B10ACDEE8962BBCD07337CF9A08B62CD03E4D8EE4C4065BFC
S31AE04B10C1F0CA7EA30783506E65647679F74D65FE4098F4D1FCCE
S31AE04B10D64CBBA9F8A6FFF9AA0F1A0757B81D6E6631BE02F23D94
S31AE04B10EBC8375A3E1CF266C25AC2E9309FE16822040075E3BE99
S31AE04B11006E398D3514DC2FAE038F5CE1FDDCD36144E20D87A637
S31AE04B11152B063D3C062771E2CC0A31A0CDF7209EA00F29F9B6BA
S31AE04B112A7145095BA8BE3124EB7C0F9327F0F82781B9FD730BB6
S31AE04B113FEBA411BA427287272FB26B52432BA37681090292B6B5
S31AE04B11546783AC9F9B0A4F6AD715DEE87432851E83009E20780E
S31AE04B116926FF1C6A99030FE22D9EF42517EBFA8C77E8D3E37215
S31AE04B117ED5C96E0A9E24AF5DC06A7937C783F7702C5A338AF584
S31AE04B1193A5A5B77C489A701F349B8B07D986759DD6630A26E706
S31AE04B11A87F1EE2DF87B4C3D010080E295EAB77132BD43A36661E
S31AE04B11BDB2D24958827364A094853E97BD2439C48C1106844C8F
S31AE04B11D2384B71F8AFC6EFF0AF5E0A50D1B4917BA2361444204F
S31AE04B11E7494367CD3729F111AA15488E8C786644B3EB210F93FC
S31AE04B11FC34D5F9005BA3A2AA49D5AB25D2B2F3C293CC5097698B
S31AE04B121113EF0365F9897A1FD04F7F21012C9E10690A68C3BB1F
S31AE04B12265F1A792DB71DBFCF9FFDD090F662483DC918BC577ABA
S31AE04B123BCEC66B94E231554A08D02A714B524C8FCB7AF193FC78
S31AE04B1250D552C058EEC4BE4763E6FE47E61D7C24D219E40DE86D
S31AE04B1265FE24EBF2C83C73D3D0C8E4AED605A30F390C5A00099B
S31AE04B127A1710296B386B1DD0584944A2805C276C54D8EC30960F
S31AE04B128F7526A1D4986D3AF526F59ECE87D591FD8C3A7FC0025D
S31AE04B12A40048CA8C9425AD9AF0F388D13C86AC18A3334F060178
S31AE04B12B94177F1AEF35E2BDAB169B2C07DFC33BC75C072D69938
S31AE04B12CEDEFF1579E0DE16EBD5DFAF849C92705AEED49EE61477
S31AE04B12E37ED76B5203D98CB3B8967C66E64EB41D8400A8C89DD2
S31AE04B12F8B3D7CA1AD06D38C4E35B93E7004D4B92635B89FB5B8A
S31AE04B130D454B5E905F44EDB73C09800A6234DBAE303D2A80468A
S31AE04B13220D9EE129443DBF37211CE2DC33E6BB8993DDE3A2F21A
S31AE04B1337949F36B9F7B70886A71F68EB47A8DF7CA8FD86CB6950
S31AE04B134CD3FC5707FC98B201557432EE9337AA98A5BD7344E3F6
S31AE04B1361647F00F428EFD5F827D22FEBB4AD8B904F26B7A36AC3
S31AE04B13762FF6D1AC1956D3780FE92D99FAE1713A4E9E61C8E894
S31AE04B138B9E108BEAA6DF8BBBEB784356415485393E0A013D4712
S31AE04B13A0ABC24B59E6DF42F2FE1D88D43BADCA870DA1E4047146
S31AE04B13B5F4CD4BC24B473CB7E6C6970F1AB4A96CF2B4C90DA34B
S31AE04B13CA87F4EB4F5458DD7F328E6E262209A42CC9715B79CBF8
S31AE04B13DF121519E3B5316FB25CBA9F83A4B2983B11D2F94D7D97
S31AE04B13F450E72FC818196694BB41BFE5EEEB1B2E3271C34305EA
S31AE04B1409C137BA22C37BC56C1B034B71C281AD78BC58C9556D79
S31AE04B141EA38A4C346AD5477554FAE148BA5B54444481ADB8533F
S31AE04B143394BAAA6DD8BCF74A023A28B4632730A16DC4B9EA9A58
S31AE04B1448FC9CAFD96112D20E009B158F1A7A04B6AF7B6977094B
S31AE04B145DE47BCFF029E6153AC80B00711474D9725C88B3F6BA6F
S31AE04B147254C1B5D021889C852D19A98E7684CF8DE41282F5EDA3
S31AE04B1487A1692AB29D9D5D7CCC2EE022D48B4DD440018CE30FEB
S31AE04B149C60824A637BAC5DE4D5118B35BB8DE0C994E6655B95AD
S31AE04B14B15D50618E286EF5D373C3B139E94B8E0FFE74A269C0CD
S31AE04B14C677C99D8091631EC52AA4C16615F240FDCC3E8AC2C25B
S31AE04B14DB80E7CEFFE35DB9910ADA397E5CB645F5418B631F9A3E
S31AE04B14F0FBF437D4F5CBBDC41B2D0FF261825771980F8AF395CE
S31AE04B15052B6AD1B7FB77D441CAB842890F79F6D215127F212E6A
S31AE04B151AA6025A193007A9233413CB36D0BB2AE7983FCE45E0BF
S31AE04B152F7C8F3C06A495D9DAC29A405D29A1039F0E2AE4F7A520
S31AE04B154477CFA6505D1DADAE226E18F57A5ADCAA200401E00D47
S31AE04B1559F2367D5F3E53E7340CC5D650B02B92C32354E9B9C894
S31AE04B156EC07583DE3614B0E752E3D8A628BA9947BCBDCB05B949
S31AE04B1583AF58EB64C38DE01A9E3276D233E41C4B2B3BA988EB6A
S31AE04B15981CBE6E0FDB8AFE1C7F2BEDA9B83EFE96F689F229F3E0
S31AE04B15AD647836593F2CE7A7589626B3BFD6FEFA72D88ED9652A
S31AE04B15C230CEB585F9EB143D065FB587505C341C407E95E2E4C0
S31AE04B15D7DAB2CC8D8CBC047582977B639056789A45593FDE502E
S31AE04B15EC13972EB4C57616358B0E3A11F4C44AB12344E5872914
S31AE04B1601E30D10D6C9DBFA9151A2B3576CDD629DE80252ADC6AA
S31AE04B16167514EB25F00D9C796C02245759968410625DE3328E15
S31AE04B162BF5680BB6FE73E99B6880A774FED4B9D097FD21B71A82
S31AE04B16404B173B227C1C6FC1F6F293CB3C8022D95C4E50656021
S31AE04B165590A21E572E753A3243CFE39D755C242A67B8877D5174
S31AE04B166AFF1ECAA3898E6C947258C7A58C495C1D94A80CDE2EC1
S31AE04B167FFD776B8D31B8EDF822A73A257794A331F76E25581EE4
S31AE04B1694059CCB166954660E33CD3FAEFC61A6E776C0263DE00D
S31AE04B16A9307961C8CC5EC9C931E4768512A77E61926409BEE523
S31AE04B16BE7C2D52B1CF6E86DFCE73A57971EFB27F3F66711E056F
S31AE04B16D3AEF7B24762FD8274E5DB9F1DAC05671844E22E2DCEE3
S31AE04B16E8709751492C731B1CD79BEC48B744C1A5B8487657640D
S31AE04B16FD9FD5E273599EBE3772F7BC9956565E5944CC3865A084
S31AE04B17125A8C456C5B985A20C87BF5A021158D009F43232AC6FD
S31AE04B172775F69B3B00FD125452D86F459447FA6619E05710045B
S31AE04B173C1F77D347A197E9F4BD9B09D6E807164A0B7C954314A9
S31AE04B1751D558F30BA52BD830CE831F1ABAE5D5485941D5A96889
S31AE04B176617254C54555FAA773BFBAA5FA4B41184BFA89BBB673C
S31AE04B177B0E2EE189E30F01E37DBE9432A684276AB05909B840E6
S31AE04B179040E1295189B5A9F6CD79CE5BB4701D5DB1AD01B76D0B
S31AE04B17A500F67DBF8C06988BF228D3E33FE7F44967F8730A4EBA
S31AE04B17BA51300F9330BC2F1190FE42306DEAB8BAC3238D0473E7
S31AE04B17CF08C3EAD7E400FF510D984D571D8E85DE38018384027B
S31AE04B17E4080293B56168398CBBAD3599756BBA81123D53CC9789
S31AE04B17F9BFDA58387E9627CA92865A1AD149005C0A51754BA6B9
S31AE04B180E1694C599B411B1C9BD632F9A174D227FA52B5EC56C00
S31AE04B182317267D6365269F9537C9347FA8B6146CC73C0DA80F4B
S31AE04B1838B094B633A74B5FA648CBD2F41963CF6E31B19BBFCBAD
S31AE04B184DEA0DFC2649BC1D8C6D3AF5B9434A0270878AD4E13143
S31AE04B18621B47AACD692340C5F484106B90EEB59C2C889E35D6B7
S31AE04B1877943AD070E94DC6DB5C3F4A5B9DE4BA400CD758A505A6
S31AE04B188C457978ACE455C11CE71B184B06877257014651D7DB19
S31AE04B18A136656640E83DD2B4923876E147B9B1DA1D453E8954EC
S31AE04B18B6C2F1A7F7A5F3A5145D6759579CD9DF0908303E1746A6
S31AE04B18CB1314A2672567B3BE28CD4BB5BDC307194B5E98EB09E0
S31AE04B18E08D929CF32581AC2193BEEFF342996193204413D7F55C
S31AE04B18F5CD2C11A5AF1B80EBEEDE40A332C6727083C87FB4279B
S31AE04B190A92831871F1E6435AF8E355E572349E41A774021D5160
S31AE04B191F445D6B741E3B2244B1A5500295109DCDB80ED655801B
S31AE04B193422E7F6F75FD6B6C32A7388B4FD9F8EE2015DC69FD74A
S31AE04B1949A7C81BC7AAFAAB495AB93CE3889A8728E7BD334258FB
S31AE04B195E85433864CD90AC9DDC9C9185322D58AF9E103E1DEE4E
S31AE04B1973B34D59B60F008D435379977973CB4A74470AA4290C3E
S31AE04B198858A360388D210F5940125B478576697BC504A9E4B394
S31AE04B199D847E1A8B9A13E37897C46D97F50409FDAB2E673E3049
S31AE04B19B2EFBC6BB36359D1D87F81DED75DEC9DB359800983E12D
S31AE04B19C70588799A25C356642336478B194C9A590D6F0D98C430
S31AE04B19DC0B095CE3AF0271E4B0BC9D938F604033286233DB30A6
S31AE04B19F1694036D3D2635E7056C01205B4A24A5D4B8A91DF4349
S31AE04B1A06E9D8623FB1867ECDC2F15E1BEFE01F9EB7F6918649F1
S31AE04B1A1B76E4188325AA5FC569745085B7FB7AF4F2187B5055A1
S31AE04B1A30ED2ACBA6FDFC91FD9BE5023C3EBEA34DDE3C0F7937DE
S31AE04B1A459C2484915B04CF95A490A265E9F557AC51B453A9B4F2
S31AE04B1A5AD6EC5F59CF386FF590DCBC236140E10FD126792935B7
S31AE04B1A6F6BA5DC0F200B5AF69E2FFA1AA0506BD36D064C74D6A3
S31AE04B1A84577B03397A72D852BE189AF8D8D319ECE30FB00C3200
S31AE04B1A99F6C6568AFD80D3996BD79CADC1E8AB3A98C136471C77
S31AE04B1AAE912D457120EEF31113546257B145872DE2C68F1861F2
S31AE04B1AC3A16BD19C9FDA35B96F975E04922DE403DED9740C05B3
S31AE04B1AD8FE02C89D42542FBEB4B2411D0837FB899CF30CFB3291
S31AE04B1AEDF4359179D0FBF8254A35A3100E0B453229C8C8961E69
S31AE04B1B0216A0A80E672797C9AD75FA708B754958CDAA24650313
S31AE04B1B175B835283D26CC840370134CDADF4775C557152305743
S31AE04B1B2C82F5F845840F25BA324B259368CE230E0D7CD6E7EB80
S31AE04B1B410429EAA8CE0ED8D19FA422C3929C35849F82E17BF995
S31AE04B1B563E195FCDFBA758E024F384902A0915C58113556DB0AE
S31AE04B1B6B18155DCBA428A8D3761634BCD71C6E22AD26DBC883A0
S31AE04B1B8019B4239E3B8542E91B3B56048AA27D2E4102750A72EB
S31AE04B1B95859C1F53C5BFBE7C21A7C78F4286618A40FC5D6534B6
S31AE04B1BAA8E78B6B82C2AF15D8B98D7F63430A8D8AA7031B62EDA
S31AE04B1BBFA7F6436BBE914CDC8BFFC7C8D748715FB00830ADC3BE
S31AE04B1BD41B4C7BCCBA56CDF246BC98CE036A37D43C63FD066567
S31AE04B1BE97263E9EF814D796633A6557C5C66B1909216E394F59B
S31AE04B1BFEA20928833B7D3398B8C760D59CEFF4B8433CDA1286EC
S31AE04B1C130BAAF71EA6134947E9EB15FF9EBB5DB4620831F79004
S31AE04B1C28305203EEAB5931BA08F620692B66B90EE760496671CE
S31AE04B1C3DB0252230CB941E0DDD365CCDB2C537DCE841120BCDD7
S31AE04B1C52C6DEBD57F84A1CA780308BCF064816F95AD2C66EFFC9
S31AE04B1C67057B71546455B53415F7BC2E4F5F82256D58EF8B4C7A
S31AE04B1C7C96AFAFA2102DFABD852C3C705E34D6C0AFBFAB05BB3A
S31AE04B1C91E879B88E90FC0A117343041C8469EFC7AC15050BC9AC
S31AE04B1CA61AB450EC1E6A021B9FB594204108F4813607A5DB3096
S31AE04B1CBB735C0553B106FFBABD5D5A26FCAB4ACDEE47FDDE7470
S31AE04B1CD0A15DB7E581E882813B33C6E20E210CC871E1DFD6990F
S31AE04B1CE5C34A67157117FA6AE935A537BCAC77E1BF67D14BFA4E
S31AE04B1CFA0A1A5B4368EAD85FA8142C20E00BDCDCD2EC2CBD33D4
S31AE04B1D0F6F1C5C0996F4DDEF0A81E705D10EF14CA286468C605B
S31AE04B1D24DAE1879B01EE1612697F399EF25DA167FFAB9E751D95
S31AE04B1D393088D7194E4008EF70484A734E0D29AED7E064080667
S31AE04B1D4E930F9149AB8C1F982EAB659A67A16B62EB2BBEE2651D
S31AE04B1D63EBBE53E37289083BC9D99C1188F52EF3AE6F29BF2407
S31AE04B1D787FC960FF5EE7A7D54161923D5C426626E8DCD5302930
S31AE04B1D8D7A82020167D837ECA7E8715AAF11D1143EC0593AB16E
S31AE04B1DA29A2B32049FD8BD6320A41297F3DAFD715FCE0217A9D2
S31AE04B1DB78162D1793A0B8E71837E39F7AD05EC0EFAD53DDA634F
S31AE04B1DCC4645BDDE3F888FC03D9F204A5717EDC47A42BF1EA5F2
S31AE04B1DE1EB103800F1497F241213600E0A632FE166A07B6D7E30
S31AE04B1DF6BD66966DBA00CB5F6758CDB44FDA690CF6304D60E20A
S31AE04B1E0B07E3F144A9C20DC96A30F45217AC5B841EA1DD6C485F
S31AE04B1E201A1C051A58AF4C391102281A3C32912BC5545A5BC48A
S31AE04B1E35325C880CB8538A040230AC832FB43BA4FE387BE0C533
S31AE04B1E4A5C33E173C69D667310AF3AECB0962BE2815A78A748B9
S31AE04B1E5F4738239F029B2C1712FB4B8A917C07CB6A294D97687C
S31AE04B1E74760A757925DDE8EA3D523528F646FE9C312B1BCEBE21
S31AE04B1E89DE21C4EE92539663D5E7CCD6F7455E58797A1DDCBF89
S31AE04B1E9EEA4DE5A8CA960E2C4A329A17FF7ECA182D67071F5406
S31AE04B1EB3C26DC3454E372609407DFB85D7699013F130B633C410
S31AE04B1EC8196B91B3ED0F054A19D23BA7A0C2E2366B5D36322C1E
S31AE04B1EDDD0CD9C7765E20BB73852EB3BBB35A146ECB422633723
S31AE04B1EF235111A125881FB48C2F4B10946D5DFFDDD9FE4745B86
S31AE04B1F0742374E5002B6203D9B72A7E10147DE314A23E6BB4D21
S31AE04B1F1C4777C53652D35D55910940A8760DC6C0721CE517BC1E
S31AE04B1F312A0D3410AFD01DDD2A97400FC59B51A9252BDD527914
S31AE04B1F46AB61FDF331E622610BF63B97A3DD9F33758195818E00
S31AE04B1F5BBF426EA3C38811101CB50C13A0B7AE18AA1301068968
S31AE04B1F7044A27F40691111790235AD7E1E7A21B6511D0AF9142C
S31AE04B1F85E285962DA9B3B27A9B1C6057BECFC6990A70302FC66B
S31AE04B1F9A7501C8E8ADC19D9D95313C8480B88BD80425D94A03C3
S31AE04B1FAF2D79F502DA4336E30162B8F06DCB9170CE935B6FEAC0
S31AE04B1FC4550FAFA8742EF5E5CD28C04DCEC4EAFE9824F4A2B51D
S31AE04B1FD974CC686A9C743A9D876AB8B34F5F44E4ADF91898B68B
S31AE04B1FEE3A5A272A62F23D1CBFB0CC1C4582BE2BC16AABD06D01
S31AE04B2003C34AF8540BDFB1DD53C9E9A49CD1100D5104957C67C6
S31AE04B201868EEE97E533EAE1235158FDE762DC61EBC5E61C29E5B
S31AE04B202D9E6D585E6C068E4203B20CC3C731CED4BC8856A8000A
S31AE04B2042BE3B6ABECA58EC8E96194A569062D5BF9FF379C52FC7
S31AE04B2057D9985629894B0CF9F23D6634705B0FCF38E7A24820DF
S31AE04B206C5F52EFD61E7931A0F7E530D450BDB964C90963CE043F
S31AE04B20816401A67109CF4B58CC363BA3C0C2F25CB21BCCBF0B0F
S31AE04B2096B3470FF2AAC615D9E6BD016D56C3B64692AE5FA20E36
S31AE04B20AB2A896C91BAC986050BBEDEBD66C03AFF241EF6527B69
S31AE04B20C0ED96EC295409C56E44CA66E3483DB0784704D77716FF
S31AE04B20D513227B87EE38CFFB6908581136CC047EF79FAF2E04C9
S31AE04B20EA1BA9400C147831C64E6A4D87BCE2B66B8907D9CE8714
S31AE04B20FF08CABBFFD74A7CD870870D2EE061ACFA48AD1D1D242E
S31AE04B21143864C87D12B0C425E9D19479E01BD85978D618744DDF
S31AE04B2129B57D7FC33AC5F0A5C8839F069FB2626F124241B68F7C
S31AE04B213E21589E81655F5D622359426334A50D8F510E9A8C0F16
S31AE04B2153E5D2F88E9406C67E3CBB162819939F4D98E0E1703E57
S31AE04B216851ECB37140845268F94B89AB02404372A896717D8B2C
S31AE04B217DC11729C4302A0C8B26560F7638D006CFE70665C31E55
S31AE04B2192475D6B1B22885D90A7E169D8BCAC2FF1D084D6E4D710
S31AE04B21A7C41112B80E9A71BECD9AABD4DCEC8B25C941180E9658
S31AE04B21BCD4DA71744C40A2A3960DE937AA878045F337E1698FBD
S31AE04B21D136CE44B03B518851F3C684A023BD7EDA5230C3241AD3
S31AE04B21E69B181CA79974D6094E430FA7F48DCFD95E3A02CEDB9E
S31AE04B21FB313AA38A5B342C1B6E6BDE0B86F53BA0BDA2500864FD
S31AE04B22104C2C23607E5E656B0A6197CB544114800E4DE5E8F3D0
S31AE04B222560E4AACD01BA96A9AE8C607ED77185C8E938ABDC5D0C
S31AE04B223AAFE2E064425545D68A7ECF439D04FAB046A99BB8FB35
S31AE04B224F7480488F373DF9C5FF9D5C8A69701BAEE19C71EAAFA1
S31AE04B226469712C73061B1F2502A8E3F549965A47421D89EE99E5
S31AE04B22797D7C59FAADDD059D241FD347F25A2AFA0DEE28FAB904
S31AE04B228E6723C164050505D621264F79FD3DE12EECB40390E803
S31AE04B22A322B7BFB351B794383325C26D4E0F4369600B989803A8
S31AE04B22B888E7BAFA9C2AD35B8CB4C0B23EECB5460B753B4347AD
S31AE04B22CD56196A770B4527E8606198DF7167355272F10E3AECEE
S31AE04B22E25BCCE5E868846D6D4F985C4450B353854FFB24FADA58
S31AE04B22F75C2BB609A6530ADF63D522A835CB8900427E7D3B670F
S31AE04B230C8BCE9D282F04941B5C3D0D81C1D31E8ED5C875139768
S31AE04B232132F98BC956F30D8F01C3112A7FFA31EFFF8179BDC400
S31AE04B23362AC1D2538476EC58DE310CE58F7C5B224F74E71DBF05
S31AE04B234BAC3D9784E88E3CB7E18DC118F3D9946C3F7FCAA82C70
S31AE04B2360AE08B190557E49280F7DEBA88578DA750B23EA1A94CB
S31AE04B23758CBD9F8C26F167CE5A2D64C7ED31AF5F879D90C52DDE
S31AE04B238AC7838832EC47D61DA3F5D2B407378B0BA8606FB1DAEF
S31AE04B239F474B86A9655D83F602A938FD63D02C6CC94E46B8D06C
S31AE04B23B41EFA2D13B54A11EA90CB44522FD75E826A422AD248CA
S31AE04B23C92E8B88CE2503653010F98BD0F48B41F2E880F89B23CE
S31AE04B23DED4AC5E32CADAB25B467A38EB62FDBCE95BEE1AB326D5
S31AE04B23F30EE2D5C76B5DA4B8083D8976953033F1398BF3D33B02
S31AE04B240802ED7B2AAF079E5332DF4BD3A0DA3B0A5EB6295E6466
S31AE04B241D5425C86477882510EDAFD5B1B325900830240A7EA58D
S31AE04B24325B5E6D1E7CE5C5EEED07D9C3769B1D17404086F4D667
S31AE04B2447C5AC72A4A7DA62AFA2E714493B802EA5DBF0BD52E503
S31AE04B245CE566271A7ADA0E732057F84D95C5797C279C86F07A1B
S31AE04B24718BE112D4C0A17381C460DBF6DE5DF79025139447674D
S31AE04B248656A100CC6C448D439C196C75148F2357243CF33D3555
S31AE04B249BB77524F81281F3D4D96C6E0F36785D7AA25419A62A33
S31AE04B24B07D8BCC970920F83B9137442BC0C9F1D00DDEDC9AB489
S31AE04B24C56CCD1FB977C6AD5C73C6A5B9330046E5F49F9830C169
S31AE04B24DAE4CD223F7A8288005FE6E0B88346B6134510BD381E4F
S31AE04B24EF1F3954FC09F63FC85873670B3BB227B2A2D005B25E6F
S31AE04B2504DD3418654C6B842BAB597FA9780A46B4BB79BCD938F4
S31AE04B25193311229134A1387FB8333B8CDBFD4580F1A164242D63
S31AE04B252E9D9D8560218BBF9FAFC8AF1E9BE87415F3A09D71EC61
S31AE04B2543F97883AB579E5EC915393AD09406985561C3AFEEA354
S31AE04B25586BB265418A87E5C47E68DEB2BD30E0A7583033A8591A
S31AE04B256DE34E7508EAB9C43D0B69CEF2386006941A4E9D047BEC
S31AE04B258265A4ED4CD5378667EF27FDD3FFB419D688A294A4F5F9
S31AE04B259777F5790B5F605C36244F3590FB0F03248A976965362F
S31AE04B25AC0B52D624B9BE9206DC9E72301C0482C241C007D0E14A
S31AE04B25C1DA5879BA259DF060CD1221E4E6D12F828AB15E424AEC
S31AE04B25D6865716C29E577F8542DE632149DB1DB14AE1904A294D
S31AE04B25EBAD56A91C53460DDAEBC1FFA31B8A7CB0A899EE0F798C
S31AE04B2600BEFE34A7AD1EB692EC2BB0AC4535E9684EC785B65507
S31AE04B26156C96A6B3CF5BC14A9F14772ADE7ECFF95435E1C73E08
S31AE04B262A4E248748CD12FA3B1E3F672D94A3A81A814D0F1893A3
S31AE04B263F8926794B76D543C6C7063B261DE779DE0B3CF127A501
S31AE04B2654646CF2D99A35E2EA28D4210C356F9E5BB3D632EAA3FC
S31AE04B26697B54957BEFBBD8CC6FFB97AD3A47A4A279597DBFB3C8
S31AE04B267EF90CF97EDB2A40657FA7331ECC2E982576B2367AF1F9
S31AE04B2693886BEB6EEF5687DCA540B464316C2533714ABD14F19E
S31AE04B26A87259EA9B7E1F81A50C6F0AE441AEBDFBE6B14896F55F
S31AE04B26BD40D45B833634D2847A90980D9DA0CA5B384EA58965FB
S31AE04B26D2F036855A7BA9E770AC56988B2CAF881837DF4A47D229
S31AE04B26E7353DC202C5E8D7A5C89DC850A2FB785D31BEAAC78F70
S31AE04B26FC57FB2ADB48548CBCA025744A7375AC4F4A71BF748980
S31AE04B27115B5C62F82E8E40B3E53D9DC805775C4E14AD1BA7533F
S31AE04B27260A7D6CFEF1F05BA834AF87E20E16D990927CA40D27D9
S31AE04B273BEA5A748A1D3DB71C2335F74C908EC480ABF53B5EFAB9
S31AE04B27501A492B09D8765F0DD0E53998C887FB815DEBFE92D8F1
S31AE04B276544788763EF9E6FBC07C813BC78C5DF43775D36243A6B
S31AE04B277AEAEA14EF340B521B29CA94587B7052B03358F5AA8F11
S31AE04B278FB4F1A5993A71431D9ED68AD426D17194D9A1BB05B955
S31AE04B27A41BD14C0EA9766A772FEBA8C08D36E41098EE46E98734
S31AE04B27B98C65EEC6B60F27BD548CD7790CB24F95093F8E41CCD7
S31AE04B27CE88A9182125D90E7F6FCC7E073635233BA4A8F0BB0050
S31AE04B27E347ACD669DA3FEAE2EEB9CBE01E3240A2CC943763B863
S31AE04B27F8FD6B2C9F12AAD2FD24424D4AA1AEF05D7D431E929F35
S31AE04B280DB6402B5B854CF1A473036559AD49BD67509D5A01C548
S31AE04B2822EE1EACA054361900C4C346E97AD30F4641614C2B40C4
S31AE04B28370C03C0970C735E5A665BEA1A921449AD576FAF2C2E8E
S31AE04B284C29F6CCD8148B0B91D262FEF25FB69BCA5A79E1381F9F
S31AE04B2861E70B6D653A8F91BE0359E3A8FE020AAAFA8B4D6DC5B6
S31AE04B28764CCA130DF4BB31E3ACF617512AE7F41CF05C2755C967
S31AE04B288BB0117BF1675F45BC7D2E0E566C6245F278D28F604086
S31AE04B28A0E850D9FFCFD3AE77D102B2B5295CF351B079B66A1FB0
S31AE04B28B544B261A95F7AAFD7EB7E29633CD35ACE19B20CB57056
S31AE04B28CA43B1C3C8590B7A418DDBEEF53B57BE38FCC953A31389
S31AE04B28DFAC5CAEE95C1592E9AB18C839155BEF03944205C9E37B
S31AE04B28F4BDCAB4FF2140CBBCD2E2A69C842BDF500BCFA9F6B27D
S31AE04B29091EE3AED1D61253782F5BB05E8C860F02080DC73CBBC7
S31AE04B291EF1AC43E90D87972B4F17FFF345D3347429658D8DDDB7
S31AE04B2933230E76FEFBDE2D948AFB79A9721E5FCD5864863B211E
S31AE04B29482163383B9BB13CA573E90D5F137AE07081E1DF0F71BF
S31AE04B295D1F61E26083DBEA6753076F07735EFB4775CE32AD6F4F
S31AE04B29727CCF94C095E9BD90406DB0D96F20DAC8D0D21014E8A0
S31AE04B298772F864ABD2B2F4F2E4E66A892839F6B7B5CEB73224CC
S31AE04B299C02CF899E053695D0C91DFC38B02F6AD47802FCBA37BF
S31AE04B29B1DAC73EEAA297AC3CECB55EAD0F6B9D09BB11CDC6BB10
S31AE04B29C6FF75D4F9D9502AF78C8FA3E28D9B9F7C6C259594D4CF
S31AE04B29DBD4549CD16126685BA6199661944122CBA06E58B55FE5
S31AE04B29F03F2A68C1699370D4467F52FD56304CDEF04D162F0D7C
S31AE04B2A0570A5D2F67F5CF556F8BA3B9436018A118BAA65D17E4C
S31AE04B2A1ABB2BAD9F33C175B6EFED04B1A207A97EC1D9D9C4F39A
S31AE04B2A2F03976CA5591AD96FF03AD85215D3B98BA54606064F35
S31AE04B2A448E79208D9E9A3A1CD2A2628B04B3B3FBAC34104CCF39
S31AE04B2A596BF687D1141E9EC1F9D38B12564F6BA7AD7E81FFE240
S31AE04B2A6E91CB9F236DCAF5A69393AAA30A7E54A86BCEED920380
S31AE04B2A839BE66152A33B45DFB8C6046D1F72512AD018F0AF094C
S31AE04B2A9830F79CCC3426EC69E6E8A45503A448406378382E493A
S31AE04B2AAD2537DADA5B5520F84C3B4EC00DB5CAEAD0F148DE9E7B
S31AE04B2AC20AA3660D16A1EA557B5B1ACE44A8E2E78581A3FC1B85
S31AE04B2AD7DAAA9AD135FC7E5F68364A8724C6D5C6812FC310C580
S31AE04B2AEC0CE26B9842D592FA682BA36AA0147A0D367198660D83
S31AE04B2B016A9A884D23ECF66C825784F2B82287E4F2E6C88BC3C2
S31AE04B2B161E6A229007370FB7B33FD29FFFCE1E429C812BEA82F7
S31AE04B2B2B4C262D4804765FFA4AE15D0AC573615B5B94B707F87F
S31AE04B2B40D05884A6CD3FA72AB346444050DBF73A9164BC92E222
S31AE04B2B55DC4AE444340D464E7FCB9EA48494A9AE12E74476A8C1
S31AE04B2B6A09887538F182CEB3D3B94AFFCFE17B4D1CA9551F214C
S31AE04B2B7F9FC027C6D9C906D01B73387914612EA4989E1834281C
S31AE04B2B94DAF95B5FBB9BD422906837A918AEC08992E1D1139E46
S31AE04B2BA9DE90F3068BBE3631AB5EDC7506A87ED6AFC9D0EDD46A
S31AE04B2BBEA883ECD904954ED2EFFF21BBE71048461998B9352218
S31AE04B2BD39FED4500F1B316058C9445C98F821F99B9AA8BF05700
S31AE04B2BE84E9092571E10DEF11480A611057A3DAAD81BFDC4FB83
S31AE04B2BFDF5669FCE8D4FDA0539EA3D45A4B8F8E751C71B9C6EF2
S31AE04B2C12D42522AA354267926763225AFA2404A7501FF5DCAB4D
S31AE04B2C270951E608A2BE462E7D08B1F9F879F5AFF3C8E98B9F39
S31AE04B2C3C21FE2D22B726D685BE890C484B312B4DA92787B77699
S31AE04B2C51A69AE5E9D1D60ABD553B9D05B6EEF38C03FA25A4E8BE
S31AE04B2C6671D9C70D870DB0433AA7D433884BD506DEE7E54C9760
S31AE04B2C7BB4FE4E68FFCE7570CCF8934D83736B85EF3933C1B3A0
S31AE04B2C90955C71239ABA507C3343BAF16BD9400614C4DA629CFE
S31AE04B2CA5A1C7FF314A95AF7ECA0FC675EFC080446405532C04D2
S31AE04B2CBA8230BBC1FC0E621A46CC9C8236E246C58C4AAA793E96
S31AE04B2CCFCCC57284304D0C1C7D9681CC5F545D38007ABD0B4F5A
S31AE04B2CE40A2FC6A0D47D6B2CF72A78E0419DF7CC475834B14C39
S31AE04B2CF9B1B2E6550A312CA894E8CDB6C4A508C476A5ACEC60A1
S31AE04B2D0E1A663FCA8687ECC4697927D7DB636FC7F97393D90508
S31AE04B2D2329D617E04817478E97306C49786139F3119668683711
S31AE04B2D380265ACE096E0B7AA6C36D0AA2519A7460E39A3CD7E0F
S31AE04B2D4D20147C4254ADCD2979EA8A43688967514D86767B7D3D
S31AE04B2D629C26B2073AD1939D6B3102649DBFFF26F8E511304193
S31AE04B2D7739A381179DE629231DF395AA5F1C5BC14EE13DB74A80
S31AE04B2D8CABE39824DFCA9B88E3ADF963776C70837BC6556E7BAA
S31AE04B2DA1D3E538C9C91B14806B2608D60276168AB65CD7FC222D
S31AE04B2DB66EEB0CDAC67D36B566A17D9C909AC1BF0DCAECB72AFC
S31AE04B2DCB281EE5F15BD73500684F11B79DCF303A9D3B6BCDEAF0
S31AE04B2DE0AAB7D2A2301AF23ED65E96CFB545E9C41041EAB381AF
S31AE04B2DF5B7A698CF512F99AE674F727E0010FA6C2EA8195A4D5B
S31AE04B2E0A9857E8EBE40CE099155A953D02EE9983876CF6C01F42
S31AE04B2E1FEC2B92601EE28276D9004E98CE65B9AED2FEE8CFBBD1
S31AE04B2E34BBF83769CD6DE94B431F19DA233A75F771A05FB965EB
S31AE04B2E495A477ADD12B2D6BD9C7DC1E3D4B04A2EB738121B3FE0
S31AE04B2E5E3724E16647A627462A2747BE36B131DE683EE62C38F6
S31AE04B2E73E25C6941773DD79F181E958199C43CD228A58BC8A28E
S31AE04B2E88D6E955533504A93CF50671ACD19DE1772841C62088CA
S31AE04B2E9D8B24369CBA4FF20267B9D297C89B552808EE49E7B131
S31AE04B2EB27F7F55CBFC08C930C134CDCDA1DF59194FAEA029591F
S31AE04B2EC72793F9BC9E5BCB89F643F1380B246E4614D620E801D1
S31AE04B2EDCEA206FE3C5905FA2CF9DF09153882BE04A6F3A49EF00
S31AE04B2EF1D9515A6FDB7B9EEE2503D21F056579FA9162859ACDF1
S31AE04B2F060E761B65A6E53D2F06BFC8B68079C95FE132F2B7A7C3
S31AE04B2F1B3C0E7FFDEC71CB58D5A71A951B716B2E02A1B607601A
S31AE04B2F3052F4F9EAAAEFEB2CD4EBB53A6422463A0001E50E9B3F
S31AE04B2F451E919158F38F96108675901037B7B7A6E8B6CE436E83
S31AE04B2F5A5BF302EAEE789F6DF8374D10E31DBF943DEAAF495F28
S31AE04B2F6F65E1C4168813CC4804E2D3CB75B48F62A8AF88501E62
S31AE04B2F8462E1AA1862F440D0812704B671062F4DA7FEE632D5B5
S31AE04B2F99CD0A42AB394010EDF96888B9214B62ABA8E1C732F526
S31AE04B2FAE021226CA530718D6FD0273D7C2DB2E535674F97C25C6
S31AE04B2FC339071DC1AD96C23BD7746A4CEF6253AB54BB60A88B78
S31AE04B2FD8E68639F0CD7CEA4BF9A7D5A48EBB16278E9410045972
S31AE04B2FED01E034FD933623739F69E79BBE169270CA88660D8C7C
S31AE04B30027896A82000DFFE604002CC9A955EDC4F911B74D75662
S31AE04B30176F2F78BC42702A0237A945319AA28F19C6E9F6A12D16
S31AE04B302CC0148EAB4705A00119190CB3FAC7BBF46613374056BD
S31AE04B3041A1A694BA7A41676AC129DC238420FC4522105EB55BBA
S31AE04B30565BC6DC1235F5BF50E288C8FECF78AFAD0A6C6773AD1C
S31AE04B306B4D4D2D0195CB1075E62BD48151402CF18944296F0AEF
S31AE04B3080B91A58D5022BDEE723A49C8E210F6BE9E743BB863107
S31AE04B30956E73732276F266E505F1328BBECFDD05A62F532B77E0
S31AE04B30AA0B0F56DDED2070F8B6AB6D8F0552E3EA404F15D471B4
S31AE04B30BF1FF07AFB6A70B4D0E168ACDC2B9855DC279C69AE75D5
S31AE04B30D40DD8AB9C1964D771C235716B2594E25BBCDF56DE919C
S31AE04B30E9C6C428BAA704EC6951D0E914A77C26D4F1EE1A9F0E54
S31AE04B30FEA34D754F04852A521F39402A6336F24D9245D16C8B9A
S31AE04B3113B6DE01BE9FD4C9DFB25B6BA60B27A6513EA275639277
S31AE04B3128DF834461920D27B3B56624F11E607228ABA192FD328C
S31AE04B313D9746CEF63DF3B4AA4367E00D8D3A4839B02B8970E288
S31AE04B3152FE878C6AE77100FBAF3153434FDA4A527276C6AF349D
S31AE04B31677A0A1395D106688C670BAA992867D16ED9D369C2C011
S31AE04B317CB0563341EE4FFE2C57933EC69BE3DA6F9FC6A4A322A9
S31AE04B319159019EE94E04D3AB7B273096ADFC4ACD06F2BC2BDF61
S31AE04B31A6D42A1A5A2B40D32F50FE3F858419B8434D4B2B1A7706
S31AE04B31BB7DD39A469B76215787BA29AE6FC86D3A5E7DEFB2DAC9
S31AE04B31D0343F9361F7839AE298A5994F57DF515A4F51C9DB769C
S31AE04B31E581E3F2499D251354E6E8A2A84C1D75C404B1B7D1A045
S31AE04B31FACCAFD79C6BE9B3F8DA10755CB1A5836638C38E1C1DE6
S31AE04B320F4F895188ADA9B93C35216B09B821D2F914CFE36527BD
S31AE04B322407D45462E5CBAF4E8EF4EFAC8A72CE6534A417A392B6
S31AE04B3239CF3A4ACA00072F1BF4063E740478057A78FABBFC59B8
S31AE04B324E206BB29F2F28C4D34BCE036473C80C4903AC9AFB3BE1
S31AE04B3263A02682E56A8A15FAF35EE4F5C45080B883930FFEFA62
S31AE04B32783E499E62BF28A51E5A4D1A811FC9D228AB7C9F7A93E8
S31AE04B328D82EAB1BD2FDEF44BDACBA1A7621F8F7789D92D744915
S31AE04B32A2316E8D9CF4CB02747208609880BB283F67A93D4BB38A
S31AE04B32B7434D4EA110CEE7E56B5967EF872C3E3D245C6B577DA1
S31AE04B32CC040D046352E000A8F197D7BCB2A04ECDF1017BC99B11
S31AE04B32E1D502FCF785EE956CE0CA237AB25AC5B1B7526F0645DD
S31AE04B32F6DC82056EB1ECCF77A8A304E83B287682CEC66E77A330
S31AE04B330B775D97A5C31FC7A87650F98320D9A7993102729B90D0
S31AE04B3320CBFFB768CDFC4BB02DBA46B46A6C476FB5AF3635C3BB
S31AE04B3335DC275280F7A1491557E86C4DD185273F6CC015889476
S31AE04B334AC91B10CFD3786D1DD0DBE12A9B979B7566F4B9F9722F
S31AE04B335FD1BE4E598CE24AA1BD033730944B6C68CDF319A8FE40
S31AE04B337431209CDD37AA95CF16877681260BE8C7440B42B7A99F
S31AE04B3389926792EE62DF7A4F35839C4D6C98399F5F269C575F27
S31AE04B339E592EBC8178FD77224C6EBEFC6B21A75388EF6D5BD20C
S31AE04B33B323986EA4CE9C21DFA7DD02C65789307BEC6A004588A3
S31AE04B33C8FD7459D722A14345596C2583039643AEB2B3FB9AA33F
S31AE04B33DDEC78DEE5E4C2135D45E69583D0BDB8FF3D1337260B2E
S31AE04B33F267923209A6E28B21BD94B031217D0D43F648948AAC05
S31AE04B34070FA519D40F2749F69B40F82B9929824AAAEC02D77DF1
S31AE04B341C721315BD25DC087180AB7E2A25E47A8CF8E9552BD482
S31AE04B3431A0388EB14E73F5A00E7A17CF60FA57DA185CD0840027
S31AE04B3446D63E9176209BB4881265AB17D5B713E4394AF9D660C0
S31AE04B345B2E83D36AF1038C67C40E8A1BCB3B83AA26E7200A83F2
S31AE04B3470FD451C772F749ED8F11FBB2F8D3E125BFE69226CA55C
S31AE04B34853CC4AC0E729B4752A149B49545A756878ECE4BCC230F
S31AE04B349AAC81CAE16CCAC7E66A25427F598B76351D6F648BBE19
S31AE04B34AFDF44DF0B8AC4736A0B4A6EFC7128360FE39445F874DA
S31AE04B34C44A376064A012CC061E42DA5BFAC8FEA7DB07C2BFB6E4
S31AE04B34D907E9360E0FD4681768BE9097CE342D67A7EA825E8340
S31AE04B34EEEB5B0DBEAB20AC3C5431DE6B1E78352F16E853DD8856
S31AE04B35034C68B23D62A18F85D943746C12DE5BAA0787BECF625A
S31AE04B35182580B9F97B3644095E220E6952653C3B59285EF9B962
S31AE04B352DC32B30EFB018B1B142C5D109094F6BAA78C2E7867DAF
S31AE04B3542B8FC5061CB0BB17D6142DC30847D74368572EDE5F6C1
S31AE04B3557491E027A7FF3C1BCF6DE570213540AD1F6B3722C0C9A
S31AE04B356CFA81CFA36A312D7EDCB47206BDC91990B976DAF47F33
S31AE04B358186CCA35668ECDCC4944B9B6ACA8C154FF1CE1D1150EA
S31AE04B35961FE85FFEA0761716199A40810E62C20C72F1C57A777D
S31AE04B35AB9B7BB717218A82C20770E59147A05D44F96F4FE50EE8
S31AE04B35C010CC405B0B2770F3CB2C27DF375F1137C13FCA627141
S31AE04B35D571EB49D35C0BAA5B3F1DAB3D2B757D6E40E637E8C5F3
S31AE04B35EA3ADFC0CB1A44C7A23AC140C3EA46DBD0AA9CEFF377B8
S31AE04B35FFB5F61D09078DC16B004000C5E0BB78F31FEE52F0E2B9
S31AE04B36145BC1C697C8F4CA5000E95EAF8ABD747AA8AFDE538BE3
S31AE04B36295106572A54F0FAA8F138310EDA43A7D4EBAB81AF24B3
S31AE04B363EBFB9B3D521F975EED4423EBCDF2D1B5899FA746ED0F5
S31AE04B36535207C6C1141C7F8968C191197C8F9949A11F4AC0503F
S31AE04B3668431F816E6215B7ECDB8BABA9E14FD82C378305B2064C
S31AE04B367DCDBFD8EB5872997451DC2781A8C8D40E89BACDF0EECC
S31AE04B3692DB9BDB64CE034050F2678D697BE9DDCD3862BD0EE535
S31AE04B36A7EC1A1EC852BA7C49F9CC9B931D1A978FDD89D2D18C3B
S31AE04B36BCACA3271F5958682D38DDF4A57C1B3DC55D86F0B10E14
S31AE04B36D1BD36DA2364CDD8F2CC0B5A13BCE0131E02B653A850B4
S31AE04B36E6873C6050CEE816F0CC7D4DA0AC8DA88EAC0410BEA8A4
S31AE04B36FBF7C3F6CD9431EC4CF0B9A95A138960930E33162F9DB1
S31AE04B3710DBDAA5E0A88376C0FF60D87930EEAF1EA59472AF12D1
S31AE04B372580F73E274235F7D0A3B21D985CC0D1604E4F9E9D4FC6
S31AE04B373AA92E790F802C6DB7617F3375603199EF943585CF6DEF
S31AE04B374FA9AA7505BE4D2C12654143948C83FB572659DB4AEDAF
S31AE04B37649AA561541CAE38DC907E99739C5C5ADF636E05AE334B
S31AE04B3779EDE1C5E1F05C36883A225D1E7DB206B95235376A504F
S31AE04B378EB7C85C78DC84147C92A1590C04EB9158DF191A4741A8
S31AE04B37A3E32D017EB1CAB1734F55C568279FFD3DACADBA5F6F00
S31AE04B37B85B0006A4AD932CA736E34D792D9BFFFA324011063555
S31AE04B37CD05FA5B7DAA01CB1FDC0DC0B84F28FA99000617258A13
S31AE04B37E27C5AC45A5B0DE3BDF34379DCDE48E06B892BE1BB2831
S31AE04B37F73B0E934111AC9098FE9DF58EF418701831086020D54A
S31AE04B380C7594E568278E454ED714F9057F144279441E6E2CA500
S31AE04B38219AA3A3A413E0D026C71F45A1872C77BAB64DD76BEE11
S31AE04B38360B92A6B295DD053C13AC9457FD27866F7BE70A859D53
S31AE04B384BE7F6E8B8F620CC489291D853606A6624320BCF692554
S31AE04B386022B48842CF11EB856471072CA40932E0CFAB616E1012
S31AE04B387530861CDF5FCE78C110CBF83777601D2C4AC5D1530D8C
S31AE04B388A1D841281B663D2A011128C39EBB5993714E591EF7EEA
S31AE04B389F9320EE6FA9374FE382A6F358AA910BA1D20B42304FC9
S31AE04B38B45BD59116B9C363398B724CC5E2C7F21335AC4B76CEB3
S31AE04B38C9289CBC745A5C07EB8F214FF6F815A5AF8E7494EACF78
S31AE04B38DE9038D8C6E2E242EC24979D2D9021CB8DE0F88BCA8D04
S31AE04B38F3BB0FDBFE54CCBA0C57B50AF40D4FE016A0F2C7C22E61
S31AE04B3908FFC0342538FFD609F3222301AB4DAB9C6C4ACBDD4F26
S31AE04B391DA0806435B378527112FBBF3F21A2E61EA634F96A1E90
S31AE04B3932D777C07E01EE45965D24600C9BA7FBE20DF7CAFDF131
S31AE04B3947433C5435D2767E7D6E0B4CA05C345E7366301999ECF5
S31AE04B395C3D9F35636BC71FAE13CEE83F105A06270E5F89157494
S31AE04B3971C7460AE7A4C1D493FF36C772705C61ADBFE67B855603
S31AE04B3986526425B09AA5AEE9A688FC73E33CA3A2F65CAF89FF10
S31AE04B399B4FFA23D0F6C47D327938E7A83243D015CB5A6FB9DC7E
S31AE04B39B0926FC9A49C1E01ADCCE4DBC58BA03D10503317D19236
S31AE04B39C5A1F2B7CEB7BF0ADEFD49F215A47913037AAB172774EF
S31AE04B39DA3E665DE348C8EA8FE781005B8689648784223E59043C
S31AE04B39EFCD35BAC386FC81D010FEF4E9A22A078A2C05D21E8651
S31AE04B3A04E9CF557EE0F39F7F8A1AFA4AD93D5E635F7A60A50D56
S31AE04B3A194387BEE2D6E75BF0FB222696FC86E3F6C1DFF7B5E293
S31AE04B3A2E2338B772E9060E740D6720C95562DF0B4C3F5E87B53A
S31AE04B3A43CBDB01B29FCEB0F867394F1981A654FC8F8E56FF8856
S31AE04B3A5811187143C5D072C8078D2E06562912CCD2E40932491D
S31AE04B3A6D5FEC2150F39D31C023069EACD34562B2544EADBB022B
S31AE04B3A8231AD19AA7239E2B83209C9A94EE369C303E42959198C
S31AE04B3A97BB66D2B32AF6F7EF96C49793D1414D769F5E066C80F5
S31AE04B3AAC14CE20FC3B6BF42C947D46A022496EEF36CF3A014FC2
S31AE04B3AC143902C1FC78B8BE4031D84AB7A753722B3BF5301D5AE
S31AE04B3AD6EB2DF459BAA593D8D37E0488AE9EF645E707CF5A9D63
S31AE04B3AEB63C31E1C3D1A51AAC09E83F84AA4B9719B54D9F836FC
S31AE04B3B00760895DD486883116B2655418EAD73099327726D5B79
S31AE04B3B15E08989851DD6B786CC78D1DEE603C8C588E65C4990B7
S31AE04B3B2A77B01ADB495B14B2FEAA3E1CF4D60B21747D0185263A
S31AE04B3B3F68EBBD90B53F1666B6D925A44FADE0E2DC4171A337B2
S31AE04B3B544F43D891A87FDBC8B42EB926DE6E0C08A28521E53DDB
S31AE04B3B690D5211FFFE0FDEB6BB6265FCB359FA75EE8AFD59C07F
S31AE04B3B7E4CE00C268C63E6754766F0A8A2B8DBDD8D5A53389DF3
S31AE04B3B93BB03B9E1A0E0550AF2477889C4B650186DE4737B96C4
S31AE04B3BA82F31D3C73E5C995012CF39CDB348EE2B5DACC1D3DEE4
S31AE04B3BBD75BCBFDB7D108A870220038080294FD5B0E3C41FC1B0
S31AE04B3BD2F4540B6865E6AE9FA3636B2043E4B202C749BF707936
S31AE04B3BE73CB844999678A11147BE9A0D9927446BD569DBF16F73
S31AE04B3BFCE92ECBFF49AA9C9685BBA391E7F95176E8C48B0F73A9
S31AE04B3C11A6ADCA4323D69634944EB7C4247DBD5DC4282C5DD8E5
S31AE04B3C26D45F14B65B04D2AA380D9268EB56FF05A83BC3D22B59
S31AE04B3C3B3589F05FA84EE69760D9DC2CDE303B74475A061224E8
S31AE04B3C50AE577FD540E5CDDC5F731FE865886964C751C463D560
S31AE04B3C6560E89437FE765FEE6B9F063699FAB962E30009A917A5
S31AE04B3C7A0E03549408BBDC6357989ADA1C05AC721A1851FD7A6D
S31AE04B3C8FD9B4AC2C551CCDF2B7181084795E01CB4884159107DB
S31AE04B3CA4160C7049DD99DB03C11040DB1618BDC4B8A408825BCF
S31AE04B3CB91B40C9B67AE2F59E84332C8D0664B68C3AC9E1C8BE76
S31AE04B3CCED7F0F54BABA61E8DDFA243BBF4497664F2CBD70D96E0
S31AE04B3CE31FDB5C66A760641A2741154E14553ED9D6D9044B9879
S31AE04B3CF81DF373D7E092E7ABEB656F25A16DBD9A501B7DB789B7
S31AE04B3D0DEEDE5B6898EC8567FB6C8755DE193DC5124313A131FB
S31AE04B3D22E58EF1DC1C5197C2601F02E4649E851ED435F949F10F
S31AE04B3D376928B17E43B693146A253A24B7E5722DE0B2450BC913
S31AE04B3D4C28C64BF3D06045E18C2BDB6EB9605C31F4DC301215E2
S31AE04B3D617EAD65718A58CB5B006A232586BE97C6631397869E8F
S31AE04B3D76F40F7C52479E14A41543DF5E86C51E41669FBAC49047
S31AE04B3D8B4C5D41C250FDC3B68579EBF04C4698FAADB1F23EEA0B
S31AE04B3DA047813BCF584AED7ED4F5D4ED38AB40906D08CAE62775
S31AE04B3DB52A39653962F8555ADE1217961E9BE3039566708AB0DD
S31AE04B3DCAC635731ADDA6AC08942E1E49E491BCB55D65F986099B
S31AE04B3DDF2138BE60882F181D81610815C2D453BBC2B70A9796E8
S31AE04B3DF4CF9CEF144FCCB4726D3232A99083240F500EBF295B79
S31AE04B3E090EEA68B2F705016DDCDA7798E1030F9851289F027617
S31AE04B3E1EA32EB2285C3187EEC32092C4111589C9324D3F585496
S31AE04B3E3397DC0B008AB12BDE4F3161023C611BAE49630DDA8F1C
S31AE04B3E48A50DFC2932323E756B92087AB321B6B23578ADF6AC8F
S31AE04B3E5DC0581BEAD36651730853872CF4C4503663409C16C2A2
S31AE04B3E725BDD63A0EAB6160D374C3FAAD0DE4AE3BE8FCFC28C5B
S31AE04B3E876953A70E00D4711D2DD01EA51E197BB044ACF6614B6E
S31AE04B3E9CF4A6B60491EB3F1FA2CE7DAE6F91A467DA25D91CC652
S31AE04B3EB13F6F5AAC5928A10C83809DC0AB2F4209B5FC4ADE0289
S31AE04B3EC696AAF7988212588FF15165C6EEFE6971D3A4546A8282
S31AE04B3EDB8C8ABF3E7467D791803E17E4CB3C88D186A33CEB09D9
S31AE04B3EF0D17FB6CB0C9A10023964192F4F18A3A10187F0DD8D91
S31AE04B3F053247B663B626E6C68B7500440B75652C6B12E260192F
S31AE04B3F1A9892FB7752159332DADA896A8A85B3EE064A4FC64796
S31AE04B3F2FE524753745ABB41891EB66D241A581FA72DC0883E607
S31AE04B3F443A5E272E85E1C5DA2C6AA12C9A6C839504AFCD9DAEF9
S31AE04B3F5970C0734A7F7D7E37793BBACCCACB7ECB87F040BC7E7B
S31AE04B3F6E60604EDDDC37B0D05F96EFC925A65BCA282FEF672223
S31AE04B3F83B6F6CD15C0B7032EC3180317950C362F94DC605EB6E3
S31AE04B3F98F205B490CFCF2903533CCF1D2F85306DE77AC38F64FB
S31AE04B3FADC77AB76B1EFBABBCA9E87F115E43F22E369F0EF7B57A
S31AE04B3FC2E1012C296C0C399F65FD371515DD2F40D1D779A63329
S31AE04B3FD7BCA1399DE4D80C50CE25D6FFA02B51F1CA0603224A45
S31AE04B3FEC066637C8F2EB01EC8F627908F5937F34DD5F1DE66B03
S31AE04B4001006235B40F9BD32F1DC04DE2A6E94B50AE39DAAAB22F
S31AE04B401680AA2E045B461264D5D19549D0A918026C65103D427A
S31AE04B402B2CE6C79881C3A189D4732972F3749A691D7F94F79F5E
S31AE04B4040057059D927D916902D90131E1C8F6AA2F080112E2574
S31AE04B40555241F03DBC1D2B71004BFA6BB3A9332EFA5D3DFF0DE3
S31AE04B406A21E9CACA2D2C4A5F838A29AD9F7172A64CA674855C1E
S31AE04B407F415DC756A611B129B48FAFE43FC217227FBA66C38BB2
S31AE04B40941D00EBBF2DECF3CC7379CCB92D07DFD6581F111CC683
S31AE04B40A97A86E954A971C5CA89C3969DB15B48C9D99615CF9369
S31AE04B40BE806927846242935716659329E3532CC20D08C3573BD5
S31AE04B40D3AD5CBF86CF9654E0992B08D67A505B57A09D657CFE86
S31AE04B40E88283CE18635A11AEECDAAC425B3E8BED585C4BB80DA2
S31AE04B40FDC5BDA60CF2EB628B56B62A4D763122C1720F8B0693CD
S31AE04B41126868E9630F88B9B1A3A5B5162F55F1896C2447B4634B
S31AE04B4127390C66AC6A22E6343C8559095B5F5D34B0196C68B892
S31AE04B413C64B0E33EBE34196098945755BA2A0C4726E4C30C991C
S31AE04B4151D474772E163DFE001FDEEB68DBBAC102A501DF1E920D
S31AE04B41663C94189EE3D51F1E76D3E528AC717CD6AEB285E4AF5B
S31AE04B417B762E763DA9DD0282456698D96C77250641EB54E8E229
S31AE04B419085F60414FB963C70809D51BB47AA3B58AAAE99EDCAC4
S31AE04B41A5AB5FB2114C8FD51E281175E81A1413C04D5C2942CBC3
S31AE04B41BA1122DD965023773E32BB0163EC383642AA495881B880
S31AE04B41CFBC9D1236E2A75E944B6760B00A726424C3FCFEE39C8C
S31AE04B41E41D278DFE51C428E8E8D3A1C53839379A47F364BB6E77
S31AE04B41F9036138978EF5A521A95A6009426910167EA825B5AF18
S31AE04B420E24A12BB66A84343B8E1A1F518FF73454ED107B3F1674
S31AE04B4223282E4FBC70468A3E99055961D5E341FA22B693212778
S31AE04B423899E756FED783A1793581D2CCFEAD5BBF1FF721E92996
S31AE04B424D82CF14F339774D1FC1189241923028FC1847F7F12EB0
S31AE04B4262C4E9B76EA185BF44FF3763D5484CB5B195094E37B3DD
S31AE04B4277B134789105BAC779C10A3D26C2C0544160DB5A07D261
S31AE04B428C0D73BD3DAE55264D4D5B50F6CC5914BF25A707D43A35
S31AE04B42A1F512D24B8B66E85EFEBCA1BFBD0D7DA959FCBFC9781D
S31AE04B42B6D7A307873B6240CACCE547A073CBEE9CB723C2CE82C7
S31AE04B42CB637D47242B6753B3295CD4CE834039650B3A148D401C
S31AE04B42E0FE4BEE1284B0EEDA09091D54B8AB83748A05F8530795
S31AE04B42F57FD1AD67E62E452B2F80DB204B17EE6B8C619ECE6776
S31AE04B430A6566434EE9E63F1261B76816835CD610323E6057D39C
S31AE04B431FEC34D93209C4C8F246A91CFF2B4D7DAE8E23FC97E2D3
S31AE04B433431BF9A934A5F4DA635092AA5559B6F3260169DDA15EA
S31AE04B43490DF9939D49EADC1443C70B1CE4398A65139A8437111F
S31AE04B435EEFCE50666020F53C63BED3F0BC1749497A1CFFB7DE82
S31AE04B43739D95FF3A10E764B957E2EA75982D544A20E54964C315
S31AE04B43885574744C8CE675CF047D42D4F26F663B4657BB94CD5E
S31AE04B439D50EF9F0470787E8E3140B0D198D0D370D517B3E3C91C
S31AE04B43B2AD19A1A2208963B81DDC02062731DED7CB24BF3DB34C
S31AE04B43C761F621B605DC06D70BA758CBD956BB7A5C924855619F
S31AE04B43DCBC16CBE2A260F7AC5605D6A2F5B15DA2060561C87556
S31AE04B43F10AB2D60FDF2B34B64535609DC23C9078F997CEDB58E3
S31AE04B440647CF8B5516F90CDFE811DCDA7ACB5337B2EEAE1B2574
S31AE04B441BC5B7BFE8CE47D9154168F6F0A4261134BF498620F8F1
S31AE04B443028AA116AC4D251526A117DE040E5C526122BEF288004
S31AE04B44450E57605CBA8602686B16DBB5095B54395C42D5165388
S31AE04B445AB4A2CDBF9D9550B4765E9E872EF4C6C4032032E9140D
S31AE04B446F14E57B6CE03D57F2959C6D76CB65C5302E821F3D86F6
S31AE04B4484478BFE77201947575DBC1D0674DBD915554D14C7C618
S31AE04B449904FB124A60133EE653A5C23B913C73F6EFB562D017D3
S31AE04B44AE64DD1D6092E5249DF1F5B2BBFBF504E804680615BF5D
S31AE04B44C379B6E963BB2CA65339DBFD5F15831242A54377DAE2E1
S31AE04B44D838A61D61A42BB867B4A5A7C6BB8F4383D1993058D1BB
S31AE04B44ED627E0F6976E934168210A30826ECFC27F34A43FBCECD
S31AE04B45028112BA1BAE883528C5855D44FED70DE629737E5AB29F
S31AE04B4517DB34FA4C07EE7C83E38A6E10AFBAF82BB219CC75BCD6
S31AE04B452C09E9D4163FA008DD55DABE0E4F3696E6E9FA438625DC
S31AE04B454158EA1EA3AB9494BD2259096976616220A2E710B29977
S31AE04B4556FC250E1F62C3654CD98665F93F1FEA056AF871CAC490
S31AE04B456B53E4D367E158F1AAE771F98DF20F4056D3CBDD461B74
S31AE04B4580A3FA1C9FDC2E696A32C6EC65896DD5606A4117D8FAB8
S31AE04B4595268C99CEE5B7C800150A6E313C2D4AB575B8CB56FBF4
S31AE04B45AA12362336DEE8E1754C73389775474928CEA01ACA48B9
S31AE04B45BF2C8EB15A9537BB4A62E8CD9DE9F7BED2C6FD2CEAD251
S31AE04B45D4A90AEDC68183BF6CBF32C7DBEFC3EBC621D4609E4AD9
S31AE04B45E9E65298F91CAD794E75C11FF901D22277A2D0AC855F77
S31AE04B45FEB75625EB038A567D6CA5391CCF0BD718A578682FAC6B
S31AE04B46133454E1E4D899E9C6802CD23DF452BC7ADF226B6AAC3B
S31AE04B4628CB0F1FF129304229E86196DD8A5962A0BB3BD62138D8
S31AE04B463DB2528CF6E792B30E771C0BB3B43E347A5335DC36F9F3
S31AE04B465259C97B99A0D9984A3F524AA44918CD595BB3AB10744E
S31AE04B46675AD3377CF6012C1A659EB2CDB6AFEC60B104FC28895B
S31AE04B467C0D6F711D55D5C5BA58766DEDF9DDE8F755293726800D
S31AE04B46919D1CB5A7CB44279955C120E2F3908E70E1F92DF7A7C1
S31AE04B46A6A329F2F6A1204C536597FEE6CC13E4171EBE6230038F
S31AE04B46BBF09A2E579531D2550D25E51396FF1E4F9F69843203D0
S31AE04B46D03576336094324BEA59853930917E38B5DD40A44B8795
S31AE04B46E58DE238913B619DFC915C4AD4C20F6328841B0E459E2B
S31AE04B46FA7B2F923422DA39921C23CAC544BCB5B5B95D03052DC0
S31AE04B470F18AEBF52AAC1E8F5B7879F063001029C2FC63A17E26B
S31AE04B472442B58FD143A721BEF2AE7925673CB811C5B37772BF65
S31AE04B4739D381713A3A0244848FB3C40F7FE331B8DBA60BAE3469
S31AE04B474E1B7A293CC0E312E3F8A54D5430BA225811DBD73FF0FF
S31AE04B476322F39A83D9A4E948DAA4BD6C8AF61D2ECA30402EEE68
S31AE04B47781F3A0DF88A891B29148FF532AE9AD55F033DCBB3F34F
S31AE04B478DB0CE067466A1E47CEC95CDA64FA6B3484EA71B4E64E1
S31AE04B47A23B60D54D3D6308F835A26AD3872D363A6CC64BEC8251
S31AE04B47B72BB8EB78546741A750AD07EF0544C93BD29216F9F52B
S31AE04B47CC1E960ED4B478AF4C4A99AC1BB50E43BEAAC34BF4715F
S31AE04B47E13782D8215F596BB4B2D4D90CDDAEF3D27E130E457DED
S31AE04B47F6820DF1D32121E2303FF2045587B56DBC6E88E222E508
S31AE04B480B3DFC06B1470170CCABAD377ED9A245A421711DF16C76
S31AE04B4820F581EA2718326821553B18CF6E582B5CEACB79230AD9
S31AE04B4835DEBE99DBB4AC24AE2BE906D4A2794A9EB14457EA6074
S31AE04B484A4CEA0ECA197E20A2ACF5AD9827AE6BD83DB6BCCD1A2D
S31AE04B485FEE731E62F6B86168D9DBB26FCD4755674CD3AD34DC3A
S31AE04B4874B6B403BADEC2B3E4BE7695AA6ECDDD46D623DE2CF2DA
S31AE04B488983D1E69244841301DCB5165BA104468DCC34C355456A
S31AE04B489E372221356F512DD586265296DFCC6847FCEE56CA5615
S31AE04B48B3C3F7FFF67645C9B2F615F9A945B9EEB3AFC7FDC85AF9
S31AE04B48C85F57533D052BAB655E9DE57EB9DDCE9A2AA030F9CE07
S31AE04B48DDBD6298BBCE2F9F9EFAB44683D59231C61BDA4F7DAFA4
S31AE04B48F245F48F8DA26C1E39405A6D7B6388DD05EF8D4D3FFC73
S31AE04B49073E1E4061EB1390327B0981F44533D9F80FDFD6F64D64
S31AE04B491C4F9A05273A21620709B053ED79CA6B283E85F1C3B97D
S31AE04B493125D1F3E5146A1951FF1002605786072993DA0DBFCD06
S31AE04B49468ABE0392CAF38279C98C638C8F2F7666398E364B6F01
S31AE04B495B01D4CABA5FD324D1CDEE2AEE44DBA88E993B7585DFC1
S31AE04B497055FF896B94B434E36061F0694607D9185AECA69F2750
S31AE04B49853AF7D9D75ECBF840FD28E6B5DCF40F27277653B90536
S31AE04B499AE0129AF286B4307832BBA1F003B7E4F9A4264B055AEE
S31AE04B49AFC974934A0FDF1BEA1036435D935A80A93080C9400DF3
S31AE04B49C49B7B1C6FB441B75880CFBB7AC84F6C34B0672FD9624C
S31AE04B49D9E0FB8FB5872BF7093E2F418FE002BE775DB9C8BD6870
S31AE04B49EE50A864AD1A106B077D168D0CD7314CA4A2BC670AC724
S31AE04B4A03C2445E3F6C8C36A334A474478B4B67665C7B44425115
S31AE04B4A18B98320D9095B6E88C25BB66214248836B866A6AF5FCC
S31AE04B4A2D13576C06FDB46FF3CF2C26BC34685854F64177F0A9E8
S31AE04B4A42E4735577472B7AF58A456E0DE9634990EC4EBD34B7D9
S31AE04B4A57261B02C350D03E924B2BD0C28FEE74912DD433D3543E
S31AE04B4A6C36D431F8605A5D0213119377B46DCC51D954634EDC92
S31AE04B4A8162876063077D150D2EC61E228A959AF26F27FC28A460
S31AE04B4A9604A997CB0BAD6C6CAA1590E952C8985CDB702D47A88E
S31AE04B4AAB68D6BC526323B73AF5E19883B36E5E605A53DDC4865E
S31AE04B4AC06412ADF280ED8AE8678B6C69B524A94A496395C35BCA
S31AE04B4AD5899D412E5ADF2A4AFED6ED21FADF8B98D8E77F4647B0
S31AE04B4AEA27247F92A8E8E3C9340D03BCEC2F6FA6FB3CE4197A10
S31AE04B4AFF2DE8E908189AF0F8FDB05EA4CC291192ED56FAA703A3
S31AE04B4B1442BC363F056BF234304A39DBF6C2983E3A46A8B0A4BA
S31AE04B4B29A08D4AAE62C84AC47F24AABCAAC62314038A550CFC4F
S31AE04B4B3EAD8345904FD3291D2FEB165BF0385F0AA289AF554732
S31AE04B4B53D011353200E56D84E52D00C70B4C7323A92061D53801
S31AE04B4B680B37ACF63EFBEF7BC916C6EF59D5776F0B06D9844921
S31AE04B4B7D42BFB981E2C24E72D1A3158BC8FC19A0E512D4A29DB8
S31AE04B4B92C338D1AA6E23C8339D1609868E80D9158EB5B1B9A54B
S31AE04B4BA7425CE95FF94D083580B698CD798334C1A3A00A0D5B1E
S31AE04B4BBC7E082B7C9F5A955E74988C11B1B4475E2706FB5293DA
S31AE04B4BD1FECFA5656050F48E60EB82C31A3EA413BA08E7BD414F
S31AE04B4BE65CCCE3404C42C43605E67DF36E42CB07884BEBE7BD77
S31AE04B4BFBF684D21B7D71968B9303FE7E62F7909019165A69F28F
S31AE04B4C103119E7BAD565E5CB8329B64C6935848820B846559529
S31AE04B4C25802C38EE5E4FE58CC4DF38E68CFC686A067A37275F01
S31AE04B4C3AE84BEE5C32A7AFF2912042572F222647DE9208BEBD42
S31AE04B4C4F6490410EF67AE1BEBA89E09D8FA880699304D0F5E9A8
S31AE04B4C64FBDBE71B8A72A83B3022D579C91FF5D79196F7F1C030
S31AE04B4C79F39578652D0DB0FFA3BFEAF7577C379C2A547F5F98CA
S31AE04B4C8E60EC1336BCFED2CA76A37E698D42EBFAE9BD18A031B2
S31AE04B4CA3B3B1B65C53F2013CB174E99904F7D1E8D1066DC6A0CE
S31AE04B4CB803AEF80302F53BE7FECB2AF305CC272A0E2D16E15463
S31AE04B4CCD117963B9B012A1342137E240AB0725C9E6F7A88D73C5
S31AE04B4CE20813D5AF61329010A2164367438B03D9628ABD390CC0
S31AE04B4CF733E321C278F13953E0D80B0AE15273B9AFCDEE74631C
S31AE04B4D0CBE2C749475E4261F90B4E8965E2C9B4F1ACE7054737C
S31AE04B4D2149EBB1230D74386841CE7955F21F9729AD65B63DE789
S31AE04B4D36A107CDD864D7EEB24BC80A081AC7D3105E110CD011CA
S31AE04B4D4BEF203B4877AB72F6CA4B1EBD6732B5004F40A3D3A122
S31AE04B4D6065C21420A251F65A32D0DED9D14C2F1CDDAFFFC901F9
S31AE04B4D75BB6C8FC18F87A2A3598DC8433822EF8C3CCA2FAAE59C
S31AE04B4D8A881A60BAA6BDE0CC5FAC3BFB10DF09085983484482ED
S31AE04B4D9F9C67EFF4B535CD6B0A29315FB9BAAD430969CD87A337
S31AE04B4DB4E156D8CCB7F5C5C7CE402980A8BB3A26F424B123D56B
S31AE04B4DC95FA68193529D7F2C4E04DB5D7B5974912DCBDB83191F
S31AE04B4DDEC105EE035DFE8BCF8F800004AE59707C039E3EA49A00
S31AE04B4DF333DF28D2F7FF26419ACD9BA6F6E056E58DBDB15011FC
S31AE04B4E088214A8120B1C1426E8D076993E8ED669BFFCA471A170
S31AE04B4E1DDA76C893B7F728F42ED4350B936F311D26E0AFE56E40
S31AE04B4E32ABD8FEE06640A6590C85C0A7A3EDAB3D5A064DF5879B
S31AE04B4E47FD26950AFECA65A70881C56A8C4D5A9617DBF182AEFB
S31AE04B4E5CFBAABCDE82A6D8F7A7A9C85E2EC536F90D856AC3C2C1
S31AE04B4E71669344BDB6FF7E06BACD34F8D2912056935344F83EDC
S31AE04B4E86FE464DF06FD805553B319B94B071A72A01739BF7B37E
S31AE04B4E9BFE47C9008CFC6A21495F1E8669FCA56C822A47196B77
S31AE04B4EB0663B4525C3542CFCC5D488C0A89305BAD2FB871A1910
S31AE04B4EC594C422F4B534F0C58644B60E8A3E3BA8A7DEB423AF57
S31AE04B4EDA075C1C3CEEABB0743CD1ADFD7EB4C161CFAD0B91A354
S31AE04B4EEFD7F0E9AAE2C4EE3721480C9A88DF750AD8A4FEC8A67B
S31AE04B4F046E0CD50F85FD0F2A1E0B20A3F91E11EAD8FA136B9A66
S31AE04B4F1916B664DFC9253D1DD01192F6C4708C117043B18B3F93
S31AE04B4F2EFE5DA4E6A02C10685E7DBD17EA272CC26AA876A558E1
S31AE04B4F43FB55FC64C16A3035AD121404C3066A5A93C8A3E76A35
S31AE04B4F58B1074EC8A9D14739AEA542A5576813C3CA83FD0AB177
S31AE04B4F6D9C1804FE987B0DE518F0DA3B4F9DB88B522E157C9155
S31AE04B4F820CFE1906414F8FED6208940B7596BFD36F669DEDF4BB
S31AE04B4F972E2D7992878F6D7EC3960AC91A540C1611DC627D41A4
S31AE04B4FACC0F6F55AF52C8FD115F7104E566A370211C18F0A0269
S31AE04B4FC140989B2AF7B75B3A4B2F537C254674D37E73226A62F0
S31AE04B4FD65DC027388A24A25211111A08583C1479610D88789212
S31AE04B4FEBF369E6A443249645A6C684E8DA69FD79EBC7551F8819
S31AE04B500072E30BE95DDB5D507C6F7A2D000FF95DBC0A9384A7C1
S31AE04B5015AA55BD2ED83727106D0AEC70C840AF1B132B6C36A8F8
S31AE04B502A545AE5D0A3397278A50363AE1F886FB5D430EEC9EBED
S31AE04B503FA1C7E6A7D9D72DD57062093F6E1B3BB4FD083880989D
S31AE04B5054B364DD279ABBFB233D03A68261753174C73CA9D21413
S31AE04B5069EC7D891E0214AA83DFEAD9A1A813E58720A87FBA8BB8
S31AE04B507E6ABE6F602AC9A1C4C574565059B96DC92F4541AB8393
S31AE04B50930CC1F054A55A650846042BCA1061D58DA8FC0B2C8DE0
S31AE04B50A8F9C72BB9F3AFA8DAAB11262267925E81254B9CEF34EF
S31AE04B50BD48D4CABDA4FB47A9251BFBEF94509A3AFC8970C30BD6
S31AE04B50D2F2D1032B489EA8680A9BE68515E16C22E3E1244325CD
S31AE04B50E7DEE68CA30F5D20D79BC56705F41F8DC2EE0C239856F4
S31AE04B50FC3011D604AB908FE4772DCF6FF76B95D473226CD05EC9
S31AE04B5111E060B1498E8FF7204F6E4233CFCD18FC3C086152F021
S31AE04B51266EAA0F475DBA58D04520EDB889E7C9EDB84A913FCCC8
S31AE04B513B660DE9415E9094B4DC9C55BA6CDBBFD8BEEBC18857AD
S31AE04B51502C23DAA98C20279B4351057F9298369652A95695687D
S31AE04B5165164EC68082DD3233D5EA14B76C6E1E8217BA8D3B03F6
S31AE04B517A00DE64A575DB3C8D8988C12EB85DC83D0410A7B1ABBE
S31AE04B518F80D5F2A6CE02D153D521724751BCD1D63AC257FA2920
S31AE04B51A46A2708BF81F4121F40A8C6F0CC4FCBB1D37473EC1BD1
S31AE04B51B9EB7BA81CB1E155EBB0D3FF83C98C31B1862653E51084
S31AE04B51CEAA66CCD6709048F8CF547FDC342DAC60FC64AA2CB8D0
S31AE04B51E33A3E96F704632F22AB662123D35D274DCC40C827D8FD
S31AE04B51F8AD5F6BA6043083286E015BF69F1368440C9DE47F86C5
S31AE04B520D54D66D609D9DAC3C96CFD731E7B41EC08C7B665BEBA9
S31AE04B52220125F66C8D17C68CEB0C5E2A995EE695B3B973BE3FFB
S31AE04B52376306CC4FDD0A6BA212E585B98136C89D15FA3DE48BAD
S31AE04B524C6CEE3A7A7155F5C493914ED6A25DAA3902F069944234
S31AE04B526157F9ACCBA54AAD409C807E39F8486B2686391DC0879D
S31AE04B52766FDDDAC041DDC25E6C54A1511A6FC171BC7546CF6EAD
S31AE04B528B9606DDE3F18D6D1ECBAAE8DCD581904EF08AFB760719
S31AE04B52A099676246255FE661A8F14685B22F7F0FA3B9F0D3590A
S31AE04B52B55917A2002C54D60661EBA1F6E9217C4BCCF6E31207D3
S31AE04B52CAA500D89F7D97D29A402FEC16B1D3A109EDD1511A79C1
S31AE04B52DF0ADDDFE79AD4BBD9A3453A81EE381AD46E507587F871
S31AE04B52F4D2B37C225E09264562203A37743DE28F4A739EC63E0B
S31AE04B5309B7854BC42834702B31EBCDD846D69F8629395A1DFC45
S31AE04B531E643E02CE1E56F89714FFAE2F6E4C1EB0E7E4F8FA2F70
S31AE04B5333FDDCF09A4D7FCFD166478AEEAE1EE5CE0B4810386FB7
S31AE04B53481A5C7CB8D9982C3AB9AB37D201264F34E2104ADE2548
S31AE04B535DD4656DC9C2DB1EAAF1B6C9C06E2BD782FCC5144B46AE
S31AE04B5372ED7D1F904B86C714A9D082E54FF9729EF5B6D7B5843D
S31AE04B53876270790DF9B04DD9F2DF64A7CC84BB28CF8ECF9644A4
S31AE04B539C03E057F81E9BC7098A6CD63DB21D69BA6B88354F6C32
S31AE04B53B117441C6A55F3C6C0D6F1D77353F4E1CC37BBAB0266FD
S31AE04B53C655CDCDA4E7B73371420F094855D9D1444037A9E61DC4
S31AE04B53DBBCFCE5278AFF31622C347CCAABAF7F305602D2311092
S31AE04B53F056CAD7A8A16BB5ADE00C6B9CFC9129EB3F94CB8DC6E5
S31AE04B54053011811FAF9CABFACC88B5A6C2F135E6FFC54C92B7BA
S31AE04B541ABAAB3F8ACE838D2C13CCEA900CF8B22F9AA43566FA03
S31AE04B542F7DA7863D8AEB9EDA9A743AB16182CE1B071B65A94D21
S31AE04B54443198EA908CA9F1A8DA55790989F67075CE517BB06A48
S31AE04B5459578F37D87FB8EDCC00C735579994F3732ED847631979
S31AE04B546E33D869049F12526210A06EB69EDE1D3BE5445AC83BED
S31AE04B548369BA84BAE8B5A4D2EBB1B91244290EFBEC61BF4C4FEB
S31AE04B5498BFF2DAB468268B045FC926F7036F5E1A38BC9A11594B
S31AE04B54AD5CA3933125476A1F57DD482C3E4C223D703C4E042E44
S31AE04B54C203A1CAB9E0F10AC4B4899DBD93FA86870EA31663CEB5
S31AE04B54D70F1D3362737F4A6B59287980CD5FFA51C3D336F7DF94
S31AE04B54EC9360CF0733A9881EC5191DD25179E3C25835F33C1B1C
S31AE04B5501F8E07AC8E9A592259C594CFB668A06B92495D82687DC
S31AE04B5516B00365B671E8B809A2A46ED522CBEDAB07ED2B111316
S31AE04B552B8C5CC93237F5161FF506FED53E918993FBF87F25C0E6
S31AE04B5540BFF9341EB1D4C1D34E3C1C2DBCCB3B5F035D91656D4B
S31AE04B5555D9CAAD560533E84B77D4F2C18E913F7B57EBBE9F4346
S31AE04B556A25AFFF8F3D90C373536889EEB22B263C223AFD6D2A35
S31AE04B557F9E3CA4BE9C7B24041EBBC4A858AB275C3394DAF8CF38
S31AE04B5594DE9F49296EA875A3547564A5740161CA208619AF4292
S31AE04B55A9CA2D6CBF51AFDDCF55EAD5682730957481C5348EBE4C
S31AE04B55BEBE428D9E4CD3E69A1DE10A9D03D55D3F43EBF504FE9F
S31AE04B55D33216931751785596744EE6983D840154900B04B47FC4
S31AE04B55E8C1B443DF79CDAB3F30821B80E777E97C89874BACA4FB
S31AE04B55FD6D4DC4886D0BF31F8C039F1979381C2C0B9351CFA634
S31AE04B56121A2F8A7D7245F03BFC727ED1FD8E70C99A4A32BE1AB1
S31AE04B5627DA196B18EB9CB92C147954732495B6E58D020911F218
S31AE04B563CE279E22A2BB23FB1DB64EE624A93B9EA43CB326E7ABD
S31AE04B5651FF7F15467708D1A498179E658F5A22DFAF803A20F130
S31AE04B56666958C9EDA1D54941F6898B3C0032EF7A79746F1B5AD5
S31AE04B567B2F3EE29C1887C7E827321048161038F5AB4B43393FFB
S31AE04B56904B0CB66CA7BB8EB0C561BCC00A3929D2D3651D08037B
S31AE04B56A56E47155E038A11CA5291E14D82B15B5B7C94C4702EC3
S31AE04B56BA61A509DC820FE14A6C27F24802FC0EC4899A7F6F084D
S31AE04B56CF9B62CBF6813913A9B3CAE46152C4FC9E31E9C092463D
S31AE04B56E4B19167F009F1D7E6BE2AE115BAF9B093EC5862C7D01F
S31AE04B56F9EC1F50E6BCFB58E96FC9F000EE86F52151826A77715B
S31AE04B570ED9706647011977E477D675E438FB5061707856E0063C
S31AE04B57238FB000B8165E596C9F151FE263BB1F7EE2C8D9BB7BE7
S31AE04B5738349D6B6B5038E7926BE80D6D2387AC1B31EE73C501ED
S31AE04B574D25A32D55798B3D7A8E160C4AD13AFF9989BCC3FDA0CF
S31AE04B57622D48C051534BF881C99AC96A2ACA60A96C03C5800D10
S31AE04B57772BF4F8B298138CC9DA54AE229267400C0BB0C2FFBDA7
S31AE04B578C9102A5F6244066A21E0BE42DAC6C291251786018511E
S31AE04B57A16C9AA116001A0165062BD2425AEE704F67D6E1E1FB3F
S31AE04B57B6644BB952378FEDE7DA737E0FABAE4092938FE1E694D7
S31AE04B57CB27708E70AFC3D50D2AFD0544CF61B33C60E8A91D080A
S31AE04B57E083727230144C773CCBD2FCCD89B98CB101137F35F339
S31AE04B57F5F1FFAA24BCF6C0A1494FF01E68857262F20A96D5FAD5
S31AE04B580A3BC1650E54C9D5493B58D70E37475FC0CC28AD331DA8
S31AE04B581FD47AA0471596E5CD50EF88E99E1B1544CF2500D456D1
S31AE04B58345D027FF80EFB67A523FDEC0B89EAE961D57A82192E57
S31AE04B5849DA4D3E50D411964A32B45B495A98DEC7E4EB017BFA39
S31AE04B585EA097C2540E76E6369FCEACA85C6B97FDFC4299FC6EBA
S31AE04B58733899D767F03C658DAE4887538608C5685DEC293B0585
S31AE04B588818C0A0400FFE596C18452AAC21EB72F7520277B157D5
S31AE04B589DD84BCFEF4E8B537EC8FA9432D68D124DAB1F4DA79F93
S31AE04B58B2658DC4359187949A9F68456E5AB18DC38E4C2E01E879
S31AE04B58C7915E686D77300711F4EA43FCE9469162EB41AD0C6C88
S31AE04B58DCEE4FCC78CBE68662B3DE50E5AD688A9E5E18E9F7FF14
S31AE04B58F10635130EACE22C6574C67DBDC574B3B08B3E54253074
S31AE04B590610DC055C8E8DDB7BFE664E7405062D79AB764E304FD8
S31AE04B591B88ED3A93C81E727F3E4CF1B2B4102D4CBD25C982FF97
S31AE04B5930F06508C2288B409CA660B669FD7BA7AE1DDCE4E2EDE5
S31AE04B5945549AF56995461FAC7908356615C825FBE15BBF6E3375
S31AE04B595A073489C515137F40346CDF6397FBBE6F63C039249DD9
S31AE04B596F8EE41C9D16B9282400F3C1B6EC4F111939A4DAE86BD3
S31AE04B5984BA10E093F5D122530BEA053DC8310D4E6E0358C661EA
S31AE04B599906FBE26AF43631124BB9CDF3CB718E2CEDF00AFFB8B6
S31AE04B59AEB985DE06C50A79801DE5DEA10628888AC5F52CD5232A
S31AE04B59C346E1B0F8997C6840A42DA33D24075264EACF0417CBE1
S31AE04B59D8C21D626EAAB773D9A76A2361F2C608320E5403035EE0
S31AE04B59ED2C7387D86574CB67E2FD20612B17D22AE49B3BAB3731
S31AE04B5A025B49DBAA7245170DD932A7CE3CB480753DD07DCA0D94
S31AE04B5A172A54554F4ACEEAC0C3BE20D32EDBF5AA2920D77C614C
S31AE04B5A2C69C5453739B3FD49326C78054CE9F357ACDB829853CA
S31AE04B5A4173D22D225D538CC8A2C7B920B2874A9BC63910D758E9
S31AE04B5A564E9FCBAB6DA3AF173CB50C4F85450A71DEF00794AA2D
S31AE04B5A6B383E50DBF7F7E26B266152A61CB1D061867FF5084753
S31AE04B5A80E86C1038902952DE07952A96B76543027DB328F264F0
S31AE04B5A95873385E62981D7280AEA1BEBC06FF5E019484AE0F97B
S31AE04B5AAA1921AC3CB70BD860CF5BEB47A6FFFA7C59C7D298C5D4
S31AE04B5ABF97DCD7679DE339F1D7C5D129768D407FBC1F98AEB21B
S31AE04B5AD4285FFC165715F61F7311A99861D0B2E44FDCDC249526
S31AE04B5AE9AEE384180B1130A55D2DF618000BDC1555AEF38BFA4A
S31AE04B5AFE6DE86A8608AE54C7669F3DEF9C8EEC10E3361EACE62C
S31AE04B5B13E7D082A81CF1BE2AA323062801A5489C905576C7C115
S31AE04B5B28C2D4820DCB2C9940A56AC0081130F2BD651C8A45E04B
S31AE04B5B3D6B008E7F9363F48316CDDE6D6ABDB06DD6F7AD477496
S31AE04B5B52613525DC2459DE4772910DDD13D0D10E30E14E3AFB91
S31AE04B5B6773F028CAC00F428178FDA948DE872202D3DE883E05A6
S31AE04B5B7CE5F0365D22B60CF3A0C697FAB28E623D766D98014F03
S31AE04B5B916BED74E5C2EE167EA2F2F00732128E4ACAF30B9B9738
S31AE04B5BA6AD34AAD4AA920EE053654FE63FB6D2ABF884F5D291FD
S31AE04B5BBBBFA18E32BE7551807DAB89632325314956510BCCF339
S31AE04B5BD0A5DE8A3F7F60A21B095E3938A37AD4AC8BE02B7C0020
S31AE04B5BE5A0E54522B1A5B78EA7C27821A972FD3A01E3ACD75EDA
S31AE04B5BFA95EA0B1389C9BC4C2A3CB120A033E940477B5089B4EC
S31AE04B5C0F2065BCB83B0390FB705B82948C17E7A99607412CF57A
S31AE04B5C24A23871DEC682617C23333CF545009C7246153D895E93
S31AE04B5C3976915538264BCE4CAB8D0AA1E918B4B045745ACFC21A
S31AE04B5C4ECBC0BEF0C070D9ECB07A28BEA192F8538A85A3B03EB4
S31AE04B5C63900F99C305FD27FD149B956FE8CB29E52DB8263AEE33
S31AE04B5C78B8277188B529EB4E20C9BFBC3BC0E6C5F0BB128B2B7A
S31AE04B5C8D8D6BAC57B1B80ACEAC6805D4F070E45DCF6304AB64C2
S31AE04B5CA2B366AB73C704DBAA7E3255D20277CBC74048EF532267
S31AE04B5CB73D7655331438119ED98E37EB951A9D6BC282A2C0FB90
S31AE04B5CCC569C0CDE1FA15A878B46FE12031B7809AD802A5B2AB9
S31AE04B5CE17B5A2C7A46992829BEF5AB01C77250830781CA1AA853
S31AE04B5CF6E4A9A2FCB75FDD78590367BB04AF25FD419D3E515BB7
S31AE04B5D0B11DCB33AA73E852417532B9622C49545B6918F906B2E
S31AE04B5D20C53EF91631789314180F9402D76FBDC6642C6A3B6EB2
S31AE04B5D35D620F66F2B6A653D7C64863B45734471D8AE22583F49
S31AE04B5D4A52D32A8881B41BB650AF8772DC0FFA0E833465E7DB6D
S31AE04B5D5FFFD3817CB843530B80E381C42A901ED9992736C56161
S31AE04B5D74DB0F4F5D685444EBA25978A26BB8AFB14B7E093BF8CB
S31AE04B5D8907EAAE46BE7E8FE14A0FFBF8B08834E8A944638D3096
S31AE04B5D9E54B1AF39F16584A7F5139BD516E90CC058C2DC221ADC
S31AE04B5DB335056A90654ABD428A44BBA72332BE700DCA4237398C
S31AE04B5DC8EFF80EC547058553CB648F11FB3BBAAE71653EAC94F6
S31AE04B5DDDC45CE74A46EB78BF5205EDA3449C5EDF09A8D5D93133
S31AE04B5DF26566A1CF2ADCE2815958E97AAD67ECBA4047B54DD49C
S31AE04B5E077689C28093D83BD5128EF7AB6FE33069A4F994FD5EE0
S31AE04B5E1CF533A58715DED4CF9E306ACC5357C49A1FEECA4D84A2
S31AE04B5E317B26FFFC3CFAAFBBD03289AA732154251E6DF0B1166B
S31AE04B5E462985FBBE1962E593EB9A1823F2FF05543563B8F62943
S31AE04B5E5B2ACAF2ECC51544C39D921F8C4294510EA7B2CB64CAED
S31AE04B5E70F6760221888EF50EFA20406866A2016DDE618BDFBDA6
S31AE04B5E856461288FB9160D2965B3AF94387F2E67D0E83B42FC7E
S31AE04B5E9A144EBBAA9B009CB91D10B2B19693FC692B759F870126
S31AE04B5EAFA186BD25A4C7422E3F6E9D6121D7124B01CB013AB012
S31AE04B5EC42EE1B9BC5DFC885680E88DE6D3E92FB21D5FF7E647C5
S31AE04B5ED972CA6F32FB64BDCEED5360F0CC8A20C2D8F24CAEEF41
S31AE04B5EEE01774735F9CB67B07162DB06B29D6DEEBE010F5C59BE
S31AE04B5F03BC8261C964F49E6B413C62F8C93AC148883EA7A2D0CD
S31AE04B5F18C93E561D7C9B1A7BD10BAFEE6954522EA284E2FB78EC
S31AE04B5F2D723C3F09C864CB64773D4D27645DCDCD201713651398
S31AE04B5F420D2DBC0F11DFA5D0EF7B5C8177720489856E41CF13DC
S31AE04B5F57180A7AF3AD6BF7451A73FF67742D2759A806C70BCDC0
S31AE04B5F6C30E2AAA8426B6B6627DC95A56AED8495246B88CCB7C6
S31AE04B5F8190183C62263127CAD532BFFE320056DBE3BCA422457B
S31AE04B5F96916851563481B416BF2BC94BA6171B65F13B698165F0
S31AE04B5FABDE31FCB6A6390B811F5D929813559A8BF83334EF9370
S31AE04B5FC03E98B9DBAB6A30B29358EF401202EA6F5A71A05018E0
S31AE04B5FD5A56880019EF3601381B24B96A1163B04E2933270A033
S31AE04B5FEA714864E0EAE4F97160A94ED04E2E863A399386BB3399
S31AE04B5FFF6863952EC90EBC404D6E8A219305D0ACE38C6512D1CA
S31AE04B60149C68B25EE0161814C16AB8817F8B8C745E43EAAB105C
S31AE04B602974E221DA37251DD0EA3750FB83AF7195ADAB703DCD21
S31AE04B603EAE4396FE8E3F8A455D7AE0469B2FF31819E3EC0A5ADD
S31AE04B6053395967C1247F9F270EFA2E9DFDC83E1DC3C24E4FA12E
S31AE04B60685F0800E4DB20EDA27BC6446C1C992B2A6527020D8106
S31AE04B607D34927887A7C98D499386C12ADEE9CB974D9529117B0E
S31AE04B609251964F76BFFE496885EB49561D8F1C500F709BBBBFF3
S31AE04B60A77CCB0556DA557F22A56DFD47C47944A9F5D562D57749
S31AE04B60BCC521749140E7C6F45B17DFB0DF8E75A7CC81C8445B94
S31AE04B60D1BB7E8DED2E34E1EDCCD1542FB43A3B147C550730D56C
S31AE04B60E67A6B658C9199A511A4BFC3ACDB25207B4740105991D0
S31AE04B60FB6401AD8C0B9C04FFA6F52413C5131573CE5BD8ADD562
S31AE04B6110A2D0872C8543202E73C4A81B855E1AC8A4104EBB4D45
S31AE04B6125F69884E1BD08BD2DE48290648A0AD688890FA8A2E084
S31AE04B613A31EAD336DF99ED46A2A6CA7C3C2A1E8FBBFEF68A0F67
S31AE04B614F6ADB1B80352F800B5139CD465327003A93017C941036
S31AE04B616404824CB55ACB778A882309C26695F498CE8E023CD9D8
S31AE04B6179A4040789AF47E8D2F395C96C1DED17241B7AA1D46785
S31AE04B618E295C4356BB1E0B87FEBB24C6A4888059EA9AF72BF301
S31AE04B61A32C4995A7DA8AF507D20573B012B6C0F946022A7DD764
S31AE04B61B8DB51E52F70918D8EFE95E13025F22DBD4F8C0CF43095
S31AE04B61CDF89D2AF1B69000C8C6B51F97D2AFAC3715E5D3B14B70
S31AE04B61E22006640DEE5EB9DCCB89225A10073C1929585BC1BB6B
S31AE04B61F7F72FDEEBC6033FF54B03E8809FF7FFABCE787968BE9B
S31AE04B620C195B8DB4D344390202EAE1EEE336E055184ED588D7A2
S31AE04B62211D6A16A1E3119DAD47ADE5A01AF5C95E96BDBC548920
S31AE04B6236D988CABC663F01C215C2C0F3C502BF9D85A3F344398E
S31AE04B624B0DB9D498D8F04C6A07060E5A3B797047224119F0B859
S31AE04B6260C4DB4FF0CA3ADD4C4C1134A38A8A0326C733150AEE75
S31AE04B6275021B28D932F2E024C44AC1A465E8220EF8157E586466
S31AE04B628A71BAF1DF3676794665E01A8EA5C70E9DA2E10E2E7D28
S31AE04B629FE27B2EC9D85D84378E2AB7D1A6B98A1426A356BB4519
S31AE04B62B40C3E70DCFF4C4BA1F9BBF2FBE39B65E7EF40BB3CD571
S31AE04B62C991AE454FD42C4016E1A50FFF79531EB579C6349FAB76
S31AE04B62DE31CD21541A485554539C453264DF61645AAB475C479F
S31AE04B62F352827CD8D6117B243C7B24D8DFA85567C6532ACAC8EC
S31AE04B630877027A5D071A376DB4851B9E00C4F144382AD83E6A6D
S31AE04B631D40B874144E1832A0BD52A8A7CAAB232F1664E6D1E745
S31AE04B633273E87B8DE886CDFC2676EA3219B77C52EAD59E86C78B
S31AE04B6347F7E9F7B2CF304BE3B690001B172757F80845BAAFDFD7
S31AE04B635CE2631EB054445B09669130C91C96B332926A524514BE
S31AE04B6371939D583A6310151EBC0EA87309CACE5DB1BA2B19C428
S31AE04B6386F1F3A6A36D83298AA0B8AF3AA376EC3533C5F12D88E8
S31AE04B639B31A624254195E2F347CC5D8850CC08ECF60819C3D23D
S31AE04B63B0B85D86184D50E8A6D49CACA3E502EA8AAEB4CDB23698
S31AE04B63C53CF0F6F91021538D73C1B913EA63B1B663FAD4F0860B
S31AE04B63DAC6E12C84EDC09D030A8DB85E38084EEF5DE5437807AB
S31AE04B63EF9EFA5679AA19F7F99FC13CB86ED1CB7BBBAFBA679258
S31AE04B6404B22033CCFB60A17E7962F6EAB8FB837D41A83C4E29FD
S31AE04B641991A49AE639FE6F2FE8113E3B1890E5A7A82AE73B0514
S31AE04B642ED0513E920112A509B272D92E1F827BEF792035C89713
S31AE04B64432289A29AF0428872B5BB5E60167ED7F300D3FC5894B9
S31AE04B6458547CEB1CA28F206E2840B71CF28B532AEFFE8C3ED9A3
S31AE04B646D01E5DE67EB9191E205DD8245475C867EC0F9127C7FB9
S31AE04B64821580B06381A90B1A4A7A3F82A8E66A61BB325393C963
S31AE04B64978E3808144B8B537F855AD7CBBE0133271B9D3945C2A3
S31AE04B64AC60FC92422A3827B4DBD3FB4DE782CD157997B821050E
S31AE04B64C19D6AF0FE2CD75A3461D7E9709DBAF01858546380DDB3
S31AE04B64D631CE7CDC99244DE6735E1BCA6BB43ED9BEF4FE8CCA47
S31AE04B64EB310CD8A5EC2E19105C3592F43BD827BB105688D74A53
S31AE04B6500399D076606378B6F64C86ADBE3FF442B4A993288A8D4
S31AE04B65152ACC99A668EAD6E44088B519ED50B4C45C8E92A93956
S31AE04B652A165CECBA5450035CE5F3EC81839434AFA19CD7AA60B3
S31AE04B653F6338984AA529B804DBD1FCCCE2C95F8B0D0FAF5A8E53
S31AE04B6554A1F1096695389764C8CDC26C86A3D2BF91D0E6A86666
S31AE04B6569EAC5F516B8DF65FCBDD4752F7461983DDF7FA5E58AE9
S31AE04B657E1C5AAB0A2B8622FB0B064DAA7C80CEEB2E9A2165C80B
S31AE04B65937B7E436CFBCCFDBCA8079DCFC0914CB438242F007330
S31AE04B65A88C2DA35F3D921EACE6BFF8214FA5176DA5908A0990CB
S31AE04B65BD59BA35D2F9DB950E90ED7AACB9F1B91C1FED548E886F
S31AE04B65D24F884F3FBD0033100D015F4AEBB80FFD83DCC7287AF0
S31AE04B65E767FFBD19CDA15FB6A0BC3B88980462FB4529C8B4F7B6
S31AE04B65FCBDBE548FB511A53CAFC6FC0C613BF5A79AAECE5A59D6
S31AE04B66111071BC68679050B86C7F7C080EB01348C4492E5C7D03
S31AE04B6626DD752F1FE4BD5E94529020090E9AE45CFF0071DE6F4B
S31AE04B663B094536B72ECC4C08FF369713B6A01715093EBAF50A2F
S31AE04B66505A30AE45AD796CB8B2CC9C39166291EE49F692DE8EB6
S31AE04B6665F8188EA2D64328B356B57DEE3B007B74EF2F5503B3F2
S31AE04B667AAA2420F443CFAF2B415A985A47F4445561BF3D5C589A
S31AE04B668FF8DB212A201BE27E93C4AEDD57D81B4A2BCD6A1549D6
S31AE04B66A476302C77F3527C39D98D26573547E431974BC8157BBF
S31AE04B66B9C60B65A7E2837A82C9B3B6B48AFB5F7B05696A0C48EC
S31AE04B66CE2B4A560B91A21F83202336788591A12BE00192AF489E
S31AE04B66E3726FE475BF4862FEE7B0D36C2DD2512AC92B067266AE
S31AE04B66F80C10FA2865FE62BF3ACD2C3F0149E1FEF02BB9E41B2C
S31AE04B670DD1711C80F8BEDA758BF854AA2D74FF7CCD0AEC20449F
S31AE04B6722BD9F4323D91D6F4CBD7889C79CF172CBAA6FF0D4880A
S31AE04B67375355A4ADDA72AC1308A3148B3E3947AFFD990E6D3818
S31AE04B674CC65BBBF9E90B33294376F4CC3AF41A7610664BE57A8B
S31AE04B6761C08261D8A7B25FE143893DC202041B5F78E5562E09A9
S31AE04B67769C3DFC50B82C20A6EBB100879FEEA6D657556220278D
S31AE04B678B373821AA7575B014E5118262AA86F89F9464BCF6375E
S31AE04B67A02EBCDD476D5FAA8863BEF7F424791F90B39B5A8939E5
S31AE04B67B51FB80057A6BF1FA2992C357A86E73B9C778EF8A8935A
S31AE04B67CA4C0B231ABCB583F11C0CE758777A348A39C659076437
S31AE04B67DF45F2E3E405D89CD19B242F7C222B71E169A797769F67
S31AE04B67F436EA6242E72B07F14D8D702B900E370EB06E5DAC868C
S31AE04B680962C0987374E887B64D0D934EB5BAE8F66B19A6F64F8C
S31AE04B681E7F3D5A14C39710BF15BD34AE3B49835F104122A20FA3
S31AE04B6833ECCB7559939C397D2CB17DAC3C7E7B3747D39DECEFB1
S31AE04B6848BE07C269986CFED5619E0F67F8AF7F4809B3ADB0B98E
S31AE04B685D1DDFA7AA6284CBD02F63285C06F97C6FB925EA0E3F12
S31AE04B687200D4716D44D450BF3B52E12A4578B954B8C5F10ECD5C
S31AE04B68879DFA3FD896814E946E03A46E1BE28FBE6D6C0F558397
S31AE04B689CC49BF376D7AC2D30F9BC0C68D00FA20481423A694BAF
S31AE04B68B120AF5F4EFCCCADC9E8C4D3B3CB0D6334FC8541EA702A
S31AE04B68C618F352ED3BAB64C56F4B3FF63247D6EAB3803C9C41BF
S31AE04B68DB31CD7AD503679FB302DECAB1045090AD8A49119609FF
S31AE04B68F037981B6781F1EACF03DBD1083A8AC42B6588107234D9
S31AE04B6905ADDD6A308709288ACE001265F91E843B0058F28F7181
S31AE04B691AB7A578B0FFB9693F29ED0B7AD558094F8F888058F74D
S31AE04B692FF5B80E4CDE230356825243662CA120D6191F89157239
S31AE04B69443D53E278602D9ABD19533A933F3B8230CDB9AE7550E1
S31AE04B69592F72D04F22A4571EAF79968FBDC9E14FFE9E466A3678
S31AE04B696E419E4A570C0F659B94421DFA140E7E8D1D20CFFA0C1C
S31AE04B69837D1B9B78CA79DE7F1A15A44339C39B017EE4664E07B8
S31AE04B69985DBF107D66A56DF8EE95597D2667C8A2E898E6B10039
S31AE04B69ADE386C718F8604F28B60E289B282BEFEDFB520C95C920
S31AE04B69C26CDCB89C6B267B1C21DB03406E9E5A951D8BD5CCC385
S31AE04B69D76C1222C39F732E17FF19B1A651982446334BFDF48B04
S31AE04B69ECCED721C70871E6DCB5027AE523F062C3DF5C252F566A
S31AE04B6A01D2F615EC648E3FFB4FB51CC3846F2F4587E8F1FDF7BC
S31AE04B6A166F711C045938DC6A2EB9236629821DD91B5398BEDBB3
S31AE04B6A2BFF769AF4D071119B3F40E48C85EF133EC5788E3EE494
S31AE04B6A4055D4A3E0DE138B1FAE4F172F95CEFA04C963332D3564
S31AE04B6A55472A039FD2CB5936F87B338D141F07EC8D57C011B1FD
S31AE04B6A6AA109AB4E89C096803FB7F2A6A4E60A6E9EC91A115D65
S31AE04B6A7F207E4998A0D11D7ED1B24C7B61B37601776CC7B5070B
S31AE04B6A94FDA77FD1044D8FB81D6CE8347F38AA19A0F6EAAAD611
S31AE04B6AA968CDF760F62DC32DB5502E78EDEF748C2D3974ED704A
S31AE04B6ABE28BA5F330296093C32A031D60EA900EFF4D2769B7279
S31AE04B6AD3FF7121658DE0863FF4D70AB66D3929E00D57B54110B1
S31AE04B6AE8FD05423314E33D7889A9D3F0D5003D5A20A3ABEBF09B
S31AE04B6AFD15538E5632350FB79039B46FC7227658647BE3A8F2DB
S31AE04B6B12BCF490ACB4BD18260CBE02616D33DE1C146E5DCBF63B
S31AE04B6B273262B31CD9B624365DDEE64B465181DBB6724FFCB852
S31AE04B6B3C80A26AD1B15D64380A57E4D2733F575A68234C85DD59
S31AE04B6B5128E26E129A44DEFDCBD854529CB2AE1D103F2C9E69D7
S31AE04B6B668610BDCFAF62D0FD0DA87A291933BF0E62FA76092479
S31AE04B6B7B03DA21DBEC0BE053D962D3865624F2775C8FF966B060
S31AE04B6B90D468C9ED5A6F21E693FB825C7C0AE43473D5C4CCFD1E
S31AE04B6BA5DADC6DB63E1F2C96B55792EAE2ABD533EF666AE309EA
S31AE04B6BBA1D9B6DB5960520088F982E2E3102ADCF6BC095DA2606
S31AE04B6BCFF49B2003B336F6CAFA7F89967043BCA995227077F2E5
S31AE04B6BE415F4164B2F9A12F40A6F226DB917A14AAF9760E10ADE
S31AE04B6BF973A27DC85000F5D96809052AB1994235A635FE066A34
S31AE04B6C0E5840CF45CDB0637CC8FAE03769757325469C4A484D28
S31AE04B6C23E96FB186C748F98A22D9A4BE22C7F96AB0ABAE3960BF
S31AE04B6C387D121D05DE9AE7F8C2CA10965EA248101E2BC086B441
S31AE04B6C4D04A2AA89F5E8C21BF7B47E904904B2573711D3E2D191
S31AE04B6C62D1ACA0C354EE6B43881D8DBAEBBED8FB7D41421A2E6C
S31AE04B6C77D3398BFBEF848795C327EAC06A8B544EDF5535361FCD
S31AE04B6C8CF76F6246FD8E57C0D10F2C36D9CEABD7157AAEA8D2F0
S31AE04B6CA101E9F60DDD598AD99A58003A27D4F9C11642F02435A5
S31AE04B6CB657355480FA3031D936D86B895B59155C39865D5491DC
S31AE04B6CCB5032CFB4032D243A3AC8EC6F4F62C766D8C19BFDCCB8
S31AE04B6CE0B9317356FEDAB5405516497358FF491C05BD830ADFDD
S31AE04B6CF54CE721E319319D64D002935D39E590FCFD0E2925977B
S31AE04B6D0AA0AB9551ABF6F0A3C00DFE4C038997C13DAC8C99C114
S31AE04B6D1F077FF587B6EA968A1C033701E289C96C0FC6112AEF76
S31AE04B6D3429FDE49C9A5279EF0A858796E1044E28BC75F29F0C4A
S31AE04B6D490CEA459340B3978D76D2B85D01F07FE54173AC5F1C92
S31AE04B6D5EF5F3BD3B68027CCB34F1B80E8B70317338740B2C50A1
S31AE04B6D73EEF79CFDE27AC9C8FF4E4FC33DD79084F4C3C141D857
S31AE04B6D88739EE5183E9D4C8F6B26354E72A963B5B12C67D0ABFB
S31AE04B6D9D6C945DD3F8468B294A689A166AFAD3234261126F6549
S31AE04B6DB23F7291DA40E471DA36CA25BD9A4C0DAE536829394927
S31AE04B6DC78F56760402F228BF5FE884B3FAF862DCD9A8C4562AD9
S31AE04B6DDC092AB6B12B3C5259A6A98B1E830B1EE322BF97F135A0
S31AE04B6DF14F5EBFBC87E323C9525A17ECF19718BBF1BD233B0EBA
S31AE04B6E06E72CA7ED79F7F8B22E8BB5568373456336D6E4633E92
S31AE04B6E1BE69E44B59C2E9B4896B5AAFC02DDF981EDE6D4F53FE2
S31AE04B6E306CB1F496D7477F54DBFB50630EB1E9382A2FB5AEFF60
S31AE04B6E456DF1803AC525A59B068C7690C2E9EFFBA7E04A958FA3
S31AE04B6E5AFFA03DF0E203CE75E5DB652418C071B92663F07F605B
S31AE04B6E6F8D54DD7CF50036A13EA5C7BAAC30D7D5BFC4FA9E2EA2
S31AE04B6E84B9050A3476750F2A5E58FBAC79A30CDC5D7364C264ED
S31AE04B6E99C125E0046DCFA5CB68CA960962ABE1388536894BCCEB
S31AE04B6EAE148A04C7C2378B371B1DDF91027556A4670651B1B240
S31AE04B6EC3B2C30835B05B3D92C77435B7D641FE12CB5EE9F2F7B4
S31AE04B6ED8292BD4E15358E30D8A21F2BF02C159FF5B4315288FEF
S31AE04B6EED8DE7FD564D6B1011350CE05E7075676FC5D018721A4C
S31AE04B6F026161F53C5B9C35F776A7F0C7D5C3465C2DDA96ABEBF2
S31AE04B6F17DEE54B745C798EF8E01704E96B05A0D4B27E949B80B0
S31AE04B6F2CE24B6080800FACE2CA5435CF6A75578CD4D397230CA4
S31AE04B6F413510D4B95C7F478D43A31499871380D1D45B5C042557
S31AE04B6F561C8930C7AAB01F2EE354DDBE2766DEB905740E6FD5F1
S31AE04B6F6BD380763E3246C1EFC124D307F8E6B297F4FC1927405B
S31AE04B6F80CB8A5EF37486B96A97C4263D66BBC38D8881E5A8C47F
S31AE04B6F95505759D364E156868259EA54A0FA0355E7987C298211
S31AE04B6FAA8BB2846D266BB1EAFA4472F43A535366D1FF1C54130A
S31AE04B6FBFA23B5067BBA7297E4E63FB112D07F0F52186AFB36BA5
S31AE04B6FD4AC9DAE5088EFEA719D680ECB9C40B4324D93DD7B8BFB
S31AE04B6FE9EDC44CC5C9AC5560B652ECEAD230197F04076A36D77C
S31AE04B6FFEA0C513269DDEC342629048EC1CAE3DF34CDBF69962F7
S31AE04B70132DE760F6E48D9E7AE65604BB0FB7AC629E86D066D843
S31AE04B7028D0F266F99E500E02DA3863DA3A61FBA6D99FBFB10B85
S31AE04B703D5C3BA571CD0EF22F1C369D415644CE5A0F47B053AC6D
S31AE04B7052C9E27EE0C8E278E4B9BF3EED8F32CBE585B5CE871234
S31AE04B70678C04413B0082C91FE9932F12C5DD287FB268B77A7E9E
S31AE04B707C0226375024C023F4F806F1179A02488BCA7E2ADCDE83
S31AE04B7091D55FE98C7BED3C98E46CB62607737C9C75739D6839F0
S31AE04B70A69F308DB590D9D920F7BB603CF9DAA17F82FD14738169
S31AE04B70BBD52FD450B7A48085EEDE25C1E91F73818139DBD3BC35
S31AE04B70D05BE7B7E1A0C4F186995AD1B13B90CDDB8193DB068860
S31AE04B70E57D29028EF6346EB212323526DB6BC1526368BBA3BD07
S31AE04B70FA4A4E84C3D46828987E48BC6DCEDAE642805D438C60AA
S31AE04B710F66F33A21F8A8BE8BFDE535D9B7CE1AC9EDBAA877007F
S31AE04B71241F01A2186C17726B613B5BE509AC7950F63EBFA028D6
S31AE04B71393FD2036E7597B1EA7598C5F1F5F14CB3D2B3C2DF8D8C
S31AE04B714E59501B4163F4C1B1003234FA7489B1688F354947C1A2
S31AE04B7163DD3CD9CD77DD73BAEA954C27B4050975D02AC8D2E603
S31AE04B71784277BE4D1DFADFC1E4AC14F7B13D22655444D3D8996A
S31AE04B718DAF69754795C71EB025CF47CAF11A0E6EC612913FC7C3
S31AE04B71A2C46B621C831F924DA0D301EA883E9A9EF1EFDB905082
S31AE04B71B7FC638A41D6CDC1526EADB83AA2E803A0E45A3A553F6C
S31AE04B71CC07AA8A5EDF4E7751DBD2FF46FF99EBF4808A49555E80
S31AE04B71E1A185EE02D61195C96799A22D9D427315BEA4EC8159AF
S31AE04B71F6ABB0A038062EED4A4CA03073FCFE117132BF75B4C8C8
S31AE04B720BBEC254F2AC4E8DAED97EC9114A0B1A44639AE023213D
S31AE04B7220366063D08D6E3D3B9661E10B407C594C7BC28622BF04
S31AE04B72353CF0828F0D1BA421CDE55383982B58E93FA23A3A48C0
S31AE04B724A6580BE7F09AA7E964011DBA3AF7E59772DE2A0168EF6
S31AE04B725FAFFAB2940ADF8286E8D917A5DC7D7F2EC31015521438
S31AE04B7274BE7502A917D7CBB65748A5C508038B89EB82045E434D
S31AE04B7289CE9E19A7AB19496C970203B29A68A0AA5A32A75FFAF4
S31AE04B729EEBBE39840ECC08731D7ABB1586438B6BAC06451C16A0
S31AE04B72B34538E75110B34DBE1042C17FAFAE5409D573C95C86D3
S31AE04B72C8B61A7787CB888DE5C965A7C2918CFB8532882406E0F5
S31AE04B72DD9C2D2E864C3E50F9D3032DF8D420D95E5764307F2F5C
S31AE04B72F237CAD20A5A2A96D270E1900419B30DDC5019CB3F5030
S31AE04B730722E3C9D34EB8246513E11B796EEAE4A7396725473F5A
S31AE04B731C6FC318ABE46A30C482C9B4F0EF1374C90D163737F83D
S31AE04B73312EEDEF7A612C9921A1C533F3C7C4A36C14761B0F6A07
S31AE04B7346AC76F611E599BF9E24738AE6617F82E685A9E8AD41AA
S31AE04B735BC187508DD4D0B787E29F94B07E8B1C9DFF5FE524F304
S31AE04B737016A4240C4E028AB4B97EF8F9A6C27E60464A300F28FA
S31AE04B7385F4B5F9D3672ED42F8C6EBC5AF295674FFF4A257B631C
S31AE04B739A771018B0A5DFC3E4E8BAF62300DFC48AB203603911EC
S31AE04B73AF31DB9C6507AB54A2CB894BCE0BF9E24FF2FF47FA000F
S31AE04B73C4CD09B391E71EEBF29B909ABCFAECF4A5A9EA375B8FD3
S31AE04B73D9333703D705AD6EFA6CCFB5F87B8398291A6F786BE11C
S31AE04B73EEA3F7A4D1EF093F559EFFC4568E07BBC90FABC99D3A94
S31AE04B74032CC9C2088BADE939B952E4265FDDAA3D37A77BD34185
S31AE04B7418283E83284E35B933D2FD373134D7AC6CA23733F4A6AE
S31AE04B742D9656A146D2009D8D65D3CAB44F79C2DBCEE1AD6BF078
S31AE04B7442403D99A4C85A439D37D30FAA6215421EC4F0999FC6FC
S31AE04B74574FF999F2868EFFA288F09FFF2D8AC097832BF59530DB
S31AE04B746CC47C1FBCBCFD73C1A8FCDB33D28843C0C78791F91FCC
S31AE04B7481371AD25ABFC2F71E1BAF5F64E88ECF87D2E6D9EC1BC1
S31AE04B7496DF1F06E863907D96B1F7704B21893B86660C415039B4
S31AE04B74AB052D727FF4E48EFDBF7ADEF3706AA6A7A7E007885777
S31AE04B74C0FCF335436C66564632789B49DD0B5C3CAA35BCAA342A
S31AE04B74D53469350EA8DCFB505F244370A318C866AA502D4EF03E
S31AE04B74EAAA85B58A50C3CE8CC27D6AAC38682E6CA1509E990FBB
S31AE04B74FF21B6307A4F27D282D0FE76821E6C12AB46AD6F374610
S31AE04B7514643ACAA7E3B742429B16CD8CC9DF324F29B871FD6D15
S31AE04B752995430F479C4653888EAA64F4EEA7480571AB98C84201
S31AE04B753E3B9CBB87215CAA523D4EB8A5FD1017FF5CEE978B8C72
S31AE04B755350E362F87476D39E01855FF20F2195E531BED1058E36
S31AE04B7568FCDD8A1E06DCFA3E2D1F31DE7F706E0D187F38A89E68
S31AE04B757D96E790244BB11538FE9DE598EDB7EF71F93650E5F1DD
S31AE04B7592B21A4A480CB133A1E8FA03B7005924CF026396E329D5
S31AE04B75A7FFC4B6BB999F708087ADD1C6BBAC216D0CE738C25C39
S31AE04B75BC40DB5CC82CFA9368723811550BCED4A2EE520991A54B
S31AE04B75D1B40C4586AF6919A2A485BD532FB316F1FDD41A4DB20A
S31AE04B75E669A42F548FA8A4CA1DE0495CCA5012C9CB1166956557
S31AE04B75FB7C38078BF5067B93EA7593A33BD4D4D085453D03B7F2
S31AE04B761098B7877F4277C82EEFF80A3A712F5045AB74D97CF765
S31AE04B7625C6B0058621231FB316FCA4E3932980A5BF29B91732A4
S31AE04B763AECEB0D72BF799D37EA4F30EED9A25DBCE3F467B88047
S31AE04B764F8499D0F40362BDA2225E4AE89A9981DDE93835CBFDEF
S31AE04B76646D85D32D48C55ACFBDF42AEAB072BE8AE6A95C40431B
S31AE04B76793BE8EA796BCA0747195298FC60D98DC4BF6A262F09B2
S31AE04B768E5661885CA51243CFED303A62502916EA704DA3EBFED7
S31AE04B76A337D2722C7679B4B36BD6FD933151688C39D383F83A9C
S31AE04B76B807E4F987FFEEDB904B2BB784E89F7E3A4ED70C466101
S31AE04B76CD0F0F07DB0BC610708CD973222BBC7F2977D3DCF897E8
S31AE04B76E2CA055E58196E75A7A3902E7198BB4213496DA08019D1
S31AE04B76F7B8BDE6916F7E51034338DCE1C1C0AABA6DD9D830A213
S31AE04B770C630D02D0A75366132359DC2863DCDC80E8A3F7986EDF
S31AE04B7721E90159523C26B3E575B5CB48A72CF7DB4BAFA509D831
S31AE04B7736C667C1A0C5354A3CB782A1EC9CBFE1F865840F807E0F
S31AE04B774BED8593ED8AEA4007640F4526A555D2CD076E5C1715D7
S31AE04B776012028B4E69EC227F8E1787977BD134C1D0B83700C17C
S31AE04B777535464F12BFD2392A54EF64324E35C5422232533CD2E6
S31AE04B778AAD98AD62F5278BD77E32A120032311672A76B042271F
S31AE04B779FA30A0BCEBCB0ED215E5EBBE40F005070B66730B4CCAD
S31AE04B77B49B6B86783E1AE331105341811401E5AA163B1FDC7E8C
S31AE04B77C9A2AE685A80AB83415FC27D2B397F3181273A3AAA877A
S31AE04B77DEE99EE8C03AE355D8712CF268A23866741509F35FEBE6
S31AE04B77F329514AB5153CD2E8716173BBF1FF30B0A1C81BB40BB9
S31AE04B7808AE96578ED5FD76FC7CD6B22391E7D1AFB6B9091EF622
S31AE04B781DEA1C837D7DB4E2B34779769467DB0E031A70B79DADB1
S31AE04B783202E29BD6A05DE5409EF524FD0F6487F7E48C80A09EC6
S31AE04B78477B571CB6EC7AAFD66133DF3972D11350FEBD274F18D1
S31AE04B785C07C8E0B1FE74A9ECA390152F4C1FB35B7EA770E025F5
S31AE04B78714E159D7D6891BE10D90A529C64C7DDEE80D759B79BC4
S31AE04B788645F233D95A992EE13C0D2283DC98D9A76F406790727D
S31AE04B789B47B48C85054DD34A9A8A09531148FC89DF8785079943
S31AE04B78B00621960D2CA5210FB821CD19FFF0A1EA5E60A2D61E3A
S31AE04B78C5B59C71D971A847152013CA0ACE29FA5ED6B97E71D4C5
S31AE04B78DA2B0D2A532DBA3D3859762B140940B2813ED966CBDFA6
S31AE04B78EFDE4ADD8FABAB250AD5BE8944F7FC3A9DD1CC86359C1C
S31AE04B790489F36FD9DE56678AD2F7AFF3E092AF805C02E4212CB9
S31AE04B7919F3D2BBBBD6C8EAD49E9FB387594BD8C8FA3BBE955CF2
S31AE04B792E9EAF0F7B07481DE2ECF3552F92A553D1E494E91DBCF6
S31AE04B7943D3417374456D97DFCBFE75F5620B1EF2C4C97D766B40
S31AE04B79583ADDC87E1FFD67CEE158D01B5F7453776DB9E5BA01B4
S31AE04B796DC1C80E1FD885182753E9E1C32ED1DC260ECAE662562B
S31AE04B798256F4647CDFB2FFBA070CD7DD1EA19E14A0158C6C4323
S31AE04B7997DED5F1ABB279BE610C2ECE3EB5F15D68F1C58A278376
S31AE04B79AC0A3AEE3E7508B99687D7089960F097B59E663E5CAF71
S31AE04B79C1B57A7DAE61CA0BE269774F767D90C1D3C426CA0F0AFB
S31AE04B79D62B127B699103833EA2637321DAFD410E0218D169DE04
S31AE04B79EB684D79A6AB102CC9E5D0C4D235C4596EFDCBB93716F9
S31AE04B7A00D5CBDEADF4B52037D0EDB688799E55C81D082873C066
S31AE04B7A156865AD941F4FF4CF520FCC259DB424FEF48E34E9EA9E
S31AE04B7A2A3460D3DD57F7D73ED18059B679B3753CFA3FC5DB0A4F
S31AE04B7A3F5AA02BD25F7F6B4CE5550A2BAB7A370D70C660496757
S31AE04B7A54AE2BB484DFF8DA834825E52B16E957082CEC8B1BA866
S31AE04B7A69D68D0DB3617E31213081B37FEA5361B78E2D90C71A1F
S31AE04B7A7EFAE661053668DCC310E540FCB08C53F06478B0AFE76D
S31AE04B7A93B220FF4F70AA95A6EDB17DB4D5C7A826CFDED13BEA5C
S31AE04B7AA8B9DA4FD441AA74B9D67E95EC1F6731A5FABAF390DC86
S31AE04B7ABDB195206BAE0017955F7C92255D080A205FF86FB1764A
S31AE04B7AD267758E52C245E0F49318E79A7DC5FC2E72793AA10970
S31AE04B7AE73B7A94BF01E220C1D7E82D773B4EC87AF05747A29699
S31AE04B7AFCAC5109A91D91CF47300C453EA29244CF179F64F31F9F
S31AE04B7B1190F7DD15787095C686B83E689440F5F7E7C2DD20D553
S31AE04B7B2694506C557C33055DEBCE98ED83A49646BB9A77189BA3
S31AE04B7B3B112B46FEF1E852179BF9E104AA6447D00AE7DDD346BD
S31AE04B7B509ABC707B9BC6262BC4750C3F2B9379C73AC97ED39195
S31AE04B7B651DB8BEE34FA94CFD41DFCF3F388B63FA2BEADE49C7D2
S31AE04B7B7A1B4A6E9073EC02FFC4E3C1A72CCA6AC1661B39097897
S31AE04B7B8FE64D0FD44C8B4909D5144281B91B5253CA944C5D4302
S31AE04B7BA41A80EE2C4BC65546C5B670C5C766B1248D57CFAFFB2C
S31AE04B7BB9ABE827AADDEC83FF8D34E50E96FAEF1526B548C38A1F
S31AE04B7BCE8F2B55D7FB8EFC47C5B485E7A7CCD6C3C72DEFE9C63C
S31AE04B7BE334161E72E323B0DD25A5A0272AB200F0B8636F519C1B
S31AE04B7BF8746BDF7022437402F732C322801706941C24B6E229FE
S31AE04B7C0DF739585195C50BB22F362106631E4FF95904F7C210C6
S31AE04B7C2217CB254FF031693CDF5A78B0FFEBC4B2D93843C265C4
S31AE04B7C37B26FE0C7CE1B7332EC2232D706B9235D949F0654C10D
S31AE04B7C4C903AA07147FA78F4C0B1196A7D085B082F2EE5E12843
S31AE04B7C6101C21986C5EFC70EF0911246CD92E27229F7C5090C6C
S31AE04B7C76D33E5CFB1BB69DEDB8569CCC5FBFBFF6C28BC2DB6171
S31AE04B7C8BB1BB45C58094CCFE06345E47C540CAAA8628ADF9CAE9
S31AE04B7CA0C4747E1AB3037CF76AF50782A7DF68C96E15D6E420A9
S31AE04B7CB56666D2701CF76A1AC49E972DFF358F1610958077C386
S31AE04B7CCA81B52E519BDC1E27645C3A1524478DA2E6183B7A4B5C
S31AE04B7CDF3EBE3BC5A3BCA00957A83923E25387C55E3CD320737F
S31AE04B7CF4A18D536AC9E52C2124EE4BC645AD8CE3F060DE522F31
S31AE04B7D094093FC5F15A7B873B53777821A0B4EF9E41E5582B63F
S31AE04B7D1E7714AF412C831AA9094B184B25C0F8EFD654517210B2
S31AE04B7D33A7F136548E33CFB52DC4F70C0DD7EDE56BC40AEFE3EE
S31AE04B7D48FACC731C5E6E13CA83A821623AB983E362E3B337477A
S31AE04B7D5D80CBBC8443EA61697D78083D9A4945826E35A53A3BBD
S31AE04B7D72A2B70D7568C913F8567872DBBF4C876C8B93F544EB59
S31AE04B7D87CAB574DAF97D5F1944324A16C8DE77FC8E3CC3CD3F73
S31AE04B7D9C1DB3448254F1BC773D2D3D30E7977166D06170287628
S31AE04B7DB1E9F3418C3A95C288FFE521E35C35A8F413691FDF8BB0
S31AE04B7DC6ED361975164DED860DDB56F304D5840928B55B888514
S31AE04B7DDBAACC1DEC9248BD272DE3D1DAD439CA804E6A75699AE3
S31AE04B7DF03C77376336D75F51786B4C9A89E094B68E28D433907A
S31AE04B7E05D5FD47660A826B55867505F73CB4D30C8BE6FA7226A3
S31AE04B7E1A7836A4D2028720D841E6A34463334E536248F5DD9B21
S31AE04B7E2F8FC5AE846893D1921A8BAE19ADB69A114528C063D946
S31AE04B7E445EC28AC786824D6D713F59A6024B58FB663CCAAB5906
S31AE04B7E5961EEDB9BDB03B46A88A8EA9FEFEDC6A181015515B387
S31AE04B7E6E6C1E9ED8A03305D0D55D3CDA71E823FF30F50BA9E9A1
S31AE04B7E83B137AFC3CDD1738041B29B7D36880DA6DB6ECEA55442
S31AE04B7E9850B43481BA57BC1BF10F6F93645C4228EE60E3C3DD06
S31AE04B7EADE870C0DC4F6D0C764E43DC29F43F189AD7E0FED08BD2
S31AE04B7EC29B76C4DF6E72105EB792F04CDBDEA8B28FEEC68FF41A
S31AE04B7ED78841A5FADDEC94BC5E1B809D0AC50342FB3897EAAFD7
S31AE04B7EEC47FFDA129747EDA599470C0EF3E7A1E274B5BEFDE78C
S31AE04B7F01139AC4E8212CFACD71F967B88C28708DEF3718B9F3A9
S31AE04B7F162A911A842EDCA2CE06A268A21322DB84B377FAF5AF44
S31AE04B7F2BC95E4E146F1262E270E4F38A9CE7FBEE11F9DBB5D219
S31AE04B7F40FAAACB5FA47707513183882D4064384C925EA4D04085
S31AE04B7F55A40A601B064B490FE90241D3ECACB55800EE6073D6D9
S31AE04B7F6A42F4F2AEE2009CBC46FB27A197451E944E11E19DB09D
S31AE04B7F7FB1D9A85A155AA13DC8357E36998BC87FB63D3C69CD62
S31AE04B7F945BFF2590ADA513E6FFB34EAC2AFC2B54D27E6CAEB9D9
S31AE04B7FA974E379BD4BC14ED128AE312C1878079A057D62A88466
S31AE04B7FBEC9695CDDC9AF57F8E4CC77D1207678742162E597874B
S31AE04B7FD355B0AC87186DE8121212F20979D57AC1A1384DCD3BDB
S31AE04B7FE818BEEE5563F7964B556A28DF682443E0F6F5F7AE4FAB
S31AE04B7FFDEC65A0AB3F1DDC042E18320126FF76E49D1C65FDA0B3
S31AE04B801267D78089BD0E3605A9698042B0F320FB35D3A928ED83
S31AE04B8027FE1E746DCBBF52C8E2B8F0BC2C7E4E2A2A310C06CAD3
S31AE04B803C391BAF99ADDE338BA0C4770B6AEE6287872F563F7235
S31AE04B8051A4D27E6C336CF31080353528435B0E390932AB37785B
S31AE04B8066D54B88381C1933908FBB48054B006DF91CB66DF7512D
S31AE04B807BDCBBE2879343EB31B646399D123F5CCBF49387B8833A
S31AE04B8090FA1DFC6C092E8E49C9BDF2FBC919C175435598CEE7AD
S31AE04B80A5D5A189B57EFF1976D5A0F551281E4E0CA8F2FAE79F60
S31AE04B80BA9B537E485B07F6411D3D40AB507B26F03B64FF6C7C87
S31AE04B80CF709FBDD274B9E8545993F92F7B42BC725CB40110D66E
S31AE04B80E485E4186E2DE553E8D866C098BD0708528AF639127625
S31AE04B80F9F3CD1E0D9F279B1DD45A739F16DF25667210367D8A59
S31AE04B810E6F097A6B0D6A14CEF5D9BC905D91FD0A21BCD1C110E7
S31AE04B8123ED473A6A6184B14B6585245B7F47381B0BE8F7C19997
S31AE04B81389AF183B9A5ED237AA861258BC724550C4FF1C72C31A2
S31AE04B814D7E02336F709F7835CC790C7BD14E21CCA52E76D5D147
S31AE04B8162FCC429816F059A96A533FE947B722F923A507C835FC9
S31AE04B81774478CE6883091CCC764C8B7300D7B83793B29A0057A0
S31AE04B818C9C75CC47D83046882AD6D918572476DC3181B989CB36
S31AE04B81A1497CECEBE688DA1562838827BE15D3233A72A5D274AB
S31AE04B81B6836ED6CBAD2FC8BF157018BE78CA70D4A0EB94630B20
S31AE04B81CB94AF89F5DFE030660B7FF58DAC28DDDD4E619B5628F6
S31AE04B81E05F9515E2ABD7409639DC6C13CA298B681498087E3F2B
S31AE04B81F5E35AEA8EC12BD54151DE90CC7E7C821747BDA8ACB364
S31AE04B820A58251496E7E3D488238CD82B05E6891ECD721645DF24
S31AE04B821F4DE9215378EAD6A79B3E101FBB0FC422FF5B1C95D3FA
S31AE04B82345C1D18BA0995EF918C7436F37CBBD8FCAA7357F454AB
S31AE04B82496E7EF5FBB64352E4ACA536AC612EBDBF28892FAF3ED9
S31AE04B825E88B1E344E976587837FF95E4F076D00BA75B6B4F7728
S31AE04B82734B6D630E4EC44814E202835E32237F6502D5F1F1BFB8
S31AE04B8288717AEF38440916771943E778C2EA9F5EEF0D18B98B08
S31AE04B829DB1B6274FF08E870AD0E09E58481B9FBA20CFE3E25544
S31AE04B82B2CCBEBB013D3B39609B922ADED1F7FEC61EB41CC6D9E1
S31AE04B82C7DDC97BC89D7A3CD58E34D7826BB33B3D1472698A54E2
S31AE04B82DC9D24060E24CFC3431162AD95B15E51BF1E44FB87F6E0
S31AE04B82F1001B6094CE2105384569E6E9C572785FF493E9896028
S31AE04B83065B7DFB53C524149CC47472D5286EC1B8957BCEBD9AAF
S31AE04B831BB2AC593A3A1DEEDDF9B8164AF6841370D33A8B8FDBF9
S31AE04B83304B93B25DD172D75A4B8ADB1B0A8C2B3FB6E01CC766FC
S31AE04B8345F3C28D03674A9DEDC346E04B2FA624A06A28AC6FD622
S31AE04B835A94B432C94950D942DDC823258EEB655881028BC1E410
S31AE04B836FF25D886B12677AB94FD6080E4C6810849EECB0DBDC66
S31AE04B8384402C4ADCD08964B18ED0231EA230430D5DB327971F05
S31AE04B83995D3C8EBCC9E6E7032E8CF0B0D24E5BA24C5245765CF6
S31AE04B83AE828DF03E1FA0884DAAA8108A5FE3199B4FE538866E76
S31AE04B83C3C3D3DCAF836B1C45E7149EC041DA77E37A1929E91D74
S31AE04B83D84B46789968FBE128F3DC49B9AE9D5D0A551A11298D98
S31AE04B83EDC4B0F89C87ED102ACEECE74A97E656DB1D0D97C4F97D
S31AE04B84021070619CCFF45B23B8FFC66C17E5CC747149BCD4EF18
S31AE04B8417A7F669FD79C366C9A2AA21CB649F8FB7DF8C54A824A5
S31AE04B842C52932E60AE60C951C4A00EC7D660E9EBC17FDB47D6F4
S31AE04B8441BDB71C536001918CAADA4D17EE23E8D5346F1BA25628
S31AE04B84560732CF0EF24789578758982096188C17C2C055D3EA35
S31AE04B846B46FCD1B5B704ECC82E09CE2D02C9CA8F3EA825D3D48C
S31AE04B8480B241E6D67AC3D83618F4CDDDF17A155AD800D2BFA51E
S31AE04B8495336C9F3490648907D190C03085F6491A8FB03B48C9F1
S31AE04B84AAACE75975CFFF84F5C008A827EA29A70E9D7D25E7CE91
S31AE04B84BFB4FAEE9E3AF180755A119FC78029C7C9655DA3A13ECF
S31AE04B84D40876E38E24828CC72F68FCA44516D46CFD8EB36621E3
S31AE04B84E971C0E137DD475724DED69ADA448587DFDBB0FF071D60
S31AE04B84FEE2C591946BF7AF167A28EDF2F4AEB1DD1C091A6BEDFD
S31AE04B8513F6B4E9A1B565900149F4264617022184A6F4AE90966E
S31AE04B85281512411534281D5A5AF52F192E38D23E3A80983634F4
S31AE04B853DA7E6037B62AA6F1F5D09A9FC1F3A18D7B4E47F6EEF8C
S31AE04B85525022F1ED43D9D3366E58B50E4E9BCFADBE000C434E25
S31AE04B856776B24619C488A7A19CCB9619C30A4D2CA01084FAA386
S31AE04B857CD244B23A7D9B05EA395DC827FBF05A22790AC334AC9E
S31AE04B8591F5DA2CDD1D40DCE8C416BA235FEBDFAF6D1B7041E6FD
S31AE04B85A62BD40B9B732BA7A20C777368AADE2CCDA2FF5FB573FC
S31AE04B85BB959E662ABF6C9AB859C80D1874790ECFE1263BC6988A
S31AE04B85D070B4255A5537E1EA442F4F82707CC88673E6975D9A06
S31AE04B85E573768ED3E582221347A06BAD77407A044478DF56AA9B
S31AE04B85FA23DBF2F8D3D0CA3F3E0F305C0FFD45500EED1D000C09
S31AE04B860F6926DBA347CB5D7AB8D6613E25740ADEE858C58A6092
S31AE04B8624C1DBD468339BA5937BE32E2A529817D158724DF91387
S31AE04B863976CCB08BBAD314A687B311B1D9E651A698C67EEC0AB3
S31AE04B864E9DF436A48D5489383766E2EEED7AA6A12B1E64F60417
S31AE04B86637B0687A015F5290C3F5115DAD1BA0CDDBFD09711823E
S31AE04B86787485F7D5DF7216AD74AC6B7BCD79798B995F979F81E4
S31AE04B868D531C9573BCAAF81EB1408F823F1B3318CFF8846FEA69
S31AE04B86A2EFCA49C8F0EB895BF8DD870BD4EAEFFB3900CC1106DE
S31AE04B86B7F2984249DE3F5495BF2DB13E54D1B1850A73D2E512E6
S31AE04B86CCCD0FBFE3C79FFD4DC157ACD5DE9FB58446759BAADC0F
S31AE04B86E16D3F13B8E79F33992429D1B1EEB9BFA4C5C323A2481C
S31AE04B86F6D3CC80795349AC0EA2284587D56006FDA012B19A473E
S31AE04B870B87F4B8BF626EED0D7B77A4ED5C0313EBBB3EBDE0A84E
S31AE04B87206A9E2A81BDC566EDE9446CFC5F5DA33746F0BE27DB6A
S31AE04B873581EE5C7E155BA628F25028B55EF731E470EA32EE195B
S31AE04B874A7FF3244E92B478B0542F13A0410CB126CC36BB265CFE
S31AE04B875FE16CF90D71213BC7C40A232456F0899510679C543DD0
S31AE04B87741D594C60342884E5E5CA5E553619066883E4F6FDACB3
S31AE04B8789C14CD7AD8AA3A22D7C574EA7652154D5DC943170C4D1
S31AE04B879EE6F1888CECF851DCC7186D3C9C96CB9E932DC158C8D5
S31AE04B87B3C41E99127DFAD0BB74EAC53C001CF4DD1952E07DD706
S31AE04B87C8C837604C87ADA9FD489B56E04DA9B3370D996D98F74B
S31AE04B87DD064A27A9B9A0B779BFD0695C8EC3E31A2CB6781B1680
S31AE04B87F2FE7CD3ED3F84B27848D117EF8E870A711580E838A610
S31AE04B88077E994BB3ECDCB4780CDEF9CD7BE5F4320FA50E809E0C
S31AE04B881C6EEB6B60215E02490686DA5EDD69CA6F60FA09D35758
S31AE04B88314C0BD88C6028CD3C1F09A7E30098F0E62A662ABB2DF3
S31AE04B8846F313D0F885B928C970DA21B6F42165A27F18DCB6C8C1
S31AE04B885BDBE977C653083C2504EA928AA7222ED7C82F94D93DA1
S31AE04B887015DCB726CBD22695BC80AAED5E3620A05768A9B4EB6E
S31AE04B88856EFE076C3B3C2C487A216FAC2E0FC99FB4D8F34A7649
S31AE04B889AFA503FE42A7F0F63BFDFCF694687B5ADF859F4B2AC68
S31AE04B88AF94D7C26C8B48A40485E58F3BA6AA3FA92DB886ADD01B
S31AE04B88C40FC271A9B80F1732763098323639ACAD441C38A67489
S31AE04B88D9316CF5E4EF644F3721C614FB420709B41B75ED880BFE
S31AE04B88EE64338A127270477580D8F55C15153E13F2D6CAFA0FB4
S31AE04B890399F7BE8653BE00CE8DFFCA34E5E01F3B6082B347D91D
S31AE04B891834D3B4485955C591187B3906036528366EFBF1D5DE6D
S31AE04B892DA69DDB7AC623E77EA2F859D5560D6D49B2FA24060D5A
S31AE04B8942E8278881D6764660A5A935F49DF2FA688557352697AF
S31AE04B89577369EFD8EA1CA1B78C5312567243CD54FE7023670FB5
S31AE04B896CD47B9308382BDEEDDF692D3AFFBE85819CDF5FBB772F
S31AE04B89812F2046C24D2303F2ACAC78F3FFE2412FF107C5752A84
S31AE04B8996FD64D5B9CA9C70C8125454C3DF731698BC7CE4DCCFCA
S31AE04B89AB099514C28B4D16F14A3179B31403CA3D98064C88DA22
S31AE04B89C0629F7C875F5F3B13432417F2A0F297116D17DC7B9349
S31AE04B89D5716A705DFA3A660B20F600820E27E6E461D3930E376C
S31AE04B89EA19FBA4CBFDF5477C617B871DCD7D1DA393F787A63E90
S31AE04B89FFDB102F343874ADAC1D0BE8A2E4D9F17F608C4A005C6E
S31AE04B8A145C1091294B3D2C83DE03058EBE556C3CB457C89361C9
S31AE04B8A29CB8D3B2AB66CA6B6AE49A26A9FE1E66C71EC2C506FAF
S31AE04B8A3E1C6B774A12B50D511C81C883EA7929D6324E12D6458E
S31AE04B8A5343D668A22D16ED407C2107BD4FC5F23D555AE7696542
S31AE04B8A685174FD95E5CE4CE004EFCDD6D5EDE7322AE7369068E2
S31AE04B8A7D7DCCECE92C309FC0F158D049637065FCEA45DA5CFCE3
S31AE04B8A9228776D4120C705866BF38717400ECD5E1520CECCFAA1
S31AE04B8AA7A08AD8FEC9B773B9F094F975CB7DA549318F545C1D28
S31AE04B8ABC033068479B9CD9584F78CDF55976107BCBD3E69878B3
S31AE04B8AD113BA6DF2DD8B0A26F7FF0AF8F0FA3B27DA7C5CAC6396
S31AE04B8AE6DE0F21BAD8243DF037DA8C122205C82AAA689ABB1C0E
S31AE04B8AFB9873486C510D80C3330DC70620633044D5929CE246A6
S31AE04B8B10878261C178D4F7C36C2EE0F679F24796EBFDDFA8B413
S31AE04B8B25AA2717C1AE34BD934BA534B80C561889860EE54EB2D7
S31AE04B8B3AFC34F3ADD83C216CDDB6873EEC1F4F55306E882D2EFC
S31AE04B8B4F2D88751EC37A72F50A8E44EEC703188480D13182C6FA
S31AE04B8B642D1ADCC7E6F52F3C3D1F660BC8F89CB397EA79E100E4
S31AE04B8B79694008DA671376D40BB3FCF098006FEDD077BDA5AE72
S31AE04B8B8E14D2E0E113577C14DC1FCCD756A63D46747105AE0A41
S31AE04B8BA329E695983965DBD3E769CEBDED47FCD0957813865D26
S31AE04B8BB89A99D468B7A35F66C95890601BBE9831A475DBB9BFCA
S31AE04B8BCD26FAE41A3F454CA4BCB07F6BB4385983C1F144803507
S31AE04B8BE2A274D5C2CEA09D27EC1E2B704AA32F161366F4D7DA79
S31AE04B8BF77D04EFF54A4016D6B63D6E896DD34AD070E9B22EE000
S31AE04B8C0C64A8F762A0EFDBC7C789AEB82886856331919FE8D91E
S31AE04B8C212C79B790E9F6AA9BC884A92453F5CE6EF802BACC12CE
S31AE04B8C367D2B8019B6360CC0B54B0CAE29F7E8328E576B78172C
S31AE04B8C4B6E3B276D386E491D823E64504050CE47F3E374E73917
S31AE04B8C60DFEE0C8ABD57F324787C1F5F4D2166E0D0AF02D2B710
S31AE04B8C754B303CBBCFD9F67AA27CF0CFCDD94CC740AD45F6E190
S31AE04B8C8A7ACC1F57637E403593165D4E75723DA5F31CF0C68F21
S31AE04B8C9FBC3B5E16FA5CBE1B9925581F3A0D89047F97A55DA232
S31AE04B8CB47AAED03650F234F8568AF58CAAF1EA88E2D81284948C
S31AE04B8CC9BE9E03F81AC4DC09C5EAC38E780097D55CF156F0AD27
S31AE04B8CDEA33A4C20FA8E3B32BF26F98AA19518BED4020CCADF13
S31AE04B8CF3B9BA0E76AF41850971F8F9F46E75799DAAC0CE872B8D
S31AE04B8D08306F3FDDB48752501B14FD05F1911EEE2EB26BE2DBC6
S31AE04B8D1D550308374D9759C883381E8D3DB0A6E091D4D959AE56
S31AE04B8D329581ADFB90ABFEE9BD35CBD2794E766D221C0D82B263
S31AE04B8D475469A41ADFE386ADFB692376D55CBCD2447BB5956E43
S31AE04B8D5CF10C8FDC133408752F486E3878E969215D16AAA5E3F8
S31AE04B8D716802C4755B62A12B703B0E7159DC1719852EA4D4BB1B
S31AE04B8D86ACFACAC0AA3F8D21B8BDCE14AD0F709E91E6F1B5F4AE
S31AE04B8D9B89583DD860B1F29914C01EA20F43528E7842E7118CFC
S31AE04B8DB0A7A79772DC92AF7115C2743F4ADF870D99BFB6B2F79A
S31AE04B8DC5FFCB520302238CB8F6F1C011DE61687F984F77CB8A4F
S31AE04B8DDA4D632B2C0629816B497B2BA56225A3A3ADD004A8A601
S31AE04B8DEF49CD7E274DF180DD29428448F656B44BA3CC88F44D2E
S31AE04B8E04495360E3CE61F6B2C152C77DC4967CE4AF42DBAB5991
S31AE04B8E19BD985E79BEB5AC3C3FAE90FA8EB521FD4F31CFB507A9
S31AE04B8E2ED247C637DE11C06313C5F0E12C0F655A2769DFB843C9
S31AE04B8E4389645AD6A41369C3DD06ECF421262CB516BD7FDACD05
S31AE04B8E5802EF124A640801CCD236EA5A4CFAE16CC28191B51BCB
S31AE04B8E6DA812EAF3D01CBC923E185CF164F8246BC34B287AD4DC
S31AE04B8E828EA4114D290F1D1F30DDA56438D9E77F802DB1AC4AC5
S31AE04B8E97C268ADD0B3D5191A41B10E628C902709DFA40E1F696C
S31AE04B8EAC795373FEC93A533DF66B13B40AC6AB3C03D40906FAF1
S31AE04B8EC15D40CC4B2A0679B0A38D4C4ACE3935CC120C54B1D29B
S31AE04B8ED6B93D02D892B2A8DB45EF74065B9F1EE3A4427F8641EA
S31AE04B8EEB131D29BD2E12796A1D920C4F2429BE8C93C68FDCCAD9
S31AE04B8F00B30B7799431D7CE08DF8402D93EC2C94A968D5BA7C54
S31AE04B8F15BFF7B0DE20565B2E8D3F7954ABB3B381C2FD29735AF3
S31AE04B8F2A424E9D39F45CF7C13E803DE6EC70DD7B3F5A8BB865BD
S31AE04B8F3FF55D97FF6D889ECCF7EF79996E206E77F38F8E041115
S31AE04B8F54CB412F5148594056A0E818882EA7582C2DC35BDB0667
S31AE04B8F6910C2AFCA9C16A5D971A8F21739D75248ACAE7DA546B9
S31AE04B8F7EEBF047DECF0F1AE7462CFA834121890A659E0F08755B
S31AE04B8F93F1CC95FF32581CEFB461247B3AFE60577C4A4B67484F
S31AE04B8FA820AB8B39E6FF0B4E5A7E14C4C9940D65C46AF756EDCF
S31AE04B8FBD8659D5F6AB4AE1E645316FC2D819FF10EB8CD6BC92C6
S31AE04B8FD219749B6A8A2E0A40426A70333E3E95894A0D81BD4106
S31AE04B8FE71EA630BD473F3938D48840CC937F21709339A02041C4
S31AE04B8FFC6D6A855503259BC041D15884188DBA5688A37BC5F3FA
S31AE04B901150BF85F016020950C08B384CEB51996919354372DC38
S31AE04B90269A6EEFC37AAA789F674E0D049B3ECD8CC572F6039D4A
S31AE04B903BA2971ACBFEEECFA8465A1758D39284036B3D1B60BB95
S31AE04B90509F82EBB3AC657A0A6DC39569DDD29815811A011574D7
S31AE04B906537FF26AE799945F367DC6B13AE0F919474B07FF6DE57
S31AE04B907AA8E280E3C1B2DB766D05C629BCEF57E78C2A8CE6CEBF
S31AE04B908FEC48E23E8B62E96806603C463F51773AE8571D51D55E
S31AE04B90A4C6C3A13B821198AD42665F196503A30C9C86467E89A3
S31AE04B90B9FA575E435696E99F34D063F117292CD2EEBB6BCEEFA4
S31AE04B90CE4C454FABBAC1E08DA4671DA08FD1126F9FF26B69D209
S31AE04B90E38D28D81E4DA98A0E3A031E21C7FA7ADB1C19AE5B60DE
S31AE04B90F8AE307B00F9C9F277580DCCDC464DAFE3CEC7ACACF09F
S31AE04B910D2B0C4332203B4F17B31D66386ABDFEF168EB540BE495
S31AE04B91224066F7AFAB70F02DA1C7D9FAF510DA49EA0D28F956B2
S31AE04B9137672BFD2804735E9571C659EF4AFB7EA61E6A993B6627
S31AE04B914C08C65CC54A6644404A517A05EB0CC9C8C9D1BFBBDA2A
S31AE04B9161CECB81A07FDE582391617E89358924E8B5F11FB0A25C
S31AE04B91765ED90468A2E90E7B287DE81942E27644E6ADE4E954C4
S31AE04B918B40D066DDFE5A1EDAA86ABDCBE1719009994F02C3EDDC
S31AE04B91A0935CB8E1655457044BB9439725A16B7FA0E14460CB6F
S31AE04B91B5D23F07896510EEEAA4A0575597900C6D91DF5197A8F6
S31AE04B91CAE433B61A313E68D10C6F147E830C5ACAD3990FA50FE1
S31AE04B91DF9980F1F4643BA444DD3016528CE6990DE5C595F2E621
S31AE04B91F44459569569D1B0DE82F0323369F927D7F42A8117F008
S31AE04B9209084DA82FD4926AFC86062A713D0B51B6087D64119720
S31AE04B921E673B7C973E5F2F3B2D60F1D4E4E2036F73ACC2A52915
S31AE04B9233A3BBCE3FE46CDA9D8A15F9D9F83118D93B8E7CF65CA1
S31AE04B9248A359E3E55D6CA91CE190A0706BC81E62D042BBA1C02C
S31AE04B925D7285F755BE61C34FCC4153D976E4C4214682C8DCB8BB
S31AE04B927239BFD05A1434462645CBE63C68A3F7B3795A16F62AF0
S31AE04B92874CF938EEC02F3D3D9EC992E1D558A1B083957DF1FBF4
S31AE04B929C5F3AA5D62CAAA13F54C0902925B36E829FEBCC831044
S31AE04B92B198CF06950048746A6763692DEE54AB6C11E2E07EBD88
S31AE04B92C6A331DF831B7A97E5537BF8CFAC712F7C4A483785214F
S31AE04B92DBCB241FE915BE721754BD2F9EAF3C3C15FFFE34E48C3F
S31AE04B92F0BCAB6F2F8977D2CCE3E002B839DFCB557872D716A366
S31AE04B93058F8201E51EA7D8F28609A7489C99BA4C179862DFF8FB
S31AE04B931A9D80050FE445ABA1D426D45AFAD3755A2DF2BA9B151A
S31AE04B932F3A0D3BB9DF156140B80621669C812FCFF561029A8F47
S31AE04B93440D68EA6AF410126568FA1C188F5D00ABD383AB30B58C
S31AE04B9359CA1EB058425FD2F0872F20A10CBAA523522C1947ACEC
S31AE04B936E163B26C2CF084B11E6851B78E5ED3049E645B751C908
S31AE04B938369184D8C33486CC420D4C570E0C6ADFDF429FFD0A199
S31AE04B9398551D17B8DDCA471E1470137CAD7F8B2DB2FAF21FF797
S31AE04B93AD9D7B74768CABBA2FF2C2AC8653BCCD169264042A67F5
S31AE04B93C2A4533CE762E37E8FB02CF9DC6AD522733D8DCBBAA580
S31AE04B93D7AEDBC79BFD5DF32A3A996671960A95FD2BDCA2A5497B
S31AE04B93EC4393C89B861236841DC15B2E733BB74A64AA56868F21
S31AE04B9401F9793D0F1E37B764E51B3FB2BDC3F4F53F5DA81F1327
S31AE04B94160340CD63D3855C3EBB431FCD900CB54BB38D4FE5EAC7
S31AE04B942BF4D750953B3E29B30487454E729E204D661C192DFE95
S31AE04B944044B07315C5CB802423A2AFCC588AB39B9E6FA1849AFA
S31AE04B94557078558CE0AFE12F74752E07DC854AD77F0948403386
S31AE04B946A5F47401F76854865A42C6E4223C7B0DF526589CA7597
S31AE04B947F3331435914CB867CA2AA57865CC7538CC08A0D1CF92F
S31AE04B9494E99F606A0A8078022A6E0F2DC181D4A9E58FDDFBBF9E
S31AE04B94A94EED5979F74BC6790A44E60F0DA20710554E4D1ED602
S31AE04B94BE4DBE6CF79BF8B7CAD6494774DF3CDF08ADCA3998259D
S31AE04B94D3CD069759D37B8F3739B23405D7E864596EA8FE016E59
S31AE04B94E8B26A34D3CD459D07CC01EF62CB7C3BBBDBA676646946
S31AE04B94FDE8BB9995191236B36A364CFB4CE9DD24878E8774E631
S31AE04B9512F5739217CEC21AA736FF9A8AF622BC7D131A6E322614
S31AE04B9527D473A35EAF38FA6AACD15FC1EE45CF845791EDD9AFEB
S31AE04B953C93BF9191D13AF65055E64A0F57F9E8A344040CED85EF
S31AE04B9551E50C54BF01464F3B26820C9E0D73788EC2433F098F4B
S31AE04B9566C411DA62677206EF9639D1FE2FA9F514C595EA9D314F
S31AE04B957B452D4BF3324476FF4F9574BDD43D56989BB2077C37F4
S31AE04B959083AEC00A01596A599C6CC28606ACF9E5BAC7465DFC7D
S31AE04B95A5043E4FB376CC6D8D2A15C7BB609D52B6393A3CFA1978
S31AE04B95BAC88DB8AB313C923395C19DFB16B6AD47CDABE36C32DA
S31AE04B95CFD8AA194314B1B9DEE92D8F387A6AFC5E737BB85014F7
S31AE04B95E44D48EA3D7BEB84FE722FB803102FC335B9AD322E4202
S31AE04B95F98280E11559EDDF8E8C9DFB12B020AA267FC83C29F20D
S31AE04B960E23896C6AA7FB5558968DE9B08D9830971D3FC9CDA605
S31AE04B9623B4261B41C738954CCC3382BBC6EE8EE9F4F9DFCBDF0E
S31AE04B9638BD4C049BA80BC35EB1CF60C0CADF05755030894863F9
S31AE04B964D070F2905D2AAEC011F947F6F7E9A11F1F695E07D88FF
S31AE04B9662BB5E74AF8868BEC350A758D77E51547496E171F381FC
S31AE04B9677E3249D8B6CF82B839350E0B19981DC7B876B1BA9C40D
S31AE04B968CE938A6AB175843CBF2A23127A14BC992D95DA63A243C
S31AE04B96A1A659EE02850478554A791A12CD5E1EE35FA28AA7559C
S31AE04B96B672702E6A91753E59C7F8D7516DD2C3C547D28EA262FE
S31AE04B96CB6659F0EBAE0878D3CD301D4327A2FF785EB46BAE01F5
S31AE04B96E00BFB2A43D7EC4C326FA37CD72F831085D0B3C595C542
S31AE04B96F51DCA2A2187ABA9D9E5B2DFD6096E1774ED1C317EE85B
S31AE04B970AA66F5A700F60B87F845218CF94E2EDA9946579829E39
S31AE04B971FAF8539E322EA0EC4DA6B3FC6F8581B5B6183163B454C
S31AE04B9734C19C6B7183B54595BFD360A415AA28E26D02E4356A53
S31AE04B9749E5BF7976244437F9A341D54604FE3C64411BBE8A5416
S31AE04B975E05149C44F0C0610E806CDD8947643402E803E142D795
S31AE04B9773EBBE4A353204888E8E66DA639EC1461A0C3F65BF21BC
S31AE04B9788010F365688FD340DAB1FD969EA6DE4FCE1AD777D9FD5
S31AE04B979D9EAA4F4B56CBFD3FBEC0A2197598B782CD013912CBE4
S31AE04B97B2F26D8DC8522FDA5AA21C49C36E4F966DB2EDD12DB72A
S31AE04B97C7B1FF7078B767CCCC60227F2635409E927A5ECEE84371
S31AE04B97DCC4E0AB1D6EAFA36EC1606AAB0FC8BEA8EF2CF61AA36C
S31AE04B97F11DDEA18DF5B613FC4FB960131063E2BD619514EAEFDF
S31AE04B98065A2E7AC4E6E36ED55E2288A73C06620E9962FF7B97DD
S31AE04B981BA751189858F3C9E427C697EDB58AADF388F35BB3414D
S31AE04B9830CCD72FAC94CCA352C4BF6322748A04C6453D1170321A
S31AE04B9845F48051843B6D61E430B6220B71069B6BF37C8104D74C
S31AE04B985AEC84BC974B27A3E7B62551E4214C043B56F9D76ABA03
S31AE04B986F0480569B3916E60106F4591490F7A9E429F229DA313E
S31AE04B9884C52104D2F3596B37B43D125D557CE4314985366CC876
S31AE04B9899EA2929A39BCAFAC26E289C49524AE6F1C565DE4863E8
S31AE04B98AE235A63609A539A42831366C004AB657E81D1AB624678
S31AE04B98C3279B3C25A1000CBB93DB570516D9960C8679F035D481
S31AE04B98D8C0DE895E70C2CC413686ECBCEF61B64832435798DB95
S31AE04B98ED36C42B8F502E119453D31CB3ACE91FB5F5A2690F6A87
S31AE04B9902E4D6EE0F0E444B85DEA8E11400C72D2BE08CAA3D76E3
S31AE04B991756F0040DE9BA4EB8BABBCC06F2BCDF0F532524ACAD32
S31AE04B992C50D3BCAE19C7B96B8CDB24B461DB7FC0C20372D4FAA5
S31AE04B9941298EB3588A7933589D79DCD67AD85FDDD0768EB2189C
S31AE04B99566E3D55642C20471567469C078D7D97421D6ED2C0E58A
S31AE04B996B132DBA90A6749C6789A0E9245B6634C11563FFAE7589
S31AE04B998084639CBA4F9914FB12A414B59A7093D30840D9E42851
S31AE04B9995F7135FC26C522C35F0DF2F1CB223D329D73FB8A53CA8
S31AE04B99AAE9F8764DB1F822AE3282A5A7A0E4456DB9B4BF6DD0BB
S31AE04B99BF92AB3FD0B2F53DA584A08596A12BCD969C7F3B039036
S31AE04B99D40AD5CBF6022C8FAF75F9693A9DD99F0F8F95B0905157
S31AE04B99E9F6F6783EBCAF6E02137CF794D5D86D9C292D2A9332A6
S31AE04B99FECB1CF754FC27CED310AE7C4BFF5C0F6C4C5A79640649
S31AE04B9A13F6EBAA05C7D8DC8EA1745BC666B9465DEE6DC7069ABA
S31AE04B9A28E05F7DEAB5D41A36C6ABA4CA31016E910FE072BBFF4E
S31AE04B9A3DCCB538974693B266C8E210BA10C6283A75329B09C5E6
S31AE04B9A52B65F79EEFF3C3CF31C3E71627B984D429B5B7876E94C
S31AE04B9A67DCC0470351772A657417A0EAE0DD10D1F16AF03356F5
S31AE04B9A7C30CF8D4358BABC51C84FC5869895683FC4259C48A211
S31AE04B9A91C920B99C408445A3E6F7D39155A7212E9F4E9A21660B
S31AE04B9AA614F71E2CB2FCAEA13EF28DEB6C598FDE3384E3D77568
S31AE04B9ABBD72023BDFEBC3CF86903042F3689B4E040FB8EDE7E89
S31AE04B9AD0D93933E44A2E2167664247F4208DF55D39154CECC6F9
S31AE04B9AE50848BC26ACEEC66F731ED5BF1070CBC7C4FA1AF558DE
S31AE04B9AFA4A91B8266D46D687B5981FBF1E65CED37A8884A8449C
S31AE04B9B0F8FC747A338A1630B4BC58CCEA19EE3841CC6D87EBE83
S31AE04B9B2449F2E72D100364578B88181B5C75B27DFC2D01A6CFF9
S31AE04B9B39416BDFC14BBD5B3D5D037969DE6CC77A404322B234A2
S31AE04B9B4E96B73261D0B89C0EF36565A0C1FE64B9CE9A577D1733
S31AE04B9B63D35BF6065DA8245C3E3B35C6E39AF86F3AFFEC339FBE
S31AE04B9B788CF49041F2E19E3ECABAE37C7F3D7CD5FD9A88DCB606
S31AE04B9B8DDF9015C02D8BC8EE35D314F9B3FF4338BE0C8E0E4FE9
S31AE04B9BA2B0447446DDE50D754F72EA82E02A145680A453805C97
S31AE04B9BB715B14C1E84F76B78518B4382B7488D0C3633C92A7ACB
S31AE04B9BCC4B945B9219F51C7589E08E67D0F0436E9540AEA28371
S31AE04B9BE127DE04EBDC168178EBC10FFA86F1F1902641827753FF
S31AE04B9BF66AB1329070D42D02724C8AB9F70EF74DC46DF1DC9BF6
S31AE04B9C0B1F76EC4326F4D6FB9B0CE898A5C620DEE9658A6F8C01
S31AE04B9C205E1CF88DF90BB408BF59D8ABE92D2B2A5970C9AB05F7
S31AE04B9C35599A7BF8FDEE6BB21EC031CDB84EC5A3A6D091AA750B
S31AE04B9C4AA00508A2FE0F3DD869BA904BFCD114FFB9D708F09B62
S31AE04B9C5F5E8CEA8AE6724BEB5C05BC4ADDFB2DCA3D6F59AF2FBA
S31AE04B9C74A6178B89C384977EF4424BB2EF5430D581F0B6BF001C
S31AE04B9C894048BFF2345E578D9A078695FC29C83C947699D9EF96
S31AE04B9C9E50997740BB11C8CCE5DE9D9E31E0BA60936471F67089
S31AE04B9CB31F3BAB0798FE96FA6F69C8AB0A69C515C23B0D3A5C01
S31AE04B9CC81B55C93F28673E5F6F10F3C8A311CD10437E9BD27E3B
S31AE04B9CDDCB13FD5689C0D05FA8565A2A5D1C1DD3CA6AD043273F
S31AE04B9CF259D3459FC31B12BE09263B7F5BA2F899F78549E44806
S31AE04B9D0745996427369AC3F718EB4E1BD364C3BE080512AFF63B
S31AE04B9D1C0FD67B2E9625E2061EAFECED5CA9B9B4BAE73E3C623B
S31AE04B9D31A1766D0162EBB3A3476E422A9F25A3094407F8626D21
S31AE04B9D46291E3CFD01FBE0CA7D83903331879E0C8D6320478DA8
S31AE04B9D5BCFB95B9F65324782F30EFB5CEF1CFF3F27547E0272D2
S31AE04B9D70B9221639437863C5600CEB00EA52474EBD2E0E448DAE
S31AE04B9D85DA2F2D6BCBE5793144F50F8E467F2BBA976CB9E6A0DB
S31AE04B9D9A60A901CDA3F842284C88652E840850D5D3E91B49343B
S31AE04B9DAFD460B27DAD8CA7788C42540484BD3DFAB7DE378DF6C6
S31AE04B9DC4F5C1960B8B583C0B0E7905C142830EAF6DF698EC4AD8
S31AE04B9DD9432F131B6CB7BAA0996E77F6E2BB23BD221826841240
S31AE04B9DEE884844EA801058B5C638090B774E4BC50EA20411E107
S31AE04B9E03C77F9C76EA4660045098E3AB0552E0CE468DD86F2E6A
S31AE04B9E18AF634AEC0D588925345B6538B06614728DAA126882AE
S31AE04B9E2D143657C0C6089C3BD356999D3A1E052D4F7A34F1D63C
S31AE04B9E4288CDF628A62B24E4FDE8A952E3814D69256C7FAC1ABE
S31AE04B9E57A739008ED0E3F5927A0962995D2B352E795C09014D88
S31AE04B9E6C8A76A5A1BDDE3CC794733EE150AD008F41840F79606D
S31AE04B9E81B9E0844128668C5E0BADE748B333EEBBA6559B227027
S31AE04B9E966C5A2F3130D49C9FB6FF5879530CF94C2F11872A0BFB
S31AE04B9EAB84D176D6B01A83CE0AD4202E64F0C5C9D989347AC4D3
S31AE04B9EC0C8EE5034FED553972C9C213B8B682B387197DCD63CF5
S31AE04B9ED5863075BF043C93A169CCDBDE5B3808BA743F002AE9E0
S31AE04B9EEA2518747B5D0DBAFF54734D1BCAC1B2D97D45DC8FC2AF
S31AE04B9EFFA354B68F42CDC30766262AAF7813E3557598E0E923E7
S31AE04B9F14F2B307A7986763E61CA67046485A48103C11BDEEA161
S31AE04B9F291AD26C3FAC6751318028B044E96B4BDEB9DFC5ADF3B0
S31AE04B9F3E5A7C78165B7CE425C4A26AF538C487C59809717DC934
S31AE04B9F53554CC5D829E37FA38E835D32923F65A81ED2F15AEFB4
S31AE04B9F68661336AB1B7A55EE6827B030847CF6EE18CD24BCA6C3
S31AE04B9F7D4232F1B49FBE39D61CAC6EBCFDF18EE7DFE255F503B6
S31AE04B9F9213601FC6E5D1C9BA4AC70A517F41EEF9DCC4A97FC756
S31AE04B9FA73463D9E451A999597ABF6B86FFF19F3AE4BCECA423EE
S31AE04B9FBC1F6B9BBD794C5D1932B106074727E346CFC135886E00
S31AE04B9FD1F71D4CB032A9A86F4584261A7764484DBBABDD7F62AB
S31AE04B9FE6B4AADEAA13E114F526D176191F176E7BC0ADAFCE497A
S31AE04B9FFBE06925FF57C4120F9AA33737ECA9BFC08E0F1CBB3410
S31AE04BA010079D15305B1E21F0F55963A11FC3E9AA131ED0034A82
S31AE04BA025F8BDFE8F19913B3D88CA0C7EFB01F4059B613D3EE267
S31AE04BA03A13D65C7515626743D1AA24775EC2FBE624E64D5B84B8
S31AE04BA04FF57EF5F97A058F85393E5B45414B65AF9D3FD331A59B
S31AE04BA064506BFD2C86BCAADEC49C2957BCDEEBE4FF6BC0193F3D
S31AE04BA0797D63CC5902BB7A10C677A220D3103034DDF6BEC4D7E3
S31AE04BA08EF413F92489FCC7C42DBC97D23F5C564054EAED01EBBE
S31AE04BA0A3C112CE5C800AA1B8FB4E7EC9AC1FA0928C107E0307E6
S31AE04BA0B82940DB400F5F8193B0755A69A744F9701FD35925E2CE
S31AE04BA0CDDC92C7C13D277B3BD4C04ABFB82C4C8D514A448BE891
S31AE04BA0E2E9E9529FB06F4EA27C3188676C6C3342DB10E21FAAE7
S31AE04BA0F7031991904D342D710D2C56D3897591EAD958673F27EE
S31AE04BA10C23EE2FADB475D2178C2D7682E1BE432052046FB16382
S31AE04BA121BD85E48B05348388E7FA5AA9460497CAFF159FC2758A
S31AE04BA1364EEABBEEB378B0F33093018B8C28ED771E0DB695E770
S31AE04BA14BCB5D47034141979D06ED3E91B3AF35DB4D7843E3EF98
S31AE04BA160D70DE468BA62A29AFD6CD79007EA30218CAE5198718B
S31AE04BA1754B86A238CD8254BDB4E75D429B779D323F8E7423DB3F
S31AE04BA18A3E28C20F30795AC725D78D69DDCD11CD877DE1E2EA63
S31AE04BA19FBE88AEE6A8EEA0143AEE421CBD24705152D962B8F4F5
S31AE04BA1B4AB3380919C245C52AD38306CE52394AE39C0296317A1
S31AE04BA1C968F9C38A699FC476FF9D0B7A769D3D6A946228DCC8C3
S31AE04BA1DE601F6E569BEF04A439290906A47ED396BFCF64BC0418
S31AE04BA1F3AA8D85B47B90EB9C99DC4B838DC5A1155F0282E54DC4
S31AE04BA20812621B56BFDAB7FA96C5366C001107BD94906FCE8826
S31AE04BA21D740E1374C2C0522F7FC3D7745B1ABC0D5389EF16B48F
S31AE04BA23215A4DDE7BF4204D719F143B6B6BC18ACDDDD1CD98B1A
S31AE04BA247D1D55473B97180221CFF87F16ED5A9FB494E7FF2F422
S31AE04BA25C0744842774553EC4A646C64B328AB89517D422F92FC0
S31AE04BA27186D15C068970AE675DC19BC4CAC94251F3CBD775AD86
S31AE04BA286F4A15CAA14E44B86F309799FBC914E5E6EE8B67FF6A0
S31AE04BA29B0628A95B89953098A1BAD9F4FD9960756FA92E0A3B47
S31AE04BA2B08FABA78635044C53D678FF496E751AF6431B0F604E85
S31AE04BA2C53C40C16A755004788E715A0027191BD4D70C30BCE232
S31AE04BA2DA0E866B1CB43C1697D306105135489D890352FAF2BCAC
S31AE04BA2EFB5B89BFCB7F7D581DA5AD2CB24A94C9F5CCAFFC67D30
S31AE04BA304185E97E35F1FC314E9EEB467DC7F07079630005DFB55
S31AE04BA3192ED230AC17267AE3D8F39478A419934544E08383B63C
S31AE04BA32E064EBFF21CE31DE855F95644A2180CA4BD9A4F375F52
S31AE04BA3432A942D0187962965EF6822F785E047889709858A7971
S31AE04BA3583FBC9EDFA4FC6F5DF89A50DAFAF6D739F66CD4642263
S31AE04BA36DCADF31BF2D5B9CB0AE89D6B07BA310C42389BEA4245C
S31AE04BA382885A382D2604C196103747ECC7441A66F066D91E97E4
S31AE04BA397A8FDA864CB0C931874B083BC613AA2759D108D847604
S31AE04BA3AC90C21CDCA646B652E25850C036444556441F62899CE4
S31AE04BA3C194BD305BB477079FA95107D478FF6C7879BC26354D9C
S31AE04BA3D67A4FAC298B7E082DE9E5558B4878C5B6478C98C1C18F
S31AE04BA3EB9932E70AE469094C5B045D4211BEED8D8660596DEEED
S31AE04BA4009CA94EB06C00FE52F526F298108D443453DE23718F09
S31AE04BA4156B23741BD780C06CD35705A765237351823054052D07
S31AE04BA42A82CBFCDF100489BA206381AFADD63CD13EB7D1ED4C2B
S31AE04BA43FB55A2BA629156C2ADA9E6B0D0D4F48BABF3093D7F389
S31AE04BA45499C8A3B8D04B15723455ADF374170E46FF6B949F6758
S31AE04BA4697AB7A7E085CAB5E03419772497CF829E4E908007C07E
S31AE04BA47EAD7ECC117D7FF43333EC60C56DBDCD032009864F4BE6
S31AE04BA49339165F6FF2CADA708664077FE5E06D79296B4CFE94D3
S31AE04BA4A8C0B50C6E0045CD9A8580439CD24C674F4E7F2AA87B01
S31AE04BA4BD7207855F7D79CB9E293B7168D8A72685E6A9497F5887
S31AE04BA4D24266FDD1C50F46CFF71E567F790624433683CE6BDA49
S31AE04BA4E720F3AE9B0F76DF608308875ADA4A4AED011B613F1B71
S31AE04BA4FC703C0701503D79CF2910A19254EB87D10E5181B48B6F
S31AE04BA5112D0787564162D354A87427C1C70AF005F1FB1E1598A8
S31AE04BA5264CDA614FEFA8C04C917772452FB02051E727D126F072
S31AE04BA53BC6755E239593369141FB440141E11B56BEDD7EDDF035
S31AE04BA5500385CE960A1702D2BACC115F96853D0E54380C62D7B7
S31AE04BA565FCFF3D7034F06F570BA07A605C7EC2DAE63448D816D3
S31AE04BA57AE8A2D65FBCB743A3B6E9E9F0AE522695A4FC34DF8419
S31AE04BA58F013056040898745AA3ACF33A05F3A63CB11A6A72256B
S31AE04BA5A40C69F0FEECDE4DF538A8B6C0A3EC2EFE9A8BCA2D18BD
S31AE04BA5B90EB2A55D84C64C9B7F932D2A05037153BA4D9EE3B0FC
S31AE04BA5CE80394F586EF68A6D92A87C9DD4DB58EF3482D76375DE
S31AE04BA5E333975962735F53B105CFF9D1F6CA3CF6FBB3038CAB5F
S31AE04BA5F82194DEFA4BD4FE66484A5FABFADCE62505D17DFB98AA
S31AE04BA60DFF1B820C1FDC8CAD7F274291A987EA7D9CDA841247C8
S31AE04BA6222565F103FB56A3F5E5F36CD807812160211BB8AD16AF
S31AE04BA6370DCBAB8F980FB242FF3017D75BDC62D14C1C5D07508D
S31AE04BA64C2F5356A3A36DC2A0300694A8181F1F112343E08BC170
S31AE04BA66171D21D500A10F20445B2C8F07498674A1F6FEA3A7560
S31AE04BA676FC5EED77CDC99CAF87480D545320021A4E47C4EC7E7D
S31AE04BA68B8B47C1E3D5D3F8950B3B3012E4F7BEB8345F84A4EB5F
S31AE04BA6A04EFB6F6FA5456C00B1DB569DD1790F7D640EF44ED11D
S31AE04BA6B552765199794AA8DA9244EF1BA8E71E54DE703CC1D06C
S31AE04BA6CAA6D2BC37E97C8042BBE94009B7C210C584CAE2BA5043
S31AE04BA6DF17813AFDEC1D4333B495A88F49828683EEA7CC86614B
S31AE04BA6F461E7174904DD7390967B970AC7440AEC8B2E27123EB1
S31AE04BA709EADD5A8AC0FDE136726D699125D540C3DC8D8069C3A0
S31AE04BA71E3BB0237B64A34784067DBCD839E4AD4BD7C55471B35A
S31AE04BA7335A47BDC4C3A07BCB3BC11D864CBBB5C2321B4B7AD90D
S31AE04BA748E6A730C630CA70F91D28B77A00AAB5EC8C206A59496C
S31AE04BA75D58FF22FB315E06E42B0A383FEACFF376A8D6C07D55EB
S31AE04BA772453486F7E4BF8CD42E85430E04C4B7E964D43DCA5F9E
S31AE04BA7871561E8B0EB4982CDD9BABEF456B7E7217952AE4EDEFC
S31AE04BA79C4910BD6D97C0C677B88891A3D3CB12CAE8AD75E23254
S31AE04BA7B16CBB2772F6015CB3E3510B5372D791625840D375519D
S31AE04BA7C622D392744875D295B8A64AA8BAF0D7F1C8080782977C
S31AE04BA7DBE3C6EFC28A1191558AAAA73DC028C429BD8EE326D844
S31AE04BA7F0FC9C0EF19909BFE9E7AC30C03E71E44F34EAF8073090
S31AE04BA805B62BE7F856208C93DD4BEE41D33B336673B923BC238C
S31AE04BA81A6E73500FFBBC004759E87E341CBD92F6E580362ACAD7
S31AE04BA82F9C5D23D1E1F88363DF68655603868EC8D1E3D815F9BC
S31AE04BA8445493F6824520D0FC5465973BD8D2519B69778732BCC8
S31AE04BA85959B3BDDF794E3A38DFE9B28AC755EB40A42D48F93744
S31AE04BA86EC302D911BB2803ACA9C37721713101124617E3366CC8
S31AE04BA883050EE971572E354B3977D61138FF8ED795195279B7BA
S31AE04BA89884DD417A08F5778E8741804B3A5F7D430584CE993947
S31AE04BA8AD4BABC5A108692E2813B234EE6EADD608E8712EE73ABA
S31AE04BA8C256797653B0D223782FCC5B3D8A987B1182B71FC40D31
S31AE04BA8D7BE448E6F3C54BF7F2C35F854C4040F3A9311896075AE
S31AE04BA8ECBD6F652B363F57EF176CB1733F93E79D083881A21A35
S31AE04BA90100F54011296880CC9C4C59BFF5A2DBC4172A392427F2
S31AE04BA9167DD4A6AD24E03AF5CA83D306FC391FFFE7D1024DE2C2
S31AE04BA92BD94EFB0C1416039EA94A6CBC6BD3CBAB97EAAB455657
S31AE04BA9409881D6014C99F5E4FF1C03B605A1EA9CD32B34F5B844
S31AE04BA955F41A6D4DEA96BC2054B21F2AA4E3AC03BACDE092D941
S31AE04BA96A4003E40FE9212DC3541537C75EA9A414E4CE6B688349
S31AE04BA97F3866ACE4ED869EF442CEC6E000314AEFE8E64BA5E29F
S31AE04BA994C49E92E3C0B7F4F5962171E774BE39C913B0C0B824A4
S31AE04BA9A934DA87D54FAC060FB1263795245167B3839B3641A582
S31AE04BA9BED869991C466BEE6715DA392DF2DBC9380569A67C0C98
S31AE04BA9D340BBCC7D3D7E8892911D7F6D18DDF8FD7B0309A688EC
S31AE04BA9E82CBE2BBC8F57C5DEA9D157501869CA829FC97BF78582
S31AE04BA9FD7476D771D5EE44DD88B68883ED2874F9D0D82E3DA878
S31AE04BAA12BC07B90296C906EB12A41316378A58802F71AADF3F50
S31AE04BAA274529B565A94394273969EEE06EE28885F13C4B2961EB
S31AE04BAA3CEB3114CE69A5420F508AFED8D2CCD70919D085F3E701
S31AE04BAA517F56E57E0DF64CDBC5AB0704BD52EFC8680EF1A3DC36
S31AE04BAA66665827E64960E7A9BF0AFFD3EC9AA5E32479AEDF2EA5
S31AE04BAA7B312CCCB1BFA497DF2BCA23D9293BEF023A105EF76499
S31AE04BAA903926AAB7A4A3B4E0CBB3C6E49C7929F22A4A83A6B53B
S31AE04BAAA5FDB93F8810F727665AF60937794D90B9B0AFF1305BE0
S31AE04BAABA2FD92FDE9DA4878EDFD13B890B3699A1F0C8937176CA
S31AE04BAACF437813904E0B92D3F6791B983C7CE80F52E96B49C0A5
S31AE04BAAE4DFB8788E57BE1FD43573FF59A79A6A9914BA851AD501
S31AE04BAAF909CF90384B3FFA27636FC022BE963393A2C05A4021E1
S31AE04BAB0E2B52BD8CF394966C1882B66998496E286DE3E4E9C4A1
S31AE04BAB23136EA0A44B916F279026535F82CB61C0E0540F8CA070
S31AE04BAB38F923DB54E79588AF8C09B644D069D373F72543F8DA9A
S31AE04BAB4D4D90AFA93A454ACA98A0EB7709D5DF45A87273315749
S31AE04BAB62F2F00FC4CB32CE78457687E9E437483CCB8923301C28
S31AE04BAB776320104F5F67704ACD136D6B77DD473736B1881755D1
S31AE04BAB8CA051A4B0CD3ACB1CF03C168269D331A15352616F8089
S31AE04BABA1647948BD5002B5ACB9FCA7C0316CFB16DDA25A0249EB
S31AE04BABB690852D78E686BBDD5FC2DF55D8786AD6669021F4E4C7
S31AE04BABCBCA2780A4CB335F0114BBE55B89099773B706FAF15925
S31AE04BABE007901E6F1A3E8E5B664D551533F0E7C091AA28611609
S31AE04BABF541CB2C6B580630215EA2BEF00233CFCFD08B85F7F878
S31AE04BAC0A58892215FEFF9009276F7887A43E577350B46408AAFB
S31AE04BAC1F39BEE714F485F3628C985E7DB393B86F8773D0A8BB96
S31AE04BAC34B2120D9C7F8C2EE5345410C2E7737088A5A36F8D9EC1
S31AE04BAC4964E77E5C9C1722216C69105528439CF75C5F98392FB7
S31AE04BAC5E249EBA60AF2CC3F85908B07347EBEC828CF7F5492138
S31AE04BAC73EBF082FC6A49EFD096D3F4023D84033D58BA4F641992
S31AE04BAC88E198C612A60C2010B141B41E7D8356A8BEB91F09C32F
S31AE04BAC9D56AE9F554B9662BC5443CF656A09BC851E87040CBC8A
S31AE04BACB28479F1213D4B3211DB02EA795ABCA6E3DE3CAAD3A26A
S31AE04BACC7150004BD08A26CCFC448EC0B0D958ED79DFF84F1C9A8
S31AE04BACDC4FBAFBF4BE8C10B3C1FD6578A4C480877FDD19AB61A2
S31AE04BACF1D0E4AC1979F62E04744E65736608AF639F8558A6DDEA
S31AE04BAD06FB0AE68533A6F567CD7A63BDFB98956EC106116EF12E
S31AE04BAD1B7EEC3D3F392B66B1E5F563B13FABCEE5DC10FFFB2BF5
S31AE04BAD30CE15EF91686549372D394A2B669F31D399E21D7CFC39
S31AE04BAD455E3B19C609F9003E176F1562E4B394210F1626AF8D40
S31AE04BAD5A32E9BD6E2CC3B9F3571EFD2D9655792BA30D08AE2717
S31AE04BAD6F140935124CD56AABC04D30BE73DE2F04EEB0BB3BDA17
S31AE04BAD84A8DC27ECA2C32CAD3E687FFC98EBFBFF511FF66EA89A
S31AE04BAD9970F8103D41CE77C63C4CBA889B473C47B13EF2E0245F
S31AE04BADAE7419C03CF539C9E68E70C6628C101982DBE74D69DF45
S31AE04BADC31FFF593AB5DB51B012DCF97FE711F8ADB14D7F0697EB
S31AE04BADD89ABC8CBF51D95F3AB841FA0EBB44335561285CF1363D
S31AE04BADED5303790818698B5C9ED181CDEB0E7FCC66452C39F5DB
S31AE04BAE02FD54692C5F408458EAD58C566C469FF5344ABA6EEF2D
S31AE04BAE17BA43D790239D4E20895A3A376E477388717FCEA79169
S31AE04BAE2CBB1D9A6885FBD768AA8BA03BD11F25916616943B75D1
S31AE04BAE415D2E8723C44B9DC5A58951CB0D3F3374EA1C3484A981
S31AE04BAE56AE4A3968D8D22FF66F59758FD4B1336FD1CCE3224F6A
S31AE04BAE6B05BCE0E55DA5149AC8CD1EFAF3E1E0896EF552FFBF0E
S31AE04BAE8059AB97BB3262C2122B4B5635C0907B6C35A76BE6B3B6
S31AE04BAE95F0CF638952EBF9C69A20CD1B39832E806CE1304D2ECC
S31AE04BAEAA7596980BD421DE7AFD062579B8610E655DB713805241
S31AE04BAEBF1C1B43E0C2A75F4110A7E06899603FFE7876BD3F8546
S31AE04BAED4659B9A0415A52612B667294D14CB143E8B4F3E13EECB
S31AE04BAEE9BA23DC22649BCA568ACDFE3F2CAA097F5E1375F83524
S31AE04BAEFEC1C59C541931F78D0B1DA4E378CD423B081EE530A17D
S31AE04BAF1362D9FAF4F2333D4D8BE84DA487450CB0D2A8CA51DCC3
S31AE04BAF28F4C6EC3BDBB36817B1C221C86132F54CD4E17A590C31
S31AE04BAF3D3B5151E2D92391454AA4BB996E250865602B0B714DA7
S31AE04BAF5239568BA013E3A659D71DAF7B163B51A0644B1CBCBC67
S31AE04BAF67F7011D10240BFEE92B36DD6E34BEA59CBC5476D3ED44
S31AE04BAF7CB8D60EEABC49D5ECCA86152ACF5E1339DFBEBA04FEE2
S31AE04BAF91670B34455B4C0B6C1574F3AB92BD5CDEE7F2D6BF56FD
S31AE04BAFA6B8285C7587A0551BA66440C0C675D9E53C536A1CEA1B
S31AE04BAFBB28B1095D00EE6B11DA16B098238274F7123E645959F9
S31AE04BAFD05183CBC7A8D0843C8D72C2E9186585AA461F5771D743
S31AE04BAFE53A18212B10536B25A49AAAF312438E93CCFC3B213AE6
S31AE04BAFFAE66ABA8C297A03F333A29361A0F3E65B6EBAA0137BEF
S31AE04BB00FAEC72AEF24BCCF34D7BC52EEEE3B40CDBBC87CF23759
S31AE04BB024909040F44926BE0A9021E16552D4F37EF8E86C0E9FD4
S31AE04BB03981EC3290070AE7980449FEFA006CE8E2E79E31190ABE
S31AE04BB04EA3A9CC2CE0A44BA9B23CFF222BFB02E497AE7020B25E
S31AE04BB063B18933046C0EB248D9F2B1372423E63194DEC2578F97
S31AE04BB0787C78C18082DA215D09E3AB9277E541B3058B2E493EC5
S31AE04BB08D0DB0D04F7DBAE89CECDA773312A5AC3F97A645CF8AF9
S31AE04BB0A256026C6A6E1487B0EDABE0D33BE3F6C8B171439F1541
S31AE04BB0B71C8BBEBE3FC6A718F055F378D1FE6BDB1299A1426EAB
S31AE04BB0CC23A7FF0EACD9A62763ED0330707F1F266F75EFACBB24
S31AE04BB0E10D26A3225ED124E8D399623B48D1F32D53C0063FEA72
S31AE04BB0F601A6D481AA4D1C7DE8DB739D1C257B694370A4407A7F
S31AE04BB10BF1D8D840D793841D547D400B8622AACE3E286651A118
S31AE04BB120BF1703992D66764F7BEE68564BB51B49A9B26124991B
S31AE04BB1358266A9D869CC23C351E5B38039A626ED876AC8121A10
S31AE04BB14ADDEA0485821601119D6D903D9E7665230E4FE40754B6
S31AE04BB15F1B8A5EC0FB3AAF2C8F70EEE85F577D790FB65F0F1013
S31AE04BB174625562FCF6D8F4A8A40FC3FDE60B11B0627A081348B2
S31AE04BB189BCB593F07371B1EA3FD3F97C503816DBD50D65581B53
S31AE04BB19EE14B3ABB17BBF994B9A9AFF67E72DC48B1EDF72A51C0
S31AE04BB1B3F8C4EF8187A1E441E410EDC6868593A51A9778D2CE2A
S31AE04BB1C8C88775C7B304674C15877E46CB8B71A7EF58FBF09BB1
S31AE04BB1DD5653CC589A0617A8F9614DA79E48F803F2E9222F6243
S31AE04BB1F26A36C8C28F0C520D58EF9A4810846A81CD347E5D6E01
S31AE04BB207342C8D3A34BD3BD16367B976AA2770B75998D606BF60
S31AE04BB21CC871A8D706D32033199DCFCE40155E4FD15E49DAA6BB
S31AE04BB231F4F29D121A64F80B4A5F96ABBA06FB03A5DA9B20B52A
S31AE04BB246C55D2E4F2E5AB222F3C00065C44318DE530D4B14856E
S31AE04BB25B49B409B8648DA61EEA7CFB46682E29D188AC1BBFB144
S31AE04BB270DA73BE9624D0FD5D74332EA738231B582461D1D02118
S31AE04BB2851DF5C07CFF53277DF4B8735310CEB3CED61FB14BD7A6
S31AE04BB29AD09DDB4E09DA6FFEB3824D6F1881AA2314FF93370252
S31AE04BB2AFFDE40A396E09144EB180DE974B11C732055E80F33C4F
S31AE04BB2C44C90ABC88EB5FB4A37B9A7C8F847F3EF725874D10ED0
S31AE04BB2D91499DB6152DE81254CB662FF29629A09E655327A32C6
S31AE04BB2EEDCF1B532FAAA37BFA35F81BE4995B9427AB27BD2F346
S31AE04BB303D485988C14C90ACEE7FD35B254F8CE4F912F2EA909FE
S31AE04BB318CFD95D47037E82046FF6AE5D72007294F88C1FE4E746
S31AE04BB32D777095C78B2BC4B3794D758F61BFCF0396407B1480C9
S31AE04BB342804B37533CD781ED691962B67AF9C3441D5C55644A5F
S31AE04BB3571B49DEA1346FCD76338ED7EBDFFA276482DDF124D5B7
S31AE04BB36CF1A3741C7BA06048A7579D5F0BBB4512753E2D5BEA78
S31AE04BB381736DF7AA0D7CB5FBB20F745705AAE0242EA1DE9AF84E
S31AE04BB396485E04EB1AEEFE48AC04F9C21A08B9A68182792B9C5F
S31AE04BB3ABECF600C0E8F1DBACD6C96E06F3F207FB78413A6C6F92
S31AE04BB3C0718B7F7DAB749564E60DC745D1E9303C7BAB229FCD5E
S31AE04BB3D5EDC4E9155F03860BD0AB91115CF08C30B71C864F556E
S31AE04BB3EA05E036879F542E15FE379BE52677AFD0DA7DAE301926
S31AE04BB3FF556CF51EA1EA81C92945C4C8E248FD8A87F1C8D0F2B2
S31AE04BB4145C6D90DEDA6E2DEB04038694BAF96E37B214A637FB44
S31AE04BB42936892678B2C2D54D649FE1F0CBB46DE9DBC0C5C29986
S31AE04BB43E3422C16024A5002CE82C18B7C2D98B73849A30DA2296
S31AE04BB453F7FF8ACF1AF3786D769028D002DDFEE16C585216B0DA
S31AE04BB46872509280AA98AC92F93DD65CE2D4CB160E2CCFCABABE
S31AE04BB47D4966AF9254E0B2E66C4BD9334E31FF21A83D70B36EF5
S31AE04BB4928D1F920D7048F952BFAB6A9016E0BA0655E74464D94F
S31AE04BB4A75863D38BF383C440C181032745B8D097B2C1AF08A230
S31AE04BB4BCD001DF139848D32856EF7983A02AFA18B96CC1A6C93A
S31AE04BB4D1F0CFFE638909606702A2D27062491D3ECB0D1CB15CCF
S31AE04BB4E651D920FEBF834C2A1FD66E3EEC127F75A12CE9F1677F
S31AE04BB4FBBABABDB302238E8CD406649F57D8862056E2FFE57F9B
S31AE04BB51034F280ADA2E739767F265FDDE653FED36F2550C237A2
S31AE04BB5253716047013A96EC1BE17C55077C925EAE6B0FC6E2BD0
S31AE04BB53AA31E1CD393E917FE747337BB024621907B44B6A63667
S31AE04BB54F3980AF7436ED4DFA1E737CEEEAB0A758FA1FD9C99C85
S31AE04BB5643A2C4009576CEF5A116D6261307ECDC886A8A20E7A0A
S31AE04BB579FFD6791DE7A865C5E4186F9446071CD0214B2B7339ED
S31AE04BB58ED6E7A7DC082CEB6E6D06D7E7471F0B9CF87CE7E8C366
S31AE04BB5A3A940D495DCEFF30CC38E923CB68A1FAA70BE65E9E7BB
S31AE04BB5B82EEF576F1F8AF3E2A5BCB07EA01A233D0C85B927E0F2
S31AE04BB5CD6006B2EBA7BAAE01BAF6F6821C748BE67632BF553907
S31AE04BB5E2717394C1FCFBCEC0FD43BE7BFBA3C1359D0584AF0083
S31AE04BB5F76CC6F07CEBA63EE379B6187D8CFD39AB4B9E76BC90E2
S31AE04BB60CFC421D4B358859414A6D11CFC9448B946467708B1C56
S31AE04BB6210004734E8D73192E5BB5D1785245BFCBB4B7F4C676C2
S31AE04BB6365D4F77D93E9310EBCAA91BB7D6DA4D57A1544A68CBFB
S31AE04BB64B7279C53F0D66FAC1EFC584556518DA76751AC472532A
S31AE04BB660B561760AF966CB86E91299656E9C598685FAA77A9E3E
S31AE04BB6751F5BC8228C3D5DB4AA7D928DA4B2D607FD283A2F0347
S31AE04BB68A2604895C9781C69BBFE2964260FB396D1ED9454921D2
S31AE04BB69F03C27A14B725534A063980D3B4E9C50BE8C9AD71517A
S31AE04BB6B4EBEDD8CEC17FD3157B7794EFA83A01BE0737F49E6163
S31AE04BB6C9E491598EF63D1890BFD62B267749AF80467B3E6D21A2
S31AE04BB6DE3B964F043E2AA44E1EDA87EB58EF1559658884661A98
S31AE04BB6F322675D0AD24AB69D298D4FA78D1C364FAEE9508FB0B2
S31AE04BB708E741AED43912624C012D3927581D67E12981D22D3F25
S31AE04BB71D999E9843D983646B954B574C7A1B8A6FE05712DA7FF6
S31AE04BB7325027AEE44132FA743042D7AB65968BF8FEA137B4BD2E
S31AE04BB747D11DFF357027279209B19DF409C45B431E0DD3B2D014
S31AE04BB75C7CAFB899FE1AAE62F6FBF2BAD75F7EE3C5A79B25B4EF
S31AE04BB771AAE901CEE72B7D459DFF35988A7B2F4491C818AE1C40
S31AE04BB786B860EBC105191CC20EAD7ED7B41B047837686EB06243
S31AE04BB79B98FA4B004F5C5FCEFF3194899185F382E849D0EB48A7
S31AE04BB7B04B87E16BC7D6A73B7D5518AA4571F8E453C06E64C3E8
S31AE04BB7C50E8C45C74268E2FB810433F34B6B112E67591CABBB2F
S31AE04BB7DAF8EBD004A1BD923EFC0EB1F97D0CD197BD46B36C4D30
S31AE04BB7EF47BC97A067B8037103C28ED0D74B8C39418DCB275528
S31AE04BB804481D7C446116BD6B5E85513D35AD97BC8C72695F08C6
S31AE04BB819358EB9ECBA350E06ABA67920C3CAE7E2BB9F28F82E96
S31AE04BB82E60E932A3827DE747CF35EAC9522F32A3900582B4B2FF
S31AE04BB8435C2867EE16988065D69578EF17723C6C7A41F2B65697
S31AE04BB85873C615C431B3E246FC2A6E651595057B65B554CA1E13
S31AE04BB86DA707BF4599B1886E97B7EF91DE1EC10192B2ABE1EC5B
S31AE04BB882F2F2C553963595DF53927B4DC3472DA8B16726E21287
S31AE04BB897E34F3CE881757A62667EF881CBCEDA8B16AEE4573EAB
S31AE04BB8AC4E0803B10489F3B1821479BCC262AD7423DE3A45107B
S31AE04BB8C1A3687C5544609A80B8A872D54676CF7DB3B4CEF4DEF1
S31AE04BB8D6BF595ED4074D74680C1CA2CBF3F621B7C8221A7526BD
S31AE04BB8EB5B26C056893504EE37E0B53D2AF8B5F2BB5DCEAF99D0
S31AE04BB90040C27F115333B72682A1DDA7952B3B87F3D21B842758
S31AE04BB91510FB45475015B1C8322B41D5303EF1784991AD210E77
S31AE04BB92AFB86DADD7DF8D62771FC7879E314F85A176B21D638D5
S31AE04BB93F09E57273F18576075EA304352B6FD3CF53E820FA2809
S31AE04BB9542AF5DE63F109B81D391910FFBCC705C7E205DEDC6AC3
S31AE04BB9696072B871A6F6D0A192A8C886EF07EC6EB1505FB02A7E
S31AE04BB97EEE79AE2E0E4B4C19B99D5F6058CA141FABAA88613F9B
S31AE04BB993AD9F4AE6C32398A443C276180555AAE52A63DAACA1A0
S31AE04BB9A85D90E1E5C357348005D875AE89D732803F45E42F35FA
S31AE04BB9BDFC80AF255661F43A5ECD6DAC413F0BFB632DEA5D82EC
S31AE04BB9D22AAB8FA6EB6E3CE52F20210BB8735E9E600B8C6B1790
S31AE04BB9E7A403A95301B8266E1C4F1475E5BDA431EB2321778990
S31AE04BB9FCCFF802990A65AAF35033A61E1FB9C1D5184BDC9B7692
S31AE04BBA116CAB0D16F0C111536D865DF5C4EE0E589F3964803F48
S31AE04BBA26BE07E1D9E8CDDDF201A6EC2092F82D96E54F8BAABAB4
S31AE04BBA3B02A8CD64788829B9EFAEFAF556293586EDA905307700
S31AE04BBA50383F815626A96150ADF4127965C7F0E5B46A809C94E7
S31AE04BBA65F46CEC5AD3B0FB878E3CCD559EA0894BDDAE012D0A2F
S31AE04BBA7A57257307303E43A92CED8C4809A1C5EBBACF8129D4E8
S31AE04BBA8FDE489121555A47D5BF3098959DFE70DC2929E24188CE
S31AE04BBAA4A23942EC0BE78B19854C198AEDA6A5F3BDF87FDCB757
S31AE04BBAB9DB1C5951BCB8AD87A84E99BD8937F7332271BFC1FEB7
S31AE04BBACEC0E3509FDC64EACC286BA1AFEA0A5C981C14C645851F
S31AE04BBAE38EAE59BF2439BCBFFF3D230DB65D8197CB3AC7F9C1D4
S31AE04BBAF82716DD4539A603D02CDF343D02C021E44AE275890585
S31AE04BBB0D3FF940938286CF302B70EE4415BD18D148C9F83928EE
S31AE04BBB2212DE46E4BB841B8A44D4C5F1EF118D1F15EEA5D4A346
S31AE04BBB3704725353135BDBD16BFBA7B1F34E281DA7CB8C2148E7
S31AE04BBB4CBADBB46B371A18683B795CB2A8BB1D8EB03980F24BB8
S31AE04BBB61F7E80BAB5E2C234FC837E440FA66AAEE5FCB8C2F3AD3
S31AE04BBB7636A7728961ED7135A1EF60A132195C063605FD86F3CE
S31AE04BBB8B006E51A154927965E57C98B0C002ED5923C39633DC14
S31AE04BBBA0BF90B102338B2A1F1EAC94048AABAE128DB20388171E
S31AE04BBBB5290C83466B2A064EB64EF3301E939E3D86143EC438DC
S31AE04BBBCABECD6865376523B133563C31C1B2CD4BA2624EF3D8CF
S31AE04BBBDFEF14442CA17ADDF3423548322C81EBCAB07EEB57AF50
S31AE04BBBF4A13522B5F39BDE791C89E87C90E0BA80D45BF7813EE1
S31AE04BBC0944C18960EFCC16ADA882279D692789A707E7EC72ECA3
S31AE04BBC1EFEBA6DA4939A7EA2F3C6A06914368DC128035ABF2507
S31AE04BBC336C5D62A2A213348FCFB30DD24D6A9686861B93F83BEB
S31AE04BBC4887E849EB9DA822FF2FB5836D82994DE1DDF7E268B9B9
S31AE04BBC5DD420A3D0A1BCCCE670D971E8B67A6805E570B74A573F
S31AE04BBC72CEE662449B881701E75617BFDF695C148D0D847E6030
S31AE04BBC87106BEF6268ADDF6588B8450C5D39850605800F656146
S31AE04BBC9C7B014CDA1B21B233B0D313699A9C725F6094F96CDA66
S31AE04BBCB12D10E35601E64F80BA23599EEBBBC59C1C900658DA62
S31AE04BBCC6AB7C0C877C4245A3693C991073AB0904896BF2D5CFD5
S31AE04BBCDB35FDC8F27470565FFFAF2337C592C6E51234F6CEAEDC
S31AE04BBCF0AB6B0AECD28CB4DD956B6F55F46755A0A3DA64767632
S31AE04BBD05ABA0E26EE054316D5138541F9997A6384963B9906E1E
S31AE04BBD1A0C6285F4B27CACC100F0EF74EDD094ECB2D229F2B979
S31AE04BBD2FFF4E57AB062B9D2ECFB39B4625BDD8572F9387FAE7E5
S31AE04BBD44A640BA6B2C94D0A40182F068850B90A8D33F8331C948
S31AE04BBD599AE7721DCE3837FCD97109668FE1DF77A5A2E95F66E7
S31AE04BBD6EC404D82CB5ED436CDDA4F36541F2FB1C3068923FAF37
S31AE04BBD830A08BFF672861303959D5CA226789F6EA3FB2F5F2678
S31AE04BBD98F4C186D67A3DE738B9EF3CA8484F34C95A22999EE8C3
S31AE04BBDADA1B9D7F9B35B426664C810BFB4892DDD46CC6A54C19D
S31AE04BBDC2EF4DF103AF5351957CDD296E718B123B968BB10BD538
S31AE04BBDD719A3DA90B923DADDF8E2A2808A6528517C0BC3932606
S31AE04BBDECE5D7C7685EF3E19066573A6F00B8E07EB4AD2170B244
S31AE04BBE01DB0C805EA1FF59FEB0A2CA60BD16B1A49B38AFC1CA8E
S31AE04BBE16A86914F88719602B8CEA8EF384AE2E131D8753EFA7A7
S31AE04BBE2BB2B5115DE5EACB2B664EA8CC5AB333BCA33B413C4870
S31AE04BBE40074791E241A5115A05ADEA3513EC48C9BB015B590554
S31AE04BBE550C558870192675221E7C03F119450A484B13B5F4AE85
S31AE04BBE6AA0D41B1E4B7A1A799978A08125BD0B8DEF0694281C14
S31AE04BBE7FCADF7431CDA4653A71EF2F8365443D5B0A3D975E1878
S31AE04BBE9430F0E61B8AC4B083D0D37B207FD25AC79A068A5E2569
S31AE04BBEA91A44F1D315EEA5A8F6830BE841B12E6F518AB93523FA
S31AE04BBEBE4E41AEBDDA9461BB79554F62B70B06672BAF2810F703
S31AE04BBED3A364DF3E96D114F9271E424805D1F7D9CCAE3F1CE265
S31AE04BBEE863838CDB7ED5B764C27C1BC8ACB1854D1BF2B2D2D4A4
S31AE04BBEFD7D953980371B5A872317D76667F7AB0B29B6231ADA80
S31AE04BBF12F751FFB22F4C2A5DDBACE09D047E9E233A9FF9ECA841
S31AE04BBF279AD6F8C62D4BE358D95C5BCD6ED30DBC1620B8A911E4
S31AE04BBF3C7999BFED02329C691A26A8B89353C5361BE6FBD96A08
S31AE04BBF511D0214D9DA5EA2013FA2173744F6868A36E4F86ECEFC
S31AE04BBF66E82C7C42D0769BB95902309E972A7773571A36FE3779
S31AE04BBF7B6C3EC557AF7BF1215C2C200E73B927AB471250A82851
S31AE04BBF90786B04D85BD7A98560C1C75E8407985BF10AABEA9068
S31AE04BBFA57C552353B7D0A0BFD7DEB4F7394C1EA25513B2DE3359
S31AE04BBFBA5C06274CCBEB8B168E015A6D97162E246195FCA7CB5C
S31AE04BBFCF7A374C16CE31C65D59CDFF38A0713FF82CE26DC6DD34
S31AE04BBFE484625F8D7F12D41904B8A0C9E86A1307CF86D2F1EA34
S31AE04BBFF92FCDC495FDC0BADA282584CDC7A657DB343EDBDD787D
S31AE04BC00E087086319B4AE99E2065BC5EAD390D29523249129E19
S31AE04BC02307529A8CD248466286C339DE7A6A8C29D386B6336BF0
S31AE04BC0382BDF5D0AFF6E9E4086BF45ED03B14E450741E12827D0
S31AE04BC04D365BE32C5134A346E1FF1898E0282D6AFE4C23EC1601
S31AE04BC062FD7FCA737DBDB6FB0009019FF7719B4C216D8F04CE0D
S31AE04BC077B44B1D26039CC51919099BB8D90AD34F6365BAE77A67
S31AE04BC08C3BB8DD675605DB319106FA2549CBA2BC71F9FB179C90
S31AE04BC0A1CD166419999F9B66509D0195AA8D67DC322B76FFA34E
S31AE04BC0B67EB86C6376F468DADC89015D16D6FF3EFDE4F744FA91
S31AE04BC0CB733D73AB3C00A6C0D6D096D49F5C760DD59E91BFF37B
S31AE04BC0E0D716696914E4D8F099836928318F64FFFADB24E64AA2
S31AE04BC0F53224BB26BE015303A5999608ECB9ECA4AF37311AC3B4
S31AE04BC10A568F4D2F9ACAAA63C86E79AF19E4EDD8866DE508C35A
S31AE04BC11F586AC1A9C1ADBBD691C434EA2578ECC6029BAF70BC75
S31AE04BC1344B2DD12DDD87BE2E8FE71F040F348EBA9C05F61E1F07
S31AE04BC149354AC53EFEE6E23DA8FB6F23CC30198F311CDD9CCBC1
S31AE04BC15E55B3548CE3F772A9BA16B3AE477339088B89592C7881
S31AE04BC17312830C06D02EF22A2F2EB49CD4CE930153FF79A974FA
S31AE04BC1884D2BAC1453A8CA20234806A8AF463B90CE3E650FD229
S31AE04BC19D94F5493F177D7F86162C46C5621F73DBCD9095CF597C
S31AE04BC1B2D719F6CB00557CB1E7387DC5B51C2B85AFE726A0775F
S31AE04BC1C7407B17CF53DB2480690A638774A33FA96A9431D09EC6
S31AE04BC1DCF3040D28A5581F881947013D94E8B97764C58559C339
S31AE04BC1F138882A69628269A181E124599391769D6D2F517E380E
S31AE04BC2060EC8D17F1387B9018A79CC05C6547625DBD9CA6159B7
S31AE04BC21BEAA0D1DE5E3F7AA70168F1356315B0FF4CE93869302A
S31AE04BC2305556BFB5786CFDF0EF6B6A5B7AA25D9BB02B6403D192
S31AE04BC2453F713F7B0F0CFAF5DBD8607A40C8920F47E2851C2619
S31AE04BC25AAFA54FFCEFEA284747CDC8244CB92678A351BFBF4E54
S31AE04BC26FF1DA53A6EB4E9C9F94ECC6D43402FF00C5C28F5BEBA6
S31AE04BC2843478EF3ED6F054CD226AB516915FD540460D95A2E1ED
S31AE04BC2994DC49E1EE9032B76059B97490C6C2FF0BA80E93A3D54
S31AE04BC2AE97A284E4603FED26D924802DC0731996090CC7224E1F
S31AE04BC2C30681F98567FD98042C1912071A2032908D994CC2C2E0
S31AE04BC2D887172F423BF0FDF76C7DFC934FB4B7FAC2FB131CE0FA
S31AE04BC2ED9E262315673CC04A6BFE46783033E8380501D163C3BB
S31AE04BC3023CDB61824CD2AE1125D88AADDE08988B9E76C27CF996
S31AE04BC317E64541891FAC67B2E23DF7386A11281868DEFFFC4479
S31AE04BC32C1335B34E85196EF583AD64730BF31D7DFAF54A268102
S31AE04BC341CBBB24B32B0BF714191EB9BE1D5683D9E2D2899CD2F0
S31AE04BC356B5ADAB62AFE69818399ACBACB8E8A6B43C9B75134802
S31AE04BC36B47C763BD7EED88FB2AC804679A6DB3E969EE187C067F
S31AE04BC380E67A4DC2CC4D65778AEF383E0B8A0CDE2D1D4AC888C1
S31AE04BC395AB9CF182DDC08FE9C08BA1F8169E7D8B649B79AAD4FD
S31AE04BC3AA0CDE9E17DB601A99403AAD79948935AE7627CC7C6BD0
S31AE04BC3BFD7EFB8B4E20561F6AD0CDA525E1166464AB0FAB78D90
S31AE04BC3D44678770E14A9E3DD16CAF611B61A96082CC9343E8720
S31AE04BC3E9346D33201864BB15E3E6985B252E9EC095267AC14625
S31AE04BC3FE714C7630BD61EC0BDF285EA4A71645F61729BA42D173
S31AE04BC41355B8B76A82A91531D02709A7CD602EFD3653AF04A366
S31AE04BC4284CB84A1F8659F53BE7CEE481BCC7C8D0D31F23E8C55B
S31AE04BC43DC7315E2EE6B655DD5DBA09A1135E4F7CDB81EF544289
S31AE04BC452997FAA2DE50C3A379A5AFC3EE1B0BBA89EF6DF992FF6
S31AE04BC467889246FEB94D1EDD63E2CC8FB587F03C1A106A96DB23
S31AE04BC47C12F60BB2F2E6477440097708D5B7C5883D8BDDC35FBA
S31AE04BC491AAEBF5D25CCAF3F6A3CD4459FB43485A0AC632D07AC1
S31AE04BC4A6E969E0ABAA4944ADED152D94662BCF98A4A0CA806BDB
S31AE04BC4BBBD378828908211BBAF7BC2E41E8BC70EEC9429DA1CCC
S31AE04BC4D073EA525BA340D127E13F5698F7C4D3E2584B22EA51C3
S31AE04BC4E52132F6EC34FE11F21CB1AEC79184D8AF0E6974770166
S31AE04BC4FAE474B33D87AA43DA89D0D56A6C056F146377A6F15D0C
S31AE04BC50F25439BC0DE47EE34AAD149CA7C59DB0C7988AEE84DAE
S31AE04BC52461CF397BFC7066EC067933C70130A56F40C496D08186
S31AE04BC539B9598A215DBF2381DFF0CCE472A0DF9EF3DA1B105ADF
S31AE04BC54ECC220A24AA57E70987E6F67BCAAA04E8190211EED86A
S31AE04BC563635D5EAFE3708043C985DE5EBDE8BBE82BD1E1FEBC46
S31AE04BC578CC66CF06F25EAC1B49FAB85B1AFA779908C9BE433BD8
S31AE04BC58DFBE17B1E5AFA34F69488E70A86BB24AB0BFFDC64B658
S31AE04BC5A2B295C2DB8AB9009489CBA54B114ED3CF9A51F0A912BD
S31AE04BC5B77A02AA5570068A7EE7A6E6D69944A5250E771BC548A8
S31AE04BC5CCA37377BE10D8ECE087EA55B999A42B8E337A7B132456
S31AE04BC5E1E54474F82FFA7741E56B922B8B53C88335F73A15CD20
S31AE04BC5F69B403FCA071C4D25264B304AA86B2C03044B908539BC
S31AE04BC60B49528F253B11672FB15DA2CD25C202D9B29603F80036
S31AE04BC620C88949204102B03DC32B5E4E43358DAF5D3E58B87879
S31AE04BC63575EB35421FF19F5B4D0FA56B2B1CDEA73003E49603F6
S31AE04BC64AE9F99E69E22F8B6102A3059D1B30784771083A19AEF9
S31AE04BC65FF9FFBEB25A5381E1750B7CE8AEDB5712D8A387B1890C
S31AE04BC674C6B45C444F647C3E1F06F2A1ED3254FD61D85D96DCC9
S31AE04BC6891278D243D3427755DC562892874DFE5ABC0A0F9B83E0
S31AE04BC69E70CED83BF327E51DEDB72F63F27890DE11A3A314D59B
S31AE04BC6B3A4F51DEC99EA335BB5EC87C167F5C9EE3D87FD368813
S31AE04BC6C80E1C750B607AA0F5E3482213531F36398FEB7B31BBF1
S31AE04BC6DD8883768F6975775B5AC13FDC97D4D03D6337F188880E
S31AE04BC6F2E2F42E318810AA6AF162FAB9BB6341936822AA3C2891
S31AE04BC707DAB8EC4BEF46D1CAF2BAB7B04EBF2709A5F02CE676E6
S31AE04BC71C644507437AD644FB4A7377D118EF267169AFF0D86A68
S31AE04BC7310409EB874F2224E58E0077B2481E6004EC99E80A448D
S31AE04BC746EAB7904FE22059C28C841118F2B6CDFF2B1A5CA520FD
S31AE04BC75B480AA1F7408A423DA81146552D654FA18FBB9213E8B8
S31AE04BC770341C40CA689F4BE7B76116D12772C06CDC137E3A483D
S31AE04BC785E3F4FCEDFB14DF8D6EE8DE3F0C98267E78E0DE23E33C
S31AE04BC79A4625959093542C9756198B183C526C65BD975190FC7D
S31AE04BC7AF0C8A59547A057763DE8B94535325FECE4C1927E26145
S31AE04BC7C43D8F9B3A6213FDE89BC5BF4E66396E1E2B1D65AF330D
S31AE04BC7D9CCEF4DD8C4388D0D93C4026B0936F09986BB3800F9A6
S31AE04BC7EEA952E850AAA28F461B75F71758D836ECCFB5F9E2E37F
S31AE04BC803F05F17ADA5B43740549FFD188597CA5A96D411409772
S31AE04BC81867A64E314A8DC608F6B53BC03104ABFDA1D108009C10
S31AE04BC82D0BCB5766D7FF8E53D655460A6108320E6EC57B6648FB
S31AE04BC842959A3D8F8E40AE129CA12AE1820F16837B2E5F0700A6
S31AE04BC857D307D2ADC6B525D52BA0F60262FAA26B3504AB881124
S31AE04BC86CCB3A722031897B72B947EEAD03D9B258CBDC6FD25B84
S31AE04BC88155A8FBF851AE4CF41416B52EABEA0A153ADA6A55812D
S31AE04BC896604A4AFFBA14F72647F69D29991436FE8D6CD438BCD9
S31AE04BC8ABEB545B9F539A6B6A70067F3FBE7382639F5902A4E381
S31AE04BC8C0C41B8EB3AD96F5E7817C35AC2A71BAE510AE2C99EA6E
S31AE04BC8D5ADDB5659327CDC0EA9D62EB97BE09380D5BD9CDE105E
S31AE04BC8EAAFC5BE0063D3BA4D2C0251AF044DEDA4CDF372BEEFAA
S31AE04BC8FF0C24114876EE0E6B44E7A3AE639D02468F6881B11090
S31AE04BC9146AF9231BE2B1F96B5DEB47AC6C36267970F24E6E8328
S31AE04BC92928AF7AF6901F8D6B0AB1D3CAE8C93A60DA2FEC366F9D
S31AE04BC93EFE7ED91C22B8BE0827850230DB9EA175CEAB4FD1D7C5
S31AE04BC953702164E4A12ACEEBD91D4234266CCB1C2E6E123CFF73
S31AE04BC968194DE0680144C5AD067D473873A35E52D86D1AD61F08
S31AE04BC97D0344DB6FA5D076E0736BCB953C77619C4EAE67FF2A9E
S31AE04BC99265B912465974DAEC48AC97A5C4C61E09EF56BE300F33
S31AE04BC9A71B7A0EF515F6788F9D26CA4B1B7344733F46212E505F
S31AE04BC9BC39E4095F8B96714D16577581BFCD3C3C5EDCFF864467
S31AE04BC9D1A1C827679084142D8490606A118DD5EAA7E9A3CC7723
S31AE04BC9E63599D57414D74B8EA7B51AB819465203C018D0BCFDED
S31AE04BC9FB17109C17BD7D053DF93B1F4DC787CAC36E84189FFB81
S31AE04BCA101583100EA8944625FED2B7A88A9D600851FE3B4923CF
S31AE04BCA2592614931DD2EFF5759152536666176689E0223BE21ED
S31AE04BCA3AF39C9D4746328864ECB71388C11B60A15A013273F6CE
S31AE04BCA4FDCE693678E4060FB967F782180B6A9F28050BDEC8242
S31AE04BCA64EC59D875A767FF2AF6CA4BAB4129B8D3E58192ECC96B
S31AE04BCA79AD3C1B829D8BC3B97D0DD7B907AC8C2DC02150B6538D
S31AE04BCA8E37534AB32BAB34BFFB75116A07B05C68FF8DC7642CC9
S31AE04BCAA3F5CE136F3343B72C84DB0FC3FCAC811A41DA91B2E6F7
S31AE04BCAB8EA37EB3A18B57CDCC5903C94D42A28319F2A40A8930D
S31AE04BCACD8085F68E72583CA332EA821D16E1276B9F3A70B2F3BF
S31AE04BCAE2E0488E5B7277D6D8086380F6A0629CEBFA741E085810
S31AE04BCAF79D230080D18F57F9CC595BEA007A0C509E92A2BBED4F
S31AE04BCB0C83A4A5E439064AC87B3C8778398DD942273394B9168E
S31AE04BCB2111C2CBC439E37B6689669B2C5EE702C476FC49522D74
S31AE04BCB361392B0F79E1EF5D1D845C3205D647198A4783FFE992F
S31AE04BCB4B7A66A3786587DD371970B941F0A591A4FC43BE41908E
S31AE04BCB6009CE7CE379733E68A6DFCF90BD1DB3BEC58E6153EDA4
S31AE04BCB758E564DACDBA589394FE4E01067BDEAB26136F5AF3FFE
S31AE04BCB8A2B6A26B795731A083DB7B2ACEFE88A1F5774CE3FEC33
S31AE04BCB9FC71BF737C24096FA2DCA489012AF2CA56F7313857063
S31AE04BCBB4CA67530F6DB73C538AA740DE15FD82FA73E91E5F46F9
S31AE04BCBC9AA09E64BAFDE69DC3D76C51ED7B43B05B0F7D6261557
S31AE04BCBDE6824C534FEA69C60211E8577712EDF07BB0D87C763B3
S31AE04BCBF3DE2D2C0CE8BD2D171BCCC4E3961D2DB1E0F0E9288749
S31AE04BCC080AE2B96D8EC4699DC28DB2BBD4460105402590865EC7
S31AE04BCC1DBE43A8082751FA46B9C4FF3BC8CC8816F701D08861CE
S31AE04BCC32E22776CCFF1316963D8C0BDD74D20F67F8D8C75EB59C
S31AE04BCC4735BDBBB2D7201B506C5C9AA2F409866CF4D55A416A25
S31AE04BCC5CBE29D7F37D275708167B8D5FB10AB0DC6FA6F193C2BF
S31AE04BCC71828A853618D4B5BE9EA0C3020773D5A5A2908960C97C
S31AE04BCC8604FF41FC42F22DC547CAE5E7F32A29972817BBB69BFD
S31AE04BCC9B75A05D0F9D25D602405CBFE4A8CABCE862D7658BAB0F
S31AE04BCCB0B56E22DA7F5864392DC6B0F6A163256A23ED24973D77
S31AE04BCCC5C46F01EF358B8F38BDA8F3F11E35C24C1B3BEF7C9F75
S31AE04BCCDA9D5ED7CCAC351FFAAF43D993611AE3B0985CCCAF5D44
S31AE04BCCEF280AA3A040F278FACEA20CDD22F3F8A486F6E34C0130
S31AE04BCD04D4C5406A0733CD279C2EF5B3D33E5AEB82DFBBC7FFCE
S31AE04BCD191F0A808EEE475BC1A26CE62489A1EA28CBAB978AA8B9
S31AE04BCD2E3BF406FF06296DAC2870C7775F88E99DBA72D514E209
S31AE04BCD4337D45D1305E7DB2545608BA1171841C800A794F57B8F
S31AE04BCD588F1FCDFEC4883625D80024416D7473E655A5C65D667B
S31AE04BCD6D9C81C424A6BBF60F51EE8B8AB9951D966DBE82F376AA
S31AE04BCD823FE5DA92956E1CE096338D6C666C28257D957D4A2200
S31AE04BCD9778109E3EE2F0A08906F13C21971BBEA5E0391214E669
S31AE04BCDAC45FCC50AE4651A70F92A76896EB1C753A50C0185903C
S31AE04BCDC162F4FE44D248024610D7AC74B59477ABFB664A80CBCA
S31AE04BCDD635C1FFAC8BEA769BFE53AD0367230D31C3025B364E83
S31AE04BCDEB7FE4BE62BACB509D14276E08E0F356035967648AFA88
S31AE04BCE006FB5D5095BE52C3AF82E06187401AF2DBBD901E7969D
S31AE04BCE158B03A7EB585798B2CFA8A9CCF36EEAFB831EACCA78FD
S31AE04BCE2A1F84495E6464C45F35947613639E42B006796BAED7D9
S31AE04BCE3FCF62438741A5B6D5D84F27D7FA9F96A2B38D826C2FEE
S31AE04BCE5466653A0E3F655443D6E1B734E502B47550BE61E289BE
S31AE04BCE692494202C4EF0A1CE1CE91AB3F2CAE5B8DCD6906621DE
S31AE04BCE7ECADE1567EA2AD3B4BABE8466263A9C11D947018D3062
S31AE04BCE93D1426046F53A57A434246C7319C75E36086DCDAED803
S31AE04BCEA8E0EE31143E20DE4AB115879FCF812253B235B5AEF4BC
S31AE04BCEBD85B428892C836A1CD1E2A854F1DABB7730BE692ACA19
S31AE04BCED2CDA5C6453D0AEB51E3085DB4D9E3B66CD823033310FF
S31AE04BCEE7E80154C8A5AF448C3C84326CDBF5EFA3AE9718188225
S31AE04BCEFC253DC7285DAEE530A499B1F06A09FA6CA4D5EE09E177
S31AE04BCF11C16AEB1BAF47F7F3284F0F837BCFCC07CE445F3BCE29
S31AE04BCF266D924646B290847E496F2D932AD01ED6ADDAA3449D85
S31AE04BCF3BC0C4F4B4C2A6BF0C36D464801A4261663CE304671B9B
S31AE04BCF5061C9B54145A6DC2CC299CEBA912A16BAA771673989D9
S31AE04BCF6523C9558896372D69724C4E83E1D1838B539EF50867B6
S31AE04BCF7A0072C745D267E9FDF2A1A1740A4E273845C85BB63E19
S31AE04BCF8F72B367AE70143E4496816B4428837A07AE186457CEDB
S31AE04BCFA41ED452F2D09B96DD6B1B36ACDC0D48D9110BB3E0DE34
S31AE04BCFB948B0B3B1F6F7EFD3D34D41F59C4BC8489D06DE765390
S31AE04BCFCEDF287B8C34803DD618A855D4831469797C593B44CEC4
S31AE04BCFE36BE73B054C86C92617807382EBD01413A1681F1EBC45
S31AE04BCFF8D7E9E46C5956835450B637C031F98294DF0479C1649F
S31AE04BD00D6F94FC0FF8339EDEC4A9DC7BD52E54D0879DDB6A8F45
S31AE04BD0227F755C07D9F564B8A3D2BB6B5D18F0532A671C333420
S31AE04BD037C058DF8EDC7ABA96339F7962E20456E26484B11C7593
S31AE04BD04C121AA1B46ADAEE995CC051277F452E2FD34E609C740C
S31AE04BD06164EB1D49608B3D60C831456B7A7337CD7586A12DC227
S31AE04BD0760BEC5BFB0DF096B05DBFE46BDE07FE1152EDE66811E7
S31AE04BD08B3C6387F85E9F3E13B57E6DCFB976D127328E710EF42A
S31AE04BD0A00C3C78B68E5F5C7DE9C85D0AF502D7F32BC4130C9295
S31AE04BD0B52E572202EE3116EC63D98D3A87995534CA9B72D6C34F
S31AE04BD0CA80F3D9A08EB70344D552C3B552F5B8BE13955C452BD8
S31AE04BD0DF63711FB2C5FF35DA9DA8A9094FAD9D68319DB369DAD7
S31AE04BD0F4048A5E8D9FE4C778D642C7E57344F6B878C7F1B1931E
S31AE04BD1090B01EBBB8156B731E6AAA50DF352AB45785316AD1753
S31AE04BD11ED86F21E470F2B8F0F4AE8FEF0AEB16ABB2964C3D24AA
S31AE04BD13340123FE22D81733A9C8C214C51F1A687C95E533843EF
S31AE04BD148C65CEE3D40A62B2D762B04B20544A2F3172857FC420D
S31AE04BD15DB647A7D5A255A076F51107B52E01F77C87A86973494E
S31AE04BD1720EFFE8E1F3A9CA165FD938CE678ED5071CEEDB97108A
S31AE04BD18758DDFC9EFC687E37126B32402EB410B4EDAD59669CF0
S31AE04BD19C37833D92ED1185C3B22660485F6751CAA6473F752953
S31AE04BD1B161B6F60039DBC109DC9A241EEC5FA572C5A12198AC68
S31AE04BD1C6C884A668D228D43C2E6F40DA7DD042DDF93F90C80C00
S31AE04BD1DB19CD5AD0AC98345F5FF0ACC78BC79FD49E9FF9A76261
S31AE04BD1F025B2105F6D473E3F08F65011FD238AFF00DDC746B3DD
S31AE04BD205866B8C7523F3C044B2DA3FBF1A43ECFAAFC9B862FE7A
S31AE04BD21A1206CA1F8B83523EDA036B1D6F7A8121AA351FE63427
S31AE04BD22FF845F2AFDAC8CA64DBEA97492C9516B116E89AF9AE9F
S31AE04BD2448E4EFF485F273F35E8BEDA6623F3E87E06B5B1F97F41
S31AE04BD2595C4D5191614E096557BF9D6212807241F22BDE702CF6
S31AE04BD26EC0566175B885938786325508CB61514AE447604EC5BD
S31AE04BD283ADB1FD0654C8DDCC4A919AAABF0B9090FED0B54083F0
S31AE04BD298E5C6128033AA1D4925C90262D4F8EFE18CA7084B5309
S31AE04BD2ADFAB2641AC1D3F27048B3FC1B04B4403E0BBF05EB6DAC
S31AE04BD2C210E8AC3DE974014B865F80D7034EDD47C3D13AF0B875
S31AE04BD2D707D2A2121B8DF5806DC9284612E99E2C63FEB80439A8
S31AE04BD2EC598EDF5447ADA96282712CECA824B5A2C33DC0D4D051
S31AE04BD30103EAF0B9C1182EDE7B4249B95A9FAAD7D413F980CA08
S31AE04BD316B875267546B8B05A98A1E3A084D122C679730FD04AF3
S31AE04BD32B0E300CD03B19456CDEE939AD6E62C91B0413707E3BFC
S31AE04BD340E79BE98C22F3CCB3B269D13F14D852EC4541C99F3F9A
S31AE04BD355E6C715B1AFE469F2E3E4B10AE0C8F5585279CB32E30F
S31AE04BD36AC0AFC2A01F13E892726A86075EA6C2374BEB54558E2D
S31AE04BD37FA2AD40AEB05EFD6B82255E35688CEA20CB2E01727899
S31AE04BD3942C6AE803467E2B912BA73E5D2FCCD251C23B675C59AE
S31AE04BD3A99F2285DAF07C7116528C88769D6F6E509E49B4A0E862
S31AE04BD3BEAD232DF4E92579EB322D9F6AA85F41A128A64C8430A7
S31AE04BD3D3E27ABA5783A6252F3EE4FA68A1AFB52E4FEB818639F9
S31AE04BD3E860D9DE2625B42591A5EF64D15D437907918A92C26675
S31AE04BD3FD064B127B967727C74D97865428C8D089E8FC6A391370
S31AE04BD412F403E9DBE1B980042A7233CC30DA7A87B14E58DE4AD6
S31AE04BD4273520CB42C8A4C8A769360706B2F7D4217469EC3393A9
S31AE04BD43C74ADC982EF28B7D4F48038F0746E5001ED9ED59F438B
S31AE04BD451BE1569F4904A98F9E16C87D0E21D4CC3D62977E68468
S31AE04BD4664BDB6F465CB76FDB157F20AA008B2A9CD6FF1F06F1AE
S31AE04BD47BE593589F2A35985E47667DBC7E72B826EF21A4E6FD5C
S31AE04BD490B220F38AE0E83CFA1F1A1A8CD0A1C41F8238F1B9B6BC
S31AE04BD4A5E60B44DC1C92301EEE0CA36D234B126157BAFCC78AEB
S31AE04BD4BA0732FF75C712512597A31C260B6661D8CF362DDAA25C
S31AE04BD4CF33DB669992A7A30A57453C4764C7ABFFFB673500B4E5
S31AE04BD4E4ABDFB2C3CA848B5AF90580B72D8C33582EB3EED72C85
S31AE04BD4F9A6A400292638C17973E1D01398759C755AF93C87AFC8
S31AE04BD50ED31DCEDE64E47F6D133DD244008CBD8A7968AA5251A0
S31AE04BD523E4ECCCB1CA1D7E3740D1CF2153744D3B5093EC53C89F
S31AE04BD538458434B24E6F0DCFBA3C4B10A0157D1CFDA2F53D9560
S31AE04BD54D8CDF65945FD80CCC22F05626B1C6201FDE25E37A572A
S31AE04BD562C3AF667C50800078313642E1C96FF4323CF04AB96D63
S31AE04BD577B3AAAE478E0BBD5C4FBB07F7ED0AAD25C77A48FE39D9
S31AE04BD58C8B24E45A7C06391FCEABE8A4BCE22805032CE7D45F79
S31AE04BD5A14D8D4A205F6BA94A095F8C5FF5EDE5639C90FF7F8795
S31AE04BD5B64F0A1EC81D89469294E8AD3F534903EBD07418048898
S31AE04BD5CB26FC13B0304A6E645ED08BF2E6288369CC366D71E67E
S31AE04BD5E0B0BC2538D8C534884E169E45A5CDF771783709D4CD69
S31AE04BD5F50BB6079744E52EA0107C5BF2FCF995785B53A9408B9D
S31AE04BD60ADC6502AADC885D5E1520A584D023D05E8105AFA6B4C0
S31AE04BD61F4830D5E1A524535D1A7544A215774B248B065A04B30C
S31AE04BD634D0D1A2B833E9CC03ECDB9110BA8292331DF708B4AEE3
S31AE04BD6494B54AEDE44B3A48347FD3D807CD5953A98804FA7A083
S31AE04BD65E8FAF0B7A4C3A7263810FB2994CB436BB0628EB0FD89C
S31AE04BD673FAFF677AC486BF3554535234F45D27FDCC4B49379090
S31AE04BD68837ED6BCF3280277C8B35B8281D78DAF56774C893E58A
S31AE04BD69DD4A210CCF1A896DCA4D07421EAE55046B269560C4AB5
S31AE04BD6B2BAF64D0D1399595D01224E314F6E4225F30CA9619166
S31AE04BD6C72425FD9E138EFE037B70252C27C096643C70209E7997
S31AE04BD6DCE99EA6FB014D57F6CC0A61349822CF4DD22E1FB459D8
S31AE04BD6F18F4771504E7B3EEB52FE93BDBAADFD4B2859F80B8A0D
S31AE04BD706B81AE4366F9084128527B3F2791CB34C30C69069C6C2
S31AE04BD71B44E6F2AB8C92F68D433DFA1288CC6107DE5E3A63AA95
S31AE04BD7303A15893B6523441F756AF89777A9DA1E4EEC6D77E32E
S31AE04BD7454CD450AAC6E26A0CEE9878E2A2119B39F3014743077A
S31AE04BD75A29221E955B32B63617BA759D26D2BA6D8D2D9FD711CF
S31AE04BD76F7513584D5DBA0272146C652E91CA3142C6DC51C0F92F
S31AE04BD78439EB6ED3A0DF574DFE4D6F1C0A398A5EC9DAF07E982D
S31AE04BD79909ADA61BCA895676B83991F9A957569B19C5ED258ECA
S31AE04BD7AE906BD4BE17E3FCA20D9BE76A31F8959C861E148CBFBA
S31AE04BD7C3955ACCB2826ECAAA8BE34B6BBE9D5A5186077007A67B
S31AE04BD7D8EE69ED63AE0212B9194FCEED8C6BF8132B808652E65B
S31AE04BD7ED716C23018D388BDBF46F4C55E9D4472706B24C8422F1
S31AE04BD802981EFD84F68571E38B73FEBE88AE947E072D174374D6
S31AE04BD817763D69C735136935AED8B72419155D2BCEB8DCD11B9D
S31AE04BD82C9D6EEEB497D1818CC8A08FF77AAA3BC8424880D1BCE8
S31AE04BD8413ACE11EC526499A7A1EB136FD921A2EA06A39969EE79
S31AE04BD856F70204ABEFAA727ED5ED61E30B7E74A4B8C146AEB88F
S31AE04BD86B0A27DF6063746AE4C8AAB375674E4E1B809C96386DD3
S31AE04BD880332A340FF5CFD16E56EA66223390BCA278A72BD9585B
S31AE04BD895915BC923F5E089AB8FEAEC4F918E3C1541FC4B7F221F
S31AE04BD8AA53293FE06E0D970DBDE0B286440869D63B6BB346B6C9
S31AE04BD8BF21E15CBC8982266FE6CF1515B585C94CF7AA6A3A5F97
S31AE04BD8D4C783DA09B8D16B4055BBFFE9579C1378019534E90183
S31AE04BD8E93E9E366F6540E453565A08DBCB2EAA4BE3B8ACDC56A2
S31AE04BD8FE5E8640FD456FBCD8D1ABF55CBEA1B12284B887B0D732
S31AE04BD913A285AA1F62E505F36D525ABB77FA6EA9548450B99AC8
S31AE04BD928D3CD5399EB3896DE9B9863E38310ACB2F00FD7590BF2
S31AE04BD93D781276262B30982606809A5767DF073990617F386E52
S31AE04BD952983C16C033DC9241C2FCDB5F43E91E8E41006F80AD56
S31AE04BD967E6B8C2D343E7B6E31219275042434CE27723B7B72403
S31AE04BD97CD8B6BE8CAD4C8E7CE92F66ABA500A2E2AEF2723EBA2E
S31AE04BD99181F553726E104790E03FD3EC35A916F60FEFF410E313
S31AE04BD9A6ED9C5494D01A951139E058DD6EB88CFEC2E42BC07239
S31AE04BD9BBB1FF1BBA88371CF2A5D0291AEF5C0211886333F1B6F9
S31AE04BD9D06DFF797BCE6943DC2FDF562C5598FC334EEF2C7610C0
S31AE04BD9E54629FCCCD53BD8E5326B9A46C7F68EFF77F32FDE4674
S31AE04BD9FA03D09EFAE06B5160ECF07F192C6C938CB3A91A01ECF2
S31AE04BDA0FF07E75519CFD6BA2A71FF8076574D29EBE37C00BF831
S31AE04BDA2496257551B02E6393642B3C7421EBDDA46F95EBF8B103
S31AE04BDA39A0771052C422DD5E70FDC7077B0AED16002D586CC792
S31AE04BDA4E83AD841EC7EE85D1E910A194F6011D0816205732C4E8
S31AE04BDA63C0C1B261AA6650CD7D4FC0D9E62F5691E73CED9C04AB
S31AE04BDA78C66C2134934D703A6C19F11596390CC378942EC5FB34
S31AE04BDA8DFB09760B05461E741CB2551D7EB6AD84E0C0B0744246
S31AE04BDAA2AD150842E9846EDE5823707E47443053BD0DE9863297
S31AE04BDAB76845E6F76C239E059E1AF99B932EFD7AAF7BCA4DBAEE
S31AE04BDACC6CF86219E2FD83D64BFF10AE301CFCAF0CF4E73A22BB
S31AE04BDAE1273CE77811D57C62C4EDF2FD57370D68D5D044175383
S31AE04BDAF618FE0A273185F2256DDBEF8B12C84DBFDB66E56CAAF2
S31AE04BDB0BC087D284FE3EEEAFD5EBF802DD3C14515B4B7FBD291B
S31AE04BDB20A6382FB70CCD74CCC56C4D0707503859F430155825BF
S31AE04BDB3503521F9626FF49BE12E7CBBAB7005BDEC80F4CCC77A0
S31AE04BDB4AE54F64317193DA7E94F9AA18C29D9FC53EBADD8060A9
S31AE04BDB5F2A5E0699170363998EAD7521C1295092606907BCBD5D
S31AE04BDB74DEE3C049F22873890A8548AD038F221D2848D7661772
S31AE04BDB89D8A33CC4B74B0D75486D4ECB31902C295725F2C671CE
S31AE04BDB9E9AB788482A3300B0CBFC7D169EDF35208DC642379A81
S31AE04BDBB340A62329B7E24915BF0C665F2535D402A3B412373073
S31AE04BDBC866C05BB4FAB7B8518A103D5297DFA601B6679816A176
S31AE04BDBDDA19167801C0E537F2D760C7A7965BCAD8BBCFEA6286A
S31AE04BDBF29892B2B0D349E976EE63755322D02937C9F37AD1C8AC
S31AE04BDC07F270FEE5EF5C7CBA4D0AB42045F659EE1CB3347BAA3C
S31AE04BDC1CEC39BC981FE947507CDF2F4AE74639DD8EF194EF345D
S31AE04BDC31491183985B022654134071A543299D4BD404286079CB
S31AE04BDC4619283BD06049A56181AE1AD1EED40891865123845753
S31AE04BDC5B4D0F60C01AF3E2490A52EEF82239BF462D3928CE11C0
S31AE04BDC70E3835CEB9D871AE7611B414DC8659266F422114D8B6E
S31AE04BDC8554B977D3F7D40DA3507C739480989A3262440371BAFC
S31AE04BDC9AC5D8C40E398B5C06CC1AE67722DF9A9B25E2B7B39134
S31AE04BDCAFB384B024922D71F36C76BCF0787AF213583271BA5E69
S31AE04BDCC403DB11E8873675DEF6B87572602A70D0679D9422B06A
S31AE04BDCD99D2281C3B4444379FEF1F42525DF0DB19F31436C48BD
S31AE04BDCEE67E80A9CA23F59807EE0E1B677329617808AD6D04AFC
S31AE04BDD033E31ACAF27B57D5FF28F310D181B25E49C5D0B3EEE2D
S31AE04BDD185C3893317C9CFB15258366F8316075FA7EB884D18D27
S31AE04BDD2DF97C75A0E7C1375D4C5EC50264B6B230AE747AF9DD0B
S31AE04BDD42596EFA67A9807960C2DD706BAFF831F6BBD163A18019
S31AE04BDD576BB07641AE1519ABC5BB41771914E637AA2729D3439B
S31AE04BDD6C8507F5C524C83480F9547324BFF7F759DEF14DE14D57
S31AE04BDD8121D58FE6A6D03DA7A9D2923DFB89DEE8F018BFC26D0D
S31AE04BDD96DE4CFA2856336FF833A0E2A44674A049A786D0A4A1CD
S31AE04BDDAB438B5CB0A3F011A4DCDC5C2CFD233A86B5582719E1C2
S31AE04BDDC09EE5C0F8E5AEEB672B58F1C02FDDA5EBB878FCDD869E
S31AE04BDDD52DD8CFB8A3C810AB03EF29E471433389C644423793D1
S31AE04BDDEAB7C02D373D4BED89D9FC65671D2847C11248EF0B01D7
S31AE04BDDFF00393A11BB3646E17101F8833A6FE90C3F17BC9420F1
S31AE04BDE14F1380A5AD1DF5CE5B0CF7166760E0516FF083ABF81D4
S31AE04BDE29DB49CE1527E1441E04625AB96B440D101B9E375C723F
S31AE04BDE3EC84901235C290C720713FF1E47721356F36E13B2B631
S31AE04BDE531B38954B982C6AE2A2180B03AC536F55421FEFF694E1
S31AE04BDE68F061A5D0016D5C1E5C89A93E041E680F2A60446E71B4
S31AE04BDE7D21A8ED81E74B7589E37DC891EE82AC292B4F5CBE6105
S31AE04BDE92C593D717464398FDE1F67714B9FCB6E1DDAB062AE898
S31AE04BDEA76E8B2E95F230110B4D44050DB8C1CCEF26E64FA84F12
S31AE04BDEBCBA39D662F9AB92C50A9FBD1B5B71476AA8C05883AF0A
S31AE04BDED1429D4308036EA84FB2B5010423C6E10BE32103857A32
S31AE04BDEE633CF7EBE4A09B235FEE9D3A3C99E463B2B06497B2E16
S31AE04BDEFB81F64BF8569604A1A8ECECC1BF4CE40FAE71AAAC9F43
S31AE04BDF100EB0D566010BDC13E0D47AC02755EDD5E051137AE10C
S31AE04BDF252ECEF2DC7533F3081D977200A8FE804A9118906E16F6
S31AE04BDF3A483F8A39D8393FDA4D57CBC0AFCF2209F012E88E9B42
S31AE04BDF4F0D45375EF1AB058AF007AE229E5144B83932E18003F9
S31AE04BDF64B9570FDA6B31748F0AED7EDF46A8C02A690775C87B8B
S31AE04BDF798BBEF3AD7F9805540964B36EE9507870DDC0E37A91CF
S31AE04BDF8E579EC762F239195D5CB32414FF1293CFC6CFC4B3DDEB
S31AE04BDFA350E740EB2C99558612DEBBFC5C8CB5173F7B88C02DAC
S31AE04BDFB833E1AA2650459C1DE85E29CE31207884D81283F221E7
S31AE04BDFCD89202CDE59E9C7091BA45D5E7ED60B4DB674B388D8E6
S31AE04BDFE2D59AF42B1FF4988BADC0AB415A8CE6759B3EBB4D3189
S31AE04BDFF77D1E72E989E160CBCDCFC415589FD8B79A2FA9B154E7
S31AE04BE00C05849A691462E60C3DA90310987B3C7BD5BD8FED47C2
S31AE04BE0214E8DA43B3858FA891D4D48D883A7C26883BD28DDD8F1
S31AE04BE036418843E5EEAB98FFEF8B4AE9C7222B61EDD29DAD1642
S31AE04BE04BA2758D1DD993065252EE8BA59401BEFCB59A6E710419
S31AE04BE060B2184B5BAA875482A5788BBB3071509188241AF7E27F
S31AE04BE07592FCFE625ABC413DEE04D3546015FF6FC1345E201361
S31AE04BE08ACC4F3EE66BE3F65D0C51AEC071707F6D0CE4DAD072CC
S31AE04BE09F9005A2664559E55C7F74EA43F7DFE40615F003242A89
S31AE04BE0B413DD92D0A9081C1FB6D9908FB1265460887B9234D90D
S31AE04BE0C9A88C2AF37A2F1F0F2E7410AE5614EE09215A18CE8D3A
S31AE04BE0DEF512E169D75499C75764000414794AAC77448FFBEFAA
S31AE04BE0F3FF4A7238EBC162D0592CC1FD12128F478B913D9B16CF
S31AE04BE108F8553902186FC226A29E935DAE463D114FBAC7A253A3
S31AE04BE11DFBDC082C2337BB453086D73BB843BCF6F58D499BF686
S31AE04BE1320AE75B66FE4822FFC2A33018708983C69B7EE7F39A12
S31AE04BE147DBCA22F3B5A2BB47AADACEEE8C6C4C03483B02E88308
S31AE04BE15CDEB991BAFEBCCA816FB84DD5CF553A3D395995C8C6FD
S31AE04BE171D483153B889AB5E2192B66E9852B1A3789D426AFD46E
S31AE04BE186D846DD563312564B7A8C186BF57F8D681F6565032519
S31AE04BE19B7D933C921FDEAA081B16B24CCDC9C712140B44492344
S31AE04BE1B0A8EAFD37DA7EDA6DDE31E7207E3DDD546A584A20A0F6
S31AE04BE1C510D67F485B64625315C702D1B0F6C783CB681E4A0EAB
S31AE04BE1DA89446BD201AA13FBEB5F3EE0EC099C4C652B92BFFD19
S31AE04BE1EF5D6805FAB3D68FA0B629AC618555D7893091D7A49676
S31AE04BE204340BA4105C7BDE00A05C0B2044EE6295B8432BE78B44
S31AE04BE2196E2887DC4188182F84F2481D9A3D032D2FB676F0F990
S31AE04BE22E1C9478F6D073C6CB52E8431A9DDC4E31F7C847BBABBD
S31AE04BE24305A56D74A9C8936953177C76580747AEF75B0D3173EA
S31AE04BE2584E93191EAF0A2C3CB5233D86E8BFCF14D9C69F3DABFC
S31AE04BE26D78375F935F57F5D248A8955DAD6E683EE1EF72017DEA
S31AE04BE282DF954D899457FFEB344A7EC9D3317951565B0327DDEC
S31AE04BE297EEFF6BFE971B7633ECE47A5CD0FE840AE3C5EE57F8A9
S31AE04BE2ACFFDDAFB169FBB8623416A1B974EE192D9AF22825A0AD
S31AE04BE2C1B563CABA7E4ED143E9E580312D51BD1A3EE04697FDCF
S31AE04BE2D684D32B43C87F4B9748BF731FA8AE0141E3547D1CFE15
S31AE04BE2EB8518BCBC98914389F8E2C0B9D17FA4D12AF14F4F2CE6
S31AE04BE300FACAD7B236A0991D57B48C03F826A401CCC22F07C518
S31AE04BE31535382C36046FD4D198DB8E204E8E742EB6331D17DD42
S31AE04BE32AA97544381CB44CCE7FCE5D7B9A6576567ABFCC0BDF4A
S31AE04BE33F25BBE05A2F877C74CF7EF9DC4C67F1F55D34D2E81FB3
S31AE04BE3542ED05E248DBC09255CF1CA1507136E088E137FDA8E48
S31AE04BE3692104CB1343C2ED17B23C9C8064FFCDE7741B68674F94
S31AE04BE37ECAA4793A6F4AA64322A963A9C7FA0BE8EEC827332FCC
S31AE04BE3935B5EDB61A3F9EA9C61C40183CE441B847ECA02AF805A
S31AE04BE3A85DD5EE13410B5BDC05B31E2EC9DEE0017FEFC7895DD2
S31AE04BE3BDA6FE2C1A13DE614A086D8B1ED2EF49A0B86310F3F3BB
S31AE04BE3D2018A7F027AE3C84285E3023BE50C17370B17090BBFB9
S31AE04BE3E79EFDE95860AA779CBA59A4CF246C69CFCDB7AFF92459
S31AE04BE3FCA978D04A739C622FA11E262FA8D07282D514745F853F
S31AE04BE411EBB541E0F2909064C6E14B03A021E5D3C9A7D30F5975
S31AE04BE42629BE7C6D2FA499FBBE5836E55CE97A2FE416CDEBC0E8
S31AE04BE43BF9C5099FC1C43CFDCD1A549455F54B1059109ED5ED3A
S31AE04BE45022726C056E91FDCBAEBE674A14F61591FBC9BC833AB0
S31AE04BE465FAE7B555412230C40C22711615BAE7915D32394A0120
S31AE04BE47A4EB3E739378CC90B4EA04AFEDE88FBAB40B0F9789F62
S31AE04BE48F2456F14F4649B119E639A2254C55901309E8336F0176
S31AE04BE4A42F10C002E494CD4655EEF7F713D02179D09ADF5DC58D
S31AE04BE4B9EAB44CDD67FA131AE1225A0D10E3AC4D12A014FE0F9F
S31AE04BE4CE80EC522A1CCA16D69886D50190041FF685C346F42807
S31AE04BE4E390C7002064B6F68753263B1D985BA9EAB1F0B5FA3509
S31AE04BE4F8A0085407F2858E022B4D5956ED3BF07E1F3529C3E8EF
S31AE04BE50DCD603B4D2A097408B82E3644BB3543818E2797955718
S31AE04BE5221A38850A8276DCFE0D572347231BC59DDAC682E8295F
S31AE04BE537D6CC88C2B525206F4F0A93BC311AEB1A025DCB5CEAE1
S31AE04BE54CD1348EF9D2ACA209724279D1973B41FC61AEBA1239B3
S31AE04BE561806DD21FD1DFE151F66AB98BB99E51F068A4FDC0535C
S31AE04BE5764EE56121C993874805BECBB9572B3610E87FBD06D571
S31AE04BE58B4F224503DE1D0B6F9DB0A6A40B464A0EF696AFBACC1B
S31AE04BE5A047EACB2864214BB26C1EA847E979B4BADBE6C572242A
S31AE04BE5B5E8E25A9D15E523E5309554418A3F0603B232D586648E
S31AE04BE5CA3B41143865B70C92998315103FF220957C4A1DEB9400
S31AE04BE5DF76802760250A70B1BBB155A2AEF2A370E0F72FF10913
S31AE04BE5F4239A07677A69CC8DCE659FCB060946C25911752AAB12
S31AE04BE6092AC5B7AA3F6176E18E3ACE4D16DF5D81164D899692BA
S31AE04BE61EE87704945B334E062DD7CE5DA08562A897E75B5765EA
S31AE04BE633ABDF2A40DC31D8D35861D882B2507927F875967DF8C8
S31AE04BE6484212A9AFF938DE84A82549E64530D98E60FE380016C9
S31AE04BE65D9B8335AEEA35D66F06E9F8694ABA2D8C4783F732D83A
S31AE04BE672ACC0B5F29E95D75F733FFC557A7CBE860FAC2B762B22
S31AE04BE6873B97877E62B66F6F81174EEBF0BDBF410ADD58A9B862
S31AE04BE69C5867D860E294031C0336D41C1A4D51F56A945AEA6133
S31AE04BE6B129FC48F57A1A306A16C13DA839CB835B8FAE4289C726
S31AE04BE6C6C753C9F5C8F8DD86D72E0AF35771C02CF6BDFE8686A0
S31AE04BE6DB14BBD619E1FDB13845DD3CF6695F9CD48912E17FCD20
S31AE04BE6F0C98C35BC623ED8FA6D153D6ACB1B62E702ED0B353A6B
S31AE04BE7057D62C81DF48695A7481FA3FAD1E8F91A0F161AC3FC86
S31AE04BE71AF1348C0D20089C59F9F353CFDCC2330B368DC1076108
S31AE04BE72F17B0A494FA5D90A420B7F7256CC8E2D1DB5257C509EE
S31AE04BE74432CC409606F92EFDB3E66441C10BFB8151B3A8C3B6E6
S31AE04BE7592ADB33C3055FEAE7FB7F9EE980161DF2C6F9AA26EA2B
S31AE04BE76EB2D0461944343976B506595BA75765F412EB8FE9B56D
S31AE04BE783F316367B157BAEC82C548F94607126C7A4EB33C20BA0
S31AE04BE798EFCBC5329E00A529336A1E18D34DA1DA5A92733A8691
S31AE04BE7ADB0F8FB59DD3E28F54987CE08E40DDE872B2C6F87E7C2
S31AE04BE7C27C0BB6597F991DE7230E8EDAB736E4B1D19F7905F75F
S31AE04BE7D71C38CA980F7A3697CE87EE4443A1737288BD5F17A342
S31AE04BE7EC6E90879C9D5A72B5B613F3EE4FBDDEE7269C414F8C4F
S31AE04BE801E8B30F5D016E725C38FA0D22A512D210EE640555DA0D
S31AE04BE816A1B1024B31039840EDEEAD5D54C757244CA63FAB2D8D
S31AE04BE82B30084A0D554ED87BD7740D3C046CD7AB7DF5AA7B51B4
S31AE04BE8405D3462FF2F55888C6CB03A37CCCE7C0EFF5F0A443477
S31AE04BE8557FFC36A73CBBFD9BB416CBAD267C64E96DCF201501F3
S31AE04BE86A9DEA1F11F5E120A124E46212BC270D6867189DB24236
S31AE04BE87F97E94E04898156C1A84FBCB52F03DA85F9A29EBED0A0
S31AE04BE894CDDD81D9A5CC12981154BE79A687EEE1AABCDE599456
S31AE04BE8A9ACDAEC18191E183DABB3199EEC3F6830B158589678CC
S31AE04BE8BED845794475A1418696668100FB47247DAA0D0EA24155
S31AE04BE8D3FA33F8417D72BA9164B0ABF9CAA02212115A5B803093
S31AE04BE8E850265D1F222F065A99F190283CB456498B8A9063C2AC
S31AE04BE8FDFEA7C068479A625BBB815FD011C48DEFD78C87578FDE
S31AE04BE912F004FCAAF6DD968E6F0BAFE1E57EB42677BD030A1096
S31AE04BE927C1CD321E2C95F0A5A8829649DD6C2CAB20F64B3B7B36
S31AE04BE93CDF94D68727500D5959A32807CC9D59CD8045BBA53CCD
S31AE04BE951926E3C8F1DBE3E3E323A43ED3F1F5874363F64EA27AE
S31AE04BE9662B805213E9884F1C25E3C8C172364E1BE9056A40E85D
S31AE04BE97BFF94CF126E2BF0FE1A9BD1AEF03366BDCE6A67CF8DE6
S31AE04BE9904507473042E374D9FE9ACA3FEADF4AB4E3A2EFAF99E8
S31AE04BE9A58ED37E5B4EC0AA56F89E8128C6B8CCB3D41A3A609A86
S31AE04BE9BAABD2385BD5EECD7853966778FEE241300453C397E74E
S31AE04BE9CFF19684C547DE9F0AE70133C504EFE09427F017473573
S31AE04BE9E4A647E2F9B53F38E40D0E3F5AD3653AD9419A5B503060
S31AE04BE9F913A7D32A6E68C93B7AB4E402139E0808BA3564528944
S31AE04BEA0E43C19C7B39D71B26B0D73BE4E7606411F6ED9B4740EF
S31AE04BEA2301165163136EC3C48973032C02DE0139675EAEC4FD61
S31AE04BEA38FC29591C3178DC14B258E953F0B223C2CFDC63DA713F
S31AE04BEA4D7107005C96F02398C86B97B068E144D16E40ABB75A2C
S31AE04BEA624F00E22DFF9B6628335162AA580C88346761FE003F33
S31AE04BEA77D784756700C5BD7204873335897F444263F94639E7EB
S31AE04BEA8C3CC9D10877DBA0FFA135294BE736D1FBEBC63CBB8911
S31AE04BEAA1C8599360D8CDDA5DBA9C8F364943A6065368EF319081
S31AE04BEAB66433C07FDF7A704921E24DA05D906D2A19ABB0445EA8
S31AE04BEACBF3C23892092CD40D567C0383A8A4CE7EEF7558638BD6
S31AE04BEAE05295B4F103E5B98CBBCEF32C6172048C785376AFD369
S31AE04BEAF5B1A04C41ECF729128AD05ADEEA4ADC43CAACDE30DC9A
S31AE04BEB0A7E8BE14BF2E7E1ABC32798EEE5A63879A17A4BA30472
S31AE04BEB1F00A77B8F3F716367375ECA8EFC22AF8EBFE16FE4E268
S31AE04BEB34DA635A2B3104AF39D5BE3F1A2E97B734E5A8392C56D8
S31AE04BEB49A97A20DB11189E1FE1081B1551E0FA2EF7895FD5CD8F
S31AE04BEB5EA3D6498AE1440135333C59A8444550CC70CB9A8A4313
S31AE04BEB733B0290444BC76C15315DC175F3AAF77A873944932E21
S31AE04BEB88BE3C3880DAAB003B54CEEDFE50B327CEFABF21ADBF8A
S31AE04BEB9DE56574430C01103A13AD980ABE33EBE9A4AE98725304
S31AE04BEBB25790CB0914D635ABD64679257AB6E134264D19FC35DC
S31AE04BEBC7020E9FC0B7192F8BA2A4B054F1D94B5E3380E571F455
S31AE04BEBDCCDEB332472337BC97E1515D8319AD2BBE64E8DA2E6DA
S31AE04BEBF1F07596023D9CB986BFEF164CC7AE80F3AC8C79BF77EA
S31AE04BEC061725CD207C5FD2FD9BE31A76CE9DC3AD35358705E531
S31AE04BEC1BB1C59FE2EF6979C0C394997EAD0BF732929CD7BB62BA
S31AE04BEC30FB38CE1458A976C792828538714D1DB08BEB8FFFB338
S31AE04BEC45F104EBD779F19D10BD628EC032C61DE1119BA5AF3424
S31AE04BEC5A49F36EE6538EF3DF73154FFDEF5E12AF4CD32DC63409
S31AE04BEC6F55582335B61D05D9F492720DDADB0378019536AD46B5
S31AE04BEC8474F34982820A6B69EC526971565F741B5FC3F70C77C0
S31AE04BEC99DD444FA891BCA7E8D6FF598C7DD141E5519A85405211
S31AE04BECAEAC7436E958C7C08CE46699E01E9C967DB8C005E8FF82
S31AE04BECC3992FA449F46DFD9AC61ACE785F2228EAED12240BD5A2
S31AE04BECD8525FCCCD757CE60DCE33EE41A68B95EA1785B7C62BA4
S31AE04BECED8810E583AA8C37F9495246A88D41B84011719E8F3449
S31AE04BED0220468220F39A730A38D71425426F41B70D6328D3C796
S31AE04BED17C1E9EB89B8C74FB85809A54FF6A3CB78DBDE03721C97
S31AE04BED2CF9DA70A5A03CA902B2992009726117E88EB181FCFB35
S31AE04BED416AEBA55EE7A8FC0859A2EF4FDABA8A3DB88F47F8AFD8
S31AE04BED560E8F36B478AB8DFF53B46005B4C92DD384EEDDDB240A
S31AE04BED6B52FF0F546BF27A8F9CC749D586C69AD153C4FF51BBEE
S31AE04BED804532B4DBCEABE2E5BF2B31D49BA22C8C6E6F17E488C3
S31AE04BED95B78473A43EA2D9258CE94B3AB63F187D0008963B6546
S31AE04BEDAA8A1E59A07B5C2E11D2B41359CE0778F2F8783729B5B6
S31AE04BEDBFAC7D5F15B79C2ED83929A05F3B64C0BD4EDCA021C4EC
S31AE04BEDD4A8AFFE8590031E45034392C69D4BFBB16419231678C9
S31AE04BEDE98485215678BE907C054C810F3467B19F9F9AF9FDDA4D
S31AE04BEDFE2EE6BE216E83BFD918F6405CA94047094F5B30CB616A
S31AE04BEE13208FC8DDF8FF01FBDA60559D74FDB19276CA0C5C29C1
S31AE04BEE28B0AD116998B3190DBE236102D605D96B0EF4FAFA867D
S31AE04BEE3D10985F9698766A407BBAAF0391AD5E2240E67B9D0E49
S31AE04BEE52DDD22317EF45B887A6A39D490C7FF4539BB0F5367E29
S31AE04BEE67B8437507DAE9ACDE878527846AB127018002335F474C
S31AE04BEE7CF2E4FC348A73E48A3C22DDC3CDE26F3332633733622F
S31AE04BEE911C3782A7608013168FA0EBAF6016374D70D1F55F5707
S31AE04BEEA65E13131B51164524C9CCCD61663580AB61EC1D1600AE
S31AE04BEEBB80F314E5BC6A2F1491047076E0D50B92CBE8507909EA
S31AE04BEED061A96D749EB7670A1D4C0638EB7FAB5C58DBCBBD6414
S31AE04BEEE57F447426425918F7DC07A6633AABD99E3451E8841A8D
S31AE04BEEFA2FA3DE92ED29E1555E47855C5C3254DFF895D26FCF60
S31AE04BEF0F61D165DC8D2EE775A0B556A97399FE2922AD693DAE88
S31AE04BEF2493FD33F79C217AD6CCDCFB4C1D3C650A1B43DE965EF9
S31AE04BEF398FC657E2B36C3B2475BD3F6C21C4C79F745CC8157041
S31AE04BEF4E1AF10625E1388B741B1FAF5E92134A589E650778DB44
S31AE04BEF63531EBDC9C00855BF87428F7E53B1B78D0DA304F1D3FF
S31AE04BEF7865442199A326F9424B3AF632168C2C0C5FE03952F4A7
S31AE04BEF8DAC3F3C4EF07289FDC446297FDFBA3FBDA8ADA479D94F
S31AE04BEFA23D1D7CB5D71C37C739D317A6C0EDBEE98CCBA8425DF2
S31AE04BEFB78A4C8D26A2D568916F09DF92B53AD56C97401F4DCAF5
S31AE04BEFCCAA5109191B29F73BF6C1E1B4C311436555BDB4259C1D
S31AE04BEFE169E3031CD6B8DBC8F3C88EDF8CB43633CFCD6F053A33
S31AE04BEFF6DD0AD7F565EDD38F94DE222E070AF8A2028B89BEEA43
S31AE04BF00BCEC5BC8A45092BDE6CC6DB787D91B01CE8F6D5DF425C
S31AE04BF0208B1AD0F3888FE3C9A5641B2122A44E9E0E63BA739D4D
S31AE04BF03505437A3E76B4736423CFEF5B9EA65DF0EB0D42BD12BE
S31AE04BF04A75B6EEA102B5580E27F12B365E4AC5F8FE49C7BF2DD1
S31AE04BF05F02F16A52FE4466745B66B4E5AF19ABC2B16633480C73
S31AE04BF07442D422927C6CF509B700B3D62437D77AC4A582976BCD
S31AE04BF0899DC0A48CCA7EBD7630499F0FFA9F9D450EC1875F37AB
S31AE04BF09E554A0915BC2594D885EEDF85C8B8EF19A0068FDAD3E1
S31AE04BF0B3B0DE92ECBCEF6D83E655767E65ED0DA15884D04273E0
S31AE04BF0C8EF3BC45A0AF79CE7D35FAA42B0ECA925696327283C57
S31AE04BF0DD455FBC5CF8133C9375A78A981E8ABB297384ADCB1905
S31AE04BF0F20F779F02E4A46567CFFB54BA0FD44F8F52FD8ACFD04C
S31AE04BF1079C405CF64D489A0C416D00E43D64EFCF09FD74C32B00
S31AE04BF11C23348E0CBE799952A45C43A335C284E6831972C9F18B
S31AE04BF131B0D6728AE84FD9614CD051160C582529B410C8E48977
S31AE04BF146D9C86E2F0B0DD15EB614A7FD8D18FC94CBF773B1BDB8
S31AE04BF15B6419386FD6CBDD5E04285A251E4155D030426136EF47
S31AE04BF170AE8DB67B4866C4E7141CE44DE67904A29A98BBF48BC2
S31AE04BF18591EF7489B4A992271381112A4109D8195F7439929B6E
S31AE04BF19AE286D146FFFE5B8705A07F474A8504A984BD24D0367F
S31AE04BF1AFE1A4D790748794D4DA493A0B248BEC838F10704D9059
S31AE04BF1C41A819C571BBD5949A36BB0A18396015050D36C3F481E
S31AE04BF1D9A8A22CAF939058D9629E775F58E9EC7266A44315920E
S31AE04BF1EE63703850EC0F3A19041E49074B68E3350BC57F6894AA
S31AE04BF2031DEA8323F7FB8ACCC30D358C3E6AF9974C2D06A4CC18
S31AE04BF2182C7935F968AFF74F76D1BDDCD2E0BE217B7E27184493
S31AE04BF22D771ADA1F4621E98A52C70429BB4C473B40137E6E1C0D
S31AE04BF242CC9B24363B4F8F70F45C9AA5A073D3876B7198289E06
S31AE04BF2577953455904F1255BE8EE39E6BE3730C9ECDDF26A0981
S31AE04BF26C01155D0999091AD6B0D1D951FAE25F388DDB50065B17
S31AE04BF281C57D7DF5BE98E9C2320BE4D59C5BBFC04B498875DCB9
S31AE04BF296180FBD34560A973C0C07C502C1C325E9AEED0A33287B
S31AE04BF2ABEB6E726DF4296890C95FC12E0F95376AD5131DE1DEB0
S31AE04BF2C0E3B5E9F8E4B1F69040135F7EF8E0217BD251676C4199
S31AE04BF2D52D213D1B30996E607659E4019E773A3C5614E0B6FE79
S31AE04BF2EA64752C085381E7FE38A051BEF1BDB136F9C2B3DE351B
S31AE04BF2FFD687EE837A8674B4054F73E03A3736B6D7A1A8908A95
S31AE04BF314253A5B913DBEAD711DDD55E67DB9554B045419BCFD1A
S31AE04BF329856985FC6154FF3B07A79E3605AD488AEF608B7013DD
S31AE04BF33E3131F1DC487056D88F6B5A8516BB292920FBB566F052
S31AE04BF3538D0A9521DE004434D15AFF7BC885C705D836A88C2DA4
S31AE04BF368AFEDE22C379A58037D3A55085986769FE2D5847D0ABF
S31AE04BF37D88AD60EB3AD001A79F55E4CB3B37E8AFEC2156F4A66F
S31AE04BF392BA5477C685D3DA72D6B0E99D94B334D19C855673EE16
S31AE04BF3A7F3AD9006BD07DAA5E88BF8CA920461A4CC4B20BF974A
S31AE04BF3BC2DBA387A426DF9FA421490356780943506C3C74FE93D
S31AE04BF3D1565D1DFC2422A53A0C32775E50906A3B1EC1D82EF197
S31AE04BF3E64A747E69EF3637B3947FFC194C1B7E3D532486AB62D9
S31AE04BF3FB2B77F00AD273CC0043F29B63177D23CF8FE725EDCA14
S31AE04BF410DB4AE09018A19BCEA4BB64617E97A69D5B60984F3CA5
S31AE04BF4254526FDD835ED132024D211E1060317464F7562FBB6E7
S31AE04BF43A7B851328E9D8F1A8918064AF52B9263A2744B5E9005F
S31AE04BF44FD466B96F85609F90A7BCAC8A60169B394B2C3F7B7E6F
S31AE04BF464286945EFB1B8930A268D8E1205A68C1B1687B7F25359
S31AE04BF4792714813C6138332B61B6053C18D96A9B6E6DE2299694
S31AE04BF48E482E9B7A9AA6C1B117566A00911703061FCBC8C26B94
S31AE04BF4A38A368A1712ED540B70976635431DA4033A38AC86888F
S31AE04BF4B8D63D6B81BEE2C54DD97D68936ACC8535CC03CD59C661
S31AE04BF4CD6F165B279A18CB9F4B5BB9D588DFC731344D6C1D56E3
S31AE04BF4E2873616FA5F718DC0D707ED537D02AFB25736092DAD8C
S31AE04BF4F7B23873974FBC1472478F4C65F4B5C47A393A2674428D
S31AE04BF50CB14FACDF62BF05B4E8F157B6D238A0CA8298BC61D6ED
S31AE04BF521BCF4621A5DA50E8867C367909F929C7C49FA8B0B821B
S31AE04BF5365FE9181159D8CEDA95BD2E600543CE331EEDD04F48AA
S31AE04BF54B075B249B3E3E8111CD9F66504BEBB57AC4696F95A5EE
S31AE04BF5605A05491B9B0562D0E34F75F84FD2EBEFC09AC366BFF4
S31AE04BF57586DFD54A588F26129CC31B7FEC86F33F42B503924440
S31AE04BF58A6671FC8AF3CC666D413DD6124930918E2948AF249971
S31AE04BF59F9862ED45A95B2858B73B5F4C1B211A3DE1AAFFE6B422
S31AE04BF5B406A2BD236BE4116DC7000AFE013CE94754D44808E127
S31AE04BF5C9ACD58F1D6B002C914541EAC810E327538F5DAB577B99
S31AE04BF5DEC721AABCCD4710987D25022BE86BBAF4B1F353AEC2A6
S31AE04BF5F3EC4AF10E3185D5A8345A62C532C2701C28595B37BA68
S31AE04BF60865FD3196D999A22B2092DC64DC7C085321BABEC6C58B
S31AE04BF61D5C85CCF60F3E6ADCBB282D625A472BEE4319FE40F5B6
S31AE04BF6329276F8C80650809F3BC942596A0850EFA260780AD1B0
S31AE04BF647451B18DD3628F60048087FE585D57ABB42FAB37E32F2
S31AE04BF65C7DE1B7836C0DE11A7168419149401C00C630A407B2B9
S31AE04BF6718AB9D8235FDCF0398D08C206675E624F4E0D4BC02553
S31AE04BF68682ED53DF2D102EEF842E22F6B201EC568CE2627FC96C
S31AE04BF69B1A1BB9CD6B5B5F7DF02A63544F89D2E975A6DA3FE54F
S31AE04BF6B00EC305A56136BB7CA4EF070CC997F917A7689CF6DD37
S31AE04BF6C54B5F3DB74935C32C4DEC506D7BE6942F774077B7FBFA
S31AE04BF6DA509F71840DD6D1B43ED0765637D06CACBF8E039B04B6
S31AE04BF6EF888433905839E58E7685D3B001148ECC4345FC4998B0
S31AE04BF704E3E3DDFFDA3BA273E2AA4C89349F0C3B64AF7C90E772
S31AE04BF7194983E0DEDE9ED4B15BE52A12BD399F326B4D0673DCCF
S31AE04BF72E8D6448830B32657D4D83B4495913B4C6A1598845CB75
S31AE04BF743A3C8BE8548A53EE250A5493B60A8B9AFC86DD08577DB
S31AE04BF758B1BDCC9D446B60601F9F93BFD6B210196DAD0AD6C6A4
S31AE04BF76D4471182C4CAF1EAE69CA21FF9042D54ADBC301C0B43F
S31AE04BF782E1C1950B0416210C3390BF94D11036B31D849A055345
S31AE04BF7970468D5F3864A61878D81CEA76A5602E407F2CFFFFA56
S31AE04BF7ACDF34C0FC2C6E55D6A3A4D995CC396FCB9EC0CE0DA0B6
S31AE04BF7C1A959490195D88A0D199F8E0E33358DC5FE6ACCA4E2EA
S31AE04BF7D6BA77C1F6CC9A43D6D3ED53444B6F81DED9F36B3D831F
S31AE04BF7EBE51ED599465853ACD282C32349BFE989F1CC5840F2CF
S31AE04BF8009A32D3AB808FA390F0AC5DD6672BC5DA95A335292F71
S31AE04BF815D8FBC286017921971AA0E5ACA10306879302391F698E
S31AE04BF82A4DC72392D3B1681F8C2B6F491514B06779D368433DE1
S31AE04BF83F1E3737375C686F21F45A6B8F19D1D6ACBA2A9EBCB7C3
S31AE04BF8546A97A4398E1169B83FD44836A79A903067FC74F0DE99
S31AE04BF869E555AB38C056BFCE76AEFC0F4017006E2E5BF2B986EB
S31AE04BF87EDCBDCC05DF8AD03CF855AD9D94E833B897BE6CD50EC3
S31AE04BF8934C42EC0AF4C5D3D96288410574DEDD4E09500EE772D9
S31AE04BF8A89D817DF696CD20EAAE252444885B229BAB8CC0BCCDC1
S31AE04BF8BDE25D7126B538C615C6BA6411783443966512F37F4EB6
S31AE04BF8D2886B24BCF9948F9F00A6965A7A79F00AC660447429D8
S31AE04BF8E78546138ECAD44472665BE0E4CE788460747485275781
S31AE04BF8FCB42CF8909E7B4E6B4F489DCF569368B47658F48F4EE5
S31AE04BF9111AD1F438D1290E294CB336D4BF4EE18A4D6010202CDE
S31AE04BF9269C228F34A7173965BB99C12DF12179E886CE3A66769F
S31AE04BF93B5CD798BF25DE3809B0777FD94798EF36723EFAD94969
S31AE04BF950AAF8D002F1BB3DF8CDE2F01B693E3661395AD4EAD102
S31AE04BF965E7D878F26501ABCF2B0219F98EE9A1D103B302BD6056
S31AE04BF97AF66D39D8D59016E8BEFF790AB87D1DA92E53534EAF64
S31AE04BF98F010F8D8FCEDF2F1E29DA5681948AE382399F669000E1
S31AE04BF9A4E3183AAC984556F3ACC7FD6944E411677F5F507B00F4
S31AE04BF9B974CC03E474DDD0741C71965995417ED2359458DE109B
S31AE04BF9CEBE3B60DDD03AC98CDB500DD5D4C6AA8266E838897EFE
S31AE04BF9E3D7895CA22D8DBE88997C7299630F6FF026374EB977B4
S31AE04BF9F87DED6D3F020EF053CB5FEF46FD6B9F0234006E8AD1FB
S31AE04BFA0DBE50FE17AB97095CF7CCC16156E3378DE9174857FF69
S31AE04BFA225A3E0E816FED2BF829853A281E527263A7FF1A064499
S31AE04BFA372936D0A5051C9E4E9FBF0B422BD4045AB786D602E9A2
S31AE04BFA4C919E83FA318FDC0176F987CDC7D69F41485BD7B18739
S31AE04BFA61E7790F73FB4768D33E0AA8FFDC23701220C33C12C996
S31AE04BFA7634BCEACB3EE12839D9DE9EBA149C53B811632F2C3A52
S31AE04BFA8BB8464C9AFCE3CDA5BF0617693F825580259BE27C59AE
S31AE04BFAA0868B26E7BC05081529F9653AD3FE16911BD8E557C8F4
S31AE04BFAB5DBECC4F85EC9EFBA61E19BA93A2D72CDE12CE4EF1696
S31AE04BFACA605063C5B4331DF6440C37C30D4CCF747F8AF038A964
S31AE04BFADF325B5BFD30AACABD0C78F87C7A9C074A7392BD77BA49
S31AE04BFAF4FB679F656E971C2828FB4E90B1CCB5794A3B68599398
S31AE04BFB0931C58307E363933546C97462317BB5C400555B7ED41C
S31AE04BFB1E86D4250FD33EB083679535BBAB74C7734E711B270F7A
S31AE04BFB332F36FEF5CD95B1D235C6AAA2B1ED6BCE4D6F56310FDF
S31AE04BFB485E165C5099ADEEE7820417077F13FCAEDEBAC9214D8D
S31AE04BFB5D5A82BAA96924AC39F6279D1B9493D26518F792855AFE
S31AE04BFB72C280A0E1B554F2DFC863B79A04E92EF9C68DF73EA0F8
S31AE04BFB875624C614F49232D10F2044968C98AFC87EAD13FE6D0E
S31AE04BFB9C568B25DB0F060167D3000155CDE375B6955218A857C3
S31AE04BFBB123C6127BC85990931126A7BB72A5CB9D1F42FE01815B
S31AE04BFBC6FA048518CD5B71F6144E07FDB73B1F046DF7B873FACB
S31AE04BFBDB6AA0A06C513D960EC4CC2B8635A35B788F6765920CB7
S31AE04BFBF0F9860E564711489A0F1FE2D182345CC9AC80805734BF
S31AE04BFC059BF04D754C6BB2DFF3303436C76ED2AE07C83B6386EF
S31AE04BFC1AC94B4D66FFAC0B4D4FACE2AC7E9E3C68D93A80B78FB8
S31AE04BFC2FDD6C0E02F62DF7E1207F3837683FE5E9323426AC0C74
S31AE04BFC4406850A5564E8B3855266A260D4671CA6921D0F47FE52
S31AE04BFC5954091B280D658E59EF7BE308ADAAE0937339EBEDC702
S31AE04BFC6E6ECFC7DCF70DF476B2788936F9D50FC9A780A9077E1E
S31AE04BFC83F78CBD6DA23C1F0D9E290D7FA97CE34E2C9FD744B73E
S31AE04BFC989CD54EFF5AB7BEE028F881B22C943BE7CBBD9D9EF7CA
S31AE04BFCAD9166680923D9B47B6ED7B92FDC48ED6CA0B32A6033C4
S31AE04BFCC2765730864F73516CC5E8839A79C45B3FF5AF19950700
S31AE04BFCD7F4227A7BB1378B42E98CFE26C2742DD89ABAC1DC8ED4
S31AE04BFCECB0B84CEE24106231185CB43BD5FFABA6B90210D4D36F
S31AE04BFD01D848FA062F733C07AAB9B861B992D8A74044B6694D81
S31AE04BFD16EDF0F59C3D62BA8B4A93ACEFDC5DB84603269A48E8B3
S31AE04BFD2B112980B6F73654CCD5BBEF20724CDCF0189199CF3467
S31AE04BFD4039259F038C5DD9A9BF62C34FF950CA54DC8AFDD2FD46
S31AE04BFD555911961693BFDB0A8360CC155AD71C226F617478ED3F
S31AE04BFD6A9B9C49DA7E2488FA111C7B401EF9B4D5B6A805AC40FE
S31AE04BFD7F07AC2808CCB3D44023E6CD17AA558051FAE055612358
S31AE04BFD94CE2B58DA3AE3FDC43E0F2F8797AD0C8E6118DAE30702
S31AE04BFDA9BD0FCC1538EF50D2A37690560AC346DCA699E0157F7D
S31AE04BFDBED66D320074AE08509F0347BFB4356C4EA6D97D138432
S31AE04BFDD358E98E6454BECC7180712524663EF242A4C53D5F143D
S31AE04BFDE86103BFB2A661AD7D29B466272664B2C0B3AFD48E4461
S31AE04BFDFD41A73791D9DA223A9148034274C8088280D2D0211AC0
S31AE04BFE12273133BB50FFB7C872FF975A7D774CF2B755C83D3FB2
S31AE04BFE2789DC957BA7344C316549F47B0222F168632C0EAAA740
S31AE04BFE3C27EDC8B329017025B28CAECE311AF26F994D50947092
S31AE04BFE51F341A1DFB703E39683787F49F53B49C12DB46D636274
S31AE04BFE66AD9CFE29B0EE8FEFE28B7F71C896E8496922A48CA182
S31AE04BFE7B2C770182B1FEA7F4F70D5D52AA04DBF10C6D59217140
S31AE04BFE907D24F153BADD00D997372E8B91EAFAD395A4745FA25A
S31AE04BFEA5E1128D45A7A0C46965FFFF4730C7870CBE7EF4E9ADE4
S31AE04BFEBAD6B630C8CA89C9123B789A2DF67340D1AEB33881FC46
S31AE04BFECF05EC6C17FD0F13A0C34AF6522A033DCFA0FEFD4B91B5
S31AE04BFEE4CD2DDCB5EACB16871C78C73EF75EEDC19F23644BB43A
S31AE04BFEF9E8A790DADE8429B7FFD8F9C7912B0064DC66EEE2F0CF
S31AE04BFF0E89874E8E158F37DA11CEB229753AD7073F8BE8AC392E
S31AE04BFF2312A4B4A9F8D369670AF0AB0CC2C7871C3F8CB619D59E
S31AE04BFF3812D4F3BDA649B3FA370A13A3C7E717152CC6323251D9
S31AE04BFF4D6EE839A849A40A179BD4141908A2CF17D757A43006F5
S31AE04BFF6269CB465F1765038DF04BF20072A083019E8EC027534B
S31AE04BFF7732A12B28ECFD04B1471CA67CEA3F4F377A1BB10A9567
S31AE04BFF8C5FB5E5E4845CC45C732513C20EA71CCACB3B8338EB9E
S31AE04BFFA1C4F9480479612AC0B18C097448F320DF7ED8E546498F
S31AE04BFFB6E9FA3E95F71B55F6C4197ABAE1BB323495CA3AA93E5F
S31AE04BFFCB4BA79816B84741225941A9449E7E3BD9864A8DDADB25
S31AE04BFFE0AC079509EC309A4F70A727693FFCABA9A31C34B47434
S31AE04BFFF584C6DB064D14ECF7EC4E8EC9C9AC539CD093E761E2D5
S31AE04C000AFF13ADD8A8D73E31918BCCEDD592FAA02EFCD72968C2
S31AE04C001F90DE1D9EC6FA32A2761E3714EC1C6FA17B25FAFF4FFE
S31AE04C00346C6DB9B520B6C2F284BC9DDEF0386BBDED6D72F6E601
S31AE04C004900848637E1E4A2E3EDB4CCA018DB2105E1B98DA5FCF7
S31AE04C005EF901366B3D78D52BC8FE85B4EF89FE2E8C860FAF8117
S31AE04C00734754AB6986F0B4AFB1EC8854CAC65CA14023B00F8E08
S31AE04C0088CAE0BCC37B791A19C13EC6D26462A45EBD3B04CF0FA8
S31AE04C009D077E5DB75882B91AFD410F0AF3F819FE031EA1FE2F8E
S31AE04C00B2FB4CE4ABF56CF11B4EECDCF698F6F9C8BC7BB4097203
S31AE04C00C705675BBDEB552DE7A478DAD5A76A2314C2174BC649D4
S31AE04C00DC2FAC22FCE1425291E7B2F9E149816D66335C9119CFC6
S31AE04C00F1E972FCA27C0AFC16CDC685EA7EA6CC45E44D166178E0
S31AE04C0106CBA2F19FABA0A9EF2100454F3C57B7924FAAFF3234E3
S31AE04C011BC9F7E456F8D21825EE8F4429AE8A8F6862A19FC1CD53
S31AE04C0130BFB6CE3C5EBDC609FC8C29077CD1F22D210FFE338911
S31AE04C0145B283A154D98CCF9BC6D80D0BDA70EB4E267FF4FED9D1
S31AE04C015A3B0D0671131D2F1083B2CB7B49453167E4634043FFC6
S31AE04C016F26A6ED3C3F55EF8D5C1A92452B391C8C8F9B2535F077
S31AE04C0184F2FA463B0D011CDE727F41D298D0B8063E27E982C500
S31AE04C0199730A46A16E4E2A028E37F2402A018A44F374EE4E81BF
S31AE04C01AEBDA86B4F2A5095B58703D21B39F14FA0A8ED9D66C13E
S31AE04C01C381EA0C019BDB3AC338039562BDF004A4B9402FF4F275
S31AE04C01D8415E52C7AC6EA7FA54BAB68070F1A5679741D2B45D01
S31AE04C01ED3A0181981E263C9CEA3FCC553099525EB1A7A581CF4B
S31AE04C02020341A62C108558371C828647C36E1DAF6C0B989D4324
S31AE04C021752DAF129624EC3481248DCFF2DF079BD7BDA66B12289
S31AE04C022C4BDD927553F245CFF8D8C4351D84B9EC4F2CD2807EA9
S31AE04C024182D2FD61EA02A8BADA8B675984B2BD82DFA727B5CBAF
S31AE04C0256574AC9AE4DC97D0CF3486C58321EBBE1C1CB0CCEB4A5
S31AE04C026B31EC58C56844A901F18E24D31C0F45138557DCEB5BC5
S31AE04C028053C376241A48FE1E1D71D6D197D91FE5FC08541CD616
S31AE04C0295DA2D8F55CF158B5E7879F30C02B43EEA32899D8A7446
S31AE04C02AA3AB6265EF0B4E14EA97FE7A306D0D3455EFA6B77FAF2
S31AE04C02BF15CD4AD20FA6F86FD7B77CDE369617CCD9AF5AD63D52
S31AE04C02D4A4AE0ECBE80744151D54E1C6DEB6FAF15408B046E1A6
S31AE04C02E90F77FDEEEF7ADD8F1832300A10E439534208966BB980
S31AE04C02FE48D62A0ABA51F480A39F3237D8EC23126A4ECEFD15AC
S31AE04C03132FAB6A4297298E51B93245EB6127362FA14EB5C560AD
S31AE04C0328FE86587003516C64EF20F066B35669F00C8C121FAAE4
S31AE04C033DCEF81E0DC658EDB4146ABAB53C627A5DE795C8D6D37A
S31AE04C035232C25AA0BA2DBF9CED15E49138B4F876D58B88E09506
S31AE04C03674E7E71277358C8B02F4F866AE307E1ABADA3698CC1BE
S31AE04C037C60E362BF1D67B40D800675582E68D4C5F872481F9DA1
S31AE04C0391342C1B57B4EAE715D52827390DFB38B57265E19F24EC
S31AE04C03A612453269FB0D90A4DD41C83A367A45A73C27BF0F9E57
S31AE04C03BB5601FAADE38C7A28E3EED1440C4BAD5D1796352EB8DD
S31AE04C03D01C707FF69E83A2EAB0A9AB2B54529364F3B08AA90096
S31AE04C03E5CBEF26D0C710DA67A1BEE64E7531960823C7077514B8
S31AE04C03FAC46E67E3FF20F078E9F118BFABF870A002D4E0F85354
S31AE04C040F594992E924988C9B7FDC559BC02ECEBD12EB798E805E
S31AE04C0424A87D63CA4AD0398C5C14B72BCFCC4FEB1FDF8E62F259
S31AE04C0439E0D7CFEBC6C19ADF7DC2204382C50C3A081C0FB507ED
S31AE04C044E34D528EAA2B421D1F1B27EB1A83B36ECC47262C6339C
S31AE04C0463E293F1FB5A9A5F8F0B1BD933F15A9F40EA4F214F8189
S31AE04C04783E82049496B1BC5494EB269112B3042F8AB17ACE5786
S31AE04C048D992B44876E474C19170FCE5D34E8DA9B544509DD7BA3
S31AE04C04A284ED76DBCDD4487F8780F64449B176F2AB083A7CC914
S31AE04C04B71F69B3E601082588A4C3C7BB64222A95DC30513F4C11
S31AE04C04CC5E78AAC50CD88054539A72619CED341C9B9458337B1E
S31AE04C04E173AADA51BE088E3EFF220DEB3CE6CC7920E961538538
S31AE04C04F604DDAE3D7D56F2CA6437E3A2E2621D9E88C2C81E5CB9
S31AE04C050B79DC6C3A7E192F008A2AA3DC1D15116D58FD856C407F
S31AE04C052064E6EF92F1AE8DBEF08DBD43BCD63CC243F9238BE800
S31AE04C053525284DB892FEF77BFBEC2F7E5DCA32FE8C8F2E94F370
S31AE04C054A99149E5802615FD6EC57CDD87A90273A710F60D925FE
S31AE04C055FF788D55E192DC4D3AE6328381375C063D11590C3ABC6
S31AE04C057420A8CCCBA8D50ED8CB9B946D9CA17D4E7C58BBE4A4F8
S31AE04C05899F7D969979E4455F02AC098473B5BE8C27BE83A1D653
S31AE04C059E5D7BF3E6BC06B7B0009F073E5BA4FEDA3F6D958A1B9B
S31AE04C05B3651A1F9139E6701120EB81060C0D34271D3BAB8C0895
S31AE04C05C89B6E0BE896BD7463CFAE1D0820FADCD03016A27746B9
S31AE04C05DDFF4B3910AB5B9735FBDC011DADF530B361735F4F1F57
S31AE04C05F27AE6D7150F681A6D63AB3B8316106BBC833B56EB3729
S31AE04C06070AC8BBE36AAFD665515BBA20FBADE422D232ED2C4453
S31AE04C061C5D7F32D1191C03DA63F3EC2892F1990A6D39382AC648
S31AE04C063133DFED45783A60CBBE0BA5E34A96F66B7DB6A5575C44
S31AE04C0646ED2C37E9AD688B5BBB0C34896F8ECD5552C73DCA7AFC
S31AE04C065BB80FCD20BA85020156AC287522FF1DC4FBFF1F6D3407
S31AE04C0670454F757989A763CE7A8828D91589921205D56763D7A0
S31AE04C0685CCAF9E56D578841CFE2E33BA4A68D71256A0CF1B80BE
S31AE04C069A1ADC3B6F64269CB9CCA4E3F07E18F84548297C07266A
S31AE04C06AF056E802A3142CD1DF786376A04CD2B8922E37F76A14C
S31AE04C06C46871920F36D6A1B6BE2052295D2FA5117207A3639464
S31AE04C06D9D7E1490C1832F0A43C095F4E2AA6DBC7CA190BC2B328
S31AE04C06EE2E04F60446A840FB1D2BACA294E1AC42C44FE0B6A02E
S31AE04C0703E844002B5C15047CB0234462CBC4FBD2C8A744B253DA
S31AE04C0718A3EEC3C7EEF0D311A910511185C172BE0AD9EAD0BED1
S31AE04C072DF10CAC2E873E7AEB236021A9319D78E49AB7E79A1724
S31AE04C07426B40034AD1EF703C5219B9E9E332D69AA712031C4D55
S31AE04C07572585E6ED0D423394B869C49E4B5EDE93B66802C5380E
S31AE04C076CE7E6F5E224890388A1D0C5C9D2596F91FD68066AD299
S31AE04C0781E88F6898DAF82A19B0ABB39AA7D8E27F5ACAE16FD7D2
S31AE04C079638D466E15B94E4E4A6171847CEEF9CF04E45735265F0
S31AE04C07AB0910528C1A2C5F895E4A7121977F17F31DC1E24FFF7A
S31AE04C07C09EA87890AB390890D77F00F98B59C68A9ED1DB9109C1
S31AE04C07D5353863E95039D75F7B29D5A6492E8EC707D03B9402D2
S31AE04C07EA519E99FA3824AE9959EC5A059633312E62DBCC8E97A9
S31AE04C07FF82595DD4E7A1293B66B3D7B63CD8F57029FA81735A2B
S31AE04C08146878A03B43A11E604775370BD9D3357A5776F9E786F4
S31AE04C082927F6288E689491C8B790E93E0AD05B92CF08754ADBBA
S31AE04C083E885F79F66A68243F2A8493EAFC818DA6896F611F880D
S31AE04C08539E0AEAC4202816518B82AA4B107E7886BB1CD340C918
S31AE04C0868D3916EB4BE501A713D3076F37D952565FC8801F0CB78
S31AE04C087D9C7254BB878FEAB846F2461200CE5D1C06110E11470B
S31AE04C0892DEC477ED5D63FD9906519F967503CE960BF3C0E8E1D4
S31AE04C08A744F9AB2019FEABD42A857895F200AF309A42CA1740E2
S31AE04C08BC9BD2F78820DF92C10C2A44BA7DFD17D28288043BB621
S31AE04C08D1999834170163C217E99B20E98996D01B386AABD52F3F
S31AE04C08E6C979E799C3D48879D5E4D261C05E2C006A4283F3E435
S31AE04C08FB9D53B92608AF9A2EB99EBA32369E48A60E6DD738E5F4
S31AE04C0910EFC91907C99D010AC81F4B1DB00ABFD45D58BEDC5A12
S31AE04C09258C3F7CE5011B6024D0288F8E48DBC26850EB1E2FB81D
S31AE04C093AC2142EBB671990BA73AF416400974FE1BB95233FD5D8
S31AE04C094F59DFCDF22F03E2E630A9A770D75445C73E5401AA729A
S31AE04C0964C5F4B1728BA0B1A17E134174FC41ADE53BDDC3AD0F47
S31AE04C0979C03CF863643586B8FC6E2A066C150D470C2FF830CB6C
S31AE04C098E111B61D1BA9CB02B6BAB0ACC4B1F39098ADE11031B64
S31AE04C09A348A42C0D75DF4F4B5EAEA19D7925E1E19F68BCEEC1DE
S31AE04C09B895135853B06EE69E35DD8B7AA39EB144AB3153B7D7F9
S31AE04C09CDAAB7EEFCB40CC2B9AFADAED74C7783C49655AAC88194
S31AE04C09E2B048A8E53F4A72C311BDE7B3A6A8FC69BB59511E2BC2
S31AE04C09F7B96EAAAF2558BDAB95CD849AE09F449BAD327CBCB5AA
S31AE04C0A0CC7738DD9C99248AF9FF937FED0357BB2874066D0387D
S31AE04C0A21B8FAD612FAD23552FB7EAAEE940161ACF8BD39E056CA
S31AE04C0A363F741A84238861A012CAEFB63040B9B568F71A5F6ED7
S31AE04C0A4B65999AC6F57BB9AD5651760C9421E1DBC77C1B331EE7
S31AE04C0A60368BADA6EE90449678C642F5008A672A54C4ED4B35CE
S31AE04C0A75188D65D30C4429005D8755A71518A99A4085AB964F3F
S31AE04C0A8A30CF614CAD2801CCC29CFB6FB71846B3B484F0569C2D
S31AE04C0A9F9238F74B39390858355FAD9EEA3226AE17047365BBB5
S31AE04C0AB47693267594DB74F30AE414696610499C5FF8F47A9363
S31AE04C0AC914023E83C0E594CDDA56A22E244D32C6B64450905E68
S31AE04C0ADE675C3E75A5990DE3522DD23447463670364663B5CE13
S31AE04C0AF36CE49E382B2ED0CF413AF47F792D262302BDB8C79EE5
S31AE04C0B08741167D12E29646BD5BC2C9458E7271F44A070C4E2F3
S31AE04C0B1DFAA5AF4599BEC896393361E217DFF8CADD91D05873D9
S31AE04C0B32B5C7F96E5C9FBAD5CF9CEBCFF2B596FAE51C673AC44D
S31AE04C0B478AEB3A3007DD5B755B3244907F0721921022AFCD3E4E
S31AE04C0B5CA2C8C20E4316B9337B0ABC2EFD52C3DFF4606880B384
S31AE04C0B7130B72DA8BA0F3DED28530250F9DF211DA2E71F7CFD8A
S31AE04C0B86CDEBC06A9F8BDC33082DEE3FDB05019A8729FDBF19AB
S31AE04C0B9B82518D9D2A364F9631195E93C880A7906DB2403A7D01
S31AE04C0BB0093DE1B38BB010A92ECFEFFE99869AE132304E53C9E0
S31AE04C0BC5EB47462325D4A491D0D55FB01C698CDADEBC09001EC0
S31AE04C0BDADB049CD3CAA77A35ECD4199355245C2BA77B540B3940
S31AE04C0BEF673551E7489DF2F7806EC869FF17E36EEEDE0744C1BF
S31AE04C0C04E380B5C814998ACD62F27E239904A6DB9BCF987D1320
S31AE04C0C19018EDFE99E6D35A6ED4F8119A1418922480C42ED2D44
S31AE04C0C2EAA1C7F56B583B2E3896DC16B301C463F305FD1D9E704
S31AE04C0C43032C18773C1A250A0E8313CAA648616E54EC429F8358
S31AE04C0C58955D12EA90A71D91FAF1DC4FF121E7A85E0B903DF3A2
S31AE04C0C6DAA7949ED11AB4CE1B296A6AF388BBA0A97F243619D10
S31AE04C0C828486F69FA1BAD2095AB37D061E6D8FA7A9D8BE22C8DC
S31AE04C0C97FF653FA9B42950FC894E7678774301AEC065A83CDC8E
S31AE04C0CAC1F9CF44DFCB8E3D6625E67E10CFE1C18CED15CABE2CA
S31AE04C0CC1FAD8896F3C5EEAEFFEAD58838BC311E71F9CF2543DA5
S31AE04C0CD613376641FDE35A9A436927B8FA64FC9FB4918DB55BAC
S31AE04C0CEB4EA2C798A51F5F227407B0250DBE75B785DC8D5CE5B8
S31AE04C0D006B8957E56F8BBFAAE790AE2FEA63B146F6418850F67C
S31AE04C0D15011A6E3F74F536C1BF30A841B8797E42B8FE4B9BC347
S31AE04C0D2A0F8E972620740C551141FD0BFE1E57A3CE823B89A807
S31AE04C0D3F33D5AF24099BB552AFC80DB389FD68A5213207152F7F
S31AE04C0D54E23D6784E15CD15796415BB388869AAD0EEA4A5CDB36
S31AE04C0D698264B9984067944A4C6BA7B4B65F08A27A0B7D62282A
S31AE04C0D7E87E569DBCF1319B35B160DBFC2F3E17EA168AA93BC7D
S31AE04C0D930715C03B7EA9D9DE7ABD3F91E2133C99C7B282C8167A
S31AE04C0DA864CA24B65389F6694B761E2A49B439A314F5DE89C4AB
S31AE04C0DBD1463A9BA5763461273D9092134B329F86BF587F5DDCC
S31AE04C0DD2C7B13150B68299FDFCBBFA7EF291C95DECEDB61D4A45
S31AE04C0DE79EF84DECD9C6361E72A54172DEF9EBD4C77BE8ECD8B5
S31AE04C0DFC810774AC3A6BFBA2B3111C27FCF04D0F2C2FE4D383E2
S31AE04C0E117FC0441EB8383D517A786A9BD32C6E3D7841A8EDA0EC
S31AE04C0E267967A8C9111D539110E1A25F2AE7AB12A6B0EA5D774E
S31AE04C0E3B15943CCAEDF5A7CCDF9822C1F0231912F7DED038B93E
S31AE04C0E5045B7348CCAF87127FC6C0E674D2406E7347456DA1D15
S31AE04C0E65D5B40971F576B400C95DEC6E7DDB536AAF28A74D04C0
S31AE04C0E7A5A2852139A2BCE3AF0A633DE4E8FC7F7EB419D57F02B
S31AE04C0E8F72EFD6EE579F13BFAC96DDB64E681B5C014B6025CA92
S31AE04C0EA4F658A4D156310E83D66238DB1ACB3F2C52062F66CADA
S31AE04C0EB959E90913AF45192F30BA562DF3D0095D49015FD458ED
S31AE04C0ECE649B302E870AB1954346106B6FD32EBCD1AD02E8B45D
S31AE04C0EE33088BB7752BD0D7D1A4E662A3E432E3C60D1512BC9EC
S31AE04C0EF8E8C8FD98F2E8EE595E122BD404413B5F38BFFDF01902
S31AE04C0F0D7FF60AA2B0D67B8094D23056EE8B4B1CC69FFB0F724E
S31AE04C0F22A5D84968263A485DC6EB3611E03545C376F97B11FA4B
S31AE04C0F3711D55526A5CFA8EFE80AD1C15E2E7AA38CCF5101BC71
S31AE04C0F4C2654F923219B61BB366168861D7E3D8A5E95EC4B756A
S31AE04C0F611A3DBD5AC73C189A87E4D9AF2FCB025CA2634F96C22F
S31AE04C0F764AAD688507DBDE550E9A046C44359B91B45E919845FE
S31AE04C0F8B72A1DA721308385CB71FB64D7E3E16D86CBE88C7C055
S31AE04C0FA08AA80645CB26873C8816CE18607E8873F12755633F6D
S31AE04C0FB5F51F3D7D23D6CA1A900F1ECD800C93A873463A64ACF6
S31AE04C0FCAC26428B505F5B603AF815623DAC562C0F75EDDB28D4F
S31AE04C0FDF6E50CCB859F43BA01D8E87ABF49B7376AFAC9A3E37A2
S31AE04C0FF425544D3470F6F949415621264E9AC9C612F742DF9401
S31AE04C10093CD957C6D30647C8898F4BFC3A8345C7960E1F4D95B9
S31AE04C101EDB9C07F16D8F2E0445FBAD6078B82F5C07DF11E49F6C
S31AE04C103351E3F38247810ACA6E0801B9C9726779C797B9DDFDF5
S31AE04C10480DF201F8E81199FCB561E3BF9C10835E37CCEC59EC62
S31AE04C105DE1B6CAD70BA4EC763BAB4AA415EA799076F830E1C5E3
S31AE04C1072E86AD085C5884A613FBA3EEEB8C31E2718F3981B9A5B
S31AE04C1087D3C0AF6BFF747D24B648BF2AC1922D429C0A30B6F735
S31AE04C109CC487CA4EB862B46B356809C18D82333E3CF5AD88998B
S31AE04C10B1181B91922920F731654C12C99D8548821E18CDB37D86
S31AE04C10C6C7C4C0082EDA76E3B293AEBD0DDA07E8F30ACE2A6252
S31AE04C10DB433368BA29FF16ADC2367E9E10B63E6DFCF6BA4BC40B
S31AE04C10F01B010B865A3F357B56F9F50BF383E3ECE3EF18B07F16
S31AE04C110591E10289D1C895F04F7BC66F6727DE73483A2C0CDB15
S31AE04C111AA325C1C21567DC9E433BD2A06143528CB9B62E38A75F
S31AE04C112F7AB97A73FAF753A06FA9C0583036C63D40B12F6E202E
S31AE04C1144394B366B26233C65414F08EB2FBC564D0FDAEDD0EBB3
S31AE04C1159487B6761C26BB85644E67A03E6A2A964E0A8204F3323
S31AE04C116E0D0DD4CF1AC5438AB5FBF99563B7AAABC8E6A863D09B
S31AE04C11836D754D6C8DB33DD28B2E789B2197FAF32D6E142FF2FA
S31AE04C11987E558055CF92916BF7A9488AE2B6B3F0BB4B5918885F
S31AE04C11AD6D1C6D13E1DC7452CFFA48AFA271872CFD2FCF249E2C
S31AE04C11C26D1DA710334CEAAC610A81CA5DDF084C26C0CAFDD3CA
S31AE04C11D7DD470A8D9B4701AB469822487EA0C6862B62C89437B6
S31AE04C11EC27A3A39A5844C0C9E4A43089E6F1C0B2281968351117
S31AE04C1201B776B31E9ABC59DFFF2042A13B5D79C43B0FF6F13FD3
S31AE04C1216E80555E993DB12A0B718E2A9A161D236586F429D1824
S31AE04C122BCC1BE096229D80F61492BEA672D2F18B7341DE184C2A
S31AE04C1240830B759684497279217CFE00D80ED597C437FE1874A4
S31AE04C12550A3301B3814DB194627D2DC56B47C40CD5DF3810EA15
S31AE04C126A8EF3769D13F1F382AE7ABAE7F1ECD82A33BA21B6B90B
S31AE04C127F21A432218EBFF682B50857682B1E69DC270C75A629CA
S31AE04C12941A0A05B97BB7E8088D58BEF5AC36C74CF47C6CF67B35
S31AE04C12A9A63B2318B027BBB55613F8D8D290E850B8ECD710E657
S31AE04C12BE88A848B1DA3BA61D81446D46712B57B0B85E6B174BEA
S31AE04C12D3CA9BE188A538B02B761EAA7090255A791CBADC664DB3
S31AE04C12E80E8A9B3916EF3D86CB73CECBEEAF50FF2E55E2FD80E6
S31AE04C12FDBF3D846D9A7C3465898B863F6704BEF8DCC6F59702E4
S31AE04C1312993680FD3E846A47AED8CF10A6E33C1A6ED8E19D6865
S31AE04C1327336A62EBD8B29793E4DBDCF6D4D2FEEB9D0F69DAA52D
S31AE04C133C9AC9A93E7A6EEE1748795D9FF3A04086C2BE167141D5
S31AE04C135110762DF3F22B76BED05DBA77269A3A962E495516AEE0
S31AE04C1366D7E99D47B134F6C27BD7B1622B7F7D4D31F13505E4E6
S31AE04C137BFF41E369562421E436CB7D05DD3306AE39B46B0A2F48
S31AE04C13905B3C5F420FFAF349AC913C31615092DB340D2D0DA8AE
S31AE04C13A5FED22DD33BD9AF7BEC68E7B547482B487E82B763DA0D
S31AE04C13BA57B97353D3F36458BB015BCD6D3A7229A0F41F87092B
S31AE04C13CF96F54D8CD865A680F0018E6E2977FA667E55398E3356
S31AE04C13E4E77BBBBA518898B8F8C660D49994E61585E3813FD4AC
S31AE04C13F94D29FFB2C4DFA192D9147C2A71DBC19A974931352808
S31AE04C140E41DBAE6EF04F2EB9DFE89ED8C26244227CC849CCD445
S31AE04C142399AC9DBE76F456936E4186A726206A513721A15A77E8
S31AE04C1438785F07B6F30303617319EB9CE9916D2DEF3B5AEEC91D
S31AE04C144D9BEB17A81FE944047CDB0B83CC0F685AEBB022446BD5
S31AE04C1462F7B7C6336CBFEBD7B4DBECF04D66D28257234C265AF7
S31AE04C14773EA02EFE2F94DD9402ABEAFA2DC55AB16B147BFABAB4
S31AE04C148CC855B1B6890D162FAB81C66F1713E0C469E6AA5F5DD6
S31AE04C14A13BA067E955BAE6D4667D1602285969E6E2AE488BD210
S31AE04C14B6A725A0B29673BD95C9BD943F7A572F062118B32FB943
S31AE04C14CB17EA4759642FDEB53F9C9E341F4156A113515224E94C
S31AE04C14E09A8FE2DFBE8CFEA021F86387AD40C3F9A4A286502DFE
S31AE04C14F517D0779DB298B0617EEE5B56140E8D9B7764DE54C026
S31AE04C150AEB371193937CC1BF129CB75ACADC80F73778BDC8072E
S31AE04C151F2EA60704272FBB7459B8DD74BD952F65CEAEBDF23C72
S31AE04C15349B6D7B8A12013D387A8A98B819317DA62B24E3F66C86
S31AE04C15490F44819B363E735EBBD10A18770176133591AAB0B622
S31AE04C155EEC916175D24CFE835233F8E69D59AFAFAE739758C9C4
S31AE04C15731A08895E68E73DF30407278672EFF5CCD840BA7FA6D8
S31AE04C1588D56A592E8048E643E2C8DEB735F2554660DD38820964
S31AE04C159D1DE44ECA14D51635184EC5CDA99EDDF17FB0A27EDE80
S31AE04C15B293C4D3B6D10BE5F141B8FB6C4F7B0C13B9D1C20F3785
S31AE04C15C7D5BDF1C28340F69310486AD542D3CB3F0AB33E265A1B
S31AE04C15DC369AD313887F150870EEDF5C76E0227D3F8340500905
S31AE04C15F1ED4458FC50E53CE5A97BA970275B626ED6C44C5AC346
S31AE04C16069DA3D01589CA3D48B5DD9D665F9FE02B8B73D9C1C4A6
S31AE04C161BA5D3601B0D8C02C149E7710EFDC882908F893B12A1AD
S31AE04C1630954D8A8F740EE36277B25EE8BC59B1A61319641B62C9
S31AE04C16456347C2DF842C8AB180D2D6208A704FEE868C950B8374
S31AE04C165AE82E67B3267847290E45460F7FD14337B7B0E4BA6E26
S31AE04C166FCD07EDE29D1B5AA70ABB006000794EB36EF27BC43169
S31AE04C1684F309612AE563C94C54BEDCB1B71F5D1C9AF7A3A085F4
S31AE04C1699F2F55F9D452FF6BB922B8314B56DC109F6C6E1DC3F0A
S31AE04C16AED19068C2D5040CA5EC9C204367421B3DCD334F9731DD
S31AE04C16C3DA14EBCE16500C5BC3EFA6242D31BF50120A529D6216
S31AE04C16D804CEA01C035C4E418C1A8E1AF877A44C1E01F04EE65F
S31AE04C16ED3D7011D4D5C26765F8C68287FB59A4A15BDCEC7124A9
S31AE04C170215ACABE398920B6211B889A316DF906CCB0620072EAE
S31AE04C1717802B4F128DF0E0ADD52844779E7891ACB215F69860B5
S31AE04C172C8AC83D15B6A1BE2EEF9DA7AF0A59E18AB29CB5626B0F
S31AE04C17417A46877AE359FB07EBB7AE967A8AC3700A3166DD3C8B
S31AE04C17561D7BFB1B68E537BF5AD74BA5D30CAB113C7425958AAB
S31AE04C176B21B1CE2480053DCD3AE3D9E15215436BB11BF56B0BC1
S31AE04C1780F8B072489454FABA9D14C6A20D2802452E9683DBC2AB
S31AE04C1795D4C3961D03157E8DCD17FE6B5AD90BE8FD630738AFDF
S31AE04C17AAD14C6287A9F2CEC8D6B6351916606299AD622E0DC963
S31AE04C17BF65BE6D440339B7C6EDBA6A75259968361D1D61C3BB5B
S31AE04C17D4E8C1365161414F454BFA273D2E5C805062C06764ACCC
S31AE04C17E9CC2B65D3DF5DE4CA0D23146632E9F56708E9DAD030B4
S31AE04C17FE6248589CAB1A33F2173E48D323D748F25D5A1D24047C
S31AE04C1813A2F5474A847DE09CEB44A9A0983F6EA286658FF26CB2
S31AE04C1828587B43DFB01A6BF25A2289CDDDD21A3FE890931CB7A5
S31AE04C183D74AF6D4D63FFDFBE4B547EEF0EE08940E8CE3CD6718C
S31AE04C185222678F008DC67FD931788EBFBBB114DAB19B37FF13A7
S31AE04C18670E7C23B65BFE5BEEF391A0E31AA2A8FB411698401D83
S31AE04C187CC7B1C80CB5E05C41FF7B4A15E2E3A0F821245992C180
S31AE04C1891D17BB1D658AD3F669D9C47209CF343D4417426B31EA1
S31AE04C18A6D9743783E5C9010C77F6BB6149C9CC5C7765D2C3679E
S31AE04C18BB7A0CA9493019EF3A7965EB296FEC65767584BEB10A62
S31AE04C18D05423DD99E0A3E6E0596D5F0271ECD14863CA64CB940E
S31AE04C18E5F8E128273EB589732C4460CED72C90F5A7BA58FE23A5
S31AE04C18FA0F023879FCA9FEC4F3903702E2B645495E66AD1C1AF5
S31AE04C190FDC6E985B1D63FCBBEA2F5B9753B38ED4FBF6D6F1FEF4
S31AE04C19240E758BED12E2B040193EC7EF3AE637F5E60C814C7E07
S31AE04C19393DBD4593C3FF4EA1BAB6B6FE6BBA6F7586436C734CC3
S31AE04C194EA9597A78992E1A068742A1C89BB2F5A0C89C81230B50
S31AE04C19634055796483D94AB57E3787AF6399436A48C381E01C54
S31AE04C197887608A42C46ACF59664C9AC5F44F29792A707DA80367
S31AE04C198D7CCDC09DFAE9C3822392D63206BE1672B5C442353814
S31AE04C19A2442D5D99D13C9E121FE7D483D1B2F2624C44769B0401
S31AE04C19B76B4AD2612545BAA46AA9D23D53EE96D97AC0B9E2B4DE
S31AE04C19CC96FDA4E8EFAB957A48BB918CB153B53492D5C02D3279
S31AE04C19E1F2726EB0BAC517BE2278FDAAC631551240091A6A96E7
S31AE04C19F6E1FAF833DD6A43F0421D683EA62C8D68996F92851827
S31AE04C1A0BA48E92581957F07352DDB9AC90F54CF033B26B7192FD
S31AE04C1A20863830334243FC71494080A1DF8825A2EAD95A36E160
S31AE04C1A357492B0D948A909E56E3384B5F9639225D4F174D20202
S31AE04C1A4A3CF13D5D1EE94E1931826F07B44156CAA0B0DA174C55
S31AE04C1A5F93E902271CA31154B13AF4E66902D6B7347066553625
S31AE04C1A7431DABB1EFDB929CF693E28613F9AC86EF268DDC00C57
S31AE04C1A89F7B2BDCDB33D3CF175FA49402C054C49245F376B05DE
S31AE04C1A9E21EEF58822E076F22DBFA2C8AB874FB4F3C72FC85877
S31AE04C1AB3D8EA7AF863C44987FA97C9430DD004F709AEC37166FB
S31AE04C1AC8332A4A40218DC2DA4E8BC029746EC0A2CB66D7EDE3C8
S31AE04C1ADD906ACD7E44870A595307835FB6C4A50F974868DF9B24
S31AE04C1AF25F2ABFA63325220A159CB5B4FDCE33078E9159184E3E
S31AE04C1B0767DFB734B2BFFCC1FF5A5A267F4DB3C5B64AB610AAAB
S31AE04C1B1C3B130A125DE9B6E96924561B6EB66E31E55940D00420
S31AE04C1B31C4FB489D4F04EDC32243AED1052B9BB218632862F868
S31AE04C1B4674513A61EFA7A2A47D919DE3D5FD599B30F71FB24B85
S31AE04C1B5B6E67579DAE914D9985D4ADE1D39BA11DDFC5A5DBFB23
S31AE04C1B70AC616686DD7DEA20F7F861A5643FCC67CB8344FA7307
S31AE04C1B85543E57049EF11A6B7866E3A75F938659A82887E05C4C
S31AE04C1B9AC37BE0676162A2CF8F434333ADFB52BECD885F388DD2
S31AE04C1BAF7B99CEEADFAC7ED394C31392FA41AE874CE22F6E38D8
S31AE04C1BC487BF37255D88749C73ED19FBCDE3E3439718D0EC0F7F
S31AE04C1BD90E0AC19BC63FD9087B5277D9F7CC56FF2C897EE70A12
S31AE04C1BEE22A45E3B2A07DAE5DB9FFB8026A79F1D10A73754E1C0
S31AE04C1C03DE1CB43109255BEDDBBAF256927E37170BB0BDCCEBDB
S31AE04C1C18542141D2940BE5C28E75D9E06DD4A734B165D355455C
S31AE04C1C2DFBE6045B1841A5F9E39D31DD1F5D190B726C6FBA15EF
S31AE04C1C42A44BAD1D6B46370D56013F4656FB184595C9121D771F
S31AE04C1C57652FF99041E196AE1093D53DCE1B3675CE33A6723031
S31AE04C1C6CEFD86B65DFFD3F8334DDA1C9F89BCEE97378788F0E37
S31AE04C1C81F53C9EDE01F3C400A8141D0722538C518E26D9612E69
S31AE04C1C96ED0679BE98C8D5AA726C31A6953B0EC686C940742B77
S31AE04C1CAB5AEFF55572105C97AD325BB6DF94CC4BC2BE442A8101
S31AE04C1CC08559D0B04645CE20EEF817853B7D861E4ACD3A2F6E3A
S31AE04C1CD536B8AD8BD0DF9FC17D76312F3C21F15132FCAF062B93
S31AE04C1CEAFBB3F66B9E935224EB539CEABB9D1EED84075A245875
S31AE04C1CFF4DCF14B1700002B2D228DC7DC90E90418A476ADA8504
S31AE04C1D14E086A662BCB5C235319FFA256F336BF4DA17B2268970
S31AE04C1D293ED3274BB189D2676111075C4370079BC1DD5592A529
S31AE04C1D3E35DDE08029F035622B5BF65FEEC805D688744A9000FA
S31AE04C1D531B5D23BA09947B929F962982EA066DB180212BC202CC
S31AE04C1D68E4B950CB86D5D48B01BB047F2DBFF887536A07D0AFD5
S31AE04C1D7D227541DD5C913BAEC0845F88FF9E51AA9DB394EF34CA
S31AE04C1D926430286B6BCD51A3DC6656B0FA0E2600F67E89D9F873
S31AE04C1DA72D03B6ECCE1CF0EB280D13BDD1D1F3867B30AA309D1C
S31AE04C1DBC8E5AF3D1946852936227465531341789CB6B73CDBFF5
S31AE04C1DD172D8DB0EC48CFE749A6B94685D478C354D6C8BD7FF56
S31AE04C1DE6F119082AAE4894598323F5EB2658BA69D327632BF5F3
S31AE04C1DFBBEA2CE4BD76163E6A1B563A67BE341AC6C8363EB9C24
S31AE04C1E108690C777313199C0F4FFC42B804A5B84F1B0EE845E80
S31AE04C1E25064C80DADA938FCA42636EA912853BB6F850A0207444
S31AE04C1E3AB501D89F4619366C41D535DE3AD5FC4BBD1D06B89F7D
S31AE04C1E4F67BE050BF9C65E190A345263848D21E3F5FF8DFF69F0
S31AE04C1E646994FD5507B2B61A3CB9C6D863FFCE030856603FDFBD
S31AE04C1E79B4217A778A817CBA3F14CAC35CE2B7DD5F013F9F3BF0
S31AE04C1E8E9781A453F68CB01E0D4DA3B21602A3E1E94EA0F3B7E2
S31AE04C1EA32E8A78566D6D7A42B86074B47DADB658D96E63A150C9
S31AE04C1EB85C1ED6F899D92E0F464F81EBB62FE9A13F5730B2679D
S31AE04C1ECD5708A002C98C2F9316CD3A46073BA1613C865F7D86EB
S31AE04C1EE244A6E192AAB95A45B1821F55F64E444D9D6704381C82
S31AE04C1EF737DD64AC78625D9561A46F0460A8C23BEDBCAB89E971
S31AE04C1F0CEE3D00CD2B2969AF0F92A39C0F01B8202468C1C7123C
S31AE04C1F21A1FCD7A75AB429EF6E3DD1D58892B6BAD286405D5C0C
S31AE04C1F36BA882D7BCA23F14E1ACE4DA5C1E5018D7E8BAA0FF28C
S31AE04C1F4BDA87F3C45B6FD009F934619EE594697EF67D95A1FA65
S31AE04C1F60BAFB81482AA199F8EAB90A981101635CE7893BB411DA
S31AE04C1F7509C6494A637DF6FFC6F1DD31C715ACB6DAE9C08B6E6F
S31AE04C1F8A0D485ECD0E4A3AD8C2A588F2A42DDDC918C986AB516B
S31AE04C1F9F7F0F224D56E1B8D92A461AE1B8FD94118A75CD63360C
S31AE04C1FB4A2C5F3E36CC762188F5CA89F2B519E68C4B6C5D34CEA
S31AE04C1FC9435D7A1379B83C2F10178D68DBAF5F2B6C4C6ED0479B
S31AE04C1FDE27C1AD0F853A0CDA8746306ED65A73BCC1FBF1A63B1B
S31AE04C1FF3897C464DB3377BC442DCFC876A9047D90232005F5C3C
S31AE04C200863C4902578328145A2744F092F769FB7A25B141E6F3E
S31AE04C201D66F2C08791ACAED6B2AA0702B74E46994825B5BBE115
S31AE04C20325ECCEAEA95F0792F6A6064A56A58D41A66B3DBD631BE
S31AE04C20478F52C02310C0A360118B369F33EA5EDD20DEC585B6F4
S31AE04C205CD6121C54085D88BAB48D0B5693A05AB95CE53F7674EC
S31AE04C20715EB7C20A4D1BCF26DF4B5E6F49D9D372AABC288681F7
S31AE04C2086F5D4B333AC2B000668FE2F6AE751A09228B8F0125CE0
S31AE04C209B501B67CCF72444900FD370866BD9B8FB419128C06583
S31AE04C20B0D0F50D4F51003944F11C91BE8328DC9BADAD2DD16FB5
S31AE04C20C5A6BAEBFF983F2B3F36956C24946BBF339080A456AB48
S31AE04C20DAE30D802BF6AB8B604C0685825EB43017CE98A595D175
S31AE04C20EF96D957993986775482E9B28704EC002862B703A6ED56
S31AE04C21047EC01A8ACF6F57BD645D1ECF50083938F51511F603D5
S31AE04C211910BDBAADE1803291BADC9F2156FD3DED86821E6CD3EF
S31AE04C212E6E70231E60808B8C768B6E3E08FAE76227F8A0A7FDF9
S31AE04C2143555D943C5CFE579D3EA97A8AB38BC2D2F35E5CED5AD4
S31AE04C21588ECAE05199B36AB17F686B8A7C779D2214180C9401F5
S31AE04C216D99751E7FBA5A1694A7D3FE5B80E8A38B2CB3572228D9
S31AE04C2182AE87F5D849082EE469EE55E291792C3570114A5E9DF2
S31AE04C21974C654CCFE0675FC873F6EC5F0884BBA701BDAFAE49C1
S31AE04C21ACD7A1354D5648194642C0D788DB95447FEE0317D9710F
S31AE04C21C179F87B9A02D1BDF55D9183E54D144E42C1EA3045C3A2
S31AE04C21D6CB636611032C8E3CCBCA647EB7AEE4BB816AF106E8DF
S31AE04C21EB2A77A88FB40284BFBD13862F22B31F41C61FBAA03FA4
S31AE04C2200B1E2D1B65753F56163126F31755D79D589BC75EE8D13
S31AE04C2215B4F6B6ADDE0ED6B96CCB56C58588A7D79FE5A33ED0E8
S31AE04C222AB80D77C2CE589EAAAE59BC89C82788B5A107B991C2D5
S31AE04C223F2A76BF3B627B2B9B48A4635B36B16DE18BDE22125B44
S31AE04C225462046F087EE6CB5649F9FD80EF2E501EAAFFF453F5B2
S31AE04C2269CBFC7E554C132BB2D56BA34B18C092DDC842E3B44101
S31AE04C227EAB26B2160D343D6E5D2524D4D711F6C1C94C5F844D36
S31AE04C2293C615DF69D233C25A1ABF4B433227AB1F2EB0DCD4990F
S31AE04C22A8EF0B6727F44150ACA2AD1873C12853B8374D4FFE7126
S31AE04C22BD24CA06DEDF1172AA242A637DD8737071F5C1EAD537F6
S31AE04C22D2528F9E1312CEB47486AB186CF97C8759A720E42FF651
S31AE04C22E7D0DEBC45A656A89341B9719C806F4E2B71D69E3C1B1F
S31AE04C22FC079329EAA0CF893DCE4052EE2EF8637776CC28A83F1A
S31AE04C2311E6CEAB259898B273E6070FFD35EFE6716E79C53AB89A
S31AE04C232617FD2A0C0FF45BB3ED0741479716BA1C651F65C1A8C4
S31AE04C233B118FA7A2A80AF5BC3D90C8B8AF39D1CC30CEC71172F5
S31AE04C23504ABDAE7A9FD02BA9BD2DEAD1CADA434DDCCA94C2629D
S31AE04C2365BF052E7A5056FD8A31CD053C0710C505D7F3F0AE8789
S31AE04C237A5331CBCC2A6B2E38EFBEA8067E3CB2D355BACAD02F94
S31AE04C238FD5B0620E61DD057A0906FF997C2E557D919ED0D6F865
S31AE04C23A4C38292E570BDCFB4B8CE66AFA278A876BB0497DF126C
S31AE04C23B952B2CE274749DFD188DAA9A61BFECCF929A7C17E1DE9
S31AE04C23CE86F46A7AE7EAEDCFB8A827E5A66B880C7B507B241052
S31AE04C23E3C31CCA72231DC55B5EE6C4D72648549CAB50FFF80504
S31AE04C23F84B633173F2BA5CEA7DA170F8D6933792C8CEB4616295
S31AE04C240DAAEE90F98B574530B73F19D769B5722BED2DD8126CFF
S31AE04C2422FF5BAAC2CD3BAD4A353F9F7822E9462EA3D350699CD9
S31AE04C2437D7A0CEA35D5405AEE4044FB78E283BAD3E40F0838510
S31AE04C244CE378B365CB8027D2DFBDB20497786CE0E5D3CBFA97D1
S31AE04C2461ADDE6F13F6E7C583B89C1C3C0E7F62A3D503E67F0582
S31AE04C24761964380EF7D130D97D799DA60B788585FA5128A99811
S31AE04C248B00619334F5528717232669AD32EB077FA70EC262D74B
S31AE04C24A098582E697EF0B70E83901DA31896E4E2FDCBE9356EA0
S31AE04C24B547A8057884CB20765DEDBE2E756FCAE3034874B98BC5
S31AE04C24CA6677A83E0A10937C3B9A875A2A0D3AB21905E7D7D654
S31AE04C24DF40CE6EE94735293B31EA2A253050B5949531141A3614
S31AE04C24F495EC3808219942EE9AF1BDBCF4E8E809EB8762F670EB
S31AE04C2509E297EF36C7BA67BE8800038E87A8D0878ACB84EBF4F0
S31AE04C251E4FB3FE5F9FB19CBF7C218C1B46118D70FF8CF9AE2979
S31AE04C2533C61197DA39F8159169A7721F1ED5DD3669BF9D75B9A8
S31AE04C25488FD58A4DD6BD1FD95DBE7137342F7E555B4CA5C2235C
S31AE04C255DC58BE8DD5B9760CDD8E933A1E15593B85D3F47A7283B
S31AE04C25720F22A8A0C60081CBF1882F0D577FE3E8B689437AD273
S31AE04C2587CBD7EFF84FE96C12A67A6B3255E6A983F2C77762FF19
S31AE04C259C5C2647CA5342335AEE85402790C0DA3EAF21930A5C38
S31AE04C25B18845B098820CAB9B064576687AF7080D59D89557EE40
S31AE04C25C6327EB74CFDB56ECEA08EF9607FE160F3CFFBE21CA586
S31AE04C25DBE070E264CCC1470A120523E17784B616C5D1F53C7C20
S31AE04C25F079E23AA1E0DA9BE5B5C82CC5A27D1F83840CEEB512C0
S31AE04C2605CECA883863D355B8CC4221553E79251A3FB86370C2ED
S31AE04C261A6B94F882885444BBFBBC9B9D8D0202B8CC2E0E6EB1C6
S31AE04C262F96FBE19B8E536F6B250F3CC93A520CC887F201DBD4DA
S31AE04C26445CFABD528414F79FAF8A4978ED95C99E513C45235193
S31AE04C26599BE5609C8202D26F4F63EF81E31DA74AEF5A780AC655
S31AE04C266E15F531304BFED1E2F9DD82E52BA409E7AED4E61F9F9C
S31AE04C268324DA624F19F90DA206D8B7FF18DD62E34F7FAEE9B5B8
S31AE04C26988BFD934DF04346E7F1F0AD7F9353319F653408202F80
S31AE04C26AD9396D7BF915DC0EADBC5C2CE04BFEDE684A00F133B48
S31AE04C26C2476EDE9DFAD923588A13C6588276727DE680581720BC
S31AE04C26D7E8DBB08BE520E91CF4E82F6D27F12F3A8A6ABEE41114
S31AE04C26EC44E2B869724E9EAC064A4CDBB0408FE0743749B66670
S31AE04C27017550233F17BB19F14CD25567C4FFE6C75BD74BBFDC2C
S31AE04C2716F5996A95CEDB341CA03153340B810830527EFEDAE250
S31AE04C272B6576A601317A777207815B2BF73BEDD4BD2527242CF7
S31AE04C2740B4762DE3DD9A72335ADD632DA44C76511CB761B3F6A1
S31AE04C275531C34E099A04CCDF568A555C9A001372FC8E6F827707
S31AE04C276A198E1CBE9D34D80A30803DD8AB7ECF4B60845C12F1A9
S31AE04C277FFC697760817C15E595B8035D137280550FFFF7AA65C5
S31AE04C27942FD479D9593E8D3678AF27315C1F67D519FAADB4DFC6
S31AE04C27A95772A6DD422E134E0A4A5DEDF8503965F46C2724435A
S31AE04C27BEE41D0074543F4F6C2FC4960774CCD644E66353738E8A
S31AE04C27D30E5545CEEE4EBE1C973654AD9B4D059D6F4F7307445F
S31AE04C27E865EA8AB8188C77029CF02DFCB14C69A8A6844E357E0E
S31AE04C27FD3DB7AC32865F9F984F60E22C43FAF951A4BD20761B51
S31AE04C2812EF4E471F1640010C624E0E2143F519C0969C7CEE8667
S31AE04C2827DDD5B8337DBF35D0EF75F41029C47103B6D160A0FA42
S31AE04C283C2CBBA635112728D29EF526294B69C3C838CE82D2AC3A
S31AE04C28519B68983EBB29ECE661DAD796F50BC8BF3A8D06101C89
S31AE04C286688D5A17157D774A2D6B12226887B0D5EE716B1D64C6B
S31AE04C287BFB9E1325C62C116534CB923D39E8827350BD807D8B64
S31AE04C2890AD31755F3E7D2A193F168D9B75115BE393D6BD9F103B
S31AE04C28A5271029609487F715B36CAD0B4F851DFB588353912B58
S31AE04C28BAD614141AA7BB9020245724CB2581D747F4B257F3AFE0
S31AE04C28CF557B011968434E4010E3C71BCCABCA6D88DC6472944E
S31AE04C28E456781CD39EBAC87A3AEAD4CBFEF9AED0583625588A89
S31AE04C28F9028173797F1C1536FF13B27E7D0E4EDDDF5022F7F013
S31AE04C290E2D26AC39FD4A5D0C7F9EEA7458811A45D0622358CC6E
S31AE04C29235B3601AEB8080E803BA4DB4684F8BDB6F96B2267AE55
S31AE04C2938B5321F9447DE77EFBF95829BD8A687FD2AC0F23E4363
S31AE04C294D2C1BFC0CC560423D4B5175F47E7BD83E939DA1233D0B
S31AE04C2962CCB9306C4B661FB42361ED82CBC0920A457FB28D8CE0
S31AE04C2977F98641BA65421F276145E733B060A19D2C6340C2B55E
S31AE04C298C8F94BAEB08D1043C4AC94B447C31F25B9AB98C79DB54
S31AE04C29A1C3A4638CA0A6AB1FC9916B09FA29A6F35E168237C40E
S31AE04C29B6EE9013D8CAE4CBAE2F66D6C085845417E781D4B36854
S31AE04C29CB76789A8A9F0B3C13E137BF2BE30BC6B684629AE60BDD
S31AE04C29E026F2CB63EBB5F04204DB50FC3048FAB48E3F06108ADA
S31AE04C29F5DFCF7004B91CBAC921A352464EA2EEF47B9FC3B778E7
S31AE04C2A0ADD04EE6657FA6EEAE4BCACD6820222D55BC883890AD1
S31AE04C2A1F8D3F8C5917803680E873568C21F9B1C70BCCB4B5B0B3
S31AE04C2A348DEC33EE1FD8B9C97F200DF87B78199B54B97D3B999F
S31AE04C2A49DFA97DAA59311008279F0D03503DE2CCDE3429414F19
S31AE04C2A5E0E3BD77B0C68D7AF5492174597B217C3A9A89EB4ACE8
S31AE04C2A73152384F86B724E1B335B022B97F9948CF0805E8697CC
S31AE04C2A886648DDE7C21CE593A3695DB601EBAA7B593899ABAA90
S31AE04C2A9D83BF677FFB62C05991C9E5C3D5CDF17F1F21EA9E0D6B
S31AE04C2AB200BDEBDB6555537B1592BA062FB0C7848C705A3ECBE2
S31AE04C2AC711A39837044D345AB1915DBC62B76996DC861393EB00
S31AE04C2ADC47911D95B1D2FF9606ADF557AF999B5A8FB7420BFE44
S31AE04C2AF14ED9A89062E6613EBEE7D7814BC36AEE65E663C1F78F
S31AE04C2B06D9B0E7F0D594EB035F277C01F23F351A3B6B150C9AED
S31AE04C2B1B5E410F635010639F4DA9282AB3D9665FD7EDFFEBF2C7
S31AE04C2B307B73E9A9F93CB56920BAC8826D6DF40AFA91024B1E99
S31AE04C2B45FC570E03587AEAC3E12F2F45372C6173646EC5BF1C39
S31AE04C2B5A07CEE7D809CFC863CBD4D447EC2603103A704A8578CD
S31AE04C2B6F9718DA8B1FDD50CF55930D024AE428F6A7C7AB49FB50
S31AE04C2B84E1A569FA111036D6DACC18E65D739B1DD1D0FB6F5865
S31AE04C2B99ABF29BF91C8830680CF0265D2EBEF4FBE4FF3C632488
S31AE04C2BAE8756099BEDE862183D8B802407A4AC70812D7F381365
S31AE04C2BC3CB53FE201482825094D62941FD0B5ECA21656A3F6F85
S31AE04C2BD86A9793175BF5767FFC24F2274638AB87F85AA66C7603
S31AE04C2BED59A5F7B8112E6C323FEA4D527DCFAC6C5875789751BE
S31AE04C2C02EAD3B41DA6AEBEFC60E9F2AA2E76F9D45EE49CE521B5
S31AE04C2C170CA3782221AEF37BF37C60F0AA8244E00508E8D25FBB
S31AE04C2C2CD2A4C51A3D7909D582A59C23DB128C05F421A8F582E0
S31AE04C2C41131A53E173C892F48B446A3F2B720B01EA42A91F29EC
S31AE04C2C562486DDDBD76E74D0BCAC5CA6AA543A73B4B0F4FF14CC
S31AE04C2C6B16B02BA8D7EA6ABAE40C898910853C2B22A9ED95ADAC
S31AE04C2C8054A094AA329CD013794BF6FB0D624E785E3E850477A4
S31AE04C2C954775D810FB0AD23158C55C7B9F5C64BCD80E3BA16A11
S31AE04C2CAA0B05D2696C2F43D0723EE9D2223FD929888A51A1D93F
S31AE04C2CBF54523A97B0765ECF95EB84CED804C6FBA61FD755D8CC
S31AE04C2CD460FE065CCDEFAD55A901217395F657642676BB686098
S31AE04C2CE9E80B2D1AEAB7DB644058DECFB80F02BAE5F71C5192E7
S31AE04C2CFE2A8C85E986A98894F7C7659C3FF3C1E6E6F079A98709
S31AE04C2D133DC69A81EDD40E7A6A13AECE19D089D7034EA4FD02DC
S31AE04C2D2888A2979EFE76ADE2092B17085719F565FCF8753194B7
S31AE04C2D3D5623251C3B3809A73B8B9C1B73F4728FAC96C03D103E
S31AE04C2D522F9A4676FA14AC235F04A0406DC713915657070BA15D
S31AE04C2D67825278B934374413F66079B85AE61C635AC28368E031
S31AE04C2D7C17FCD59AF5ECD6D82BE78BEBE556CCD9791D37F91EB3
S31AE04C2D9196096890E0B99E925AC8B20E063FDED8300C590D9E7E
S31AE04C2DA6D664537D29A415666AFE6998DF4F8D7CA70EC68AFBF4
S31AE04C2DBB4D64BA78007B2F23E5331C3746D7E5B0EA223AB638D0
S31AE04C2DD088E3B0B36475F5110758668FA9CC97C61FE493EC4A1D
S31AE04C2DE50F92534D2200BA6EC4ED36B26E5496609D534BF41686
S31AE04C2DFAE8FE61C49D253035A1C1162D8018E2875D13702D3A73
S31AE04C2E0F1C60C99802B10BC8B176210F60921FC27D25D3FD7409
S31AE04C2E24EFCD755FF754429031D5AFA3DB994C87EB687A479E69
S31AE04C2E396B7896189EB3F5CD0535110871A1A6D09B15DD6FDDFA
S31AE04C2E4E9AAD998A25D5E0C40901BE518549DBABBC430B655603
S31AE04C2E63F136CCB8B17633CD504E417F027394E7D54AE0B02435
S31AE04C2E781A1DBF12CD1357D038648635C89B2DD4BFC5D5E38687
S31AE04C2E8D92D54DCEB6DDC8D3E713BC350E8CE0DF2B159800F240
S31AE04C2EA218693E1C6FD751901C1FA0BADBDFBD240F81ABE6D4C2
S31AE04C2EB7346F666CD84406C8FB610AE606C680068FD1854AFBAD
S31AE04C2ECC64792DCA3F2EEA0159151A1239F63BC9F0C182D0269D
S31AE04C2EE1D7C52E84972624AC34217437518B85EAB60E6BC7434B
S31AE04C2EF68FDC54512BCE98A451AC06592885CCD60540916BEA7A
S31AE04C2F0BFEFD011514F1265D18214AADBF622346BAEF7F4A02B8
S31AE04C2F2001B09522012D945C59E044604143CBFB75AEB963C7B7
S31AE04C2F35C1D16D59A85612A5D13C2F76D6568AB32234472685E5
S31AE04C2F4A6FD7A0D9D778B2CEFDE6B565C3BD5973010884B4CD5B
S31AE04C2F5F318547FE5F4CB03C9A8DE0271BFA2C7EFFB192F6363E
S31AE04C2F74E7DFD57CF8191E25542E5BF95CF62A4F9BDF2E702AC8
S31AE04C2F898D1838810A3708C3DE44991F24F368C996759B70FD62
S31AE04C2F9EBA7C6DC2D30CCC9EC014F69F668CB8F43D1FC0895C36
S31AE04C2FB35F3267830BC38113EFEF1FAA1DD0611ADE59FF9C0415
S31AE04C2FC8443E28B0EC5967BB0170B4D8758209846E6DBB32C4F4
S31AE04C2FDDC5EFD5EE1A05874E6CD83D43D75F07E6DC2A93807EC4
S31AE04C2FF2CAB04B018B543064C50C6B8476EA7FCCCC2E24860848
S31AE04C300790C0D3041AF56582AEC6D0D38488B3A399F9ADB79363
S31AE04C301C8B465F757AD3F4BC394C7D32FE3F7A4F6C995D6220AD
S31AE04C303175333FC9ECF37D9F94D79AB58B456191345D24382420
S31AE04C304611E0121168243AC5726D368FE55A5248B56A81E4CED5
S31AE04C305B57144F7CD83235CA38851E046E94DC68284819EEF261
S31AE04C3070D833FCCF21C7143FB96CF6BD3CFDB949F1109C93F7CE
S31AE04C3085DDD4CCD73CA7A6DCA4168E2251B96AE5079727CCD126
S31AE04C309AB135844731184BA20BFC59D8A4500DD1A65F2395F64B
S31AE04C30AFDDA9F2D0FBAF9DE3E9DD4D6ABF9D4167BC64574AB472
S31AE04C30C46DB32A463C7DF34F10384DA596C15BD19AFD3141F480
S31AE04C30D96D72D151752325C77D41A427DDEE3A8EEB77929D126C
S31AE04C30EE6BFF4CAA1979A9329C62FEF4E164FC3EF2D31B8A03F2
S31AE04C310370C3D2ECECC8AB0DDF70EEBB6E4494DCA050AABA7248
S31AE04C31186DC7DF2DA84FD7E92340CFD6C38F03B3E0E5997ADFB2
S31AE04C312D22138FE01EDF5DB45DD1EA59D6F704D90E0CBB25791B
S31AE04C3142339D294394B9FF4BD0375574C2379B76626FE3D8A964
S31AE04C315766C23DA6027D45C6AAF5DE9CC63BA8DA930B3FD5C787
S31AE04C316C06C56CAADF65ED2E6285EAC3D1EE9D26B575A0617823
S31AE04C318178367EC9D8FF668F309D1391AED2B629535D4411551C
S31AE04C3196D36852E2728E7A998004729744A8824D2B7D4FF06BD6
S31AE04C31AB6DC54CA5165129E607C837E04482A47005382915F019
S31AE04C31C0481FB9C1D290A4FAC2476F038C19F8D89F9D6C6B10D4
S31AE04C31D5331B6E3C9FC393F95690B4D2E8B9B64E8A88E652462C
S31AE04C31EA7C32CBBA2F418D3461459B7906D722A072CB7515B169
S31AE04C31FF5994647580FB4833893676A0F7C86C666943190C4A4C
S31AE04C32149964E28A6286E9B73802990B173D968E037668BD3658
S31AE04C32291A9E9E52B5E003AD848B00CAA25589DA063D049F5FF9
S31AE04C323ED085B83FF1EE8CEB23311AB745101ABB6B9B1AFBC578
S31AE04C3253ECCE602B6BAD6562982CF651BB7B727BA07E4589D521
S31AE04C3268F94A0882BFF309F352425C8DF39663D86E6AED99FE07
S31AE04C327D5F4DE446CC8C4A9DC3644E5E299769BADE3180CEFDE5
S31AE04C3292C6C1F82A64C4AA27B45E9F4281F7DD857141A4558A51
S31AE04C32A7CAA7A6A6A9114047C8F35C775937AB4E9F545840B48C
S31AE04C32BC858BA39E33733F56F23C05759E644AA468F1297C9217
S31AE04C32D166C107095F6FAE7DF5C9386F3736BB922F53485A083B
S31AE04C32E655281322F0A71880B68F5D72C25270DDA9E9DCA481B8
S31AE04C32FBF513B659E47B3617CC25AF44AB4EA96BF034C7DA8F84
S31AE04C33101E47EC4A0462ACA8B2998A47A53F52C9BFA1D7FBF5DF
S31AE04C33256DBC58B3D234E8FFA0DCCA6623A921D2FF4B980715D7
S31AE04C333AF25E49D507A1D6E7D08EB513A145ACA2D5D4AAAE25F9
S31AE04C334F12841FECE7A3D833AB63988B3EE879D596A529A482D2
S31AE04C3364418DED68842E61C30FF6377DD20E0B864B9C8F5FE842
S31AE04C3379CC870FF755F105B331A3615569A75476226F0B7B0A31
S31AE04C338EF99236C6F515565183618BAED7DF8156A2F93761B92A
S31AE04C33A3CD6795196DAAE862F3A63D14A11925F2DA8FF5A60CD5
S31AE04C33B889380E47C9CB57EEF42C6EE0FDD14B3BF9B7C0D36278
S31AE04C33CD0FE59121E633A8695B6F551323E5A50C090F9C385FB3
S31AE04C33E2445A2D4D885063E71CD650A89C887F93BF4F6BD2E01F
S31AE04C33F7926FEE8EF565F9289FAB68B18C2D10099CC097B002BD
S31AE04C340C838883F31FFA248344221211881FC6FE03B450915B51
S31AE04C3421E57D3DC09BD8EB1EA015B42FE1A5F3A2C2E610F052DC
S31AE04C343654095708111097E4EBC300F993AFCAAC6E738527B05B
S31AE04C344B3DF702AF4430422899F126BEDF2764467CD2E75ED4F2
S31AE04C34605DFD42F0967AEC204EC03A26815B110C8F587F98FE1A
S31AE04C3475D8A7F33424BF2C12C7A696DD49EB1CB2F512A64D303D
S31AE04C348A00D0818C63BD3093777146BE49A68AB24CC59569C94C
S31AE04C349F4044BC6261DA91646466D86EAD56750A9CAC17D3153B
S31AE04C34B4CA3B676B860177A3331AC117424265CBCCF2BB580EA1
S31AE04C34C96509A16A8ADEE74E7E1389F9FF2FE9728BF4125672B1
S31AE04C34DE15C0445B7BE41C88089F4BE9ABDAAA146CB02CE031B9
S31AE04C34F37A439E918A8CA046A26D54E3743272F28324B454D9D2
S31AE04C3508AB4186DC2CB8539075942596F2097F2CE87B2D727685
S31AE04C351DC3EDA8EE0625AD74FEE73820828796AEABCF0708635F
S31AE04C35324E438E5156C51CEB194C1E9A32268CAA724DBFD9D4EA
S31AE04C3547879F3BB2BFA924E9D8D41D7AAF0E2BAF9D0C070C8E91
S31AE04C355C0F205BAF9DFE401D0841C049B96A841CACDBF7CF296C
S31AE04C3571A5C07ADA2032EBB1900A9B1F765BDF95EDB47F6169E9
S31AE04C35860476AE3328BD0A27F2508D5D70B3ECE97D2067C39E04
S31AE04C359B50885DFA46FDAEAFB8D82CF1D5D97927085D723077A1
S31AE04C35B054BA38A08B740D6D92DD0C92985EFDDD1C9D8EA7604A
S31AE04C35C52AE8A2719263B249508B7792DE4AF11053F5AC2B9BE3
S31AE04C35DABFE2E7BF13C3D662A6CD87EA871D5CCE14D4B39C3735
S31AE04C35EF3C16D250047AE0CCB8919C387C76FA40F6F5A6736149
S31AE04C3604291CA9706EF57A6DDA439B2C5FFD82F773A85936C5AF
S31AE04C361995BE91B57CC1144AD3C955D816640B73FF1447647F38
S31AE04C362EABE02B430BDAAA15CFDFBA480F33B043E2EC0307A556
S31AE04C364389CFBF8BD6459B634390ABCD451689FCC3EA5767836C
S31AE04C36582CD0271B978421349C57A0E6E51974DBD4A23DD9DF4C
S31AE04C366DD20736ACC6B8F9E43E07BD85D1EB60F0193E1C916207
S31AE04C3682ACDA2848AF7C32CCE4DC44DD1058E5EA370FDD085B44
S31AE04C3697731FB9F41CA224216E24D8F09A3B396C5E97C12ACB2B
S31AE04C36AC55177493194CA9D7200B45BF76538D3E56F61C740ED2
S31AE04C36C13C4848BBA820B38C0AAE999A0921FA45BADCAAC6AC2E
S31AE04C36D6906AB88ED587E71B962D78C7ED4B98105FBFA0E84D3A
S31AE04C36EB72F1D06415FAC65EDB02D93D11D611227F3DFBE93FE2
S31AE04C3700F742841D7C76328B40DC3720517094AB0858DC8EBB01
S31AE04C37158438E18D59A1D64A555DE0E800B5F78C974B269711C7
S31AE04C372AB68E6400E89701D7FF61123FA2B199E9FD17D8C39B89
S31AE04C373F0D562891FCC2AA86B9FB1AC287F128E9729FCF8406B6
S31AE04C37540566C1B9A3855F3136FEBBD7D563C931093639170109
S31AE04C37693E4F13B3CAE9C60CD46BA2E787263BEC2711CDD2BB13
S31AE04C377E4FAD0D8DAA9DB0060CE013714041F079681C91A6A0BC
S31AE04C37937C29C340CA52042875A620123DB2BDE3426BC1342F52
S31AE04C37A8BCE1B2EC4EA4F2648C81E343C887C9A3646E1DDF2C6F
S31AE04C37BD85D7F94E9AF02B7864238597C18484F6342FA9FF6028
S31AE04C37D27FE62225D6985DE4864A8EEFEBEEC03D56B3261FA341
S31AE04C37E77D8549B819B4D5B31F110DCEF0024560A40CBBC01A5C
S31AE04C37FCCFE3E3C030E8370A32795ED4CD754AA0CC382FFCE9B7
S31AE04C381122F8DF136D4AB95326CF3C0F16F15E60CD276C37CE37
S31AE04C3826E2FDF93C5DC1B98861298356688BBFA868D0551BC5BE
S31AE04C383B281D0609BE07225D49C400FEB7F0B6E8A1DE4CBD25B1
S31AE04C3850E6BF1EE1C3785E59034BBFD2990B24D783962CC4B95B
S31AE04C3865B044E29A986949DE5DDD69C0E31DF43C5953F133E23F
S31AE04C387AED4218FA0EC94B2A1D16B33241BB0810371BBB0B37FF
S31AE04C388FDDF09B13F2D70613C025330FB4B309F0C57805818DBE
S31AE04C38A492F52CA1BAFFF9D3D0A0F03FA42C4DF6FBD5D3F6FCBD
S31AE04C38B9F51A71112851C14455B3411488FD44BFB948F10EF4E0
S31AE04C38CEE7A3A5CA8A70E74875220A2FDF19DBBAD31C061BA97B
S31AE04C38E3FA31B111F6EC62F7AFD656BB4EA0F6C01C4551C715AE
S31AE04C38F80A7BCE344603C367DFBC4AF9A424BE4A9D694C186314
S31AE04C390D06E34E378C786285B0232E7A72C7A78569899BDF5D71
S31AE04C3922BB5E110684866D37A5D3C9FBFFB3BF313F3733CB62CC
S31AE04C39373C7DDA3DA6748A8057B7B508CC1D94BDC99D7E78FCF8
S31AE04C394C08A3D51C3F8650CB7AEB53B1573BEC1E2C9B5B37CA90
S31AE04C39613D6CDA9DE038E5DF106B75783BCD7714B93A78306627
S31AE04C397632D9FD86FE9CF47CEF53ED9F0043A766F6FEFC83F3EE
S31AE04C398B6B4DD513ECBE01427D10E85B7F40AFBD114029E40708
S31AE04C39A0B9FEAECEC2F73539AF6E3AA9F88B01A3426D7CA52B64
S31AE04C39B512199A78A24D50CD5E0131887E276361B209710407CA
S31AE04C39CA6398757DC325441088A0EFAFE9A152F726C35C4B3F25
S31AE04C39DF1D1CEF87C1D2E647698A33066D9A4F33737278AC78FC
S31AE04C39F410A6C1DAC647730652057B74CAC9802A9D6B08F79B90
S31AE04C3A09F1F38A043CD229648263677A1173D80F1C0A8B49F549
S31AE04C3A1EE832246E60C355D2ACDB60A48941D2E9492495BF7129
S31AE04C3A33CB2FDD149C12D58C642B2D07EAAC2610352FC8C24095
S31AE04C3A48B2ED079375CB6A056C37DA86A2BE9F927912DDE6BDB0
S31AE04C3A5DBCCC5595FCC9EBEB067BA92C4394E1991199C7D260CB
S31AE04C3A723C36916DBFB01972D81A0FF5F79A2622E9E67CCD8D2F
S31AE04C3A87500E65B06D7735D19BE130A9C59D476B3E05CE358D5F
S31AE04C3A9C6CE9CD36956206720C46E9E1527C7017E883643DB0EF
S31AE04C3AB1BFC3D2FD0CE24AE22C22A5BF780578F331F3B9D1B467
S31AE04C3AC657A6D756CA0E6B5701F18DE020E105DDBCED540CDAD0
S31AE04C3ADBDCB5F4B5F75BA657BA08514DA6DD90258163842F00EC
S31AE04C3AF0107A7B787BF3C64B338292CE87D20579CC82B93392DB
S31AE04C3B05DE67CBB3B7427187223CC5119813605F79A8090F25C9
S31AE04C3B1A122D969A11E99AF13C4F4212089A0C1B0EFD98A690EF
S31AE04C3B2FF8C16650DC3D63AC3C339B5EA395015CA975B11F2AA3
S31AE04C3B447523B6B85E0C53A7AB474FA59CA6FF70CCF5FB5636F1
S31AE04C3B59FCDB3A4960B61A12B85A939592815B9AF5880E0C159B
S31AE04C3B6E588C299A06F0377B187FC0691A39FAFECBB833A1510E
S31AE04C3B837D0074DCE789D725A234E36820E0E4DD9D8FD661DE9F
S31AE04C3B980925C9AC9D3F71311C509AE6DC87251C326F1FEA8605
S31AE04C3BADD6B2B704EC5AD6B2786939AADC16ABC15F6B97733C8E
S31AE04C3BC2A582CB77026D09057B19B6673D05A6F00F4AC8C65313
S31AE04C3BD7419BDF30D5808DD0B81154BC5EF5D3E5CE890CA6AB72
S31AE04C3BEC7C3C7E3A38F670C615EE6ADDCF45D65958908091AF89
S31AE04C3C01AC51F8C0318AC8E083C3D1C2ABE7B1EFC5FB100A1C63
S31AE04C3C16BBC421704AD39F66CF5D2D122B52830B6BE8ED3E82BF
S31AE04C3C2B12F0796C8984212B43BDB530E1588C56A817B131EC85
S31AE04C3C40227B331A67A4BF027AB6ABF82157DA2D606E01161C34
S31AE04C3C552D4BC09E5F0031F7AA04009D04D9FDAD7A1792E4BC36
S31AE04C3C6AA374AD6CE3239A460300128361B0B117151CC6227DF6
S31AE04C3C7FFD1B49C5A40620A587561B75D555F1DDAA110E87397B
S31AE04C3C944EB4AA4347724B8394D0B3A9C2A74B01C862845510EB
S31AE04C3CA90863F288C34CABD44CE44394C033A74823B44A3452D1
S31AE04C3CBE8D8FE1BB891F70189E0E82B238E3315E2AF04158A3F7
S31AE04C3CD37C60FDC0C19F160346F8758631EA455096F3C1FA4526
S31AE04C3CE803D946B384019B6D9ADE0204FF262B8CC1797F2651A9
S31AE04C3CFDF68B314CF8CD95CCA03427C9E316FA7639AA89A45CC3
S31AE04C3D1292383C0EBDF607F15A67467CFF6FCD52607CAAD65BE4
S31AE04C3D279C0560BF9464C76E03F376FF56A2C8798AE7E72F2914
S31AE04C3D3C6A3D2725119D788E5ACD0FFE577F2CB6DEB927534359
S31AE04C3D510438CDB396E2A7E4A41928A6D414A0621CA560795409
S31AE04C3D6663A8DCC00B3B2B63CCD155363AD52A21EB4E00BD60C3
S31AE04C3D7BA0C623784E5B86A6AFA54FA076399EC32A749C544505
S31AE04C3D90F1AE132585AA7BFA4503F7FCFC77046DB3A2FBA190D1
S31AE04C3DA57D7931BADDEC63FD2FB500D44E82DD7423373FCB8709
S31AE04C3DBA192098F0CCE2E7D110CB5C9AAFC2BEE329DD2F0085FE
S31AE04C3DCFA9FC1C64C7A06670D7484161CE1A66C28CC4711E0299
S31AE04C3DE4EA07B8F0C6EE1D7DCE73F14ECFBF7B5D2F88A67E955B
S31AE04C3DF9CF39689B2B8A19ADD8F155F3911FFCA17BCD124161A3
S31AE04C3E0E120AD18376EDC8F55B299C33EA7D6D9C25B7066E5476
S31AE04C3E237F0D77CBAD821E3235D02820C65DC764A828A0881365
S31AE04C3E3812C1FEFF35401C46B07B7C9B549DF5F13E2356C6CC3A
S31AE04C3E4DEB8F99924D250DAD216E7538ADBD321CE5FE75F88E8B
S31AE04C3E62D25245379DBE94FE29EBAAA22038085665E37484AF87
S31AE04C3E77F51E28FADEDAAF5946FF08A0C1BB1AB9BA1A3618872A
S31AE04C3E8C92ABF753D57E780F510E4264974F52AF92D2FCB18C05
S31AE04C3EA18E0ACC871D1D0B8E92308593E689566BA3085DC53213
S31AE04C3EB6B3ABDEA1AF1CBCDDAB6A472540EFAA27CDF6047A3191
S31AE04C3ECB1CA0264007F11A3D2E46B31EC9DCDC21338969E360F0
S31AE04C3EE0429553E1447DF6132DFA606D527FEF366F3C75DBD908
S31AE04C3EF5CE43201E93CC9709EC2B2E81BF646EF927AC8FB309CA
S31AE04C3F0A5D0A4A4115A250066A140AA8F7EDF11DD56A941F3D20
S31AE04C3F1F2BC91A57B9C2BF6C2696BFCB68B786365A6F509CEE8C
S31AE04C3F3413BD0B6C0652F891670245543E156E97D945D4CAC642
S31AE04C3F492309A5779BF4AF2504789404FF8630DDAC0DE06DCD0D
S31AE04C3F5E26DA20D21711C80A6515D4DE1B84682D5AFA17E290F3
S31AE04C3F733E897429CDE43274489E9FB70E0D91497489A3F8146F
S31AE04C3F888DA14FAA0D0B8967B0B1C63E8FEB12D07CFD4C0E54DB
S31AE04C3F9D23203FA9164883F703814CA1FDF1B1A023B05A7CD8A9
S31AE04C3FB2486BB0A11F27B806AB1AC25B632A9F2FFA067550724C
S31AE04C3FC7FE2E00FB013DCB5C30220B03ED6B6F47C0043615AEFC
S31AE04C3FDC0A1B17E73CE03368CA1D587B7D5430D4CEFC999976C3
S31AE04C3FF1655E7A5643F5797E55D728C46859DEDD62F41B0E07AD
S31AE04C4006F9ECB1A06615172469797F67877EE45A1A5AEE628533
S31AE04C401BBA8C03F27885A26E479FA9936775F9FB2200919E5083
S31AE04C4030E9FA035941C971FD89CA95D1B3EFC6F3BBFBB18E95F4
S31AE04C4045C3AFC8DB24A5A8F7650942FA4FC394A21FEE686F776A
S31AE04C405ABCBBB54FBFB03EB40555497DD892D8D78021298F832E
S31AE04C406FCDA7E1EFCAADA633EA2FACE1C88028719409C2208DE3
S31AE04C40842A5B19FD5A43CEB123051566F533B7C979A2B9C2A5B8
S31AE04C4099E0472D481519A638D62D94079F0906D0475A2F433CCD
S31AE04C40AE88B40C56BB695D8BCD9DBF456ECCC0EF58B393736356
S31AE04C40C3F0055438030BA6035AAD75C232861FA3D80665272F2D
S31AE04C40D84795FCD8FDF8FE7BE965FEAC811681E652164F346C36
S31AE04C40ED53EC421D0BFABCC8730AE655577BC76C950AE27E0B9E
S31AE04C41029036C56485E3B045FF226CB6E5314FEB9AA6D7AE2DA5
S31AE04C4117DC840C2DA9D88C8DD68BB612671CAEFBE026148AA88D
S31AE04C412C63DE096A2CF3A0DABC88EB89AF87B2F3B389342E6668
S31AE04C41414884B2FA5FD5A692131E2D11ADA7A1D39AFFEA1195F3
S31AE04C415636861BFEB07C9A96F4A5E8FDCBA9C77B6567103DBFE5
S31AE04C416B1EC8BDA1CE4219A38F96EDE338AAF945A5F46D4EB5DF
S31AE04C418044B77C0C202F789306367BCFDDEB5F79CDD93C90057E
S31AE04C41957C2340C5EC788F3779B280E4927F3B741F574C34CD03
S31AE04C41AADAA177CCAE9C7C43F02F560933722A19FF37471BA564
S31AE04C41BFF9671258BFDFFB1FAAB4017CAF5F5E207C281B76D7C4
S31AE04C41D424E800179D7F2BF523D922ACD2DD5F48C5ABC5689AEE
S31AE04C41E9392D5B74DDB371104371E817959847A2C3BA5DA16E97
S31AE04C41FEC10055F3C76B159FED85CAEE06BA7EFB496D6B2622BF
S31AE04C4213F9E3A61DABF8B0663943059051162C2AEEC92CEE91DC
S31AE04C42289ABB802BF7C7B871208101B5F164A2DBD30CE2AEFCD4
S31AE04C423DD520D0F2D7E3331CACF4AC42D244EA47347AED2B607F
S31AE04C4252CE9CE5544F1AF2DF50FB4634EC0A755565C964A2AFE0
S31AE04C42675AF627BE945F733DDF44DD23C68519BAC13C2B33E0BC
S31AE04C427C17F7FB13082D971DB5353C32F279B626632BC3059071
S31AE04C42913EB647B03C7A84F098205842678D36F1B6150F39143D
S31AE04C42A65E688127B380829979F1D89609A065C495D283B99731
S31AE04C42BB4AB7494030A1309C62F8ACCEDE7CE9E2D8F56C4EF81D
S31AE04C42D09762E719DFFB02381CA1A98CB95BB509D4D2AF0B5323
S31AE04C42E5365FB8D0D6600DD826511F93028AE86AE32739D68FAB
S31AE04C42FAFC469D9E0366D4641840ADE1BFD8395C3861F2A41509
S31AE04C430F0144E483007C54D5A9724691D4ABAFC75407C29E9ED6
S31AE04C4324748E0415ABC348156EE073269818E6DAE0D8C7BF4295
S31AE04C4339800426A5608D8585E980DD09646201DBECC90210E659
S31AE04C434E84B9A7797D4ABFED891DFAC803BA504DA4AF1AC43E27
S31AE04C4363FE8F8950B5E66BF2F91F9A1335D49BCB7C6207AD6B84
S31AE04C4378DF21B1419B9A498876B0D53F3B0EC306F0FDA9E554EB
S31AE04C438DC752EDF7104DD82FC8CF4A29D79F7B9C05BEED6011D0
S31AE04C43A244E816EA6847A281352965A040982780A8740CB0B963
S31AE04C43B71528B947F0A7DAE6BFF9BEBF76C98AD43C3B5B0095F2
S31AE04C43CC2A6A8597B779CCA2F4260AD6E4EED3C1F8368835AC65
S31AE04C43E15381B8A263E7F516D7CACD7B6B64760176400EB2C7A6
S31AE04C43F60D5165E1AE0D682CD87BAA4F6EBAE01F4507EB3A1891
S31AE04C440B32986E95B97C2F2C749A3FBB6840155B035C792434BD
S31AE04C4420166C15CB85C4476626B87E6B06A58F43CCEBBD8F06B0
S31AE04C4435E460FC3D6C53CBF1436B2FBCA2E8534B1820F0E7D3A5
S31AE04C444A0159FAB7685197747078B44A1F3ECD5DC8C2545EC4EF
S31AE04C445FD6902AA00AF4D3C48229B1F1F04A650681FFE3733059
S31AE04C4474C09E4D9262C8CB3D23ADD90B1314FB83D4ED9CADE34C
S31AE04C4489F499BC93FB2FF701B9C17C3AB53D691DBAE28A358764
S31AE04C449E29D99F9799D076738F5391BF8735AE9D8FE72ECCADF7
S31AE04C44B324170932607B801E32D2EA9A096F3E7A7D1D77096D94
S31AE04C44C8AFDBD7136345A66A9C0EFF74E79B23297D197F55012B
S31AE04C44DD9A84A3ABE1CD527A6EAE4D0ED0FCC0418BE94F502536
S31AE04C44F21CDA832D42ABBD5C0B4A13AC7AEBD00CDFA75521D7AF
S31AE04C45073A8F8C2CD31E6C1782094B0E81AFA2EDCE8AC1FFF8C5
S31AE04C451CA5B7E5A608D591B3610150B79C6F3EDD2A91BA4032DA
S31AE04C4531A97EC1885A80B243875A5C06911D21AE6CEBE80F8C6A
S31AE04C4546507DDCF024B1B5AD36847A893BB37A3BD54442749699
S31AE04C455B9769F3CB365CEB85546612CE7522E4397C237446BCF6
S31AE04C45705B50844C044247DBB3A8246E77A150D32A7A466A3570
S31AE04C45859858B82DBBD0B620D2C400612959753C9789B447DD97
S31AE04C459A5DD01F03E4CF798705E37B2D08A97FFAAC9D5BBEE2DA
S31AE04C45AFB3B81154A11C6429039EC5EC7D8EB549D4963312574A
S31AE04C45C4F76B97D4AFC314E1D398699F35F659CA314CC1F2B0DB
S31AE04C45D9CD4249BBCBF210AEC2D2AD98D59326FA1DB1B29C5838
S31AE04C45EE754E38B1B98018B1E08AA7073EBE1A4CCADD506CE11A
S31AE04C46038E3330A4FA5FF0463F132FB6911EB1E1632681423B4D
S31AE04C4618CFEAD073CF9243BDB8356CD722B1A40729D525498C58
S31AE04C462DC5A1E9B23E2A2D26079B5CFEC34EFF9BE34212C28763
S31AE04C4642D97CFBFD41C5AF072F9CA6B33C9258F5EDAFEF2A6BC9
S31AE04C46576E46AFFFE3A48BE6C0E93567CD59A51BBF6F3C97870F
S31AE04C466C99EF93AC8BAB61DBFF85E1E6B8F4ABB1B9E30263C9B1
S31AE04C46818BB9BB2A5A22FB83A1F1EA2FF15F5EC05EEF243D24E4
S31AE04C46964D514E4CA3ABADB8555B7CFB1CD1E7AAE648F5729622
S31AE04C46AB26078618A567183A7EDDF2355457BA44B92003E09127
S31AE04C46C0070FB4E3C50C31780E610300A684805E218F65EF9C72
S31AE04C46D5C4E25BC91E688E3F3DDA2E684BFFDB9B41E1200ECEF6
S31AE04C46EABA744945468496D2AB2654FA8004ABC296D032F8F308
S31AE04C46FF5F5E29A66CA8B2C2A81C1C898727C193900F0CE6A7BD
S31AE04C4714E757C205F798CC6FFDFD454484F3B1481AAF947AF6CF
S31AE04C47297D9504D8FD53827EB71F8FB48671D6D62A11455D6909
S31AE04C473E446AB93262843732F5EE539EC2CF82B0C728BD50A217
S31AE04C47532722EC76021B809E5BE92460E2A20E7F66402339A6B8
S31AE04C47689321772CFB3A11F0BF8CC84E5D28F315D6F9BBCA102B
S31AE04C477D71E4700036657E50AE831A35C1846DF89BDAFFC996CA
S31AE04C4792812BDD49762BCF7516ECFBDE807D96E4E6129FCD1360
S31AE04C47A754D1B3D04F3D913EAFA27B324D5B0ABA4F22CDFFF829
S31AE04C47BC3A8E567BA915F1E29C4264202A43F04BC9A177B4B13C
S31AE04C47D1026E7C890A997E971BC765A04758C42F8DBBF4D323C9
S31AE04C47E6431ED50593DFCEBADD5E31AD572A79B9CFDCA62C39D5
S31AE04C47FB243D68DD72C25C7D855F084738761E69DD82D73AAC40
S31AE04C4810FCE41EF0ECFAC5CC2B776FCC60F4A23EFA60DD64ABA5
S31AE04C4825E1BFFE3FCA3A4B80546DFEF97FFA6F424613856C5E16
S31AE04C483AF3B2AAEE763864BD5FC3FDB801D40722832A440B60FA
S31AE04C484FBFF27FE3CE39C06B060CF8670B61817C2E2018F1921A
S31AE04C486476C40F0A152EBF6D739A3C9F797F5D3C2C21B5720B53
S31AE04C4879F17123108EEB3EA3DD5C2C1197F26BB9E81AB98E5B42
S31AE04C488EF8D1F6900BC92EC51FAAADD33333B47DCDD1D9DB2477
S31AE04C48A34C2947C9F9F4BCF002548B22020BC1C160651276DDF4
S31AE04C48B808FDB460EB5729996B902FBE3DBCC98E58EF8F5666D2
S31AE04C48CD26499A3E4945ED16922C42FD1B1C28EF23D6DBB78175
S31AE04C48E2FA7389A8697DE3153E59EC9E938033417399BE500D44
S31AE04C48F75032B87025F93DF15DC4748AFE9EC19BFA18EC9BD7FD
S31AE04C490C115CAFA7CD5350FCB84F7DDA563808CA80ADDDAE3A85
S31AE04C49214FE81B088EF3F66A798EC126C40B0F89E30823B35BA3
S31AE04C4936E9BD17EA8E63212E4D69C5CA463EE73AFEFE4EC03C23
S31AE04C494B16EB5B575F355FD8D628EDD9689DA505754F67F1C454
S31AE04C49605EE7B04D69DF0513943EA818E8FC2A4F06207C72D596
S31AE04C497561C56004292E86616C243F01B71C90A0DD9F4F03CAC8
S31AE04C498AF02AC9C84E85A6F327AE58EC9658E04FEBFC7BE5183A
S31AE04C499F3AECAC2DD20EC2E74720F05AEE8DEF519A64ED646B23
S31AE04C49B434EDB0D3956A403BF9B1C9991C21ED29E9384799BA84
S31AE04C49C9F3D57FD44C3CD4BDEAA3192884C107ECAAEB9D73EEDA
S31AE04C49DE135EE1C415FC0F5415DAD9146093341FA5433EE0538D
S31AE04C49F3EFD9696431694DF8A9FCCB5689931444B86EBE9F0943
S31AE04C4A08D6BF66C0DD32FBB62B4397ADBD3AB6ACA625624BED7C
S31AE04C4A1DA094DC6E088556BDAB2C82FEE9B765BDFD0AC1B2643D
S31AE04C4A32BF1C9FF756C3D34F4BD00BD837DB104AA1B707354F44
S31AE04C4A476920C027C0B0E066B81AA78FDA2729D4B4CA3D52F5FA
S31AE04C4A5C8E892E59CA8B19A0982D8345AAFF7BC0F0C657CE9E7D
S31AE04C4A71D11BDEAAE302E3D6EE3CB3861320138F78AFA6134A8A
S31AE04C4A8677EDA77E4B50BF9391A586146A8B69817CC7EF6830FA
S31AE04C4A9BE79573BFEE1E94BF015C50B6FD3F27539DB824268986
S31AE04C4AB08186E75E07E5974E79BC0CE3947F878483192944381F
S31AE04C4AC5E9329B4810BEE4E5BFB8EA3847E6B045DB6BD19D4561
S31AE04C4ADAF7985CC273E1887A6166E47EAA3A55379FF19658AAD1
S31AE04C4AEF0EFF2D0C2BA085EACF17AAE1C405CA2F46D06FE83D23
S31AE04C4B042ABE580AF39954D80F1FE46A18078D6388C46C720CA7
S31AE04C4B19F2728DBE1F055B37B779A2BA680E97A70AEDE4A16BC9
S31AE04C4B2E61FEC58FAF536BC2B66C9FF81E1110E980FDC8F08EBA
S31AE04C4B4386630240DB9DD2371D55421AA65AAC98C2F4DC734C1C
S31AE04C4B5802E3B492DB95A936CCB1E4794C682D3DE1CB0D098C56
S31AE04C4B6D336389CF60837A217BE6B9D4D2A4F05366E594CC68DB
S31AE04C4B826FA64CBE07E29A827637DE52FE27AA65E120ACA5F96C
S31AE04C4B970DF029840EF8CF632BF28434FB65DF3FD5750310DA6B
S31AE04C4BAC91B3B34F95C3DE27B7F74382BF4FCC23C64B660854DC
S31AE04C4BC1E1356F24921137FBA005BA715B985646AAB039BD0878
S31AE04C4BD6FB488C04F1F6F03C6A904EEFF8CCF4EC8BA4B6650E7F
S31AE04C4BEBB1F5BBF3E492BCAA3EF9905315C66F8401D55DEC9FAD
S31AE04C4C0025BF0CEE7113279D07CB0070C920F6EB42004CDD4F81
S31AE04C4C157DA11A9BA45F79260F9EC242433BF999BA15DDF9324B
S31AE04C4C2ADA17C81FD406CCBFB7880EF9011F59887B7D4F401F19
S31AE04C4C3FD4B9C5F052D2DDD28956EAB5766AE425205C5C9DF24B
S31AE04C4C540928FCA8E610A743E737ECC4CBAB6EDB7EC114DABEEC
S31AE04C4C690E3A1F65D5CD32C608F264614F0FE979A457B6DE0E82
S31AE04C4C7E54EB0760BE1638CF5F92C079632C63EA5B293A99C44D
S31AE04C4C932F0801A9A5A08098BDA5F6C3718ADB48F33E845BB89B
S31AE04C4CA825D061E305D8B0F25F3FDD01CAC5FDDD2726302D403E
S31AE04C4CBD2B11A7A8A9E04E02373190353D24F82AF6961F9C1144
S31AE04C4CD20DF6BF4832932B557C42CC9BF7E127EE8214DB43C0C6
S31AE04C4CE73D5E9F29239232094B96BB7BB7A1D8033AA9FB4027A4
S31AE04C4CFC1E41A454C909BF43B446196F5A897207195BB2F0F959
S31AE04C4D118F584D008D522F5E34F52F3639A43E31D80475FB2A6B
S31AE04C4D26B054E9189DF4CF168428EFFA858D5A0976BFD4FABB03
S31AE04C4D3B98E0AEDBC09A85CCE82B050F5336917697D0694F0BA4
S31AE04C4D50A3E8AFA12DF0447BB82267976B1A91B81444B11C7426
S31AE04C4D65EA4A397B6FB629798945393F7D5944827C9DD16B9F82
S31AE04C4D7AFB7CB072EBBF5BC17F17197B9C34F1D900CD35D73EB8
S31AE04C4D8F525812D6D3EA094E8AAF167F9E95271993C810CA20A1
S31AE04C4DA40CEE006D48911EADB77B9B5520891E415F8C3B8D6D73
S31AE04C4DB97E6186A70021A5A8AA3B07C408A67B3EB818835D2250
S31AE04C4DCED921547AF8C9E12594A71D8AF8046B0D32DE867FACF8
S31AE04C4DE30B2C6B7963E5771B5D3D3E057AB3200C61A858EF2EE0
S31AE04C4DF80CE0C22F56B4DBB3C3D83AD5020EEF16A917C8E4389C
S31AE04C4E0DF026DB418FEAE017C406314C7DDF6C1C3D81547BC73D
S31AE04C4E220AA29726F6A73DC3683DEBF6203278578D2AF6ABEC58
S31AE04C4E373C83E71B90854DA86C3D00C0363750E778AF671E228E
S31AE04C4E4C94CE71E2A99CD3461E90A6A5D808C118885497DE6C9D
S31AE04C4E61ECD2FB2B54AC3B2BE189C516E3FDF140360D19E71D0A
S31AE04C4E7693860928F44A08AC175706660536B0F919EE3617EFB8
S31AE04C4E8BCA08079BDC0A76D09ACC84CDD1ACA2F3ED338BE11CCF
S31AE04C4EA02D0EA33B6AFDD00F47F4EB18D9F86EAB1A360E0F1DBA
S31AE04C4EB53F6B280C13A0414A6860D1E39E9441D27D6A4553DF7B
S31AE04C4ECA64A48D43AA440D9FC6045E70D0794EB144E8F772AB0F
S31AE04C4EDFE87D416B00C9958EE77548D2FD3EC7C717192596D88D
S31AE04C4EF46951DC8AF81484589B15DB1DE956C952AF80AD83BC52
S31AE04C4F098C1D49309D89557C0532C912E4A7104F7E8C3876375D
S31AE04C4F1EB2A6B5A2BF9BB436406C98DAF9A73BEFC9DB04A771B1
S31AE04C4F33E907E46BACEE21A3AFF5C754C6131924DD2D8782EAC8
S31AE04C4F48056AD9E8DC6EB03A0C20190446AEFDFFDCD0D6219F43
S31AE04C4F5D4E3EE8363A8E314BB39DB1CEF01557CDC9751421189C
S31AE04C4F72873603818F98613DB9AF468E23B389D8CF2F83AA61F3
S31AE04C4F87C44E209AC9F71C9C6F67A0FCCB8889F80D8A4DAF9C2A
S31AE04C4F9C0CBFF252B20FA2D7073514242D81781E29F0476EF30C
S31AE04C4FB16FBC2DEE035F0DAA073321E64063EDC49DC6FE510E05
S31AE04C4FC6C18C479046C6AEA437B957911A18C135AAE490A887D5
S31AE04C4FDBF856584AF1F595C8825042C04C557C0D0ACA023B8DC0
S31AE04C4FF01979A9E4EE19D96C1DDE99E6BAAAACD71BBA44B3D111
S31AE04C500547C78C11A67F9CA79171E03DC37CFD877625D3E10A16
S31AE04C501A17F38C37246848EF52C29CC9A4D412B8332A7E74CEE7
S31AE04C502F6B48EA6D4E0CABE2C665C7A8554176D8D4D0826F80B6
S31AE04C5044886EE95C1E033D9B65868621EB587553F11BE05BEA23
S31AE04C50597376F1EE42D70F3867F57E6414947EB76AACAF91BFB8
S31AE04C506E8AECA4F62F1E941460CE10F217F37FBC9091C4F5782F
S31AE04C5083415BFF8A5C24EF6A25662FC8EFE955DF558B5806BB61
S31AE04C5098091783DE6E5BB6BCB5E3F5995740F722DB00A7791232
S31AE04C50ADB1D2911DE2DF6FABBB1493A950F9344F9FED0018CA6B
S31AE04C50C24A4133837703F7AB3F5DEA7D2D096C63652B1C9657A9
S31AE04C50D7905D95F8D1BDE88FED02BD417CBC26C1C0E094409300
S31AE04C50EC37831485BD24291688BC0BB9E2991F0CC834F2C17736
S31AE04C5101FC3EA2E1AAF88F072B1BC59B9E8189C4C879B6AD16A6
S31AE04C5116640989EA548385E4C42C72992D272C87698FB05976B9
S31AE04C512BCB45118ABFBCA6E12B8510447BC39BD2B70134C563CD
S31AE04C514074219151E37623DF3AF09CCF552C391C29BFAB85D201
S31AE04C51553B4306D57B537C0A1D21B5375A11C64BBE268688D6F8
S31AE04C516A164F2E528DA13CB6D151541CC6435D199AC4591EF51E
S31AE04C517F139BC4ED958B4C3349B8332DE9C1F49B1CDBD4FF1F68
S31AE04C5194AA6833BFD02EAF9C963DD120D8B4A6A5CEDC6F230CA4
S31AE04C51A97E4404A01F38BB710DB2C56B2AEA7ED7A5EF6D264C0B
S31AE04C51BE54CB36006405D34359A989F107F9A705F2524F460BCA
S31AE04C51D346C3035F3F2A6CD8CA4D151AA52784FB895771BA11D0
S31AE04C51E8FE8FC32705A784C8C446485BC6520F67A4CF46458C4C
S31AE04C51FDA8C0E957FF2D18DBB6350BFACE371C08DF8AD3438983
S31AE04C52125441327F4A3C5EC960CD65A8DC6F94F475D5F4DCCE6D
S31AE04C522720CFFD4EC7E66BD214318CC08541E2BD696DDA4B9497
S31AE04C523C99159E853B5256770BF5C8DC33FDEED853A0340B90A4
S31AE04C52513E0128D5A782F72D401306CE4357DCAF02BE9E8C78DF
S31AE04C5266F99C3B03F25A161EA1334A30A82812B22ABFC69C5D24
S31AE04C527B894947BD4D06A35C78513D761E1C98EAFDA63582B67C
S31AE04C529052623A3BACACF3BEBB32D7D9D27A813FF9F77A487BCF
S31AE04C52A5ED729CEC1810E0D957B1C8E1F8DD45342176268FF1BE
S31AE04C52BAEEEAD728EEDC7B3524EED0C9D1A3D41F93D35470CE52
S31AE04C52CF823BE126CEDC1863ABAD8AD08F08C088E4F4D8645CAE
S31AE04C52E48E681BE869D0E1587C49E5471C2EE2EE0B6B9A06C037
S31AE04C52F9EFA63B342DFF7F3CBE49B016E9E108372C16E2F7EDA5
S31AE04C530EC2D8A3FFA965680C86F33D5EE644D7CA79385A016D42
S31AE04C53238A9C2E1C54C5B7154A0EC95212AF294F553166000353
S31AE04C5338AE3FA5D6C2C7C80DB47421383A91423168CF7C6295FF
S31AE04C534D4A4FB3A9B55D5BDC1ABA24A2FB6DA0314EEE9B11F927
S31AE04C5362F2A2DA3D81E81B66D2280E9A97D9ED634BB2E2775364
S31AE04C537793EEF7BDAE305E9FBB6F115E3447BFB19FDD0E3CC8CD
S31AE04C538C719D8468071ACD506E88AF97C03037BEE8A7AD8A4972
S31AE04C53A1D15E5A49A89924794577126C7C374E92F7FC48521E9D
S31AE04C53B671043C78DFE6B16750B284FEE88749CC72F402A9444D
S31AE04C53CB3204D01478545A43AA1D32F3982C1CC34FA6C66EADB3
S31AE04C53E0D037129CF44D729DED4964DF508D9CB9D378A57580F1
S31AE04C53F547B810FB8433A87E2BCAF0E1BD0CEAC9D0BB330F5625
S31AE04C540A84209B72B8F7CCE6AEB14DE2F30514F4288A77F5B4E9
S31AE04C541F62E173DB4125D6EFD8CFE1EBEECFFD4921F7DAE046FC
S31AE04C5434D4B8F3C759C10D9A303A06B1BD8008CBFA573211C69F
S31AE04C54490F43E38E2E9A486E8BF6FA4AE2EDBB2E06978F798039
S31AE04C545EFF90F699FAAD53BC96668784284935B817C547627CCD
S31AE04C547334D79C7D08432E7E6B12C87F37EBDDE5778A3C43D3DC
S31AE04C548830E0150E95FB657F2573277DF83A3FEAEECCDE2EA930
S31AE04C549D6CC9249FA7E14D19056A3A9E14FACAA11544BD1450A8
S31AE04C54B255C533DFBF2E3740B64A215DE3F30EC2EB53DA4B217B
S31AE04C54C7A4B7538C7B5DCD51C50BDA656A5217EC78B14A67B313
S31AE04C54DCB7BC84AE39C61AB9833A20F2DAC9074C4B45BAB1A2B0
S31AE04C54F1B7836F351AAF94968B11FDA0F9CE1E82A105C30D3855
S31AE04C5506EC1FC3D210A3FCF29CA43D6ABB7995E95A4411581E5F
S31AE04C551B05AA5544867F53D64C42951CF7813AFB09CC0F248E51
S31AE04C5530B61AFDB00570B8D9FE544E5430CB0DC2644E42DC9390
S31AE04C554521EC80B3F8BC33BE498ADEF48587282C3C6CD00FA608
S31AE04C555A767991D4B5C338977FB62FC5B38431AE62416E1BC93B
S31AE04C556F4ECF5F13FD62137E8799337EF0B34F434C9406ABEAF5
S31AE04C55844386320CF9F0672A2D300E390CA5E212A1865DDC3086
S31AE04C55991F632F45EACDA2011BA36CE07E807D5570FA20B783DD
S31AE04C55AEDCEA27C17131B6E7E0FE267CC9C20DD5164151C2FB77
S31AE04C55C33AF4D01C2EE81E402010D85D951510C8A183E1E11630
S31AE04C55D8FB8B1D5780C1BBFF9D8B57FC9A4D1182750DC326BC7B
S31AE04C55ED70116FCB36242CFCB37D03859949FE2A81D6EBA7800F
S31AE04C56020F96C99CF83F3E978E9C93B5FC17F88438AFB7180D87
S31AE04C56176E9DE9FC573A9239BE46BBC3038077934D0C7DD853F0
S31AE04C562CF9D03CAD34A93CA070FBCD29ADE3867C74EC79BA1432
S31AE04C5641B96BECC414B021809C56937FD0AF61DBCD10F680FBDC
S31AE04C56568BDC1CD93717AE28479F9AE628DAED595CEAC125D0E3
S31AE04C566B76CC86AFC7989AA73F23FE8B08C858EACB5E129D9973
S31AE04C5680BA02353268A2812D4C93F6024A726F05FBDF875177D8
S31AE04C569560A4FBDAD0A199693D05187EDA64CD728A583ED63106
S31AE04C56AA8B30471635238AA2DC9E73F89F76917D5541D2C105E7
S31AE04C56BFB4EFC778B07590CF35156F8EA04830A72FC5C622312B
S31AE04C56D458C05824354F46435D636CE1415E8CF900A3C547AB63
S31AE04C56E958F313CD43A403AE517D5F5115B7658BAE662BF65CEC
S31AE04C56FE4AD557002D04365D840B2F202186D01CC7B23BC076D0
S31AE04C57133FA2EA8BE00DFE587704E58EDEBB7C2E4D0AE8D5D0A1
S31AE04C5728651BDC4187021C5D0DE13AC4FA0DB4B7A8DAE59FAA8D
S31AE04C573D8C7AD7C4BD3E9CABB3D13C16E4996A6B4EEA94834586
S31AE04C575237755D957642C855F05A4D7CA9955C83E2B53CA4F600
S31AE04C5767AE1557F4121914F2E4CCE0DA2DD0549E22BF159CBB16
S31AE04C577CCCC80271A976CC944A62A487FFD551858F8C30C500CF
S31AE04C5791A02CACF8C368F0000E272BDEF89C4C335D22CEF9BCF3
S31AE04C57A6EC302F58671094A71D6CBEFD993FF8FC27B25C5EEDD7
S31AE04C57BBC390DE9FF242C839489DB2F0E6EB6E712936D030808C
S31AE04C57D02FB11E1C32CC16D77F15AF9DF35AF3C9014820DDB5A9
S31AE04C57E5EA35FA89464CFBD3B57913121FE1C21A49C72ABD98BD
S31AE04C57FA1098843999DC8A20E6E7B0F6A1F322E14352592B843D
S31AE04C580F6B184880BD6FFB6D2F8C06DD2D4BA2E64B4CFCB7414A
S31AE04C58243473B59E558EB846F1C7D22967D862A07B1461C09D21
S31AE04C5839AF5C6CF91AC617CBC975A85404A40FC4714B548F584A
S31AE04C584E0A2D78268417B8E02F0C577AC8F2ECF6D34FAE865FAE
S31AE04C58630F386AB0C85192DEC73FB7C242E587AB8DBFBC4BDA0F
S31AE04C587804108D5B50B486EC51C4FB0B4D5E2C1E21B7797D1C7D
S31AE04C588DAA80D833D3344BC4F30C68984A535F76F89E5F48DB00
S31AE04C58A2B319047147825D5DC5D8EB0173E58DF4F1E5F22F4959
S31AE04C58B792546295E98AE4E043B0452FDE993175E6B7C1DE4492
S31AE04C58CC1B67954604F3EBD9D6D57AFA3F0BF5EC48EAAB9EDDDB
S31AE04C58E12742968A5B5F13DD6B85C7EDCE6DF1E727FF8BE714EA
S31AE04C58F64E288AE14B043D41C21D10AA1BE57758F3CD772EBD33
S31AE04C590B1C8A3FF3C6B91EAB8F95764FD481639BA198302D8CD7
S31AE04C59203B67E0EE10E72325B187DBDB3A7B4850A02958F6A19E
S31AE04C5935C8894BA2D801DABE0332EFEA8007F0AD50272AC9C020
S31AE04C594AE10A9759AD1E09C4000B46D19B5083EE129B0DD84F44
S31AE04C595F9F99229E706DA201D81411C9DCA78AA19E1CA53ABBC1
S31AE04C59746B553ACEB6E59503BE12EA88D748B254F863E7776968
S31AE04C5989728867121BE5A1241EC4A9F47D9545848D5DE3ECB5D7
S31AE04C599E25C44E1B2E5CC91985CD93F14AC8C3959ED1D12B67F2
S31AE04C59B38681D5858B14DEA03BBEDF4457B868A9EEBA79A139F8
S31AE04C59C804DEEA425C9281E87A58EED3AB74314AE1718E144CC6
S31AE04C59DD918ECEBAF14BED2E2901B5C0516821BC2C26AF1545F5
S31AE04C59F2CD949D43E268D101D2AA7D1B16165D59E7019769CD66
S31AE04C5A0773ADFA147EB7966647615CAD66D082647C20955D4559
S31AE04C5A1C301A879959762D77A0D655E9A4994545D2A4EE6749D7
S31AE04C5A31C3B2B308F53D557D7B23E4A9D2946E58BE686C0A887F
S31AE04C5A46B196DC3C5DB14379C9B4C971634CBB5AE9E8702037DD
S31AE04C5A5BF1619E26D889576147C445801A96782D12FAD2F3CD12
S31AE04C5A70F56C9DB5B3A01C154D1813082594503553A9D346BD28
S31AE04C5A85FFC3A51EE50C85B3A40B563796D05CE0BC1C27AA366F
S31AE04C5A9A6F8B3B89D21BF3C2789047AD152A088739C11FEDDEB7
S31AE04C5AAFAF178220FC4A0CAF6644AD0780344AEF54DE8E59E5FE
S31AE04C5AC41509D69C4AECD84BB357AA13211F68C4ABA773C06397
S31AE04C5AD91F4A33B25D3C67B3AD6E188D7C4C6599AF723F2E9CD5
S31AE04C5AEE2EDA0ECBA6DA58374627B702D6A106CEBD9DB27B5039
S31AE04C5B037199D327C48E703DB28527292B3F1244D85A5EF68A01
S31AE04C5B18FC5F0E2C7CC8BBFC05D10DCC3EFD1B8B4C86584CE0D0
S31AE04C5B2D7CB5C300776624F37EF8E1635142D327AF8C65EA0078
S31AE04C5B425EEA91437E3F95BF0C5C54E26AA0D5FFCA62CAD35A50
S31AE04C5B579B320EF85C14D68117219960ABA58A2A8D20BA38CCCD
S31AE04C5B6CB1F7CA139AECAE78CA968DD33B4E2BC7F83C2559587C
S31AE04C5B81E3347A2F9B2612185FC7D4785B5F6D7A38BCBAEFAED4
S31AE04C5B96A196A184B92D4E6C9C6F06E1C9F47D297C596E090526
S31AE04C5BAB0BC65F6A830F550866C29973CC91E0827630A8EA8D72
S31AE04C5BC04C8936F9BCE039BCAEDFAB731C36364969A587554D56
S31AE04C5BD59CD0CC1484EB11FBBF68CEF5AFE986C35EA650272755
S31AE04C5BEA2168BFC58AE8BF62BA9559EFBC3CD827A0F611D6F0D9
S31AE04C5BFF95D5624CFD123A2B15F8D8C2C011E3EEE84A37F99395
S31AE04C5C14A95F27106DD695063F00013F3059C9B8A34DE6FEFDD2
S31AE04C5C2933767F2633EB4AB7D9B7208FAC2381648F5B2ED126C5
S31AE04C5C3EB01114C324EAFE867E3D03D32A4BA3F896F326D7FBD3
S31AE04C5C53FCB3D21847B0E660D7F12BC2CFEAD2F2341252B05F5B
S31AE04C5C6888A78ED204E3C39B4802F11376E4BFD0C2DB8A8B2D0B
S31AE04C5C7D5ADC201A07F481FB6B80AE5E8045F7248D787F08A2F4
S31AE04C5C923132B51076E419071D0A177F54A375664D5B6A81DD2A
S31AE04C5CA74A9E3738F1E5E1DA7262B417E428E832C3F65DE032E1
S31AE04C5CBC1A369BE18A4C39E21860293406DABECD64B06EC9F069
S31AE04C5CD1A11C1E11236CAB9F0EEF97408C042AF7818081D944A3
S31AE04C5CE6001D8D459766F1916617D8F6B0E4C2B09023E4CE69EA
S31AE04C5CFBD5C71DB01B3C354B15FBD6A2BB44CBAB4E452031063B
S31AE04C5D1098A512DDD1A7BD5CBFEB3AA4ED3B53337501384F223A
S31AE04C5D25D8EBCE1F0279954372BEABEE9D60B6218DCE2D9F3040
S31AE04C5D3A64D7F519936BE885C358C2D267780FFB7DE3F4C4C6F8
S31AE04C5D4F994E44911683D1D198DD9464998A367ACE8A1D83BA24
S31AE04C5D64A85FD3CB8FB00FBE5ABB055C4946A4FDF2F6403E2615
S31AE04C5D798CE9BC55E338F04AE09CF9BCA83F4AC867D7422686B2
S31AE04C5D8EC8640AE16398488E55F7EE3736E8F93EEDCBD729C1A7
S31AE04C5DA34DF4CD6F5BDDDBCA7A0A53780D11E0E81110106AB0DF
S31AE04C5DB846C9074B09CA86F459D362D1EC4671D3FC2D3A710548
S31AE04C5DCDBC401CE84CFE059FD698DE4877D4DDFDED82A60F675D
S31AE04C5DE2CB3D4128E4B12215A83F9FAD8634FF54BC43A3EBF17F
S31AE04C5DF70FF16A67C16CAC177A789B467A190939727A8789F60A
S31AE04C5E0C4B46A7F98D21D9B2040881E1F144581A150438518AA4
S31AE04C5E219B1EF020D13A115ABE20FA369CA74BCE109269025034
S31AE04C5E361EE0743ECC7F4D29904267C32F662AB51A8C562D25F6
S31AE04C5E4B90CE0D6E0CEC1604D2710C41839258D39D86DDC5652B
S31AE04C5E603C3BE49B303FC96170CA044B19743B3027A3F0999BFD
S31AE04C5E75DDAC026D62B9097AE13429740DDD343E76CCC1DEDC85
S31AE04C5E8AB000EC8B3126C8D3ACA42DBCF319F14EB96241D24BBB
S31AE04C5E9F056AC5D3C6BE55A9E6EDC78FFB755289B6DA90A5E317
S31AE04C5EB4A2D5DB0DC14B873B05A0C2E20CFAE7BD93F4C7A43A5B
S31AE04C5EC9DA40EBF7CBDD535DB33386D8DFE6786BE0A54667D64A
S31AE04C5EDE0EA3BFDBAF28747B8DF06220A5F3B110ACDF105853CE
S31AE04C5EF33E22760B17375EF76ABDD833DAFFA5D300928BE3C59C
S31AE04C5F082B227882E3E272E103E57A7800EEE4668D8840EAECB6
S31AE04C5F1D220D0D2340F5A8F6D829D373A048694623B698C9CE25
S31AE04C5F32CD587C8E65FB85E6E8EEA8673793B972796590A374CF
S31AE04C5F471C1C51DB4E029C6F6E09E91DA848E988E0862EBF2300
S31AE04C5F5C6424306CBEDDFC201D7487469996D1C5BE7FBD8C4634
S31AE04C5F71C317454CC392A5EFA0C9073FCDBB88E4B2B8F3D5932D
S31AE04C5F86F9B808EE94E8D0A82776212105A54D3851D6701291F1
S31AE04C5F9BB0898404CB3AEAF386960086E48C7C6D0221DE524985
S31AE04C5FB088997158271B1C691FB8773323AFDA4B1D40F515F426
S31AE04C5FC5EB23AB3ACFF21EF9B7FE7A326D7DFF8E60557D237924
S31AE04C5FDA0A4A8DE4796B1FFD7B959172DEBEAA69025FB17D82E8
S31AE04C5FEFACD6DC8B8DE757C2C68E1A71BD2935CE1804B8930DB9
S31AE04C6004D597648CB127FDEF0D61F1521B1595C18366B0845C85
S31AE04C6019930DF8AA0F7FFCCA232806193000CC3A597505AEBFCA
S31AE04C602EE97F5735A15C63616C16ED242CD7CCB17CE4454E2E42
S31AE04C6043111A17D3637D4006501A54128266A49863DF3E12361F
S31AE04C6058424A6DA246021E55EBC4164649069199308C0B67E415
S31AE04C606D6D6CAE8FA40805EA9506DD2C9E85D476C3B032988C61
S31AE04C6082F6502F9B5B69493191278B59EB1ECE24542D9B7593CE
S31AE04C6097D7911C6A7450DCCD499F6E3A7272F33F85C22205361D
S31AE04C60ACA5B3386A724DE969E440DFEC341965D6035E020D3784
S31AE04C60C1F787EFBBE994295DBC83CF8DAE00E428ACD3C658DD9E
S31AE04C60D695750AF5260126EA6A441B973E6DBEB3B1FC893E5AF9
S31AE04C60EB083774E6E510A7BC9B510FC58206795C7ECD3AE4FEF9
S31AE04C61004FA65C83433B7A299F1F3ADE70DE002572F71ED99525
S31AE04C61159CD87436C806D25838C5F3EBF77DF48AA9486FC12817
S31AE04C612A9385F1DE703CE2CCECE32FAD70231113C2393547EA2A
S31AE04C613FCF261B46ACD29C7C9E44C5BBD7856C8EA5519F1501CA
S31AE04C615431FE065BC4EB259EF514EEEBDA5F12938ADF0A3D8210
S31AE04C616993F2BE402E42A46DCEC944D20E01C1C7BD9F1C99BCDA
S31AE04C617E59585FC83C5352E58780B8BEF4CE2CB441D43B8DCF71
S31AE04C61937ED716F9D5E2277F99FAFE4167ED2EE3E7F5E40AB84B
S31AE04C61A893B195E626C6EBFE8C0FD229EDE9BC9915789A7E6A4C
S31AE04C61BD663ACE694D1738C1347E06AB123DE14C5C5D89E167FE
S31AE04C61D238E0AE0C458202995EEBE3615DF5CC3FCB7E3132A715
S31AE04C61E7AD3701EB685E56B31C82B99854EB78BF7855C978D887
S31AE04C61FCE7AD26AAD080595990415CBA308382A067DE55890E09
S31AE04C6211A4E3A5A37BE5F42D38A05001AB5F5AE889F00A689501
S31AE04C622659C3B0ABF5C6124BFC5AEAF01FE31CC4448300826BDC
S31AE04C623BFE0092F3B0B2754B2A43CCE2540749F2A0046C899A93
S31AE04C6250B117332E1208BB0565E569329017D68D84D1CF22FAD5
S31AE04C626573E37D95E0A98BEE2D20769E85E1320DA096AFFBFEA4
S31AE04C627A2BF32D30A5BEF8E88A5EAA8A3B1142A9ADD9C782B449
S31AE04C628FC19A8B7027B44A2D573BE6FD3AE759419B7929D13BA7
S31AE04C62A4EC51A70921EDFCE89069B07344207A8D1B6EEB981A27
S31AE04C62B990577B6D579441AE483F8991EEDAD4EA5D47B682876B
S31AE04C62CE48B58965D7C37D9B6C0966891739DB228A1C78C52830
S31AE04C62E310DFCDB910295BFDC6984C36E6CBFF4D2668BCD4ED86
S31AE04C62F88EB89AD228DFE7F38AFAA03ED048B29769086CA00A82
S31AE04C630DC54E4F3535B4E36B84AF40E54C5F52DD0B9398C5AAA4
S31AE04C63220D57447DF353360283B66B5086BCDE8B12A225F62BF8
S31AE04C633784FEBDE2B3B969830ACBD1354C2573FEE9079252B263
S31AE04C634CAD00A9A8296F8928A8422B412A3788CDCD243C4F4AF1
S31AE04C636138306172905C0B8B993B52C33B3FCF08ED3052F0D8C7
S31AE04C6376B5F8BE50D7A2CEBA9CFF5343564EDC2157ED83893DC5
S31AE04C638B61FDEDE2F3C891ADD87F7BC2992F07D3B016F817ADED
S31AE04C63A0CB11FEF01B80B02D5295297AB85F01A8B0EEF9A9E109
S31AE04C63B5C97FA8FFC36AD3E8665F9C92ECBB3DA44115D5FCE543
S31AE04C63CAED0683841D3E46023224C45B0B91673B31192C224064
S31AE04C63DFDB97DB4BB97808CFBF637F5FED14A1AA45B2C509CDF9
S31AE04C63F49848C5BE0B3B6A1B969E7D992112DE00F18A74EC837B
S31AE04C6409CF00004B5CD569CD773C8B3A80CD570F78329CD6F490
S31AE04C641EDA1BFF782FD2C128BBE0026644EB9FD42C0FFF297C5D
S31AE04C6433EA678DF271C7365FF2A1C18342F2E184165000373543
S31AE04C6448DA9DE4D9E6319D8596CAC4274C8487D5A89B2F1F9107
S31AE04C645D101A49766A8D69CD449B05B9207D933794ADDCD8F6F3
S31AE04C6472B8D2143F410E1B267B6B7535CEFEEF2421AC3004E620
S31AE04C648775D570AB0347892218AC47A8B0E4999D8E7F2D3E7A05
S31AE04C649C13DFE4595D94A90445256BBC81F0D0A71D0582B1B36B
S31AE04C64B1AB0C655B50085CA907ACE3E213F0056933B0F20F15EE
S31AE04C64C64517153C077F7096E9F73487B39591150F7F74A8E73C
S31AE04C64DB7A52DFD1A07011A4EDBE0F77F240813F4A36EE0B712C
S31AE04C64F00A56607C96D4AD6258EE74331007A6D9C93F88880B0A
S31AE04C650582B5E7803F7F8744EF9F25871D8609ED95FEEA0AC905
S31AE04C651AEEEE6956C313BD3A4C61A4D27955734195105D0F7D9F
S31AE04C652FF96ECAF7286B0E84E5D2033E06D7975807008D5937F0
S31AE04C6544C330951FAF7E7FA8AFBC4DB2AA1EA4D896E40BA258E8
S31AE04C655983B6BC5F8D35E340D13D637777890F6435A5C8CE4CAB
S31AE04C656E81347BB2638149F3BF66EDA9E870514601D24BD5AE99
S31AE04C6583A252D81327076396236337C702C04A3238A4C56CAC50
S31AE04C65984444C5DCE09A29A07A3BEC8FD554EBD9899577611825
S31AE04C65AD1F1EA1F5E61B0D6C5243518308B625551FDBB1729A02
S31AE04C65C2C503270ED834A914A12A933F49387F3961380920161E
S31AE04C65D73680757252D19A5EB3E39DC17D1F29CE885C813EB9E2
S31AE04C65EC1AF0A78CEF509EF239E2417F0398496207DEABF7EDC7
S31AE04C6601E75900B97D35E4A78009D434D4C93003E5E9A9D66806
S31AE04C66163562C3A55EB2B548CD6E11FAAA067E36273CC748CF46
S31AE04C662B358B168104B22B43687AF27BA4420651FAA595B5D563
S31AE04C66404640AA8ED46BA1937BAE267171620D741748007400FB
S31AE04C66550B318AEA0626F2A91832A9D5132FD84722686EE7E49B
S31AE04C666A59F519CDA079D770A789B180D309F890A6C3FDB03C3E
S31AE04C667F3BF5FE639E9381A40B50E03A54D528C909F405D13F4C
S31AE04C6694E4652BF1DB0B92D0EF4D60C2A0FC5583C2C7C448EAC1
S31AE04C66A9DF0051FF0FF835FE1CC700375C73201456EAE45B9015
S31AE04C66BEDF675BC8CD5FF818A6037C1E5334D898079633BF42E5
S31AE04C66D3E4FDB83326F78D0B6992D7FFAA324D868853478C765B
S31AE04C66E87E84AACF1C940B5016053BA851C6FFE36FEEEC86B36C
S31AE04C66FD15984B6AFD1D7CC2E8EFD70C4C17539034915A214616
S31AE04C67126EFB9E250EBDD2E3E6E80D8A7DEAD57F9169C01A2D73
S31AE04C672755D0E9C8AC1778D7D5E6BE1C725D49BA8816859AAE71
S31AE04C673CE2BCE3A73CBE290932EE352A9B334EF7D1746C596DB9
S31AE04C6751BBC5ECFF883DA982D5D40E8C5EFDAE89D98788902237
S31AE04C676621D064D3688E100832A7D9DB697222F52A4CB13FB61B
S31AE04C677B7A4878417D989ADEB5AE4F9AF749A67F25E76D4B9DBD
S31AE04C679090E4BB15BEC7E856C5B367BA3F40ADA7E0DE3A89517D
S31AE04C67A503F2074B347EFE0C6857B92C40BAB8BB6C75DE64C5B1
S31AE04C67BA9A3257679D29316C13589A63CB2C94D0842DF35A29C1
S31AE04C67CF19E3E09125A1D81D6954738250B196D39E2841D8FF61
S31AE04C67E4D96C70DFA7CEBAF4D3F547E84708D610381DCAE39FEA
S31AE04C67F90DCC651CB9EE9747FE4BC366160CB70FA5BA5A0AC499
S31AE04C680EE6BA74EDAAA5F2DE0B1CC250071AA42B57C6F2594B47
S31AE04C68239BCAB54DE8D4DAF88B642321A841567E54CB13A895DA
S31AE04C6838E1901FFF448C0BD3996BA738097A64819FA28C0B9128
S31AE04C684DDC97C102917845C0A57B7686C0CA2C2C9B0C3C17E9DF
S31AE04C68624F36022F6B843E888261CC9F3A85B292FBF4FDB86827
S31AE04C68770D3ADBD2BA25B3D639FD94AF32656CA22726DD023400
S31AE04C688CD729152BC47BEA8E7DCE5745A131AF7CA494056D58E8
S31AE04C68A11AA267F2AFA89CCEB08F5AAB7EAA52CA90271E1DADB3
S31AE04C68B68D0D1C0A1F9D03D47BFBA3C8929B9DFB3348EBA3D5C4
S31AE04C68CB4DE656538301E6C875D87C2C19E4E6F51214460848EF
S31AE04C68E09726F7F3038AE18DF4B71CBA8718DF4095125CCC7051
S31AE04C68F5D6AF845D3499AA01781B6F3D1587325DFA26E0AA006A
S31AE04C690A63A08BC6F1270503FBED733495E1A22CE03CA9D073F7
S31AE04C691F0CF887952CD7B3474AD181D2F785D99205AFEE4FEBE3
S31AE04C69346CADEB33850E978CF260396E4D35DA86930B1FF37B29
S31AE04C6949C21BC1C67B23CB3EB79716AFD676514603B4B8A6965B
S31AE04C695E24F2FA2C31B6AB54DE40E7EAAE4F23399A3CF23495F7
S31AE04C69738EC7517F8F9C8C3E358F3538A4DB79A6BDA090E961BD
S31AE04C6988B45C9EC9177CE714E9D90752B20155FCE9D753444409
S31AE04C699D8EBC34D12FF73FF799C478236027CEF1DFEA15F513E4
S31AE04C69B2D40453E2EA992E4D345C476B5F6EC3415530084E1D88
S31AE04C69C7A5763051E0F8ED96B6F56401421257B626C8E59C189A
S31AE04C69DCBCE3450DAC26D45AB256E8658D12FCDAFE2001C57A5B
S31AE04C69F111710B816EF8FD360DD03AC5A02E57BE734B7C12AA03
S31AE04C6A06EDE5435C9C4206FBBA5283079AB23EBD44524D764182
S31AE04C6A1BA5B483F1AAF0B14A22082DC328A41B37D9772EFD5CC3
S31AE04C6A30A3B612D133EB20F6E9C0A75E82B1EBEC836BDEA4E4A3
S31AE04C6A45337A8B0E2963E44EDA35B21EFF35C31D6B72D122CC77
S31AE04C6A5AADA62041032A95C81D134333A462B18D1EF8A96D5B46
S31AE04C6A6F26C7C9C63EEDDD8567105422ADD6B4C89DF01F04E853
S31AE04C6A8462CD149D7FB373D153667F08E11BD77EBF079821481D
S31AE04C6A99EB4A76A3E209FF67F8CC6EA62F90A1DC39B9BDDAC8B2
S31AE04C6AAEAF1E84AAF69AEEDB0AA98FDA71BC6EA81CEAB7D60F4C
S31AE04C6AC36B43C66B108C5963B154E8C1EE7DD6F4388ABD924A17
S31AE04C6AD82F89F8AA9F39C7A36392E0F8BD45EA40A757DAB8262C
S31AE04C6AEDDB603C4BB75FE2B7BFE42367DED3891B91A49FE44E69
S31AE04C6B027537E5784C5EB72D2C67D4AA9C5434CD3095FB1739A3
S31AE04C6B17F5C3897BCA0A6580592774569A2391163AED5B36CA92
S31AE04C6B2C967AE2E2042F6CF0D97DC0C7949910402B89312EA8AA
S31AE04C6B41F9FAFF20BC3B99892B98E9F571ED40886C02E68F999F
S31AE04C6B56006AE519736EDDC51718B7D1583B202F6A77EAF3F4C2
S31AE04C6B6BB0DBA1E40C93E49CFA1ED9571DA2C8D2E2D5E1DE2F6E
S31AE04C6B800BD4D4C86350E6BE9978B8B4E784FBDA905C52752369
S31AE04C6B95146151CCFAC70400229C351FE73106AE4D1D03AA0D60
S31AE04C6BAAA96D4EC1AE35935998ECC470354F0B298F10C7B2D652
S31AE04C6BBFF482011BFFBC77468437CD6A0ADE5E4A42C9CA656168
S31AE04C6BD4D1E9E7A470EBCA672570B4BD858C7A4606AD5928FBA3
S31AE04C6BE9C21265B84E67D749BEA0EC925BF8DFA5F0E78176C45A
S31AE04C6BFE6C239BFAD3B23F65EE572B738DB7BCDDF975E962C5C5
S31AE04C6C1332931D8C0940C368E3837E27E02847CA5A1894E8083E
S31AE04C6C28B5F01DA109C1B45B4F8DB8809611BF434E2E5F221916
S31AE04C6C3DEE8871794C9C0FA8927FBA0F2A848ECDD4806796E3FA
S31AE04C6C523F19F652683DF22BE86DC8D100F39AE85B8EF6ACA209
S31AE04C6C670247F1C982C15394F142723319D4982A5B6B5F3A498A
S31AE04C6C7CAD39B5692725F84EE4F903B37C692CF2A3E56ABBDB1D
S31AE04C6C91B0608ED276D5427B82B8675D11D6365A9372134192E4
S31AE04C6CA6B531493AA8D88666B1D01F10C56BA95851B3E7605B4B
S31AE04C6CBB2D87F03C8685F334BF97EBE9DC4A107EB1426B861EA0
S31AE04C6CD06610ACF14C992B24F33DDCEBC2A41650D0EB5E6C5698
S31AE04C6CE50EC9C44C251B413F589082CB3FB010D03555A6D97341
S31AE04C6CFAE879C8AC068E867F71E60E78531BC1A27547D89F8D77
S31AE04C6D0F222FC8B550959FBE16AF93024445AE44A3C2BAB9FB85
S31AE04C6D24185498A42FC59D25C8D256A4B5EB43E49150CC203270
S31AE04C6D394E887E7AE44D31FDD9E1AA9212EE61C88C7417CEE4FE
S31AE04C6D4E3EF9A819F88AD5EBB4C7470BDBAC46DF7F76D1DFCDD9
S31AE04C6D63ECA291DEE21A00D792385181A2D29A852A5C830AEDEA
S31AE04C6D7890E43366ACF5C8EA3439EB2E295420A12D4680A79185
S31AE04C6D8DB611E890370033F1D1C2D2485C64545262D5D8592585
S31AE04C6DA29138FF606E2E4E8DD73BB148D10BEB9C07395E4C486B
S31AE04C6DB71407508DE448AC170982313CD098C2E3CE3C5CB8C1CA
S31AE04C6DCCAD74DB0E5B54ED8D785BEB9DF3EC3E1C34F9D0483044
S31AE04C6DE1E0ADF781C942EC5822E5015C1F48C4DF2CE9F569E551
S31AE04C6DF60D8578CEC148C858AD99973C0F7D457BEE691CB9AE16
S31AE04C6E0B75DD5D5A4CCADCFD467AD59EEA78C5B89A490BDC2646
S31AE04C6E20B09D3208F07919D04B6615F606131F96E0742580FBD4
S31AE04C6E35691F2A25F72F1B7DE67FDF5D1FE3965E358B26683A62
S31AE04C6E4A4ECCBC71CD0007E1646D4FDBBCEDA7CCBF6B4F5541DF
S31AE04C6E5F05C2DF9841AE288711E6F82CB0469749C3B0DB5A4D2A
S31AE04C6E7416DCDDC92499608727CD70962FF3B0D45B7D0571EEBF
S31AE04C6E8947F9F21E08B17A49E8F853A003429A08288CE19A15F8
S31AE04C6E9EF9ED6839A20B57C33F26D63D5A036C6ADA90C1DFCEDC
S31AE04C6EB3C2854031A2299E1B3E247095EB73E1E2852BAED0DDC9
S31AE04C6EC8EDD63BE634701C879F2A56737EB5FE62A776E06F5077
S31AE04C6EDD5782F397B74D78C8DEC5C7177088979D0FB5FA9BF4CD
S31AE04C6EF23A36158B7EDF968020C970636D78297E96A68216AF0B
S31AE04C6F078CFD899FFCB4A1F14CDB82EA464844CCAD44BE0FFE63
S31AE04C6F1C89E829C33E66FAFBCF20EAFB48C31D6932B45030B7B6
S31AE04C6F31C6F7C4E0940DC6C0C12FC20351EDCED5A9EFB1FC6C4A
S31AE04C6F46AFAD98DF9AEF1732E2468C7A2271C868A2029CB1FB82
S31AE04C6F5BCB3BD8AE20D826A4F0B717F95B6E512CD1262D62031B
S31AE04C6F701D004D052FB515A826EA8AD63BAC581573CC78706F70
S31AE04C6F8529BFC37DAEA612D2AF341559A8A793FE9F1972AD500D
S31AE04C6F9A51AE59CF07995A827EFD3010C8C951CC872614536927
S31AE04C6FAF18156DE865E25A7BEF50B4E0F4FF414767B654BC7D05
S31AE04C6FC4BAF369E30CF74B1D13CBB7EBC5DEE9E80F5EFC9779B5
S31AE04C6FD9B7AAC8EDD8C61EC54B5FE44036DEA97A380179C81744
S31AE04C6FEE4A0EB1E4D484012BD4F258B6D292F0C93E55A6A9C454
S31AE04C7003B3DF1C09353EA3355D162C8E710B7630DC78BE1D7155
S31AE04C701871535F1562E56CA51FF2FC62AE8F557AF0AB11F78003
S31AE04C702DD8B6003CC6E5A09AEB23EC25F074C2C9746F9B795A0E
S31AE04C704278DE59B20DDD99E76365C438510C6198F9C3C7EF5F51
S31AE04C70574CE7242C55A257A0F962DB92627EF0F18BC38ED3B396
S31AE04C706C50118CA263FC4394AD9436D07E27FD5D7FA41C1783F9
S31AE04C708178A1A5ACFD2233D70D66B24A74CB9C9C3E33E6F9E11E
S31AE04C709685DAE502FA17A78C2FE157049413257D1323E952A064
S31AE04C70ABE0E20F53960059E5107A337C2DA9E4658BB86E01E5B7
S31AE04C70C042D5EDFD125C5C2802C372ED18190F47EC13CB946627
S31AE04C70D5F8897D8179B8887BD6AE8502AF57EF5CAD7919982B63
S31AE04C70EABDFDD1CD8D2F5206D210D1DF7E6117FF97C117E31505
S31AE04C70FFDEAABFF1921FD6CF616B7DCD1B64678F580F8E260A0C
S31AE04C71143A25F29E3364F3223255FD9FF3C997E17C7A8EEB0AC9
S31AE04C71292CAD3AE55D7BF163EFF34A2195B70888DD2096721BB2
S31AE04C713E6D304DBE23B8A1EC9A99A0826A2186865BFADD4E9FEF
S31AE04C7153EC418FE55C98FD19155A8EB0A9B189A8E33598409191
S31AE04C71686D81726D70E61E93AF82766493940ABCECED4E0503E5
S31AE04C717D3646D4E824610418BBEDC21583C9EF049AECB9A285CE
S31AE04C7192AFC37291A969B00AE936A2C18EC0847317F257864F79
S31AE04C71A75A0E07148B626AF7A0FB0D7F4D966BF38D8BCB302E27
S31AE04C71BCB96B01BFC472B4D149A6F46F5294D2850A49A55424EE
S31AE04C71D12D832932FE25DB954695515BA06A31BF787DF3FF660B
S31AE04C71E67B0428C3A844647F01058A3F568405667F5340CA1F1A
S31AE04C71FB8183E4F8F475AB8E285C3479B40CF8B0CEA0BB4FDFDB
S31AE04C7210FC2F41CAA23FDEE021A8F1B52724E5A7B5AF6BD0EA93
S31AE04C7225E40B3BEE6ACA3EB6F311D09B4B534432E09989B9B6EE
S31AE04C723AC9311EBF2CD2D52CD495B0B8321472C04FAF9983A72D
S31AE04C724FE7872C71E1F9DBABC27198761E8F39C30DF363AB0B8A
S31AE04C7264E46BF732E69F32FD6D391DE0E4E141265ECF88081912
S31AE04C72796F94ADAE0FE483A0DC251489DDA5ACAFE5A5EF90FCDA
S31AE04C728EA32C4A3DDD060028116AE87365D2EA6C30E22682DC5F
S31AE04C72A348182766A427E2D1B3B514CF8051A5165F2CF3E4EF11
S31AE04C72B88DF0C114CC58EF84F6F7911C00DFFB662E127E2FF1EE
S31AE04C72CD9276CFF47F60C7C6C74EB493A163902884E1A018D935
S31AE04C72E2E65DA855B3D2090BB3E045BB36BC0C10CDC85A84E890
S31AE04C72F7E0282872F6E5DEE6EBBD22288315A45421001DDD4B27
S31AE04C730C42DD928FDC68F9E0814E2C5CC07D8C65E5A48813250F
S31AE04C7321F681562A26F8E8958E053255D062203AE8C559B6D061
S31AE04C73365E1EE9A785AAB307BA96D5A3675949CC35CD97F2DB18
S31AE04C734B405F2F6DD6CA017660E167C0614E334EA8EFE47173B2
S31AE04C7360E917AE8EBE7F79C53DA7233531EF197596E47775D40B
S31AE04C7375F911CFCD64284F53226F06011381AB4C58629A80E422
S31AE04C738AA96FEA0683A447D9102B804485E3B8E45E512A6DA381
S31AE04C739FA15A28F428C324A5CB1AD9039170329DE457CA36F21E
S31AE04C73B4DA1D8787A962E2EC798332D773475D6F6F4BE6A53BA9
S31AE04C73C944CEDA889B831973B4A4066B2625E139F902A5D79426
S31AE04C73DEA5CBB5B360CE0BAE57F3407ACF6315DAAE360B850D03
S31AE04C73F35CDC43341F558DB733A7AE39694971B1E62E81CB4BAC
S31AE04C7408E9094994B704AF4DA09B649E1A15F72BFE1EE51D9D6E
S31AE04C741DC8FFB88482A4D3FE2DA8FA1BC0F1B48835F6EBE885D4
S31AE04C7432EA883F8B6EDC546B32038F13ED59A866B303F2C1F248
S31AE04C74479526B7659148199C2F2F8F61DDD20C4A2F80D83A4D38
S31AE04C745CEB2FFC99973062ACF42E102DA3776A4E233992AD4B4E
S31AE04C7471A02BC126BC4C8C14A9FE4A1E29979B44E1868B8768EB
S31AE04C748643B21298A1D998BC1C753F53981A54B4435453240E59
S31AE04C749BB7DE2FBA09F7A104DEBD5312609BDA8310AE710E50A2
S31AE04C74B0E9CB6A03ED3A83D26BE5EA3EB56B758A8CC37D4C1A2F
S31AE04C74C59D1193932B30A5F0A62CBB89AA48E30B761316EC74C7
S31AE04C74DA6415A16291B07FD8B3C48BC05218AA6E2856BAC774A0
S31AE04C74EF012E0A732860A970F8CE61157DA72A717679DC7EA71E
S31AE04C75042CEF22BF33F6A49DF3F1F65E3FD6E726841A1576A6B1
S31AE04C7519A69AA6E77A2C0C204DA7DA063FB7E7ABD1693DB1D335
S31AE04C752E05BFCCD05342A2D9FFC2BA3031E8BB585168CC619158
S31AE04C754393EB31C38234E77E80EFB89EF149C65CC9B158620718
S31AE04C75587488BA6FAA53E41565F9B4D0E2BA8920A2B34B49348D
S31AE04C756D21B1AB7F87DAD92318719F2B791BDA07FD0230FF0D7B
S31AE04C75824C79A1AC547CD0307FAF3F6E670083A2986F1EA0E8CC
S31AE04C7597D14957E3AFE77FC9EB4897C9CDCCE6F49D0203D78C70
S31AE04C75ACE26962B6F16C4FE78E82D11558E7B05EE6572FD649D4
S31AE04C75C1C18FB651CDDBBBAA3F5DFDAC6FAAF1286AE9B515F893
S31AE04C75D6A37DFCD377D0A75B1C4FEFCA65EFAC3FBC433D4261F4
S31AE04C75EB4A0CC0267FDA277B0E28AD10F69ECB167773F33403A6
S31AE04C7600FB1D92C647C005E8B45A2587A23CD1D83C3362CD7D83
S31AE04C761516EB99B87FDFF7721C43800928E948EB3122EA601B31
S31AE04C762AF00CFC5F3A79E285C084921998C1E0E6DB602E997721
S31AE04C763F844FF62A2DEA732C9197E29ACE72AD154630B129E67F
S31AE04C76543C8BB8E9C029DAF193E738B5AADC0EC02DE4F11E6098
S31AE04C766918E18FCB0A0B82EC7943CDE282EFBF8E8A72EE7D8CE8
S31AE04C767EA957009672577DB7D0D8C7A33B127816C6DE58D53C38
S31AE04C7693DC5544D1540F04F0D4EC6F4DDF313730D18FF8DC5399
S31AE04C76A85ED23A61F7386F2D6AB13B38EB5D22663DC814EDC7DA
S31AE04C76BDF58150A364EBCDF95D2B10648BC9A2EB14CB85672A36
S31AE04C76D295B9C36DA714BABC3D48E25675432C108B2E4844ECE0
S31AE04C76E73DFE0E50754E133B74251F55BC1BED6C1FD673B298C3
S31AE04C76FCE437D8F69F0E53B487A7663C2B8DA542B0D3DCDFDB22
S31AE04C7711B6310471E779D481384BD77B5EA4EE218FD6C8C1BC90
S31AE04C77260BED1B751E058437947BE499A877A41B15223EDDDF1B
S31AE04C773B69B14027FCDDA59A8103488C28347FF2D038109CA8ED
S31AE04C7750DF0A57E39995C9010866C16394FD6C901348DC7A9D6A
S31AE04C7765F39038A5811D371C6AF3327BF04A06FE6872F096598B
S31AE04C777A674E5AB8C51787F0364DEB637211AAF948E47FB32F2A
S31AE04C778FF3BA44AD1548D8EE19C9FB0AF179E24FCAF78DD3FB54
S31AE04C77A4036ED7FE8391A29BAA3527FC069E935727E4236F7B5F
S31AE04C77B92F2B8024EB9E1FBBA76D5A3E953C7182465164AD020E
S31AE04C77CEC7CC5D5A5321202F5D465DFCB2F8EA2D526D9C9C951E
S31AE04C77E3F27C5D8FB625FB0747986599B4500EB8924C882155A5
S31AE04C77F8311038E0A8566BE1764C0B4EFC4D3730A8893A14BAA3
S31AE04C780DD93B5CBC56502705AA5E0732078EC02A7276C235BFD8
S31AE04C782208FFB0EC90C732AEE47A637C16DFE56E38693A066B74
S31AE04C7837D3B00FDE14DD6F5CE26E7742B01FA6410EA0B3068D2B
S31AE04C784CBFE4D1B67F304CB850B71683385A3994CFF61833B653
S31AE04C7861B098E45D8D8BCDBD62912D4CBD14389AB45E4F40867F
S31AE04C7876A5D00C8485176FED54A25EEA0A5306426F8432E304DF
S31AE04C788BCB9B08C510BA5D94DCA64FB5D80FE83C20118907EF87
S31AE04C78A083D7629FB7FBD6AD03BCC561C3FA3FDCD700A31EDEDE
S31AE04C78B5298565DED67F75706CF6D712994B0897DC3A9B8C2333
S31AE04C78CA38889B4FC96C2C64DDA6938412A9ECD1579ED2D81740
S31AE04C78DFF1E2D9C6F8FA1D3471F28EBB35066704144EA4142918
S31AE04C78F4DD59AF37F30EA609DE2D333BED095E59BF9D731396E3
S31AE04C7909AE0FF39A34FF765F344B58A025B3764566119FAAB368
S31AE04C791E59B5199D2746E13BC71863828464C5BE6A3CE0D1E56A
S31AE04C793341BBDDBF88DBDA970071F9C64D7D45935F1B74AEFB38
S31AE04C79484DBCC43A647250951D1BDD3BF1792E0BBEBD15741F20
S31AE04C795DA271DA3286AC2F8B0AFA6266E0D496EAFEAAAA3EBF89
S31AE04C79724D244115B0D011C6140DFFFA07BD119D1B077C8BB04B
S31AE04C79877426BC1F772B66EAC05146B867B46BC70AA3B48AF714
S31AE04C799C16E4BE920D3F5A1DC0E8B644E24A959361E8EEA5A223
S31AE04C79B1349A06E63EC668F6EFB4EFB87D9DF630F444AFDA1B0D
S31AE04C79C67939156EB4041B5ECE0561B9834D95E78F1163DBDE1F
S31AE04C79DB61CB11661445B5A8C299E9E0A2EF93A5D5F749E13DEC
S31AE04C79F0FF9CDEE8EBB46534AABB672F74CE08D48BC8D963DA35
S31AE04C7A05C65365E06AE4C93CC87BDE3AAD182A59F1228F7A08C2
S31AE04C7A1ABDB0B7B64189064FED00AA14EB79A3FC45B96E2D33B2
S31AE04C7A2FD1E5FBDE3E0EE5C0C0F7FB93BD27941F8C4AF0B4C179
S31AE04C7A44A676B1052F8D5728767BDEEF92604F8E64861E4B8A84
S31AE04C7A59A80EEB54CEC8C0733168079F26AA7417CAF5F05CDDA6
S31AE04C7A6E00F7A84C473057A31DA5E3B2B06889D807292CBBB8D6
S31AE04C7A83B8FB683ED24E805DF548F957455686444F79E63C4941
S31AE04C7A98F77D581EA011D5F0159CCFC75BA72054D20629D7486A
S31AE04C7AAD202F6D60087BADFC102656F13A9B996576F8CC7ABA8C
S31AE04C7AC2EC8F05F31838BFC33C7446663BAF1083E147F3011330
S31AE04C7AD7E99DB86759CC7BB56A6ABA2AF0661BF6E749DF688355
S31AE04C7AEC3E50345946CA521BC836AF9F948EC6680504E168FAD3
S31AE04C7B01F74E71366F2D09663BA4E9292910199B5EE7538394B9
S31AE04C7B162A0E436A566D7DFDAFDF35470CD65A5F5D5D1C719288
S31AE04C7B2BE17C26B8C5C8A655A9BF4C90DEBCF7C4A047EB3AD7D4
S31AE04C7B40D41010F59531475A6536A000AB481F010237FC05B571
S31AE04C7B550D21FFEDFDFF3C745217A1103BB7ED953B9FBFF2CB3F
S31AE04C7B6AE580AB90FE69B7A884809FC9128AFC61E6A597D0CE49
S31AE04C7B7FD604753F59AAF4AF7DE30F2049AD72C6346527FCA66C
S31AE04C7B946801594535E3BC0DE6227A034F86E627ABAE854367D3
S31AE04C7BA93F5F5D2036900617B98D7028FC95F04CC40587358CDB
S31AE04C7BBED3E0EFDAF3BB7E9F64FD3C4F5E5A06B589055697223D
S31AE04C7BD39672508F19B35D0C417ED9117D780F6131A4C389C759
S31AE04C7BE8046223C242E25FAE9D72D37651C6F15C2BDDB0CC5347
S31AE04C7BFDEAF3407FE839C67E16600F266809E813D93ECF0456E9
S31AE04C7C12825FEB7D58B2B1E5ADD91979204AFDC111B768D8D723
S31AE04C7C27301D206983D9E466127CFA7889AFF6B8B1C9CB361D1C
S31AE04C7C3CFDBB4B6F63498A3DE1CCEBE6842744B47D64F71E4BBA
S31AE04C7C51D6C4C66860D5B6E92A0F9D7DBCA5A47B2A8EA12C14E4
S31AE04C7C669C8E09582CB5FCAD34A16633D101FA579A9F77A68F4C
S31AE04C7C7B2E93C58FB58C415617EAD3039FE53AE707CB018FFEF9
S31AE04C7C902DB6E326A6438C190B5F35181135819260FCF5A283AD
S31AE04C7CA5D7BAF38FB9C97817DF57291B1BDFB3A55503F01C89BB
S31AE04C7CBA64FD914CF35316B92D094B1F810A010CD7FDD66AC71D
S31AE04C7CCF36F66790F1608871601CBBBDED309533DF2B7986D54A
S31AE04C7CE48C03BED25385630651F10E3E4D39708C013DC1318A2F
S31AE04C7CF910ED56FFC56F376CFFF711D3DAD30157C2313DDD9996
S31AE04C7D0ED31BE73DB0D3A3BA1511D3FF82E35C67EA9A0253AE95
S31AE04C7D2308DC665E9257AF1B72113E051BDA0EE9F0D6C6D66347
S31AE04C7D3846C2430DF19194A7189EC316DC986197B585905A8E42
S31AE04C7D4D1A19BFFF4D24C31AAE97BD26DAC05ED2FEB9E0963A57
S31AE04C7D6224AE56BA0612F1892AE9666EC687DBFA8C5D024DED38
S31AE04C7D7785454B1F491ACFC77BD32BF36B93093C862519A13C48
S31AE04C7D8CDC29A22A32C9413310F03EA0CCD61F4D684C8308A89D
S31AE04C7DA164D52AE18790C9B53750168D08CD06337395EB0EE7A2
S31AE04C7DB6B91686EF13253CD452DC51CA6C368E9EFE1484CA542F
S31AE04C7DCBDCC2125CB029F2C4C3AEF58C09C1AAEC8DB33B321DBA
S31AE04C7DE0FD16035E3AC4E5F480BFC56D9294D51F739C70F070A7
S31AE04C7DF502A660264C83830B274DF4BC1BE193A1A16F03C4EDA4
S31AE04C7E0AC96304101A1F8E609389151022A076A44758ACD7612A
S31AE04C7E1F52CA7DA69C81C6FFFA71A6D3F1A720CD3FEAD3D6269A
S31AE04C7E34FB6849DDA0B506F147411F9E1E9A7F409EEB5C5141FF
S31AE04C7E49F11ACCFBCC2476AD11C5439AD583CABB71F59CA05E7D
S31AE04C7E5E27EB2C1779325DA8F2F451D7758115D9A8BF5E069A81
S31AE04C7E731C211A8FAA0788B0A393FF2CF78354D05FF76C18C55B
S31AE04C7E889AAA727D72438908A2ABFAB7A50E461DEDA2C00B15B7
S31AE04C7E9D306701A79A2C23A9227CDBD6CA7EE3FF1F6465AB873A
S31AE04C7EB26EA159767A800CCDDC75EDA178E6CD17D81B02308A08
S31AE04C7EC7805AC87E4F7C50A7E52E848872777A22B94FF5D2D44B
S31AE04C7EDC83959D568B36C96829C46337739037BC16DA3DC0BD3B
S31AE04C7EF1E8FA58B461BA7881D3D2587427204C90E658E84DF64B
S31AE04C7F06EEF16501A00ABFDBCB2C9C94BFE39221F13B7993ED0A
S31AE04C7F1B0EF7F97EC5E71D0C5BF08D05BA05ED35330D830D97A9
S31AE04C7F30F2FDEB56F48B14B8052B5AF63895C3ED8C2BBCE874C3
S31AE04C7F45B83F264AEA3243EE251086A0F428AAA0DA973C391684
S31AE04C7F5A4E06A1C465F525019CCDC5DA710692687C9EAB817474
S31AE04C7F6F9218A5A9B0CE71C1C46D04E68F904BC5E6FB0954F6A5
S31AE04C7F849386873AA9CC26422A949A674896B35D5D7CC3A2F321
S31AE04C7F99FAA4A7F05E8A30AF20E869AC189AC920A60D918D2AF2
S31AE04C7FAE6C4089563086ECE88555024E5094D9160D6B9D3871BC
S31AE04C7FC3189338BCD79297DEF0A4775D3C49484BD01EBA309C06
S31AE04C7FD8EEE6B811447E32125968ACA84106801FD91CE84F9206
S31AE04C7FED7ADB6A4EAD2A9E57465F5A4A02CBC381DD95867BFEA9
S31AE04C8002658B5BBC47B0EF2BDCA3F5AC38EC65D57045EEEA4FC5
S31AE04C80170FDDCB30836449328D61E1601CB45B3EF365F1B86ED2
S31AE04C802C06DD998BDA5E0738F2440AF1C98DE6B67A37FEC844B1
S31AE04C8041719638D46284094FB04C2FFAFFE62DBCC02170C16E34
S31AE04C8056E4E3A281373D4643B34CD4AD9CB1CC761C7E99782A18
S31AE04C806B6B5AF2700345F2C6F769FC445B9B7EC16E0720739E2C
S31AE04C8080EF2B41F12B3F6C55B245C6606B916EA8CD3B9A4081B0
S31AE04C8095418CC731F3D316AFADC03A8FAB180FC2E58948E34FA2
S31AE04C80AA45690D495AB0166D0C03E4806D762A5FF8E2361FA54B
S31AE04C80BF5F8BB2987F29D45BD791386D40B059DD7E04EC48671F
S31AE04C80D42576607ABD8348EC60F981EF3C3F3970894D98689425
S31AE04C80E9FE7DB4E426A2CD6DDE61F80C45BFA6619961A09B4E6A
S31AE04C80FE66719B347C4EBBC2BE8454D95A4FFD49E0734682BD18
S31AE04C81135A29CF2DE0DE8CB4DA20E4222A77A74DAA5A98F07A0D
S31AE04C8128EE4C84B12DD4AE69946AA1ED9563CF0451E717FFB034
S31AE04C813D7E55B87A8B21483C7F2532AEE316FB02A6C92A3AB8C1
S31AE04C8152BE11941E0391937A282B3256B79F5B46FF56554D4CAF
S31AE04C8167E39E903F7EDFF1EFF9F834B48E18DC23840727D4D66A
S31AE04C817C565F21827EC9B95A6B6D13DBE610D207EA2EEBAE21A3
S31AE04C81910F90206567F525A81DA25EEEC845FE03416BF44BD581
S31AE04C81A693A8A5A5EBE182704F45BD205153BC4C6DE22C2B3557
S31AE04C81BB2C2DA2A75523D45B468803C2E1F9A87D28F34A137EAC
S31AE04C81D00645F94F5872046578D85039FFFCB08AB620B1E6FD2A
S31AE04C81E556931A7BF57A48D03F43243DC88E2A6979B0349CE4A5
S31AE04C81FA5F33914D68EA641C0480483B8CD1FBB771DF97FED031
S31AE04C820F5BC6F17C2B73526735EB4B8C3A402298F6C7C1B2598F
S31AE04C82246DF1966DDFADD735E35CDCFF5B52905E26AE1F6126EB
S31AE04C8239BCCEAFDB07482FC452ECBAB84BF6A5D5E893A53EE3FC
S31AE04C824E45D1C00FEED20DE7136D7EC555453AF47899930E69AA
S31AE04C82631CCF75426E1B765C73A2E206B887AFBA384BAF488632
S31AE04C8278902EEB6A659B21DD6A7BB0AE1EA03708F20AE7C1DFEB
S31AE04C828D2A8147568449C4C0D153008CCC7CFC2035868DE1478D
S31AE04C82A25B440E7E8A31B04F2517D0C7B4E0094075A9922932F5
S31AE04C82B7A2BCA1ECBB3C549BAD0D807E1E7C554318B8D09B701A
S31AE04C82CC11D85717754D7202A3A71596B17991461012D6F7BA3F
S31AE04C82E15678A84D02F7AC3653D62016745C2DEFCB11098EED0D
S31AE04C82F6B4AD834E170CE11079C1BDC52708AA9EA64EE8F2B545
S31AE04C830BE611E9D8580ECBA863DDA3DD3F3EF3588DC3AE12C43E
S31AE04C8320082EE3635A85845583AAA63A5BFD0093C2F451E1BD45
S31AE04C8335DD9ED735D2436A466B9CA5E5C535309EE71ED541E958
S31AE04C834A14B680E15BDF69B8251D32A016FA6257B87554E38D98
S31AE04C835FF9775D1CEC3FD15050446232BC7726BFAFF658DFA3E3
S31AE04C8374D02D6BC2E95872B844DD9CC9A84A1B3BCA5031A4ACC4
S31AE04C8389594B49B77FE8EEC1E65FD9C975082602E220913D5047
S31AE04C839E9634F8439A7ACADAC61D3870D6361909A9548BF5DDC8
S31AE04C83B387AE195D438D72B67397635B13BC9F00DFBC4CE802D9
S31AE04C83C8B35711220B68B6BC2D92C20A9CBC359C1EE41D6823EE
S31AE04C83DD847719D073EB7DABB1EADF713395CCFBEFBE9C83B0F9
S31AE04C83F2B1D232085A5756D7F13A7E8DC11010187EEC11D0E748
S31AE04C84071563AE4F97C2F583EC78D94542F0A85350E035FD5384
S31AE04C841C1C5C61F39942CFAD8F17DBA93EDB324FA7FA0D159ED1
S31AE04C8431123C9D7715188615A9AB6F84EA7961B437ABC100F682
S31AE04C844646E9D8BD0613D8F613AE3D32DD12A3A8B0FFC02471D6
S31AE04C845B4C8EF9BD0BEB1683551E6B321DFCE174182A794193AE
S31AE04C8470FF0637A79C300A637396F5334BD962A660917D8272EA
S31AE04C84850470804EF91CA440CAE3F28773DD4F76CBF6AFF8CF03
S31AE04C849A1CC1FA5E5FAA91AFE75C0CA39791575DEA050622092F
S31AE04C84AF6A4C05D3559C0ABDA3F22FC5D811B0719F61263B52FA
S31AE04C84C429ADB8B8BF274383923C887A1B0042935AF8FC8AA740
S31AE04C84D9CAB59E354914701C5E79E88921BB8F6F1B638D217063
S31AE04C84EE0409AB8A9704E4495B0CE412198D972C8F52129503EC
S31AE04C8503DA266D8B49DB1EEFE30D30B420329F82F366F1C3AA0A
S31AE04C85187AF94A334BC91CAE4C15F498CE2E561465E835BE0DAE
S31AE04C852D4C34A65787FD17383267E13968BA0D59FB64F23F03E9
S31AE04C8542C4331E02E6F03F376E42710195E207F5E78AEF116326
S31AE04C8557ADCE9152FC9F4408DAADB52D20922B982F8B3AA5879A
S31AE04C856CD0AA3A71E6F29AE654095E9EBA06EDF4A22E1AA65170
S31AE04C85817CF2A5D8424D096924A11DB97B8DB9F7AC42446710CB
S31AE04C85967FA8C80B3A6EF56561B738805ECE5E4C86FB9B61017E
S31AE04C85AB609603E924FA21DE5C2DB55F5462FD0B8DC321C08F6F
S31AE04C85C0623E303A7F067DAAA26B36AE2DCEB0F1C7A8C010DE14
S31AE04C85D5C642DCA56218530488A201B2D7C1884BE2FD4247E96C
S31AE04C85EA76211786871801F821307479753F3D9E64F74225BF30
S31AE04C85FFF800F2793A5B62B7041FB8F3B544C044FEF93695AEE9
S31AE04C8614223A13563C33313B721EE344B9BC0ACE4B6F628F6E62
S31AE04C8629B96E789942D21ED90075EC35896257CD3EF03DBCB942
S31AE04C863ED355D518B51FB60E939500CEA87328BAB353CEC18D33
S31AE04C86536A1482DF4FB90882E02C12A20D07A50D1B8BB0D2873A
S31AE04C8668881B5AE1D5CD8E5BFDD5BB706D846D34DF11CB94DCA8
S31AE04C867DD3CA935DA843FE0CF0BACB9F09CBE8069CF4F53D0E8E
S31AE04C8692D4F4F9BFD3AF7E6761CA80668814DC0C09483339A8C0
S31AE04C86A7E83BA66D3DD9756419968E053D7B0A68210FDE084A9B
S31AE04C86BC9C1978CC4AB432E3253FB4A076102508CA361ED7F11A
S31AE04C86D1DC4748FDC04976FD85BC370882029A79E17C3E9858DC
S31AE04C86E63A3B40A04ACC275C2B8F708232DFFC203E463D7C86C3
S31AE04C86FB68A683E3BB814CDF8FB283D08B2A24FB442E2BA4F2C2
S31AE04C87108F514F004ED7094EAFD657ED7677CAD8920E65B7085B
S31AE04C872577851C19CE1EBDAF032473FEA74FDDB4D8D53089F708
S31AE04C873A137F7B11405B8A3E035D67832BD80D3AC07B62AA0894
S31AE04C874F42D1A321F9C24AACCF07F1980B323E46584E9453E6C8
S31AE04C8764692E773DE0F796F1FA6A9A0851FF2134ABB936A2F945
S31AE04C877913A2DA920429D5D1E86EEA8368DC01023DE81FD8C1DE
S31AE04C878E39F67B03CC69A8D0A22C84ADF210439B4BE183377F06
S31AE04C87A3E9F5FCEE714913CC6491699428479E9D72D66411D7FE
S31AE04C87B8A9997DFC2E825E92D60122D468A21EBF6CA1CA9B57A2
S31AE04C87CD3C1299943757A184D49842A60BCFFE10482CB6C055BC
S31AE04C87E28A9D9FFE43DA62A38F62403008D09D589E11268B5488
S31AE04C87F72894B4FD630B501ABE251A73CD2E43C10426A583E055
S31AE04C880C240E2D75EB0A0EC758710B296F660B0138B5BBA85FFA
S31AE04C8821329D2753A2D0E0DAF1B23058C3A449A164BD1629B30C
S31AE04C88363093B38514601997D64B2DA0067C381914C56A51E3A4
S31AE04C884B114FF027C8D7684D4DD7E5596FE9A4C175A80650A8E1
S31AE04C88609917439DBA844A866C232421E6133593CFE5318359DD
S31AE04C8875A6443DC2D38DC40667A4C89C537636FA5BA9FA17D557
S31AE04C888ABF93876F71FF379F4997510DA90704C40F170CB7B0CA
S31AE04C889FC286D0A86FDE1A83C505577BCD76A5D54DACB3097466
S31AE04C88B4D3041535AF6420E62AD03136426EA215864B32173E23
S31AE04C88C9AFB2F74D812A6F8705E295CB5514A300D922F4FE8A58
S31AE04C88DE88429FFB51972553F99AAE6257C92F8392C4FDFBAB21
S31AE04C88F34D5E7105066E2995E7542AC6E3EBAFE3A24423D02463
S31AE04C8908F5068654DE9C3B6510DE56970E5C8186750A141DD568
S31AE04C891D9765FC212B18A86E93440094C56FF33BDAC0C1A4795C
S31AE04C89328B3CCB1EBF540A786AC8B0D58D4DEFF1D17D864B9A8F
S31AE04C8947C9185DBD4631599A6DBA7669307D52B7DD10CF1FB439
S31AE04C895C87C2AEAAEC38FDD687BA8199FC539561E325E819E7AC
S31AE04C89715716064110A9CD3DA5081C7A1E613497E0AE7913B3EE
S31AE04C898612A0E0531BF5B42633E469A01168C12A448D0E6BD934
S31AE04C899B8A28E674F6E8DE58D2D74C41C7334854718EE8F5D8F5
S31AE04C89B02B034755C7A19B24DF8B02673EFAB8273EF2BDC16C8B
S31AE04C89C524F15D574E7CC77E22B5D1BFF6994E65D086AE9C004A
S31AE04C89DA638DA64DADD1BBA5EA041B92759043275DBA15C2E4B9
S31AE04C89EF0BADDEA269E83020790636E8A62B8D6026924FB5F160
S31AE04C8A04F582DEC6B8BBA658D619945CCDFE2DC26A90CFA1603C
S31AE04C8A19B00DD4F18FDF293F7F18BB5D2228FB09767A2D5DCB7C
S31AE04C8A2EA20C06F5BD8EC6E0F7CCA8DF06520ECEB131638C9682
S31AE04C8A438DF2E631EA044AC43AFF37E66B38807D672268137CE4
S31AE04C8A58D4C6E9D3A058FC9E95C01C0D9973586920DFEED9CF0F
S31AE04C8A6DBEEF631CA69AA12D6A7969952786553571F2E205B86E
S31AE04C8A8274C6EB55BE0515E6AE88BB9F92FAA4F749F06264DDE2
S31AE04C8A978C5EBD08F3BEA72A0F35C5E7B4192D88020EBA0D52CC
S31AE04C8AAC3A1C3166BCAC0E20F002EA90F9CF32C1AB90B33D1C92
S31AE04C8AC182FBE4ECA56B2E6F44E05B8FAA64E8D61BA556986E7E
S31AE04C8AD685FCA4B62B1F6EDAD0536BF07F4BD437E6822084D0BD
S31AE04C8AEBC4ADFF6CDDA82A9ADE664EB16EFDA5E23BA507B0DB78
S31AE04C8B008451EF0283DD7F70C389C7D6904292D7DF09AB7819D1
S31AE04C8B1538EE2BB8F74E55C6A11576DCEC197410E7FB0D9E0E84
S31AE04C8B2A59F29641BCF77340283ABBC8FB2C9D64EA181DA68E1C
S31AE04C8B3F5410490D53A94A844E3118FA62236C29E873BB16EBA9
S31AE04C8B54671439ED9C4121CB69652F80AD11C06871DEB4C2FA4E
S31AE04C8B6906D39C5B39807CD689F73CEBBC400B045C3640371E11
S31AE04C8B7EFBE87A2B4901B265D70DE8EB01AF1A2155E0B7D75B07
S31AE04C8B934E7F54E7C441865379B6F4385BE87549D14B6B33F1AE
S31AE04C8BA8CBB3CD36BCEFB34F4799546BB5A1EECAA6AB7B655426
S31AE04C8BBDCB38233E508B5821A5D8B45507E45F73B88BCA7ADD12
S31AE04C8BD23CCFA5518012519CAD570F5EA5FAFD80F4D453EFB88D
S31AE04C8BE7A1F3074642080BB46D6C2E962A063F01BB875BC8509B
S31AE04C8BFCA5AF5C0D636E3778F26728224A9F1FF55A1A2A093B73
S31AE04C8C11F96583EB80DEDC0A2D55E531789FD8A17CB25E27D55C
S31AE04C8C2609C85F8D544FB0BE90FE92311E38E951C17398235118
S31AE04C8C3B0AADED15E17691B3CD0157AD87E6983A283AE4D0F780
S31AE04C8C50D9F547CFD08A9EFCF25F30E0E603692A729DF50BD940
S31AE04C8C652563DC76E07837860D9D6F571747409317605AF60B66
S31AE04C8C7AC91FDD79BCFF6880B35D0603CCB6CF52FC7491F260C3
S31AE04C8C8FFA6B0942617AD5C6E45C8B997E839AEA8F1E7CF78EE1
S31AE04C8CA4E84BABF1D721872639C42AC4E6659278904D249E9E98
S31AE04C8CB9486E9E3FF8F4D075802BA629A727F0CB4980B2A23957
S31AE04C8CCE61E6CAB5F74D79465A81892FBE655BFADD754BAABC88
S31AE04C8CE3D6B10294AD5457CCC5A5A28CC946E37594DD1BA4D703
S31AE04C8CF8F451AE37794D4669054539E5F31878863AA3A0AAA05E
S31AE04C8D0D3A76B0141A140987D9EC1B522DE91A585009C0F0EE3C
S31AE04C8D221D3ABF1AAEB6A7045A9865EC2E6C3E28670AD5EE7ED6
S31AE04C8D373F8A9AFF8428E15D0B4AC7DDCDF8A4E0FF718338A696
S31AE04C8D4CB7D2E8E21296FC1833F632DE30429746E08CF81911BB
S31AE04C8D61F6C23F36015E815F7C3F834485C94B9C769B6DD34413
S31AE04C8D766BA790493169CB70876911AF6B9AFBC44281F65E85E6
S31AE04C8D8B996CDC026B70344BA2001D3E79AA448BB65B58175C99
S31AE04C8DA011A33FDCE71FF1756B7600553966A894B7455483A5C8
S31AE04C8DB511A1665C70C0EFD1766D4DB21333D9AC1C84FD42D9AE
S31AE04C8DCAF35D1F2C577C37DE561A23D33100CB588BFCF9E1873D
S31AE04C8DDF3D613B105D40D5898ABA2DD55C0290A5408F8D65517E
S31AE04C8DF4F0898637A6864FA1855A74020E3FB94A995E402B5A85
S31AE04C8E09C4FE83702A1D574AE09CDFF7FAA1BCF44F16BC2CCAD1
S31AE04C8E1E00EF3C5E003A605804BAF342439719C458C4C72D5C7C
S31AE04C8E33FE6B37CC4A59D727A6879CB5DB521989496739E83D90
S31AE04C8E4899D53493B0EDE0EC4436E376FB3D73060ABA45129B0B
S31AE04C8E5DA9ECF1BC00A947B87272CD1F417E8C3CA1AA84691E37
S31AE04C8E72BF7A71820C274644870244A1BC22FFEB7BC98DA5DD47
S31AE04C8E87DA29DDF4AF55398BE9B1CEC19050C8726030CB9ED7F5
S31AE04C8E9C8855A0C12BD4E9D405EF428B2EC97A2F80B387B49630
S31AE04C8EB1C40E5A49CBF574B3A72E5D9299039528DCA17EEC29F1
S31AE04C8EC682BDEBADFC3EB7BBA68E533B6D26CBB958EA8E88763B
S31AE04C8EDB19BEF5214B47164C6A10CF83D9E80ABBD817F3A8A3F0
S31AE04C8EF027ED69EA992B29372B83AD604AAB84601F897E385569
S31AE04C8F05EA21C9E5AFA144B01DB4A67E7AAC7C8011DAE1CF2D49
S31AE04C8F1A007E0C739225C68F3835AA06733A400AE99AAB7B65E5
S31AE04C8F2F7D783AED2EDDA85D37ABF7F0AB7C800C328E2D1868E6
S31AE04C8F44E956BDB67CE63F4386C5667A51F061933434B7A2F639
S31AE04C8F59F3F40BD2E30A31043288CFA2DF6C80D9ECFCBE13C99A
S31AE04C8F6EA38BDA977B29ECF75159807D86B50ECE3CA016E658A8
S31AE04C8F83682E4CF068DC747CD54EC9615683F459A386E037B23C
S31AE04C8F98C0835C78EADF395180D38B4B93434FADBC3049D6140E
S31AE04C8FADB4BF1630C969AB9D9601B28687618FE611D3A67928F3
S31AE04C8FC2115A3B788BB67362370401EECE5C4350EA1547AA9DC0
S31AE04C8FD7FC2A2213515BF9D82E7223C0AC35E120D4F3D358899B
S31AE04C8FEC1D8FEF8E64B3487ED1E79FC0905C54A65191B82F97DB
S31AE04C9001F5C5605BD03DB799C15DBD71778AFDDC124C581477EF
S31AE04C90161162D827205DD548137D357AA0753B12A2EC72D5D1C0
S31AE04C902B519FE8F8E59A146113C7E28A39B9F6ADB037EDF41285
S31AE04C9040CA2EF449304B8318B7C6E3C3A44F0A28DF89441FDDAE
S31AE04C9055A41D8F15777F996EB18643807BACA688F5C685686C0F
S31AE04C906A6D687FC9ABB91A9299FA1BE0DDCC13F5E00A53E681AF
S31AE04C907FDF9602B7AD024043BB907250C2F58C840F16486E2378
S31AE04C9094971C1F35921D5C842A11FC18968F1835F70303169F8C
S31AE04C90A9B5A585BFFCDA542DF484579B120C6BAB6C2BB7470C4C
S31AE04C90BEF5553A390A45EA0B4BAA831000D8EF92D8E6FC62501D
S31AE04C90D33A76AD8B43865D1EEEF63D21998CA10013EFA1155713
S31AE04C90E85B965EDB02579D0B4BCE9095AAF492B8472AC425B1E5
S31AE04C90FD66413B1C818C64D9E7524D36D073C64ABC124F6B3617
S31AE04C91124A1EF1DD4D76CB1139988AB918C1A950BB1EA894DC6A
S31AE04C91271AC5AF93FDCD7CF41A82836D5BFE75674FAF61613DE8
S31AE04C913C74E09F58A4DF7FB426A6EA11E67FE3593EDF3F6BB309
S31AE04C9151F3EF2AACB057F4903808A40D540F22CB494C78259C85
S31AE04C91660F330DF15DF5734457A08857E8F569BD88E69C3E5BFD
S31AE04C917B20D4699C1E8022669FAAF4F836DF752C89BC3F530BC1
S31AE04C91907C295C50B656F0143F54889127AE31AF08CDCF96811B
S31AE04C91A59FD609A11886A858454F947052C859015CCFABF825C7
S31AE04C91BAD264EA736C89313CAE3F67E85DAE3E73A39B7E6BDE7C
S31AE04C91CF06413B9F91C82E6F3E58AA6267559F3F1A2CB2F9E035
S31AE04C91E4ACAAB160F4E13827D6CD78DEA98F9250DBC988815990
S31AE04C91F93AE81CFD26BB36815E2773D8B6FA55F83D5FFEA275DE
S31AE04C920E006CE4ABE310E33140FDEAFC13DECCB6E0411D506B88
S31AE04C922386F85F0973F171551DAE99800FB25E7BBCEC86E5A2C1
S31AE04C9238300F58C494CBE0C27AF5DDD936B0A1D9AA2C24F19D86
S31AE04C924D5E2022E48086C32374E960515DCD3C910E296512B007
S31AE04C926299F6123F8B4155757A786DE842AD0BBD24F0F082BF0C
S31AE04C927774F2F2F9F03FA8E63AAD7404BC0F5708E479ED662346
S31AE04C928C8C5E7806EE4ACB78FF64715E847A7F42270C99DE9885
S31AE04C92A10A1B007BCDF2A3CFCF16B9FFC938B5453E582DE8AFC3
S31AE04C92B604E620C59896C77091F5444A6C4EF25322BF5064F2A3
S31AE04C92CB9B2A2A347519B2032A7856FCBF45859B0A2EC50FC60C
S31AE04C92E0B04D11D8A876D586729A98F829CD12B19A1E72FEB5B6
S31AE04C92F521D3558AAD0E7541D0F7A3FE9F6E20916929FAD5C6A1
S31AE04C930A85DB08181E89B448E84BA0AC3D15F76EE3E1FDD8B575
S31AE04C931F63F738DF712EA0C54EDB7E5B5E4BFB839489AD63FA42
S31AE04C9334CBEADADE471387E3427CA97233923C7430F3A7D0A930
S31AE04C9349CE3A4500C038E641AAC486832337F1A1DA109235DD80
S31AE04C935EADEBE22204BEA42B5AB9B40CC0C6A5682446472A0951
S31AE04C9373707F61D4F805751ABF4EA5C45F1492F2CE5C9EF012CC
S31AE04C93889B2B9390C94325A1A4CD7357BEF9F6E9487336A54F2D
S31AE04C939D84629D2129E6592ADCF89E7E1811382D15D5105FB8C4
S31AE04C93B2C3C02B5ED2BAB130924249F22B964AA7A5E7F2D0F7F5
S31AE04C93C784AC8E8E932EB63B34BDA7BE864488CC60211FF7AAAC
S31AE04C93DC148564D0EA6711036BDD486A30F44F3F677DEEDC8638
S31AE04C93F14055EFC95A03D22410C1BCA5F99320E36750D016092E
S31AE04C9406A0B87FE7168B2DF9C1F1F97A8D52E29745AFD701F45D
S31AE04C941B0326B35764C35C9981D8B81AA4861F33E9A5C64C9FD5
S31AE04C94300B701E29A889B5EF26CB77D3B364DD6C78702423583C
S31AE04C9445384A487E2597D94CC9A5936C7B78DEA759E6586EEAE3
S31AE04C945A9D2FC9F01DD55E7F0728E46228935DC2FCDAB12EB2C1
S31AE04C946F4F56E3EC1A9E1C795EAEBEA7C4969BB4C3954B42995D
S31AE04C948460E9747074CCA417EF5F13F79F9BD09AAFF8420F4342
S31AE04C949918ED931140C4430A77EBEE03D9B2B75A4228C8BBF7BF
S31AE04C94AE794F61668C76C7FC5708DFD2645991ECB3EA3569346A
S31AE04C94C3E02687F444752894053B080629052C47C8D40E8784C8
S31AE04C94D8A3942C69DD3685A8D2C11D78F2F90519D6876E8EFEB9
S31AE04C94EDA73BB7F9F50879EDEEEAE8606F05BD3F2C001434FA45
S31AE04C9502C7249D0E07217F38EB54A8D6A24D05CD7EC422FF9B31
S31AE04C9517342E07DBCCCDB00C508F7C1C5E46C6F1D49D9143C697
S31AE04C952C7D859C603C65788DDC810E20020B19C5DD52A40A7E83
S31AE04C95414CE1AC53CEB9FC6FDE40113D3CA39594A77B4C15FBD3
S31AE04C9556730825075BBD4DE74E30C1DFA7052A66B2432295CB0A
S31AE04C956B528200240047BC8DCF6410E2793FD4B3D6864639C929
S31AE04C9580E728351222105AD1F0D77B70522F2A9BC44CBF6D8A33
S31AE04C9595AC96DCB73A60635B2021A1D6E4B7857307F02595F175
S31AE04C95AAC8CCAA303BFC7C38A0A47124873034344E6906FA79F9
S31AE04C95BF7FFCC455492C3EBD6A64D7F1B8E3D1E6B236889D5814
S31AE04C95D4990004F3068308E9DD7CB8AF54E78DE7475041070BED
S31AE04C95E98656836EA1A57CA99E996F73E92F38E6A1000100AA68
S31AE04C95FEE3872B1E850BEB7C85BD080B93BC2DA3C14C371A6D3D
S31AE04C9613AD56E12CAA163978C15D9DD107C24C69636F88BD3B33
S31AE04C9628E59F061AD0DC3363CC23A3A4E95825618F11704A6856
S31AE04C963DC0E91772DB2DEA5272278336D304BAA13217D33F622F
S31AE04C965268A1E985E69186CD6609F43E26DCC0E9DD39D4D1A1E8
S31AE04C966784BFC6AB00F00EB6FD4D1A3C38ACA70CBE64887BB048
S31AE04C967CCEE73CFD73321012E74D50DEA629AC00476F0EC4DCB1
S31AE04C9691E9CC1229861B56A950BF7F7D829315EF851C40D57AAE
S31AE04C96A6BA93B9C7296FE0911F79B417F043E610768322C064DC
S31AE04C96BBB0E498E62D92E82AB2565AC0126B75E5D22F46F958F4
S31AE04C96D0CBF9C9CDFE15155B7B91093FA07FE4B087A6008B9423
S31AE04C96E52302C2B58F8106FEECD272B2B29E5A7602F67D0B7C90
S31AE04C96FAABA09EB3E9507231C0C1A5B2EB6C579967EF7FD9984C
S31AE04C970FCB7CFC8A74F608ABBB1371A5E6D7628290EF25B9E85F
S31AE04C9724FCED4F7EED9682F04879158245A3CBC3C505FA368308
S31AE04C9739323859DF5FB3E2EE74946AACDDB89431CDD02C885448
S31AE04C974E26DB558F9557DAB5288F055A4B65B1986B878B63186D
S31AE04C9763A952CAC518BA2B54CBF05741B43E9637C5AEF7AA3D81
S31AE04C9778469453328E44EAC6B8D011137444A971215A8F19FC2C
S31AE04C978DCC0A11507CE2764E8F26171A6122376645753110A299
S31AE04C97A20E05F5F0B04A60614FE5C692D0728B325A5536CB068C
S31AE04C97B7C7EDBF45A15FA34E718678CEE561D985DF8CA8508EF0
S31AE04C97CC472628DBF23EF2569F21818220B1D3FC863D332CA742
S31AE04C97E1603AF56200893B3146F1EF8E07EF445700491F1A1381
S31AE04C97F62515FE65831011C714FE2055F9764375893A2D4653ED
S31AE04C980B06CD93A045CF8C07E35EAD238C7F8631DFE3B0C43E22
S31AE04C98202D4426BE4BE7D1F06471C5F293C542F56E7FDF07E4E7
S31AE04C9835028D1304BCFCFCAAE77468AD46024CEF4CC386488A8E
S31AE04C984A5F60B1B4D07331292E7C5DD49DF0DDAC0E3B4850DA6A
S31AE04C985F562A4F3721E677049937F7A61553CD68B2006787E8A8
S31AE04C9874430A4083D780AC3C6D2671ABCBA35176397B0C351A6B
S31AE04C98896432CF3E08A82998789E1ACB35828B2CE104C0FB1C5F
S31AE04C989E455CE54CF49CB806587EBB5F0C7EDF72BE84FA8E0EC0
S31AE04C98B3272570852263993CDE24FF4D00B48C5D0224CBE00F08
S31AE04C98C87703C668D9ACF3CF8438F1C51DAA20FC6584EC24B369
S31AE04C98DD01E933D8C5E8389B5DCD7FC2BC22BEC7645C030FB37C
S31AE04C98F2C5FD7F32DE3A1E8AF3E8A16AC865C455C7BB685C6723
S31AE04C99073EE5F73CC1C208E89B43C2B9766EC6E7B77F33092ACA
S31AE04C991C2465394F1AE9CB8853726C34786EDB838AEBFADAB4F7
S31AE04C99314552C7448AFE68BFADD69AF3722B82BFCC5EDE543E16
S31AE04C99460FAA293F155A93AFBE28A9DC4ECA24DF3EFFD50191DE
S31AE04C995B6731CE3E4FCC62CE7C1BD0BA8949CDB09883E62BF743
S31AE04C997011382340641309B0087BB02391355389142B648AB7F8
S31AE04C99858A623FF8B196D90992C0F28D4A85FE1289966998F18E
S31AE04C999AEA932FBC1CA873A3DF0A14EAC4DDCEAC097B15D2EEE9
S31AE04C99AF465E09624F869483FF10276076078C7771927A1124AE
S31AE04C99C4AE2C841675CBE520A8D33AC587BCE33CC9C33F70810B
S31AE04C99D9C8E58097E64D80FF3BE7F4C017511ED4D2F83020097E
S31AE04C99EE80D629B4B54F0BE37927F62E3EEF208B663EFCC4907D
S31AE04C9A03EFCECFA3953A8C4B3866941FF375D4FD4E7E7CF9126A
S31AE04C9A18A37388D850A5B9A07AC493FAD5687DC1D48F88F5130A
S31AE04C9A2D6448283529A39B4D2F1F59BAD8311A4D3493746ECBF0
S31AE04C9A4202FC0866916869F3B3C64D9B864FBE38509E0FFE54A1
S31AE04C9A579F0E8B55782142533CC25892BE7BC49069B89D355A4B
S31AE04C9A6C50E7F6DF9379B6D6EB9E280D71361C6F1534D2312BA8
S31AE04C9A81DC138150A334B7F5C29734D6201E1CE67FB46DDC63D9
S31AE04C9A96986EEC888B4BCEBED5CBB42B56B9E8803ECDB1600299
S31AE04C9AAB2B61DD19350EE9952029BA66E2C642E1EC8DBB354D47
S31AE04C9AC0719A96AE819FE9638BAA950C74233BEDEE18FAFF0A06
S31AE04C9AD5EE68FB4490252F5BB001932173967282FD92DE6EAA8F
S31AE04C9AEA6BCCB377311F2B77C3159741E119AFEEF16703EDD281
S31AE04C9AFF9218F1D6A22204012898AEEB4BEB3CF83CDD42595916
S31AE04C9B14FDFE24AF3C6475CC983AA9CB6C14B3647D798C1EB925
S31AE04C9B29FD35860BD519A469636BED2CDAD56402FE4402561D84
S31AE04C9B3ED889531AB7FFD989F2D0677EAADBCE032B2C80AEB6C2
S31AE04C9B532D6DF57724BF63A5B98EF8D3AD40BFA99FF5D6E9CC54
S31AE04C9B68AD715CAAD69AB3ABBD57BE12FD563BCE7F5BAECB3001
S31AE04C9B7D83388ABE3B52FD6A893D62836FF3E7744E65F06E8EA3
S31AE04C9B92CB680134EF2E853B4DAE76B8278B813142BECC249C2E
S31AE04C9BA73FD24E551D659C0F39BDDABE2CD824C2D5D20077FC04
S31AE04C9BBCE7402601CEE6870B74959362985EF3F8F80C0D4EE2AE
S31AE04C9BD102F0CFE0CAFDC3E253ECCD3A14FF5A8385AE5E3D8DAF
S31AE04C9BE63514E6C5DA831FE788399D600BCD7FAC3C3444B29624
S31AE04C9BFB26CB947BB359EE40FDA72D8B163D324A60F73B6AC5FD
S31AE04C9C1016307C4FAC7743175F4CB8A00CB17A0DA708901A0DD2
S31AE04C9C25B8C5B47C07B8E329718B0BAC5F3B1C1F223785DD0D30
S31AE04C9C3AD1A5D191B7295074D8515A9998B357CAE367E2480C5F
S31AE04C9C4FECB17A8F52D3106314D5DA2D0FCEE319A606CC0EEC55
S31AE04C9C64D4EF9C265636CBB24A46369A06472AD1030C8CBDDB50
S31AE04C9C79B340B1483219BEA0A7BC266E12DFE83E186B0CD6B4E8
S31AE04C9C8ECAC1D30B50A77C75C4E2A9C3E134F41A1B210E192383
S31AE04C9CA31B81983AF34E57DA8ACD718939DC36CF1875B9654B39
S31AE04C9CB875D4A7C1C8D29AD1F64CAB52AA25CFA888ABAA97E4D2
S31AE04C9CCDC8FAA61B44D28EC3E139FDC8F10767575AC9BA498328
S31AE04C9CE294168649C082B82445E7E1994105D4DFB362B092E8C6
S31AE04C9CF7DB0836089A4BAA6C188EF3935026FB3EA36AC28AB91D
S31AE04C9D0C079918AC1C65CE357A8B90A9D73B87ACBC81BA277F08
S31AE04C9D21C3F9F421E3C1D046E3413D2825D16FC2843689EA3F54
S31AE04C9D36ECF2990D9F5D70151FB2853494F23DFBBE0AB5F70025
S31AE04C9D4BC155E313975479077C5753C4579A46690B3C5D736851
S31AE04C9D607D6D0D5D9C80004199734E789191ACF498EA2A466520
S31AE04C9D75B53209B03A953BBC326E861D3014BCA2FD2B6E95BF72
S31AE04C9D8A86DBC6E2B8EF59274BBA729B86755591465DB82C6484
S31AE04C9D9F5D1E001ED9737874BCDC322A4D4E47CC5FFAA8FC25E8
S31AE04C9DB441547808098149029D456CEDABD7C9B76C7F7584C499
S31AE04C9DC958A8439EBE35D5E0F9FF92B1E8B21708CCDF87BC3EAA
S31AE04C9DDEF4BB0B4F7B2A1823F1A7576D3EE393E3E95D85C1C80E
S31AE04C9DF3C0CEE24EE9DEE9EFE8B9AF25C73F87F1E09FD8CEF8BC
S31AE04C9E0864B75607BC0046AF28E31E802BC8F71AFBDBC3CF22B3
S31AE04C9E1D0D10B32670B17273FD0CBAEF46D774E03EE148DB3865
S31AE04C9E328C80CF17572B7EA9153CCD5745BC29566C9F04C8483A
S31AE04C9E474DE68BDD22DC45AB7E6FE5AB285A8064FC808E3F74AB
S31AE04C9E5C9B1F3022F6582ECB2B4221C2466FB6F933D6CE49BEDA
S31AE04C9E71E0D15A3ACD60E96587CA0916819F189826694C8680C9
S31AE04C9E86377B0B7E16DE813B53AAF49F0A590F7052E543213865
S31AE04C9E9BFB6CF88C1E02B935D0DF9C062058A635090F4A7AF413
S31AE04C9EB000DD44147C725BB6B35ABEC3376267469A9803277493
S31AE04C9EC54A3EF87E8083373CE9918F12084F1401297DD1B0280C
S31AE04C9EDA1BBDD0FB9F237B09E511A160E871F7E80CCD5F613A56
S31AE04C9EEFBF213A8449BF4DDD23746EDA9CF3DBE0BB30AE17EF94
S31AE04C9F0429D39C28031F8971FFF3723316F4755CC34965527E87
S31AE04C9F19E5FDE7AB1691A6EC5F416A4A14C58258A156EF9608C9
S31AE04C9F2ECAAC9AF08B51F35C29BD73BE10AD868C161A50411208
S31AE04C9F432F37B51C980A93BF5D21BDA219E5CA860A2D499579F3
S31AE04C9F58263052B7406DD6F44BD61D29EB62E209B10C8D6B9EFA
S31AE04C9F6D3A629CF35D08AB60A764D358C6D5D5D00CE13470A269
S31AE04C9F82ABF1F4F341EABE7AD2505AFD37D99B21E7621325DC10
S31AE04C9F97181202BD573BC49C02335D1C4FF33CA85D841A70D693
S31AE04C9FAC84BF31C9140FF865FF7EDCA71C2BFC1C3DDFACF57A1B
S31AE04C9FC175244B60026D9D39BB0867C2B744D440727D842F78BB
S31AE04C9FD603EF3B410F8F347C3E027A402056D1A12CA264E6F49A
S31AE04C9FEB61C587EE79BE938C2C6ED0CFC7CAD7E16B47F6B26200
S31AE04CA000A8555D31D0BF71A47429FB3A3FE6E01C4D2AC957154B
S31AE04CA015F7679D0CF8885AF79FB96338BEA0E844844CF78F4F0A
S31AE04CA02A01263741B5E5211A573CDCCC9EB38C9B8AEC96FBB60B
S31AE04CA03FADBD271BEF40BEF2535F82D468886A27825D6EECEAA3
S31AE04CA05451F97877730248A5A5B07FA8B7C4AEFC84120BDEE327
S31AE04CA069FD37E1687B4C4C48BB1A547042478679D0D13328AE0D
S31AE04CA07EDF064558B3ED9170969C392C39D1E6B16ED9195B067F
S31AE04CA09300B4FC102BFA6A1C90161296A8FE8CA855B80F765B06
S31AE04CA0A837695CAD157EEBCBDF465D90C8A051C3518287AD7872
S31AE04CA0BDFE84443131BE7E4966C69086C9E3C8B31F985156BD2B
S31AE04CA0D221C0CC48C326EB0798FFA18F422B8AB5EB87B3885304
S31AE04CA0E7E9C25F86BF4794D5BB457F891171F0A2E6565797C924
S31AE04CA0FCFCB8CBEF5EA5A4CA75009FCEE5E853BAD9B6F8576044
S31AE04CA111CCD6EFD059E0EBF1FCC11DDF7E409914478B34EB6319
S31AE04CA1269F7BFD83615EA3F59E5517DCDBF76AB1D98688F5BD95
S31AE04CA13B4437726627942A620358C5DEA577EBF147B3EE61A65E
S31AE04CA150392477D11B284878F6C6ABED4D1EF09F6E8899FA53F6
S31AE04CA16586ADB154BA7C43B4B6D42D1B47B40439567FFEEC4540
S31AE04CA17AC16A0B35DCF4432FCFFB334FBA017EB2718D16AF7D7A
S31AE04CA18F09FD5910D64404C98EFFBACDCB9F2E844D8C18035AB5
S31AE04CA1A4967747399A8CE778FA6792357533309903CD6AAF766A
S31AE04CA1B9C6A1451884D66D248A3A41B0236A7D67A512A661E3E9
S31AE04CA1CEF53E37FB7E64E2B8D58A3DA203C3F4481F9064DD41F8
S31AE04CA1E3DA90B9119F2D6CC50E98E09FE358B3FA01E13142A8FA
S31AE04CA1F89BA0500038CD0C40D4324AFDD1088006C9A3877DA583
S31AE04CA20DBB0C297CA24F3FD3A919931F26E22B4EB6A3CCEC0491
S31AE04CA22225AF82FD40FF8F3DF2CD55D97F1EA72FDD3F8093D335
S31AE04CA23759E49D9FEA97BF7B75ED3EFE18C7FCB1B51C1347FC5B
S31AE04CA24C64DD39BA0EA9717FB1E01DA2E81140483B2B9853CC02
S31AE04CA2615DCCD68EFB97DA664B9D7235327E61B3D23C211A3A81
S31AE04CA27601C872607701DC5D7BAF454645FC92322DCDE37AC67E
S31AE04CA28BF08B7DC7DADB3DCC266BD95B92A5F3CF7E9C6D26D1D3
S31AE04CA2A03CE9F900E3B51F62ED95D3BD99EB28EC9AA646337766
S31AE04CA2B5FD266D117E910DC8862919FA0590503697E1FCF10398
S31AE04CA2CA21335105B880873964EB0C32444A92483E23F8C54C4C
S31AE04CA2DF827CF82939993244B9C8FE82EFAE72FB3FA6D39CBBB7
S31AE04CA2F47B5AF27C3560FC8A6755333E2BF0E27006EC11FCAE7E
S31AE04CA309AD0D39CBADB76E7C5675C631BA4CA55F6D7F8420DACB
S31AE04CA31EC0643A2C77208F4D63D025787A9996E95500974184E8
S31AE04CA333448F6FC905C10A13F516DB4576838294C1C8716C7BDA
S31AE04CA348E7C98C19775BD9B2A98A9611F9E3D7C754BBB0A6FF64
S31AE04CA35D9E47B9F8240FD7972194453DE324BB81FB912C40F51B
S31AE04CA37243FB7DB75B13B9DD5D220D4F6ABA55673040C12B5EB9
S31AE04CA3872993D4E7C4C103F2827290D4FA291912533CF4D8D4C9
S31AE04CA39C951C686738F9720912D1D306ABCCF3809C04CF2B0905
S31AE04CA3B1F14D296A9B8E95D193C8296FC047363BAB604C0C68CF
S31AE04CA3C6AA0DF26CE01727FC995B43636E8A46989234AF455F98
S31AE04CA3DB6B349A11BA0FF287411870D27C3FB586E17696F489B4
S31AE04CA3F0973BB893CCCEA4D9DE15B497954F5372A6C8961226CF
S31AE04CA405B867F4595B0F4955F4A385F7BFC84A2B0FE7D5ADCB4A
S31AE04CA41A9EE869F3BAB6E6E5E557F28477A9797DAC70555BCA80
S31AE04CA42F585EE086AF21695E0DF5C322192776C4FEB64052B2DA
S31AE04CA444C3FBF63F4813FF358FDF1C0496A1F504955A7E67C8F5
S31AE04CA459B2D1DEFE8301445607F01120BA120D78653AFB648048
S31AE04CA46E67DB8715CDAB8590247EB24FFE8B83666F14608FC6EF
S31AE04CA483D68EFA14E2E2BFB5B2867233E7F195488FD851EB159E
S31AE04CA498908162BAAB143FFCD08DDBDD2651019DA2F2C596E35A
S31AE04CA4ADE46F9E4510C0C4F6848800BBA54D2476B1B7EAFC53B4
S31AE04CA4C21988E973BA8105E7CA80CB95FDD1DB29C2E6AA6002FF
S31AE04CA4D753C8CC2E6635598A48D3276D535926C6050A7DA7C56C
S31AE04CA4EC6CB7D30394A2EE556BEF4AAB418C266F32C2A993E6F0
S31AE04CA50190D940CADBE16F42781F9656FDF02DC2215C9D67C093
S31AE04CA51651B06294A0E7D50C78F6A7C40821CB42E08765810B38
S31AE04CA52B6FD4252DF4B8EA5ECD1A54A48F61C7869B57968345F4
S31AE04CA540E863AEBEDB4BE4DC12BEF0D4DD9899F91471396288F4
S31AE04CA5553E7EB12BA0D81509671D410D31F74DDD26C83696E8CB
S31AE04CA56A28EC48EDA36A2DB42B4E26792760D782123D5260ACCE
S31AE04CA57FADC5E5CC9B14A4AFA2A458D7221747BDE7C37FE2476C
S31AE04CA5945E1D4F0D575CC697C92BBEA4ADB2A201E19BE5763832
S31AE04CA5A98A3B121E849C06607005DDE407F462F283AFA35C7FBB
S31AE04CA5BE7F2778A465AE9F1BD381622EDFC8F1B80F59ECCFD39D
S31AE04CA5D35BC3F6311548D6A17907CE9617ECF613EC0EA4246E08
S31AE04CA5E80B4F1FBD3FD4120143F0D2EC2177488746E272673740
S31AE04CA5FD275894BFF177D37E5A629B415306E7ABB51D2A5FD3DB
S31AE04CA6128BA289C36523E51BDE4477956648CE9A88E0FFE10F65
S31AE04CA62710A57567503A938863C2551ACE49705EE0F7E1C3CCF6
S31AE04CA63C838DB7D19E6207DE6F12008EA3E053395F81B7CBE8F2
S31AE04CA651D6C3BA8A5DE99D51C17741502430F68304FC0D3AD202
S31AE04CA66652699A9D60556FE26D638F2E79D154A9F3A8C2EB1A7F
S31AE04CA67BB5C15FDBA815BCC46EB3B5EAB2A4C9E265D5BB44BDF4
S31AE04CA690C78B9372B0EB44473E67C42327EB33852E152B690DCC
S31AE04CA6A534635289B54653C7F15B46BF61778BF3458BFF70FE03
S31AE04CA6BA8081CD8E711AA1179C71A7FE15B5C01E987F89CAFAFC
S31AE04CA6CF96D8E981C556ED8B836D812536F779A87E84BB94B4F0
S31AE04CA6E441644A76BAC3C8DDF0530BD7AF8A65F3171F2BF5EAB2
S31AE04CA6F9CB7624BBCACFDA4770CC4DE714878277305F3D3292AC
S31AE04CA70EDF022EF66C64E4DE7524823644FC1417EB9FCC0878DB
S31AE04CA723FD2309BB66B51E2262D12AEE6FB1861C70547E7EE4FF
S31AE04CA738C3CF01E900871DC6D2192B17EA31DF5C592E38314839
S31AE04CA74DC9481076B5298865CBA0F1B23E24A52E794A0A804B88
S31AE04CA7621EE84BAC2E09D888872CB4D03ACD1D5CDDF7B6D943BF
S31AE04CA777ADB5DCBDAA4129F39664B61DB539B4B99EF1898F5674
S31AE04CA78C863AB7BC78629B211E745465D8A104BC194522604811
S31AE04CA7A132F24936F33A361049677E43C5BA9AF7C808BCD3D1AA
S31AE04CA7B67D1585443371E2365A7AD3C59C9375F0A92F4085594F
S31AE04CA7CB3AE9CFCE6C8CD37D18FB63CC79DA7DB114733315A00D
S31AE04CA7E08DC8850FE6FB4E0BDE78C97F4515250AF5183925C9B4
S31AE04CA7F58C8D1BE874C9A700D6187B70194DF12D4677D99F5239
S31AE04CA80AFE1891200C90BE0857BA7F533CA7E4900532DF293B2A
S31AE04CA81FC953FAE1B1D33FD9DF243E2CC042E5CA11F2C5487DB4
S31AE04CA834268A9AC6A698B84CB13340CE6CA7DDD09A2A9A8C3EB1
S31AE04CA8493BAF5E04528CAA4EF5C874DAF8582766099DDD6106D4
S31AE04CA85E2B3D008E8BD871C64F5A97E44D7C5007E1B11E3A9E57
S31AE04CA8739262FC3F98474C753247E189B0BA12D4D60A6D9D1999
S31AE04CA8882ED004F26DABBE88D8550C1E82A30335863F04E103D6
S31AE04CA89D895968D497957ABEDCA8405DA371B7BA70167CAA960A
S31AE04CA8B2C7591FEB4B814D53D28885EACADF1EDC29DFCC6B36E8
S31AE04CA8C7A58F9F3544F765EBB671CF8695170B4A65524534E822
S31AE04CA8DCE465A725F3D91103AB0C1E25766FD2A2C0C7B519593F
S31AE04CA8F13D841BC90A07E305849338519C3F4A3BFFE8A2E4A273
S31AE04CA906A772F5AD35CCC2D4C8725DBE85E63F640D64558E32CF
S31AE04CA91B46610A6F493958D5F10FEDE129DEF99A67441BC3969F
S31AE04CA930F496D3AB239FCF72E39E841E28714559AFCD6D216F02
S31AE04CA9453F5B776C755386A8062D218E676E0929AD4D82F4C53A
S31AE04CA95A8BFF5A94B98D39DA4A7AD3FBE54FD87E767A328578AA
S31AE04CA96F75A70A0185F49F4D981BFC13230FF7EE3373822818D4
S31AE04CA984F0D82637FD311C77E2B9CD23F47AE1C93A609CA8DB4A
S31AE04CA999209746D73F61438EF90782AF7350D2286D9B3A5E1E86
S31AE04CA9AE8B7048D0160032E4FB5747CB67F55BC5A81363D5024E
S31AE04CA9C3F8916B44EF96BF62F662DB05E90E30A7EA0AA15A3C3E
S31AE04CA9D8F8F8F5F336569E738AC21C7A6BD8CA706655FCCA05DE
S31AE04CA9ED31FEBB37D8A2A2F1633414F680CBA049D3DDBFC34EA0
S31AE04CAA02BD97B6DC3581C95B4A3042F4A4142B6FB77C5D475222
S31AE04CAA17A2F1BDAF924964023F85C65562186FF413A4CA1C87D8
S31AE04CAA2CD00634E23B0CF539D7B6C5EB05E6349ABC6A915F5521
S31AE04CAA41D942F8CE9F07BB97808F2292DB55D48E555FDEF4E337
S31AE04CAA56AEFB2CCA64ACFF307B4A7C47FB75A74A6A4C26C6E46C
S31AE04CAA6B129CBDE80674E97A25D4A01DB1C8A3A97627F6BC8D1D
S31AE04CAA800683AE417AAD51683AF1E021AED77B00E0A172C0DC7C
S31AE04CAA9586B1F1EE4EE1275139EAE5F3AAFFD5653889335F3557
S31AE04CAAAA2ABA4F19D9B2A8BE23A24548E97A156EFE438851D303
S31AE04CAABFBB20DB56BF4FBDC78447BF0D0503EED8C010FF46F444
S31AE04CAAD403FE831E12DFACC06D78C3E1F60D2EE6CE4C9A1029AF
S31AE04CAAE9238C1F29A0CE9E8ECA3C22E99C39B7228BEF1F9E9D02
S31AE04CAAFE8311050AAF83807D0DD3030FF921E6A9F79021B91A29
S31AE04CAB1305AD76A9932F6560E54E0F3E028F69BD5AD4BF57FD2B
S31AE04CAB28B4AE587721D5C7D3FABB7F3EB56CADC15A531525DC61
S31AE04CAB3DDA0895F206E08A582586322BC0A6BEEDA108C1CDF55B
S31AE04CAB52AD717748DCB9F9CFC99D281F79914D31DAC6E2E9B52D
S31AE04CAB67AB5AF8AEB4C270CB5F7231366219D5CE03C8B03A4DF3
S31AE04CAB7C9881CAB6D080A8DD3A6EBDB96FC07FCCE25276EAD523
S31AE04CAB91823B463D9A2809CC06636B3517389BA406C70CD10263
S31AE04CABA63B53329DB8438A0A5C7EF9A3DB754BB789ECBA732CE6
S31AE04CABBBDACA2C233F95DB12F79A0D9B0ADB21D15CAC05EAADEB
S31AE04CABD096E7823811A6794943C4837B7D4C24E573E0D8EE0E90
S31AE04CABE5D3CC6BE0E830582440EFB1E76F3ECA3C72F744DEF4B2
S31AE04CABFA2472E7093C305055933F495A86C588969235BB6CD6DB
S31AE04CAC0FAEBEAA7D558832F0FC7575F9C43D86BBDBF400AB8849
S31AE04CAC247862AA3D79E75D46C3BA2E5FF062DD758B45C75AF88E
S31AE04CAC39ACFBCFC5A46EC9133E7425741EED522381A59DFACD56
S31AE04CAC4EF095D5FB6D872AE8322F6586C700D1F27A258027D771
S31AE04CAC63F07BEAF51A726908002733AAE99B3CF259BBB8097D5B
S31AE04CAC782160D6C631D862320E270F32DD7D839E8B694E370C65
S31AE04CAC8D201484EE23A2B8F4A2603BC62F60C27DA58BAF077F33
S31AE04CACA265EE8FB9A5889F539F1F9967D114ECBA03B005A98285
S31AE04CACB78860EB6C156706A439956F4AE9D7C530D5D49C68A167
S31AE04CACCC08F3DE3154161BA4865F4CB610DC57C8D9C2280970E0
S31AE04CACE102F27739C6AA5A53D55333F136C7EEEC39B372FC747A
S31AE04CACF683707BCDFC475D1A2E15645BCEB4204046088D9D1BAB
S31AE04CAD0B3855F0815CE1BF2027FD3675595D9A090B73FE897941
S31AE04CAD2066813FEF20E0ED9D6C7041F4744E0D08DE670261A716
S31AE04CAD35DF16B49E639D7ACBD86C8DF9A8576AFE224C06E14283
S31AE04CAD4AFCF1986E63498F14F86A36A9A08DE5B7A80B3B533AFB
S31AE04CAD5FB233E87BC6EAC03A37DD9AC5117830E76F4F3C91E23B
S31AE04CAD743F1381E32EC4ACD7F8A2B57371162A40DB0E33841208
S31AE04CAD89BB597F153E29A1D99112FABFFBC7B1DB0B02D1C4723C
S31AE04CAD9E57D95E0950872C244FDB7C7D1E594CE27A30326B960B
S31AE04CADB39CB46554FA58DD9EE179D0CE54FE47A905F3D538CA7A
S31AE04CADC88565B900331FA6FB799D39D84B00FC239A8F68383D17
S31AE04CADDD5AE5B1DB83EE61E29E8AC77F797FBABED4F46E2D93DC
S31AE04CADF26AABA82618ED912845731AB8EA3E9C3DCFB24FE987AE
S31AE04CAE073EA164F54F5CDD0D7330B853C664B666A7BB1211E2DC
S31AE04CAE1CB13CF198F105EF68F034AD5E8C36F3E87F03E09071FD
S31AE04CAE3161900F3A86A023474555DE1647BEBD615600ED28CD27
S31AE04CAE4697AC89BBA3BB5CA09BC220DF08E1D5A9A9E029C66A3F
S31AE04CAE5BE4FD96F1871C1107781881AFAA2F82A4B9CA3FFF0904
S31AE04CAE70D6E2182D0733CD32DFE914F25504EFF42BDE7BEF1ECA
S31AE04CAE856734D6D26AD919787148978780D2E21B57B13975E7AC
S31AE04CAE9A4BD1B8D4CB4F77E2C8AC1F75081E3F2A068CFCF1A49C
S31AE04CAEAFFD0E1A055C13DA45046A5D8CD91D8FE2565A8ADC1CB4
S31AE04CAEC4D0822A8D9AE91ACA0AEBD72F4AABE7E5D4F47BFE7A60
S31AE04CAED9E76E3FF8EF3481432E58EACBF7E6A27756B7E01B473F
S31AE04CAEEE1A08C7B1540E73E841B9E3E321BFBFD6DD02284FFC3F
S31AE04CAF035B128221DAA0F0786935347218CA6EE672341B17EED5
S31AE04CAF18C1F7FEE85FD3AE723926D91D2851A28D190DC517887B
S31AE04CAF2D3BB7CC522579397E7F66E92C9C9C65236112E5DE4840
S31AE04CAF42CE74B0C837643AB663B7D9611159F7C8E3829765E1C4
S31AE04CAF57DB47B30F4DBCB764CF35761FFB4421BDCD45B8ED5CE2
S31AE04CAF6CDBD4B07F657E3881359DEB919B8C4B9D23BF2B5AED73
S31AE04CAF8180110EE821AA37FA490F5347D4B958C4776241480702
S31AE04CAF962A6D8263AE28B23428DEA1026089A4F34DACA7D92872
S31AE04CAFAB48D47C60A7B8CE4A4B8F01AB1ABA27AEBBAD000E82C9
S31AE04CAFC0903FD54BFB3FD6F1F86E059A65BF8B4A61F21C18B61F
S31AE04CAFD550C7F84F3D1E8EA547134F50A02C6F268DC6E7DC16C3
S31AE04CAFEA9CD0A52F759EC3C921F4C0812DEEC5698A15838549B2
S31AE04CAFFFEBCDCA25F450FF56ECFDE645CE6B8071C59888EBBD00
S31AE04CB0146D357213720A26B40070B526FB40E7394B40AF9C0BF1
S31AE04CB0297F2279A71BB7212B5536EBC686BC1763282460C1DBC1
S31AE04CB03EDB9F2FB87E1A1B5C65BA6A5BAFD25A4B9D84B9C02D8A
S31AE04CB05370B2F18F8F97891403977898F9E46AED6A6EA2DB0F0F
S31AE04CB0685D62DD3718545F89A1C9354114A27DA63EDCDAAE50CF
S31AE04CB07DAA569A66EEF6F1E55E7FE6F793AF1F55EC52E3CE83F0
S31AE04CB0925A23B72F9D99F7F24B7543634C0B146AD7B0F35ADA0C
S31AE04CB0A73A015B8054E23320DE708C94D6902A3FF6352A880B9E
S31AE04CB0BC3723DFE7799FFAD06FE60DD033BC4C1006692B4F2CB9
S31AE04CB0D188AB97005E5521782320D2A7C98E8DF6C50DAE6EE9B5
S31AE04CB0E667403E7234E7AC8DDC5B748A7F49B85F9F18176375BE
S31AE04CB0FB5006E4C5F759B0468A44D63D956678A430DF732ADF46
S31AE04CB110BFE8983982E8D3B8E10FFE57A3BFD54E893E5CAF628D
S31AE04CB125FB66CEDAA634CEAD83D0426DF96DEEA2F523EEB308CC
S31AE04CB13ACB718EA53EB667CA8B6DFE824DB0AE1001AC6C284581
S31AE04CB14FD7B56DDE0BE4AC6F66D80A2E00C2EE5BD8F2137EAC50
S31AE04CB164066A22D0486A30F6DDADA47C81B9BB70E8E39D1CD700
S31AE04CB179CDF07E3A702DD222366686D94A9E91E2461A93A23A64
S31AE04CB18E9C74BEB565A454ED4F0F2E9048F0451F8091916E7174
S31AE04CB1A35530E89F9A56FCE84EB50D5DE222C87E674002603F86
S31AE04CB1B8E011BB9A6C38FC429EBCD11F8EEC18D6903DC54EF79F
S31AE04CB1CD840064DA4DD30EC8AF2D201F2AE4FDF1D37FF5946130
S31AE04CB1E276EB7F2874FEEE2A84C7EED0804DD8F8F2CDB733CD78
S31AE04CB1F7BE6A763584D0B88066B857B256A35771CC181A3CA4EC
S31AE04CB20C865BD62FA1EB5CFC6AA12839591D9AEFD40F72FDEF85
S31AE04CB221C7502C9949601473B1455B740B0CFE32D166A5BD5FD6
S31AE04CB2366B07B86BB7B1B9FEBADBCD2575F52D34B47AD76F1C3B
S31AE04CB24B4A9D4B31EF04E62E6DDCFF6F7C2A1610D899E3A00AD1
S31AE04CB260EF528DB3C3B6DA493C35B81029767247F74CF96278E3
S31AE04CB275A2638FF98151B1BEDAC0E3435E132D26F3831BF88E29
S31AE04CB28A04995EBBD4351BFE9A0AD97DB602FA1FBD007C04B6E7
S31AE04CB29FB54C309B46DBCE481451F827465EBDD30F7B0E7F6135
S31AE04CB2B41A8F04CC7E887E9669DD0D8878C966649A92A5D967C9
S31AE04CB2C98CAF7A3041F82D2E6F030864249C6D2332DAF5F15451
S31AE04CB2DE39656E730A7EB1004431568B0F06AB2D751E7649A636
S31AE04CB2F3BADCBC5D1D80FA70BD735410A1D51EDC28495FF36730
S31AE04CB308CF548C1057D696ED6AB28E9F9F36EEF766A74E5F537F
S31AE04CB31D83C9D6768EDB5CBEDBC0C40F4187475B32F10AD66291
S31AE04CB332F2993FA52CF772AE3DD419F3EE0B2C970EBAF7DB307F
S31AE04CB3470E3E9DA398892BE3696346C8D44323B11E0F5089BD7C
S31AE04CB35C8C22E23A16711CF644A5F1B1C1C2D22FD29CA166D5EE
S31AE04CB371F0E39D3FD36EC342E277B905890B881588A9326D97F1
S31AE04CB386F618A0CF7E029CAB41EF3E1902785B832F278B589094
S31AE04CB39B5EDCA927E57146E1DB2B2F9C409964647F9B1BEDFF51
S31AE04CB3B0CAE56517A1F73673E07EF9B821F79E7528FF6666C0FD
S31AE04CB3C59D368CDD60084965331E379E6586A6E3525587BA4627
S31AE04CB3DAD524AA0CA223A54B5B6EA105C4616B8118B08F26D0FB
S31AE04CB3EF5D13E0BB1B1B3840DBF77F21492233C3062BFA3B60C5
S31AE04CB40448300D78057CD93029E19C0E8AD21B1328B7AB4DD293
S31AE04CB419A2EC4B063CC350DB8B303E0EEE8A8FAECCEC2EDCAABB
S31AE04CB42E40F5D73A84D6BC9296243CA1C8279A8E20CBFA9A912B
S31AE04CB443280EBEB244C88613378BEECE08C6EF542299FA52FFE2
S31AE04CB458D77AC0A6A8D4DDF6E558426AF4035EC91A871D048757
S31AE04CB46D41875044EAF2E5C588E133CC56439900CCACC028CCF0
S31AE04CB482F69696FFAC769EC838F3349F40F5185486B214377345
S31AE04CB49724FF7888E48AA3D42E3AEAD6C296C6B84C7FC239356D
S31AE04CB4AC15B9A76201FB84B11BA060007C3B4A08A5094A23AE64
S31AE04CB4C1091345E843C5280BF9A73E01C91E8A89CC970DD9831B
S31AE04CB4D6340DBD8D659E20C30500CB4235F44897AB889BCEF414
S31AE04CB4EBC245AD5326552184EFB94262A44D64E05AB490468E00
S31AE04CB500506B0F01AD4D7210996BE6B7A968066DFCDFE288D182
S31AE04CB515209221CBBC16F3D0F70A43136790C42632E9F54EF432
S31AE04CB52AA815FE1C620F18137EFF1798FA433111957B9AB8ADAD
S31AE04CB53F3994555760060699A567A7BCC277AC474C31E2BCC8C9
S31AE04CB5545504B7FD09388DEB92C90595840497E8FB5CB11E7B4D
S31AE04CB569AC59B5BC8B444D5A8FF3A5DF03CFFF5F335D09E44EAE
S31AE04CB57E29769D53BD792023E73AF44EC32F414EA3E8D39A4D55
S31AE04CB59385507B62E77717EE895069994A1FAA7B0538E6A3F835
S31AE04CB5A8818A4B8EDB916C81B2AB687CF07A6222285E35B95D1F
S31AE04CB5BD4AA5DB66EEA7032D540F83DE812AED696084364A4EDB
S31AE04CB5D23C8896F0B1D45C501904472AA385B6F4FA08CE7026F1
S31AE04CB5E77C929B5E174C8C8CF8EEEE7CEAC57425C96AB8FFB960
S31AE04CB5FC47C5850017B8BD1A311267963996D06A420C1DBDB4AC
S31AE04CB61129998FB04C7C9CB4ACED25AD0D4A90047D0A37C86C91
S31AE04CB62630A95D308E2C0E03704B4F815A1C2751F33D65D20CC0
S31AE04CB63B7A32D4D3ADF226D750903625C461B0CC3336AC8C8FCD
S31AE04CB650DA7ACF94B5CC16EAADEE3DEC10D9B1773009208C05BC
S31AE04CB665937824028519AD677920887CC67052A410DA242B9722
S31AE04CB67AFD0037A92BB135FB7C58FE7ACB87C674F75D3A32FC0C
S31AE04CB68F7B4AA57863223D3B2D4C32D4458E9467E3A238F7CCC8
S31AE04CB6A48CD68BA99D9B0AC25A1766DACF56915EA16679B3BA13
S31AE04CB6B93E2A6A623DF0F55B5318D6FEEF8D51795541A98E3512
S31AE04CB6CE39A91DFDD70E7C17503F21806950D712CE999F1A517E
S31AE04CB6E3B8D134514DDD1D8FFF8E11746917FAFA4FC3D25D7104
S31AE04CB6F8CE1E61B6083E0CC04F2F53DCAE2F4F2962FC15BA7255
S31AE04CB70D1C3680FEEDFA64EBFC0B02078D5733DE5293D897BED8
S31AE04CB7221F7B56A8B0965B7D0B9B9C7830AA61EBAC400D7A24B3
S31AE04CB737AE93AFBFF4D0A4D3DE6E5A3071D6605AFF445493DF01
S31AE04CB74CE30846C34403C69574B47FF3D315DBDD0D555E613D88
S31AE04CB761CAC53B7A1E7EF16CAEA5209CE34B58B608D04AE550C2
S31AE04CB7762A01FFA07FBFC67136E702F7C520B87F029005CBFEBB
S31AE04CB78B4D92E8CD6F2A1B2590FDEB24109B188F20C7E4752AB2
S31AE04CB7A0B3DD59F612BBC4D387D8C3905F924D6196C8E145FE4C
S31AE04CB7B5C3846B0DDE70759C255B0FF3A3A3A2FF6A374CD20DFA
S31AE04CB7CA1634D2F435637B7EEF197FE1E2B2C8B2AFF76B91710E
S31AE04CB7DFD240E3725B422B177E5A487186B7A54BC3AD1B332A37
S31AE04CB7F4F34077B9C1F1E45C35C7655A9E3920C09E319B436C2E
S31AE04CB80969100621D61847DE55380CC892CDD2AB374371BD67F9
S31AE04CB81E2D646B429207E6BE859A0F9847E01419E0AB9645BE2A
S31AE04CB833057854FE0A22682C2FE0153692143DFEB12D1E6C227A
S31AE04CB848CDEC266EF8DEEA185A5EF452A1152FB3AF914E41F13E
S31AE04CB85D7D017018531DD0F03106BA23974DF449A878DC527B70
S31AE04CB872BB76F50C1C195EA29823AD497F64C0ECD7034F82DB62
S31AE04CB887A430ABED92A0420FF3A308AB96FC51D31F291E2D41B8
S31AE04CB89CB273C3F136747008C2B393E45B2AC3EF84E154120973
S31AE04CB8B1B82ABD06163DF6D2B0276F078AEBD7A249248482F6EC
S31AE04CB8C6BE66D0D6116066E2E175355A21F3EAC3A57FCB643689
S31AE04CB8DB52A513B11D5633333C7D9C31BA4765A3AECEE202247F
S31AE04CB8F058150E025DBEBA7D94046D40ABD1183D657BAA2FE98A
S31AE04CB90575BE9C275E525EDF1C87FF0B032757D6DE9AD0F46C6C
S31AE04CB91A2FCB36DCDB9860C83B6F8D850E914315C5CD0EBF9598
S31AE04CB92F3740830450192735D649CE6EDE0128E47A70538F827A
S31AE04CB944B90B621CF83609F951D0074DD4D0DD3CA1FC21E38DEA
S31AE04CB959BD4C9E15C86DB7775B69A5E7D47743B3E17EF4C6D806
S31AE04CB96EC4A804BB723AE00F1C3DD364944A365081BB0F1B8DE5
S31AE04CB98331BFFEA9E052916D7F3539BCC9D26AB19B2BFA46064B
S31AE04CB998955C774805A4D687A2E6C0EB1C535C62298488558E3A
S31AE04CB9ADAA0283D99D6B6708CEA526D12A1883127776FA7D46E9
S31AE04CB9C2D26CD01854AD10227930C6DEF5B4DC0D23D903F7D739
S31AE04CB9D76E80E31456BFEC3CA1EF61C8BC4E9459BCA482126FF4
S31AE04CB9EC0FD77D979281BAF22A4E54D0A5C22EC3FEA3BA2A8062
S31AE04CBA01E178D5A4C4E3FCE9AFC0CDA743F66739784447EF5D95
S31AE04CBA16B9E94C544397B560DD764303960D4B8D4AE4CFC0B136
S31AE04CBA2B0B0D50071870C0346C11D939445F8D370F6EBB2B513F
S31AE04CBA402066174F47232294F096F40B6D70DF1DD500F4B923B0
S31AE04CBA55FDF4472478310EEEDE483E3AD1F8F225F97E9F42973C
S31AE04CBA6A892F715699F447F077F7E4D04A7100AC0EF407262D6D
S31AE04CBA7F58B35D74E73FF16650338352BAF2EF7DA6C98C1CE4BC
S31AE04CBA948D1F1E4068A211DEA4B1F77CEFBF76A41CF57B18D75D
S31AE04CBAA98612413284EB409501D380FF00BC8FF7D503734A706D
S31AE04CBABE3E0AFFC5F5F2116211CBDB675A83C17D31B8BE0122D8
S31AE04CBAD3A8FCA636C6770EE6405E63B613F4ACDE257E9F44EAC3
S31AE04CBAE8AC10851801F62F823E5F2C3F18B8BFF179D00E528E57
S31AE04CBAFD0AE22357D3ABD0E258988088418C3992040FEF67F77C
S31AE04CBB12966B5026334E08C1BE43798FFD9738416DD0C0EB73BA
S31AE04CBB276917130E44C83B2945AC48135D758F49FC9E1EB7362B
S31AE04CBB3CB5EB4031CCA6CB8DBA2406B85F4C0563A19CCCF40C2F
S31AE04CBB51D70CB32A1F7EFE019068EBFC0991D78527F41385B217
S31AE04CBB6640551CE95C96C9A4FD24E6BCC1EBC9AACBC014C62632
S31AE04CBB7B93E73C9315385B5046202A733D7136036EF4F5BB48FE
S31AE04CBB9013FCE5BF8D3B6176DFA93CACF6D625BA1B54FBD4764D
S31AE04CBBA52063E0D7A3137D25F5E0B03488D936CD5B63131F9F1B
S31AE04CBBBAD01A948FBD87C0CCD4FB3D5D466FB3F115EF693A6698
S31AE04CBBCFF31F2443E388FAE4BE25B93B2F6023B97F04807013A5
S31AE04CBBE41BB9DC2B538DC394A800C223B0A092796B03064F5EFF
S31AE04CBBF997F33EED83AECC606FBF9B71CA943BA13E8B712FB561
S31AE04CBC0E175185112C1C7C439B80656E6734CF38C9202CF1CC88
S31AE04CBC230A49A25E41921D053290C8518467F0A5A7CB2D19C9B6
S31AE04CBC388353BB9CDB95A1D997DD93C8EF0C92B145251B84B1E7
S31AE04CBC4D3B457C84E2FDE6CE5E9CA42DE749CF7F5982B8A39985
S31AE04CBC627A6E3481FAAE0842B2AF360D2053AB8FE50208E67A6C
S31AE04CBC77E844657B0C2EADDD01B11FBD5EAD1DCC90BF442C472E
S31AE04CBC8CEA6BAD054A9F126AEC9EAD4A89084A2C454448F83C78
S31AE04CBCA19BCD3EE2CB525BB1915B3BCC3A1FA9FBA54CCFBFC577
S31AE04CBCB6F4E9C1A04B542F9C76B8C636AE6FA3C0B487A7505172
S31AE04CBCCB44528D801500EEE1174FD30FE7D203295A5E5E475AC7
S31AE04CBCE007005DCD36EEF0672BC8EA679CD65D6B0E0B8950946D
S31AE04CBCF58218C1518FB8DBA9983FB54C2FACED3C8E5CFF89251E
S31AE04CBD0A969505681599F4FF841E3F13638F29BC0AE6B719BF6F
S31AE04CBD1F690612BDFFDC87228555593933F72EF923DA1B62CE16
S31AE04CBD34EA9352406FB2D2BF2399EDB62357F530D75996385CAF
S31AE04CBD499D9B59D9F76EF1FE9EC9CF634F5E0E7B0A415D21B3AA
S31AE04CBD5E416D3BC52AD0C0FB1D2B37F1833B7A530757E12EA033
S31AE04CBD731D5C2CEBAFB16250E022F1750B759D9FB7476E83458F
S31AE04CBD88ED8603623750392BE56CA2EA4A1241D96DA9DC5B8C85
S31AE04CBD9DC4DBC2C2718166DDA196055FAC071CEDACE006D23418
S31AE04CBDB28929B2A4F248C644EF39F5CCCACDDBA3A508A823CFB9
S31AE04CBDC7F45D5F5E42E007981510BBC014E27C42DB5DA1A08415
S31AE04CBDDC873CFE6BB9D6A76577167015A2B97FA1CD3A93FB2E09
S31AE04CBDF1FB17112A33BE4A32AEEC7D626F8001559DB74AD38B97
S31AE04CBE068CFAB0EAC3D62BCF52701FE93519E4DA872D5B02B9A2
S31AE04CBE1BDFDBDC51AD97F1E87359154CBA0B0504335E1DA01281
S31AE04CBE30AA92DB24D4CE7F51B2D822E49864C8CD2E8AD444A885
S31AE04CBE45BC71D6C9D7251E750AE5369F54E3E0E8027459E33BAB
S31AE04CBE5A52A2D004DCBD5E89398FF8B21755B10BB6380CAE0512
S31AE04CBE6F0B2B7CDE6FA7589898D1140DC264B89A30244DDCABCC
S31AE04CBE84A55997CC3A55213C819760DA5E9C0EE99B953622C59A
S31AE04CBE9985789A656F7DCB00980295490741A67D8AB444C0B6D4
S31AE04CBEAE85C927FC7DCD4C62AE5BD3B01DB62BBDF9568D68A9B0
S31AE04CBEC3AC2A0629CF319477F73691657065881FD0F3392497D2
S31AE04CBED8AF5188C41015864DCBE95AEDBBA1AA256492942D7A88
S31AE04CBEEDBC465628082643C59BEEF1AB5B40F1CC0D29A63721A7
S31AE04CBF02608E854AF1FDC62C7A7F6DF2D91B25060399654FBCD8
S31AE04CBF17169014DA624341ED37259C7A7E46E1EE17C5C66EDC8B
S31AE04CBF2CACA2A1A0DE8AEE178813F2CCBC475E2A3D8C34B00938
S31AE04CBF41098CF4C4D3F63DC9DC95005F45EE299EEEC053ABA285
S31AE04CBF56860F9CBAD06B2CDB80E1DBF521595F65CBA503CE22A5
S31AE04CBF6BEC4AA732223E6A5DC465661F9BFB8175D85C8F9EBFFF
S31AE04CBF801EFFD321BCA8B65065FD8E4377BECF67E2839E860ECA
S31AE04CBF95F4EDC740088BE5590379007FA825A87BAB24DB54E4DF
S31AE04CBFAA76F01EDBA93C2A9BD4905BE0B50CD0AB019011333E59
S31AE04CBFBFC3F97BA88471B6DB8A655BC4B6E44D8FA8D2F73A9E09
S31AE04CBFD4040ED76B037A79A5188D68928A420ECE32170BAFBB32
S31AE04CBFE95601AE8DE8E398A29424EAD071B5814AA4A0F80CBD12
S31AE04CBFFE6204F99F07872A0D5AD593CBEAAEA680E47CC3C1CD3D
S31AE04CC013E1071BE164E817E9AF5757A58D40E0E69C03A1532B63
S31AE04CC028374C4E0992DC272712556D4E94D193DEB68EBC3BF711
S31AE04CC03D92563E5F994B32BF190B70C9381BEDFD9431C7EB1A37
S31AE04CC052A9062473EFD6DC2C9C0966FDD5B80570102750B169E9
S31AE04CC067E142EA78EC86801F3AC050B5511695EAE782F1D418D1
S31AE04CC07C413CA1DC9CE074CDD31C74E68FE0B3EDC71F37E488E5
S31AE04CC091E8C7F0DA55B880603EE47A348750DAB76AE601DF8317
S31AE04CC0A69077A54013EC92A75062C8944FC53A92B5ADC0AB155F
S31AE04CC0BB6019076E859EA5BA03931BF22F633560436C6FE3F80B
S31AE04CC0D080B913138829D43783D09EE10B25AED5575453A0915A
S31AE04CC0E512A4BBC5BCFA5D9DF5ECBA0831CCFB244CA83D80E4DA
S31AE04CC0FAD71648FD189A7D41C8A90873C51532ED363BF0689817
S31AE04CC10F4A9BA43B1F97BC571E53C8C033CF68EC227F48A78EEF
S31AE04CC124A5C9DBD5F07823702BC41B7801ADA31903C3BCE5D296
S31AE04CC13927491254D07CFEF0F1BB469AA859A059BE140E7EA625
S31AE04CC14E32B9052CA003EFFDA0350A6FB2DBE1899B0AFF75425F
S31AE04CC16331ADE74BB1881EEB88485AAC74DA774D0A4BA5221F20
S31AE04CC1788382B6B4C44925415B13DC3398153CACCDCB4AF3C0F7
S31AE04CC18D1C52499A7C8BC020D855197083630B3F9FFC23DF525E
S31AE04CC1A2FAA8529C4035FFBC0A00CD0393F17BE607CC8B169DC6
S31AE04CC1B7E6E94C0DA4E64DFE6A29A5856285ED83DA4C4D5771F5
S31AE04CC1CC07875C596A203130C8416B7524BEA7383BD6A43286E7
S31AE04CC1E1F96A0285B547D3D763924D787A7105C200BD8403E0F7
S31AE04CC1F62FB4C23FBBAE7A81200F59923599593A9E3F7813BA1D
S31AE04CC20B9A7C5003AD84D05FE9FB4AD9BD3949F1B14883D31588
S31AE04CC220418E3CF068CBAA11711408A617D7F2AC43875C82E7A0
S31AE04CC235B82FE515D2C4644E9FA8EE458AEF6F8FBBCAE0E475EA
S31AE04CC24A64E86D2390818C52D30C4FECDAD022C3CDD29423B52E
S31AE04CC25F26782C89440A55EBCECE33847DA7CCDE15995D4BA0A0
S31AE04CC27458D6A041AE5C4B9789451A89F6E13CE9B5B7CB3C4F59
S31AE04CC2895EEE6C4DA068C327C39F2911E77C99B4923307C3D3C9
S31AE04CC29EB522EE26DB058F54018594A9757EF4B399856F93A08E
S31AE04CC2B354D4700E74AC011638E1EFD3C2C9DD91F90298F38D80
S31AE04CC2C8F74476FAA4034773AB0E54F897190631AD7D6B2FF281
S31AE04CC2DDE913B7332A8A562568BC72D5B32737E9079A40E6E4F5
S31AE04CC2F24B4A6A9E5D87D7EF6404E1B6922A4C9ED6598E3555D2
S31AE04CC3073BE906B401715D85C93604E15DE527C5C81E2D1B88F5
S31AE04CC31C37F553160993FEC2B2778573FC0C0139F6310C60E013
S31AE04CC331D874FFC85C6FBE6E6BFB56AACC889A7460A4E004B952
S31AE04CC34611548399674760E947F2D7B72F20AF8C0BBC50AF45DC
S31AE04CC35B64EA83C776D2E7EAC6C5DC10BB63F2697F7BC4CD521D
S31AE04CC37062EF81194E228AD0E15C8355649A61FDCFECA6B83710
S31AE04CC385693B6B849BB0600186500ED298C5E8A9738145F295CE
S31AE04CC39A250DFD4E68B241A35974CD8E180F4E11DB203E3E7349
S31AE04CC3AF3F935E6436F0B3B261B0752ED19653B5FBAAA5762223
S31AE04CC3C4ED451ABA9E94DF4AFD56E983A857852EAA7B089ED1C4
S31AE04CC3D9B4397676E72FE256AAD9E03C4CE6FD9E9C62D754DB86
S31AE04CC3EE41ECAD8DDCE452723096A815FECA26B8878351545AEB
S31AE04CC403AD28384DD35E6B0B59B4EAB32758BD72521017C384D9
S31AE04CC418811B198E10C3AC5F5BC8F1DD8629AE9D80F97EB144E5
S31AE04CC42D8B44AD8392FC2E914BD09E0890C4C08FBD736E6B7897
S31AE04CC44284D0CD1925A288AEF4E2480EF48F7C36F47C7961D9F8
S31AE04CC457C1F25D707611D19014CC974DC08EE082155ADCDE6633
S31AE04CC46C945419AF684CB303F436A2DBCD735A9CBE0B5430F74E
S31AE04CC481FEB942117494F20F734F2E54EF746825661274517E72
S31AE04CC496EFC3D19262898876547A4A8DB67E11B407A757610756
S31AE04CC4AB02C322DF0CD113A7C2AE0F9246513B94CC7980E55E6E
S31AE04CC4C019690E332072D92E3D7DC4829583342DC09AEE3B637A
S31AE04CC4D50A6791C5FEF187F88B92FCE7CAC5E094D070416DB347
S31AE04CC4EA6F58F2F9B58C22946A3732BA4DB620AE4A88B1B5DCF0
S31AE04CC4FF54C41D25AA1FA6D1CEFFECA2EB93CF1D14EA4FBAEBA5
S31AE04CC5143ED089C997A4B3A530A05D2E05C552C8CB7B4F062CE7
S31AE04CC5293979B9DF0B2E5FECC63B13AEBC7CA5F8AEE674F8BAAC
S31AE04CC53EBDAFADA17C9FB4F4D0581ABEB15E22716CF8BFA232A0
S31AE04CC553CD4011729E64B0A441D0428F32F115F1DC090D237922
S31AE04CC56815A0C9ED7FC623C6FA9EE45AA1FFA16842AF842E8150
S31AE04CC57DAD362E36E98AE73AEE647E1C959DEBCA764AAF9022A8
S31AE04CC592053853A745F49F261D452E27682F49C77D777D507599
S31AE04CC5A7912A0A40DA90877E624B1E9720D02803D1E5520A6BDF
S31AE04CC5BC7754147271F2D2E820F340B27DD7060C4001123DD1FE
S31AE04CC5D1BDF6C6296D1FC9C5B78AF589ADF5754ED873D8BE332F
S31AE04CC5E62C2668EEFEFB5F16747F1B99D7DC3FD30A7701C0F357
S31AE04CC5FB256431F776BD0420A5370058531AD6C2AEE9F96D5863
S31AE04CC610077B081E820C3F37859227D9EB887F2DAE4A299B192C
S31AE04CC62522E4CB04349CA9BAC85F0E1E5DC1E74F23B303917E37
S31AE04CC63AC2FD376CF5F35C427098F8383940C198D902ED0F836D
S31AE04CC64F81E82596B9D3889040927291FE20A84A924F035AEBCE
S31AE04CC6648A111DB3490143C6374C4222CE992A67E4E66510367D
S31AE04CC679675E6D14D41849797CBAE91E41F8B33DFF180CC33307
S31AE04CC68EB30433118F682EAB128620B696B5332A0023193942CD
S31AE04CC6A3FF93740EC408A264356CE772A4F751561677332C7EC4
S31AE04CC6B8E52681A078F6F95E6767292C5089CB1DD3FE8D74BED6
S31AE04CC6CD8C7E5467A19B259F147D2F87768824DCA8BBD04AAFF0
S31AE04CC6E23F6770A816EA7A625E08C72F01FE161AED8E5185316A
S31AE04CC6F7114F82045D4B24A2784118F6B39F69A00E2CB3849580
S31AE04CC70C1DD0717A9B8033C57D4B630C768028B1AE43CDC20273
S31AE04CC72188277A47FDE7780A7AEBC23021A498702DAB294F7F08
S31AE04CC73677E39A369EF60E8FD21F92939030C8E66353C3DF1D68
S31AE04CC74BC3B52147FD825E4689D3FE8F439AAE5CACFF09BAC3A3
S31AE04CC760DE197C350023ECBA062FA4D480EA660143263EF847BD
S31AE04CC775423A6E4AC7E47CAA2D59F68758C604D5F3AA0D9875C7
S31AE04CC78A138627D668E66F1D3A2F2888C169E1138C5BF0FC1FCF
S31AE04CC79FD1EDEA1B28FFD08F53D3F36F001EBCC5BD48082CCBDF
S31AE04CC7B4868FCCE9C45E79E724049E893A724539D21120FFD6A1
S31AE04CC7C9034A5973AB66B38597DFB15C7DCC93BD89CACF2BA9B5
S31AE04CC7DEF643FBCB6430DD5F3D1CCD6C2CE3768689B1DFA7CF19
S31AE04CC7F3B4299C815B378082D10E684ACA21D70D2A0CE4E4B55E
S31AE04CC8081C4F73DB36D02ABDFF2F311B957AC24E65D19BFC0CD1
S31AE04CC81D257B7945FD217C34B724E859B8FB80406FBEF9BCCD6A
S31AE04CC83282EF2BBA1C0229B66888E9839E4A3E3E1CC8FC4AFA88
S31AE04CC84765A68F6457CEBB9234DD6088E540F7CF892B54DA4E26
S31AE04CC85CA496E7CB5F7D4CC3646E9CD7ED64573B88AB60810181
S31AE04CC87192894993DC7D6B2AD2ACDAF6F7D7EFB64717E84FF94C
S31AE04CC886907498AB7C53EADA85CBDCCCF58A62924709F96E5D12
S31AE04CC89BAC2C876EDC3ADEE58598455F384848363019B99CDC77
S31AE04CC8B06D67CC6703025D63D2C05A81E16BBBED44DAE23EDAFC
S31AE04CC8C5AED658F6D2929BA805F71B0DE7F4E34B4AE74ADD82AC
S31AE04CC8DA2E257CD564C3B2DB50E87DC4BA27889209CE7E139E45
S31AE04CC8EF8C2502149A66F3D25B8DC78BA4F8DD5F1D2E239BD883
S31AE04CC904A6E7D8708CEB7C63F7AC7574D9777C4CAFBFDEB236E9
S31AE04CC9191DE11348E9B9FAB634E1E2A6114216D026232838BAF3
S31AE04CC92E30DC5994C2BC50F7CC438F600769F288F8ECA7CB497D
S31AE04CC943CB464F8C83CBD057A5D9F780DE25833DD0D2FC5D4851
S31AE04CC95892976918E0230A6611A31EE30C1256414EBBFC1BDA17
S31AE04CC96D6F979B598CF295F84989BC96D971DB8B72A29D5E5447
S31AE04CC982CDF9CA0ABF79E68D2A7C51E316018A71AAC2AB86257B
S31AE04CC997E395D6FA219306AAE117869A779EBBD19A623AAE010F
S31AE04CC9AC8CB47945ECF68E494E98DE9005F01F45571178E1D14E
S31AE04CC9C1BF9D86F3785408E8952900B85AFFD9FAE0A29D3A1093
S31AE04CC9D6DEA607F24FD646CC0D28C9DB8227F86FA0A54DCF20FC
S31AE04CC9EB9729461E2AB767F4D354419BE89796B4E424C3B0A7B7
S31AE04CCA0017A1D643B159419F5F436E7A11634FF64635E9453A0E
S31AE04CCA1536EC4F39CA6EEA70EDF6D48D02A7477A0C3DDD10605A
S31AE04CCA2A8E649D7AA8B745FC3D5939E482504039A76BB54E7B8E
S31AE04CCA3F82D3173C5B20E0C254508E994BD7C49CED39FFD84D54
S31AE04CCA54FCDFD599F7247B21296E05BEF0C005B2D518EC81156B
S31AE04CCA69F07C5F1676DB26ABAC49C9FC95BF7E968E69F6F889F3
S31AE04CCA7EAF9181FCE260C356F0A8F11568551E80FB8E86C32767
S31AE04CCA93E20044CF2B42AF14CAD88281621FCAA47CB71BC4FC95
S31AE04CCAA866705E195E4635F3243D04F3E50BF1BE87FA2AC43593
S31AE04CCABD131E9FBA5D0A4F8476E6BA088DD98EFB7C31AC707226
S31AE04CCAD207ACE2D30C31E305E1F2D4E89A24E25A722FC6374E1B
S31AE04CCAE7B7CDB31CD9D7B1A60B6FAEB9DE2E218152415EB63B3D
S31AE04CCAFCB9EC7AF66DD1A8CBDD3D3FCFF6CC7EBCD25AE3D2F533
S31AE04CCB11C2ACEC47928123E13A2DF1903F7C0F3952B56FD81DCF
S31AE04CCB267CAEE0E705D82ACE7510B17117A53A4DBB979AF17AC1
S31AE04CCB3B047A4DF97ADDB52B552D7E22754ACC9C70EBBEAB218A
S31AE04CCB50303CC8BD1867D18DEFD45D8F17015934FC04EB3665F6
S31AE04CCB656939CE6A56ECDFBE7EC25BD17253AD49553BBF9B14AB
S31AE04CCB7A2F29BD36674B63ED889688CD88CC122364ED58EFC3D0
S31AE04CCB8F3E74AA2370D969F1FD461CB04DFB2BEE16FF72AC7327
S31AE04CCBA42AFB0427347213104ACB30BC1D75D10F006BE821F753
S31AE04CCBB9D13F7FD2595BB83C1031A013B8553937F500B39AA1D8
S31AE04CCBCEFA5CBDE9ADB78071F0C5BC3CD573E0E3221D6E51D841
S31AE04CCBE365B6BC7CAFC00633CA849AF6F95748359345F689AD61
S31AE04CCBF8304614B79D3EEB54A41A41CC3D4B3B14227D5CA2302C
S31AE04CCC0D28AC673C29748EDAADB6EEE38434EB49FEC405D83B6A
S31AE04CCC22B4BD50B221A1E8DCCDA82F7E1DA6B2C7F9791909439D
S31AE04CCC3795CD8570143AF151B59C6E084012B7F410D38C8BD63B
S31AE04CCC4C7C5A55B53CBAB95A8EC0CD96E0A35FCEDB09AE3C0D7C
S31AE04CCC61D9658F2D65302AFE598E86F293BD51B35D2FC4745A04
S31AE04CCC76CA672C138DAF3525E0932786C5A329E6019677C8E123
S31AE04CCC8B42C651E283A6C599D079711B5A33C14DA908E16D59D8
S31AE04CCCA0B5AF1FF96E786C8EE365D51A250E18746C909402C3A6
S31AE04CCCB587EA7FE9AE9E487BC11D78579560ED563D10D3E31652
S31AE04CCCCA83EC340EC705E644C6303835C27822C80213D76EA5F6
S31AE04CCCDF7567342CE288540019FC5BACF0FEF816033D26E4941E
S31AE04CCCF4AEE74A52B50A44F69419FE7E213941097CA3EEEE0502
S31AE04CCD09CCA20F808C82A37FD41F6967A1989260BEB06B1D844E
S31AE04CCD1EC45C8977DDBB2C45E54D8A75F1E795B73B038E05F788
S31AE04CCD3306D31DFDC8882E418374CBBEC1A9AE5821198CDEB1C2
S31AE04CCD4847058275C8C50C5D26968629AA0F8096A73F0EFA65DE
S31AE04CCD5D6823123C07B19E109598EB280FB32814DA229A94A840
S31AE04CCD728E0144C460DF28E0B1E1EAA782FA7BB0BD7DAA02E10B
S31AE04CCD87C143CA8D3D5C555EDFB3BE7D1645FF0099065465B887
S31AE04CCD9C6B35B0FBE03DD0E1C0420B3C054A9B00C5368A998066
S31AE04CCDB175E4CA0678A9F008FF9901C0648B2058D203B2B59766
S31AE04CCDC640BCC349585388DBABC8FF40F90D8214C6738B0C31C1
S31AE04CCDDBCDEB7ADE9466355EA843E33890D8E481816270F80254
S31AE04CCDF0BBC2454ED79879DB79EABAE9731F7300B4BC208EBC44
S31AE04CCE0520D6E134279251D05C6B9E41B4E78744DFD49B367CF5
S31AE04CCE1AC95BC761A9D4CD2E66B61D2E97A70F4B8DBA752BF334
S31AE04CCE2FB6CA3603A1F38579FFC13AC1488E966E8DDFFEB7E9D2
S31AE04CCE4473E18B9D849B0D528E954BF3BFBC791CC00DA0A958CE
S31AE04CCE59F30C22627EF8A57B92838ED8309A89B7C1D8AF5774E1
S31AE04CCE6E1E9F3AE53C554BB1B33B6F6B2E1F5112535E4253B0A6
S31AE04CCE83D30CC5D3D613CFB95BB84AAF9BD32D76956AAE6AEB61
S31AE04CCE98D52C819ED18966EA6B7A81D9289E385645997EE5397C
S31AE04CCEADA30E9353C59308F608A2DEB63012EA65712E87DE2757
S31AE04CCEC20BF6B7E3D2D1B92A7F4D3005B8E460267274D4D30355
S31AE04CCED721A7400E9C38D2E600CAA2750A342EE4B9166EE746D7
S31AE04CCEEC95EF96F086DE5106ACB7437D6CFAED977BCD41C7AB32
S31AE04CCF019551190C4E3D53E7997DC1F6B35B7350524B0F702936
S31AE04CCF161C61E9E9C3B4D0152597513603A765416D004688DE7D
S31AE04CCF2B4C3C538149A8049B6B811EE0F961154F26878BBCFF38
S31AE04CCF40ED2E47A25E440F28DBD70BF2955E62E058A7C61B38D1
S31AE04CCF5513493173F60D31AAC331CCADB266BB60EA4970D8DCC0
S31AE04CCF6AD2A29ABB683A8508BBF25CC9A6162322111EA022FCC8
S31AE04CCF7FAD6E60A1BE94702E79FB5AC39976ED14AA43C80FEC0E
S31AE04CCF941E99942AA709A3F0F1C6DE35F1A1DC08BF78DD44A85E
S31AE04CCFA9681C0B19B20E506D6554112995C4A67FA945F2BE68A5
S31AE04CCFBE2D469549324E38DDB56176C3BC3D09948B17CD8EC79D
S31AE04CCFD3BB3A2DD4D136E11026876A732EB5568B506EF236DA1B
S31AE04CCFE8029005FBC2B43942E9E89FBA68FA08861003451C33BE
S31AE04CCFFD3A664D32AC4EEBAAFFD47F378BB5AA883B95AA57B5BE
S31AE04CD01219D20A9E32BECA9A2030C484CAA25743A47923B366F9
S31AE04CD027DEBC2B2A4013F425EB5F740052FB36D26F148712DF59
S31AE04CD03CC361C27AB431EABCD8F00E96ED86227AC3BC8A0B8EA5
S31AE04CD051A2EA256AB925793EB36A83742B3B0C04E29870CD5651
S31AE04CD066BEC438ACE2FAE164CE18B5BE5EFE7107E50B8EBE7320
S31AE04CD07BDFAC89ADC6A0B3442A59CCAC17D8708AE85B762D7E08
S31AE04CD090A370AAB8D97C9BC6302FF54A77F578344D441A75E276
S31AE04CD0A535B02271DB5BA5C923580F5B1DE656DE3769C259C78A
S31AE04CD0BA08956926F77DDF8286A1A1670C6C0176802E125415E7
S31AE04CD0CF3EE75A94E6F73F32356483938F8E56605CF77FEE5D1A
S31AE04CD0E4C72ABDD8B968C3CEBA3734F8E167A42278BB45E21335
S31AE04CD0F92C9D9AF53140EF115B3F906F9F65798C9BE31603D11D
S31AE04CD10E9998448102B862B44B2200457BB998577147990B9350
S31AE04CD12309518C8F09A61EAF7286EF1568850CDFBE677E49BD57
S31AE04CD138BE2B71B568CFF4FCCFFF6A9C1744F6219083311800D8
S31AE04CD14D178724614CF29023372C6A7A1D4D23F747064CECD067
S31AE04CD16295DB9483AAA9B852147770670F5E9FFAD6EED4610938
S31AE04CD177561E5CC1B6F903281E846FB43971A6F2C7B2C16CDF7A
S31AE04CD18C72F8F88B90505979E34D6221B06E686218276F56CF4F
S31AE04CD1A1F353BCDD9408A77C986D96D0C05CD54F19951A3211F3
S31AE04CD1B6064F03D72BB35240CF8FDC5EC0D49C082E2FD5AC30B5
S31AE04CD1CBECFDA3B73C1B2C854A6E5DBC471485C39382CF5FEF2C
S31AE04CD1E082308CFEF60A243CAA284A965AE810ED7F09D028AE4D
S31AE04CD1F582A37594E97A8B49A2C4819FB471C9A87BD346E2609C
S31AE04CD20A7D7C147D57761F128E39FAA02FF21F4D9EC1DB09FA2A
S31AE04CD21FF0EEA139E602FFFFF649523B0278407BDEF6A0C46B86
S31AE04CD23499249E3A265004C8B3781901EDE3AF46D9F84A2A7A13
S31AE04CD249ADB8E72B107F97DD8032F7CBD88E1CDFF206B34B68F1
S31AE04CD25EABDF7D6CF1D50755C8C50F9185A00F60BD0098BE9888
S31AE04CD27352C6DCDBA86A8F698C29D1C15C4388202F308E786048
S31AE04CD288C16B540D93E5DC998DAC57FDDD6B18E967421D0EA695
S31AE04CD29D66318AE546382EF032827C7DB2152CF1CFFF0C69C311
S31AE04CD2B21571206B6F73A3A946DC7D80650443E88C321BC0EAC0
S31AE04CD2C74348E0C9A3BAFC184B02378B3985CD350D837ED37C4F
S31AE04CD2DC0ADFE4FE67EBA505EB7DF4E6B5FAF56B54B72F2DBFCD
S31AE04CD2F180F042842C9E766EBEB642887330339E6F0135530365
S31AE04CD3067841BD350485930621B1F5F92DCB53B0FF0298CC6192
S31AE04CD31BC64D866AF56303ED10E94C8CA82D82273F18546937E6
S31AE04CD330AB9BDD10C01E2BE8ED81E6873516BB0DAFEBC459618C
S31AE04CD345A1AD90AAEC8CD1BD6754F4D4808FFF0DB58E390134C4
S31AE04CD35A15779F9695ADB289A8DC851A89BD2EF3F09899DC4C7B
S31AE04CD36FBC7030145A1166D19684DDEE3B911895C0496CB4FCE2
S31AE04CD38447236078BF0E50854C0446E854BB6300BA2B2FD47036
S31AE04CD399BB861896761D954A77152E3C21AECFD3676907642723
S31AE04CD3AE01CA078C7263839AFEF559F095A0D7112852F4B483EA
S31AE04CD3C3B058184AD893E7DD3AC004E677101C7A0D6C628447E3
S31AE04CD3D84C7918A63DFC388DECE6B952887DE4EFBA43A445B042
S31AE04CD3ED5714D09ADDD12A2F4AFC40E26D015D62C58E62D30DF3
S31AE04CD402A0D75B8731AF49FD43C54664AB35F0CB300823C713E2
S31AE04CD4170C439547AE3E1A10CAE3819C1839C0209177EA48CA8E
S31AE04CD42CEDAB81473917AAE04BD855821F62EC1096767D5C63C0
S31AE04CD44188EBB46A151B86F31603CEEA6D35419776D82C3B2D3D
S31AE04CD4561B7425374E0E36ACC90CA40C48E5E3A2077DB8E3CF41
S31AE04CD46BFDF3E69AD2F745700AAE2B42047CEBCF57F80964145D
S31AE04CD48071346B0A87296EABE8D8F8710C85ABC2A07F84F8912F
S31AE04CD495A1E71A2D2948B5266B9F13084A9A3B47922DAE94CEDB
S31AE04CD4AA6B3770F4AA1693F0D11F0AEA2EB96F6D831457B9C8DC
S31AE04CD4BFF30A3296CF0C197DA8EF608976B4611C3EEBC6448B0B
S31AE04CD4D411757E1908FE3B810E02788E9DF34646DC3C5231E481
S31AE04CD4E9D54A5B10E9A5D06E1745273A123AF8597098C3A00AD7
S31AE04CD4FE3488F34EE891286DC773FC7B088491EF69F0117AF546
S31AE04CD51310E4B58EB37BC9BC523224323943D7B718331C800418
S31AE04CD5282C70B77D5633E6ACFCE23210DE785A857DD6DFAE3F5D
S31AE04CD53DB7E98573BE54A55CCDA4425E1277EAA200116AE42F48
S31AE04CD552C2EE79AFC21B27BD4E990AD0DA884C6E22C9A96060C8
S31AE04CD567EA540ACFC7F2B805C7B059507A980E0F5D4AB6F42A26
S31AE04CD57CC753504B131C855ECADEAC8069D20432939EB1402218
S31AE04CD591B57EB387C72A7D3FEA93AAAB364FD877BB3590A6521B
S31AE04CD5A6221E8A12FCD6FE0ABA827BC9FF2B33BF089D1DF547EE
S31AE04CD5BBC2A80542A1214D73B0A3499731093D9EF8FC4B857E6C
S31AE04CD5D07E191313DEC83C61567D87F2543C523B7692326147C9
S31AE04CD5E59ED44D0F62830B963F827FC8E6C9F1A31EA5972323C0
S31AE04CD5FA7240555A767E0E351D012E0ED392F5613586B0EF4A99
S31AE04CD60FF13F48E1E57C85E66CE426320DC1BEAEFE6678AB1A2C
S31AE04CD62442858663C9885DDF17EA3515BAC611664753731E3FD6
S31AE04CD6395E7A3938F72398D9989F578BC2734600283C53D68233
S31AE04CD64E17BCD5FB3922EA414A81DC2C336DD165A6150B535852
S31AE04CD66328EB87CC8ABB94469207F1B2EA745F74D1B1E70731ED
S31AE04CD67823863290CA33BF7F59BD5DF10BBE117F1065AFC252D0
S31AE04CD68D07FD2968121AEE3C3C77177B8D98D390BFAE47E1F514
S31AE04CD6A283273794DC0B84407F288C8321AE224EFF7E05712910
S31AE04CD6B7DB9AFF1C4B1C631486AAC8B2E56CA1AE4DD64FE22BF5
S31AE04CD6CCEF0AE417752CFD7F7B54FC9A52BE816B2B4427545B60
S31AE04CD6E12CF288539A366FB791BCDC9C482AB9A691769ADD5EA1
S31AE04CD6F6383B18AABD560D5FB0BD9C0A05BFE8F4F6A4CD70E6C9
S31AE04CD70B5E0F339EF54650D53E615A98E32E386E619EF117F1F9
S31AE04CD72093431784FBC8E5414B6ADD22116327ACDA2EC71D532E
S31AE04CD73503C22F5D5B4D6F1993A28CC91CE0532B7DCFE8B2AF93
S31AE04CD74A4D4BE12F02235D3E5DE42B963A969AC3153DB57C0C72
S31AE04CD75FC31304B5944EFF09934C0C260FC11FB867B70D7FAAFE
S31AE04CD774F1E31BCEE92C96E96FBD014A9BAB936C517B01B5BB24
S31AE04CD789342204E64102DAB11EB016419A83576634F95C11AA08
S31AE04CD79E5D366621672675E22C2A3B52298CE77E8F2946E7F76D
S31AE04CD7B340491800EA87D19EDDFDDDD1F2EB4E4900497EC36FB9
S31AE04CD7C88A32AF08D14220FABFC49384250C2B1C66646C4C27BF
S31AE04CD7DD374BC280C378FE41400CFF475CF242804E29B591FB6D
S31AE04CD7F230643060CD8C817BCED4812301D13531E9A479571686
S31AE04CD807ABFEB3A94603A3E8E8B98C19A8630717356895AE763C
S31AE04CD81C112AA505BA486A54C951BACE5AEBF1550104A43F2BE0
S31AE04CD831403FF778F5C6DE2399A61D225C4930E36E5AAA77786F
S31AE04CD846080C8316EBE53363E09E7FEA4B4BB00C41432206B5EE
S31AE04CD85BE14BDE74C28510518E8C47D1C1FFCD2196F27B7AC73C
S31AE04CD8707E125886E0339D7954D6BEBE07342D708864A7A4DC49
S31AE04CD885D9069CB69C81501A0498098E25E65F45343D5C01F103
S31AE04CD89A08DC9E5618F82B630F4F6205FE3D4DD4F90E97064DBF
S31AE04CD8AF94C39401822CCC87924D4A420781CD3F5595CF6FE03E
S31AE04CD8C4087658B3EA9C156C5F2E0A5D3CAF88FACC3E33796F07
S31AE04CD8D9AAE4B10D31908EEAF3726EFD6729EB8A8497E6C75A8C
S31AE04CD8EE9701B12DDDDE58BA70BB6E870F892E122BE670AA0588
S31AE04CD90355731EDAA31E5D3DFDB9F90E0395307ECFAC4E491B92
S31AE04CD9185D83B5EAF6A61FBDBA01BC16BFE17755949F7F87554A
S31AE04CD92D06E036A64DF6225E7F70D63BE5D2FA7A51888AAA34C2
S31AE04CD942446BD7C26E203625E3A6651E6125B02A54C4CE5CC0FF
S31AE04CD95715166FCEC198E0BB912BBFA047AC470EE117826E0BD7
S31AE04CD96CC5C99C2E4EABCFBC8FA282A8BD6B9D631E5B62DF2932
S31AE04CD98137176F8FBD1A6958CC0F2F51DFD3E3E1CC9C1BFC1D0E
S31AE04CD996F144A7ACEB66CCC0CDCF057502FA058D8C59E35F8E8C
S31AE04CD9AB3655E405B2C543BB95180BB75C8DF44163655EBC6F6E
S31AE04CD9C024220DB1B5626B11C5DFD8827AA7457654218C7064DA
S31AE04CD9D5F76D9CCC67015552ADFB56CD0A4C53907CA158E21EB7
S31AE04CD9EA8E2CDCA1F921FC48287AB269120985320567641825C5
S31AE04CD9FF8516E6565B07A54FA3C2C34FA20D2CE6DD0A423D34E2
S31AE04CDA14CB8CE7FAD2A4541433E94E47E0E728B06B8AF51C5F00
S31AE04CDA2968B0BB3F587E977F9A79824FAA81F6402D4D4813019D
S31AE04CDA3EF6FB9E94D6BE197E4C5964832089900D7B7A5411F334
S31AE04CDA53CA773969B11AE5E237552B6CA6640257E4DF6388CB18
S31AE04CDA68355E7476316BF1EE643658DAC9621660B8FDFA04B1AE
S31AE04CDA7D979A8DF813D6553E3875B5AC5C4268BDA149B7C249B3
S31AE04CDA92F9E25431257C8A6F3941EDC47288A07A9A6CC1ECF66B
S31AE04CDAA7FC12BB8D3664F26BC44BF410171277EA5BE61B7F84EF
S31AE04CDABCC23C6D2367ED4DA7AA727F2C9CEA16D6B9CF5FEA3E05
S31AE04CDAD106BCD63F10FCE178BF3137AE548610982FB5A8FBDE16
S31AE04CDAE6990388E8429013DE183B00DBCE24DC22DB515DF64845
S31AE04CDAFB58DE364572FC0F5888E3E3610544114E524DB8BB777E
S31AE04CDB10F63D1753B2A7DA7BD79AE2897D8E196B044DD7AA2C1A
S31AE04CDB25EBBE5AE4D4CC7AAE2F0560E8438FD00406233FEE058D
S31AE04CDB3A48DD5EA29DC9B47048EF9156AA74D44D9F6D6BA4126B
S31AE04CDB4FF350EA052796B05A2C3635AA17D76E750E28EF687681
S31AE04CDB64B912034462A9C1227B713FA779A392E72F3927162F3F
S31AE04CDB79A024D56B9074B86599E24E394384EE13024CAD15BDA9
S31AE04CDB8E8071CA10C2C7954CE5C11BF2698B9A5617E3F4570837
S31AE04CDBA32722C912FE072A130DF038B5C72B60FD01748BF35158
S31AE04CDBB84D737A88FD4B0F3D119EC2A05F02BD25CE83BBB8D0E8
S31AE04CDBCDBD33EB268F17A22EB5FFB6D12E6C27ED1D5F741503A9
S31AE04CDBE240736AD835D2DE05AC2650937EBC9357948C06F2C963
S31AE04CDBF782EABA1FF9C9313E303D2F4F9696FD95F8E72F5F63F8
S31AE04CDC0CEBDF85A1B15335217AF194315FAE7FAA097BF664C67D
S31AE04CDC212B3B927D4FBBAF74DB4AA815330194A6E6910A0D80BC
S31AE04CDC36ED3C692BDFCFF20C626B60715F1B075198321300737E
S31AE04CDC4B82A42FF966655E2585A2596B3A68BBA1B97F2040E98C
S31AE04CDC60E23E39DA1F1B9914EDA6C5AE53CA948B82C9E8A61D2B
S31AE04CDC7566D9CAC40A0C30BCA735ABC23F5C15AABA1B2BF2976D
S31AE04CDC8AB87D85CF0DBEED3696FF60830717A31782BCA2EA1AA8
S31AE04CDC9FE19A47D3216B0A9EC5174BDFA8878CD377C0DA7DCF84
S31AE04CDCB4996BC57E068B983515CF810BEB4FDF4E5B54EC1707F4
S31AE04CDCC94C3063297899170A1923279B35F13E8A0C359BA1D899
S31AE04CDCDEA5F7157C8BB0CBFB9E3D40F54EA73645AAA191C1B301
S31AE04CDCF36DC6293438BE6677EED87B37A873D3798238F3551690
S31AE04CDD0896D5C3AD32A14B04D60FA34A39ABEA9B3714C910AACE
S31AE04CDD1D4B6BC12E8A607677E16D086ED109B50DB27C6B62FCEC
S31AE04CDD32DBF0316D7A70CFB8FA7E30FD3A30ED9CA985E4A38003
S31AE04CDD4705FB5C60889DBD47A70F5F588FAB264C50D8999E46F2
S31AE04CDD5C6C842A241041F5C37C7F35A6C01210ECD9F9DA071DC5
S31AE04CDD7117E7FDC18BD003442C6945DB4939957DE4C812468A36
S31AE04CDD8631D82F2FAE91CF2A021B439B77417F4AE2CFBF216C3E
S31AE04CDD9B9C99C7D7D76320420ABE5D1D98EB4E1353B452A8DCCF
S31AE04CDDB0EA0B45C75662D7A37645DC2AA92D1AEBB09010E8C75E
S31AE04CDDC52E339A01DECEEDE27E62EA13863A35F8BAE2A6372538
S31AE04CDDDA3D03E81BD8DD565B1BCE18D901A90BF8FFD2DC05F42C
S31AE04CDDEF80CAE2C2D03C835A9AFCE73401CC34D7980DF59ACE8B
S31AE04CDE049A21256A697954FD758AC17BBB99BE01A0AFC4FF9466
S31AE04CDE19FB685B95DA248DD831E8FF5530A262CF02593BC58EB3
S31AE04CDE2EF21B0B6A63E772961F578B31B19BB7F0534A564F1F53
S31AE04CDE438824005405142A20218909CFCCE33F6458309830DC35
S31AE04CDE58498BF8DA387F10D62423F94C5C1EB568B86DB43DB750
S31AE04CDE6D5B8CA0BACB5D105AA3158075A6B0BF7F9C71F27FC814
S31AE04CDE82477CBA2F6589DFBA2B1DF9F8B7DB9FC7F691EBB09B38
S31AE04CDE9769034E58D96F6CB943B47198C7C2B40D88DC11FB22E9
S31AE04CDEAC0C1CDA41BBC1DD84205BA1033508E97D9A4384AE0539
S31AE04CDEC1E072AE3620EAC3BCDBB946DBB5E7710F24EFD9DFBC03
S31AE04CDED63258559250994CB3BE0DC37E6D7B66803E4A8628E1BB
S31AE04CDEEBBD192A44D6CCA57801AB1560878E23612066EE86CC6D
S31AE04CDF00B48314A140A4E14613CB66BEE3833F308B412D6D7531
S31AE04CDF15BCD3DB6BE6AC6A521CF1ED569AFD7F22D37188B3207B
S31AE04CDF2A4D7E0C6C50B413E3740A7D6EBB238D73992AC230ED8A
S31AE04CDF3FB1F09055917A9855B545DD3417CAFD3BAEA6F397BD5E
S31AE04CDF54ADEFB9B7E8757D4E7E7E2F48EDB8AA0DBAAE3A2AB9FE
S31AE04CDF692BD567B9D11A235B1F6050800533EA3ABCE861236DA8
S31AE04CDF7E71A0E96C869ED5AF2F81A1D6C25B6EE0C50067FDE0B3
S31AE04CDF93D0C20EE6291464D68AEF316129803E40A07D189A56F3
S31AE04CDFA89CCD790E6AD5F6600C129277742AE9A3E317C4EE7B35
S31AE04CDFBD68F6790910DFB275BDFD25E4DF2613119373E516EA50
S31AE04CDFD2871F6EE5E53C8518C2B567B0730059A0F01FEB266DCA
S31AE04CDFE774364454355EBE191259948E9F6F51AE8E78C30D597E
S31AE04CDFFC9CD32D605EC0BC0A04F3B47644FED4A2CFC27089FBA0
S31AE04CE0115924904968436114ADB74C48467D74FC89A4EB4F5967
S31AE04CE02644574040E284A56D9FBA3238AA11FE4810BED42F4645
S31AE04CE03B8819FC0171B5F63938EF5C9C692BB36A33AA0CB152EF
S31AE04CE0506A5FA47BF8A30C82238CCA3F07B32D2742403C326B57
S31AE04CE065C7524D1773A65777AA111A6EA15F3CC6A61C1AF93FB7
S31AE04CE07A440FEEDEB0DC378BB0A155EDFC396D5C1322A4057D06
S31AE04CE08F68BCD0CF7D8973ED987972F4B6D7B80D5344E3FD766B
S31AE04CE0A499932780BC5C80FFF91B7934F58A8347A151DFE022EE
S31AE04CE0B96B37229C103BF8D7DBB8141429000645611D068D0660
S31AE04CE0CEED62433ED2AD773B9787B8F4F22198BC9A85DAA25AE4
S31AE04CE0E3C48318B7D9D05CFE4F8538AE0DA3CE34ED94983B1FFE
S31AE04CE0F8E2C9FE3723A3D72E61EBD35ADF22538DFD7CB92F1962
S31AE04CE10D1717A57DCF8A3E5B785C32CE369E7C537BC413A451CB
S31AE04CE1224D8F20A8A0620E87E8541FD8D3AA4AFD983B5392A824
S31AE04CE1371C6DFF16E4912B5E77143ABBECDEA4C345737BC291CE
S31AE04CE14C047C91081770A6F1970EC8F9B24E5363EDD786572A6E
S31AE04CE161CF7465DF437B7DD0F8C67041DCC78409197CFB61DA7B
S31AE04CE176FA2B10F97E44C2AC6CAE951747B65D1A0DFD796C4F8C
S31AE04CE18B68B8D748BD60DBD078877EF9352E7D5AA4D137BAE947
S31AE04CE1A05D907943A1840B103B9F84434B45EBF266EEA2D27009
S31AE04CE1B56B392532EEFC2A8AA85C18060DE8FF7BEAB8D206E39C
S31AE04CE1CA7DF13E048BFB7FE1AA69600C61413491D3F83AAA449F
S31AE04CE1DFC7C2BAC960B31FED4CA02CD3A02A003D54E988177888
S31AE04CE1F4714CAF0816A8398631E225107027B0E305923733BAC6
S31AE04CE209673CC361109BF0E6C098310F25F70FD1FCB94148D6DE
S31AE04CE21E39E35C19D24E20CBBA58B9DE5956EC4FC99069F830A0
S31AE04CE2330533A3685327AC84B0045F97A8F25682CDA0252E5B80
S31AE04CE24898274C76A5D57A69CCB39B0DF96F845F8574C13D73D5
S31AE04CE25DD31A4430C45B0A2CB4120E3B0186ACB2B2A9BEE16B6B
S31AE04CE272DF629E497C66293FDE3B2F186C2407E0455071368E52
S31AE04CE287214D38C6C78D3BEC0A8634A1413D12518A02CF8A112D
S31AE04CE29CFF9C1D27C1746C5A4E46BCDD0F7DB2ADB1AEABF751F7
S31AE04CE2B1BFFE7C8938814624C033F2DC78011F73256D0F6FADB8
S31AE04CE2C66330BDF2F3252BD00CB41EF92DA9D6020A8FCAEBEBFE
S31AE04CE2DBE004526B0EBEB326610205B9036495058A9AC64C302E
S31AE04CE2F0F9DFA10FE43F3BCA4766E80DCF4ABC4C65CEA4D7DCEA
S31AE04CE3050D214FF693955FB003F264F222AE0C2D7001670A7E73
S31AE04CE31AFEE3C8FE5EE9AC48B04D1623387D43CE25F5AF1CE118
S31AE04CE32F1D335EDC1B3C2C3BFFA3A6F53F728F643569E763276F
S31AE04CE3442AA00A211C41DD2CB9F703D2C2AFC0B721C0823BA785
S31AE04CE35937CBC0C4B987DA1ACCA53F028AE0ADB4C99BD6C5B88F
S31AE04CE36E408C3E8CA4EDB14D022439A7919B08E214539978F1BE
S31AE04CE383907B8577B95E9444AC769ADC841421D8BAD2561970C9
S31AE04CE398AA8A176D02E910C4C1E5F5B6EA0E4A09AA6693829076
S31AE04CE3ADE8A84862024E74422EE87DA12AD2C975A4F2FD739ED7
S31AE04CE3C24F05515A7D4A0DBACAD4D08DFADD303D6CD806F9DD28
S31AE04CE3D757F9D72F5BC8F3D25DEBE9EE33A192E3E4F14E1527FA
S31AE04CE3EC29C3FB778D1B06685B7F0EC3B09D0FEBC75225DA9AD2
S31AE04CE401B9F8AFFF50B8D98C229101314B013ED2C5B447D463D0
S31AE04CE416A546214CEB33D0340A53F87FF1AC82043933722671D9
S31AE04CE42BC88F0B4085C2319F0ABA2AD3E1D5F7792AB761C457AD
S31AE04CE440664DF1A5BFFE7BD26DDF199F8A5AD63E88AD56F3A028
S31AE04CE45522A842C86514ED772F1E61E45EB57D2B0B06B0E10ED2
S31AE04CE46A3E83864CB039F8658AF3757CB525673B246600358960
S31AE04CE47F0EACB4C6DF2A214FE6960403BA6F18A920D48CA6A86E
S31AE04CE4946689FB880D7740E92FC73C70ABC33982E471B9CE4833
S31AE04CE4A9B2678D375ACCE3DA4D1010A6E600641989328EB222D9
S31AE04CE4BEC8186A545FCADDD5A7401DA53CA3D4A8A2F1F3C6D876
S31AE04CE4D32965B96D18E4A621A8103D2BD864CB64AD47BC06C189
S31AE04CE4E86D2678087A16D8D04CAC1834A55CEFE55B309CD42965
S31AE04CE4FD8EF789F254546C903750E57F5E12F6B97A5B300A1EFD
S31AE04CE51216CBAF9D6F260B40A54EF9011F3F5FB32428B242B761
S31AE04CE52771403632D79773C9CE2E5F46113C244ECCBDF24D9C26
S31AE04CE53C55F421DBA6481E1721AE0E52A48CBAD64A4B72355AAB
S31AE04CE5518C2E7C9A1B085CC3380A2612EA145DE8E1B8466CABBE
S31AE04CE566B8D02C54036D1F6839852F513943712D325C9C77A1D5
S31AE04CE57BD38090A71C6EF8AFEB362F9E8AE79A133D53CE87D9D4
S31AE04CE5906644BF20EC5842EF0101DD87DD688D75EB3068E847E7
S31AE04CE5A5F8DBEA20F8A576642528ACD339C27D02CFF8C21433C5
S31AE04CE5BA9C6726E33987D9F286204A88152AC767F02676561AA2
S31AE04CE5CF1BDB69576614627C4A0CF9F1D1183689D70310A03055
S31AE04CE5E47A0967A14C391418046D19594C277DA9D0C9103D3E14
S31AE04CE5F916D69688B3D6D9B3F3406AC7D32943B8DBBBF32202B4
S31AE04CE60E56C553105049B0E11AE14F7B0FFC0575D95059CD1173
S31AE04CE623E1E535D7D045CFB73ED67BBA69E5842227E0BAC8C8B5
S31AE04CE638462B8379271A8773567DA79D37FF8098459486A1E8A6
S31AE04CE64DC13FFD689BF89E0B064FDA367784E917AA35EA2D2A65
S31AE04CE66219F84232E59DE070E06D639292296FD2D2BE42EB43DC
S31AE04CE677281EE9ACF24FE38047F63424A56DB6C6A1620931EB92
S31AE04CE68C290A8AF3DF9DB9F4AD36F26D807E4E8D0DC23CEE5EFC
S31AE04CE6A1749FB7F6E1306D653D333DB63ABA5B0B22C7F319726B
S31AE04CE6B672DC063C38D3E1A342D59D5CC4CD19D60C7AB17AA914
S31AE04CE6CBF2E75057792CCDE6EAD55C62EA3459C6C14AE37C8983
S31AE04CE6E07B33756EE6F75D5503F341A60ED7144A37EF1B13F966
S31AE04CE6F52A41E836D4723E8172880E10C6B5516B3E04F43AB5DC
S31AE04CE70A9153E65B44032EDE7326CF627309D1F39B98BB27C76A
S31AE04CE71F7B5E32E642CAB4D492AC79B2788A2A65526C059F3C96
S31AE04CE734AEBFE42DA9AB46F2E2443265176B04959A1812DD49D2
S31AE04CE74935EE5A4D9CE812321A7AB15C6298E05CBAEFA1608BEB
S31AE04CE75E9350081C79FF4AB56B7B42EDD633FCA352CCE934D727
S31AE04CE7739746196FC4F1627701908ACB497CFA4051A8B6ABB578
S31AE04CE788470D13AD9DC6DABB8D0174EA2AF5976175BAC37420B5
S31AE04CE79D3365D4439490A7B050939AD81F4C4A63A27EDE95EB20
S31AE04CE7B2BEB1279E65CF10B29D74A0C632254A07C7860A370346
S31AE04CE7C785D1A73838666AD3362DD14D7869F3F9B8DF99A1B527
S31AE04CE7DC5CB6B5BE84433248FDA5BC3ED8DDC875708472F26AE0
S31AE04CE7F1A98323FEB218E074FE9A3D634E09F38BE37FE16FEBCC
S31AE04CE8063B8A002C7DA04686DD00CE2378F1DC65E9DE1EACC622
S31AE04CE81B54669985AF08A0C89B9CB1C9EC7BE349B548A0D09678
S31AE04CE830D0587E67DB4FF7FCF6AA729DC37CF34ED01F760B5A7E
S31AE04CE8451F5BEE797D45ABCA6785BCE777694ADD4CC6A28DE9B4
S31AE04CE85A57E1139640E5370782C701EDFCC261E0ACFBFAF3FF6A
S31AE04CE86F9621C708E2F496FF55B899315FAAA76AC32E8E6F0F83
S31AE04CE884537C2C8A6526A547AFB7803C6EEA7796EC8A486AE1C1
S31AE04CE899E63A224B3AB5DFE5899FA33E820B9DD2E61F5D05B8D4
S31AE04CE8AE9022FEE9726FDD3A53C37222748862D60555E23D73C8
S31AE04CE8C3A22B148A86546560D14916974A9084F8D78300172056
S31AE04CE8D844F06C5BEB34FB8B45F95861638D132F51A71DAD442A
S31AE04CE8ED2B9A438B0E4EFA4B977BFB7D662C7E3F4A147936A525
S31AE04CE902FD5CF322231191E844667A76DBC74077E7F4C7AC7101
S31AE04CE917F2B15693147E78F4896B1CCBD222FF6E0807B032CB37
S31AE04CE92CFB7326A36978615B248341E4CE0A9D67832D381782A7
S31AE04CE941E918AC5D031BB0927B3463228C2689D7A3F173B958C7
S31AE04CE95667325A9B010E648120C20D811DA126809001FC3274F1
S31AE04CE96B66248FF5ED3A14231880CD6F78F7BC07C9F7AD0CD4A6
S31AE04CE980DF24425C4869CFA6B5BD3A5F2B2775523C35507537F8
S31AE04CE995617A5671C921AF700FC049446047F913E26437D87AB2
S31AE04CE9AA7361565858F912614094E9BE060885B3442A9C18DD20
S31AE04CE9BF3833A83EC7EF430C329DFEA30F1372595DE116E09C8E
S31AE04CE9D431064AF02274F1FD6F7E5E398A45437F7699688F5795
S31AE04CE9E9E608ECEB2FBBC42A306D5A80FE22A46626A878A5407E
S31AE04CE9FE5C9BE9002E5F9FF3910EBAEC08ECF5C37252007DD6CB
S31AE04CEA1367F04651F83148025F4465A2DFE57F19EF3EAB8901F3
S31AE04CEA288F4AA7F30A490B2DA4224B0F6733AFD6D1AD2C839BA2
S31AE04CEA3DC7BB031DC6C63BFA91657C20A8CE2EF8B9441C3A525C
S31AE04CEA520203DCE7714B581FDE7BD98A6F90CDFE96F3FDCE1692
S31AE04CEA673A95EF309AA0921CF4117B13F67339E39F19822E32E0
S31AE04CEA7CC143533F57C93AF6B7DA4744D0B12CB13BCE2BED4092
S31AE04CEA91F3683178FF80845520AE1C7C9735AF6F8E5F9E5B1597
S31AE04CEAA62C40A0104F364E64138D2696C7CC107843A76DC0B98F
S31AE04CEABB17905501FC442F1A7DD3132BEDDDD39115780C9F1B7F
S31AE04CEAD0D1073B39A338510400D5F734E2DE2F4ACCE7483A9F76
S31AE04CEAE55F103D9DEBCDFB5BF08DDFAFF164A542087F0C2EA0EB
S31AE04CEAFA5D76E876CBA924A2C6324C602B9889F3E8E673F583CE
S31AE04CEB0F85B5FF58D000F14FB451F415135A54A356731036ECB1
S31AE04CEB2495B85213B1DA7C73FFA32DEC16BE43FEE16BED133032
S31AE04CEB3909667E0B83769ABCDDFFC24945E59C9CFE9ED2DC6B50
S31AE04CEB4EC28A0E085B44DF92E9A501359431560BE0D9BEBA17DC
S31AE04CEB63AE6E381E8C6D76FAAF4500FBBE5A02C621233D4816E2
S31AE04CEB78D50182A7FA412ECF5F085CB128041C85468E44721D37
S31AE04CEB8D172C6D0B59A9B8606FE45F3AB51EC3946D6C70C3C981
S31AE04CEBA206E6A9766364B59C7B65B30D90D8B0074D015BA88079
S31AE04CEBB71A65CCC7127EA34A459433DBD1AB06CCA8C95DB5F2DE
S31AE04CEBCC549A355AC733269A1885F0F7F09B2DFC7093D17371DB
S31AE04CEBE1A68C4420AFAFE3620DEAF60BCB4F2EE7B9A1021DA76D
S31AE04CEBF6DDBF097D8CA6D806EC84FC6538DDFF647FD215F20500
S31AE04CEC0BF95AFB497A6F63743883CF48833D34FA8EF18609B5E8
S31AE04CEC2084D5CF6B84338F4C47B319AD99594613EA51AA4D0A41
S31AE04CEC35C26EAD54F7BC0663D1E9762EE0E07FFCB04E5BC03465
S31AE04CEC4ACDFA908AB8F2B5771AE876FBC0DAFEFF3FD5B8C81B13
S31AE04CEC5F46E1E3DE56A96E47919AB4E029186CC8F73B64E2879F
S31AE04CEC748E716CCE5210B8B382B77D179466F6AB09B37CC96D7D
S31AE04CEC89F5E4BE88DDF7D5DC1377CF23BBB7873628F656B14987
S31AE04CEC9EF9856D0CCE0CDBD4732A4EDE76CDC5EF414843095DBD
S31AE04CECB3D3695A2015B085847BDADF3CDC9052EFF3705D7AB38C
S31AE04CECC8EB743984EBD9DD718CF1F4A25D43FC97B342342CEA52
S31AE04CECDDFFD72B5EA15CB97E98ACFC385678CFDF60D1D8D7ED9C
S31AE04CECF2EC45B88356DDB79AA0DBA94BF08544C6C903BEEE5134
S31AE04CED07C0F922CA601A724B30D4AA4DEBB0388983C119CE7EE9
S31AE04CED1CA62492CD64D7328B823DE9AF473533E1983A8DC1E0A8
S31AE04CED316D59887090A392E6AF6036FE57C16C2521DE0CCF016B
S31AE04CED46608CE2EC239FD4DAB89FFEBFA071D5CFBF2BDADA6E87
S31AE04CED5BA0BC3F80ED9E838F27746EB0207269622482B8003411
S31AE04CED706E5B85B3235CAF1C101DCDB171DC5E1B57476C5944F9
S31AE04CED856F1ED1F912685A5DCF98969868FDA3E0E953DBDE3617
S31AE04CED9A456241660A3CED0F806FAC7D5A2AA05460FCB5324A85
S31AE04CEDAF3AA8D116EFA6D462D21271DACAEE7A8B9B078984CE20
S31AE04CEDC48BA86D4241DE1017C3E45A5A7909069C9EAD19AA82D1
S31AE04CEDD9063FC2B36C4CFBF2CB9AAB010F6BE4599F35737C7099
S31AE04CEDEE7DE1EE217329296631D31419E70273358AF1053E3393
S31AE04CEE0388806BDDFFDE3B2AE04AD7C53B160A8CA9980C1EDF3F
S31AE04CEE188E7AC857CF7631B589868DB1759BB6F52CC5DFC225A2
S31AE04CEE2DE9922199295847F4ABF2598AD02AB76745831947BF2E
S31AE04CEE425CBCB17FB3A5DF3CAE57CEBC34DBC5CC54E5DB99DE14
S31AE04CEE5756BB08BF314BBA18F9E06F65FDE70574BFC70C1BB1E6
S31AE04CEE6C200748053961D332D8EE85B780CCCC79DD0BB9A2E096
S31AE04CEE81345E48453C8503E51E64EF1CB43F08E36D048E1C7488
S31AE04CEE9654D56C4332A34BB9E6FF9E61A0EF901A8000E3C23D05
S31AE04CEEABA313171DBA81316C2ACE87BF0B7E8DE6A731938547ED
S31AE04CEEC0FB8B7B53C2BDD5E354191A767AF488061F22A4BC5B8B
S31AE04CEED5DD61538B681B77990E0477692E3BA6F3E7911EEF8D41
S31AE04CEEEA746C0C8DAA68351949B3F0ED2953A8EC2E55EBB3A559
S31AE04CEEFF9B4C621C05FAC2E86C0D4B9AF984F64ABEE758A31EE5
S31AE04CEF1436662955E7ABB42E5A482283E61B9D751D57E1CADBD4
S31AE04CEF29C4441F024B068422D050CEBF99F64E60AE9298744DFE
S31AE04CEF3E85172E877B840FF3C0CBA4E8A9B14BB262C0D38F50F8
S31AE04CEF531803985329A800C4AD9E962182DF2CCE10FD0E12F75B
S31AE04CEF68C3CEBABC59029DC212488130492DA4D7756445FF8701
S31AE04CEF7D9DDB1EF362ECC483A4126EE6B7DD4F8E32E1961701F3
S31AE04CEF9234EFAE8300F42417EEECFBA80FA08B94B5C6CC9E86FF
S31AE04CEFA7A75FBA99261C91DBBFB723EDD5F43850E13517B895CB
S31AE04CEFBCBA9640D03849CACC81ADBE6B1086BE1F832D909621D6
S31AE04CEFD18E0892781D6A8138957FBC44D5F8C1882521BCCA4DD6
S31AE04CEFE6228C161A4A322ACD23C85119B2F08FD43D81367E5C6B
S31AE04CEFFBDB17FFB103DAD3C0EF2F03AEFA141AF8C5E4038E1480
S31AE04CF010F69CDCA1C53CA02693DFE5EC3BBC4C47D6DCFE283608
S31AE04CF025A0E41EBF3FFA6146315B3BC1C1E09E7A158714F196EB
S31AE04CF03A9DF05B51FBE74FA3E973D92848755FF20F9E3CCA550F
S31AE04CF04F3BE0D65EB47740906F63023C90B2E2E83B13EE65D2A1
S31AE04CF0643AD60341D43ED65A8BA9C2FE02C3AEB5E857E11FA2D2
S31AE04CF079CAA5BD68B4D462FE1B37154835A9265A3B6073B616ED
S31AE04CF08E0210C30E2D81E8E09926D0ECC9D809F2D10E9D958D2D
S31AE04CF0A3541DED8ACD782579D9F8329FEC0FD2B6D65411170ED6
S31AE04CF0B863E461BADD9CE31E06C587605CAD0840472BE00DCB08
S31AE04CF0CD29A3B4722993270AFB9BBBF78AFEF43007AC7715EFFB
S31AE04CF0E29FD7DF006B5806943B0EBA6ABD6A2B33EAEE6775305F
S31AE04CF0F79E7C1D9E3CA414D4E5BCBDA5508851261232DD2E0094
S31AE04CF10C63FDD43D9CF6F54B9199A7B5759F240FDB51F6E97B26
S31AE04CF12123F60E272E0AEBEBFD0E569DA6162E50E91809A077F2
S31AE04CF1364E87704F27DCAE5E59772101FEC924BF6057AB243E8F
S31AE04CF14BA8F3CE29C1A58CCBAAB684A33B014FE3D5A48E1AAC6C
S31AE04CF1602C0D59E8004E0F9CFBD13EB6685905CEB14865F73913
S31AE04CF17590A253F4940C114CB072B74AF6828E5C6CC3A9606AB6
S31AE04CF18A0C124BC27CFBF12CA04B6588C7A645BAC149B0095523
S31AE04CF19F255AACA419E3A92490A5422C6868BFCB5DCF35C371FF
S31AE04CF1B4ABDA581DBB9CD007EA8AA7AEB8C91A3571349A94CAB6
S31AE04CF1C9143859A65EB53C4F8322EC717DF4905AC0C641DA61B7
S31AE04CF1DEBC57F0064B5E5C6F519B4D0C3DCD1BBC1C7A32689C7B
S31AE04CF1F3BA58DF05C5F2FEF3F4480BF3CD9D7F65D0F3765EDF39
S31AE04CF208A332A1B0D3EA547A5EE831BE464046031E716FA28CDE
S31AE04CF21DE984F5CC553445DA2806A7A96437B4C4825BA7C7E513
S31AE04CF2325AB00C07EEA9389E13D3853F513E8D858C8A7C7CDDD5
S31AE04CF247021861337CBC39C7639FC830179626786C4F1CFC90F2
S31AE04CF25C336A79FAE5537660BFD99811DA55F6C4C810211024F6
S31AE04CF2718F6408FF9A7576BA1D1DE26E6CF90301E4840DB13FC5
S31AE04CF2863788F579DB2E57BEEE8A6154CB1F0444F82056E6E063
S31AE04CF29BE51F87CD4A576AEBF7ED26C05066F81280EDA4586C7F
S31AE04CF2B05A7AA5332EB9B3724872E0D251B34C1FA9501E879B4B
S31AE04CF2C5A1D6E3C4C4DAD2381EAC934CF140F7FFD030D03891D3
S31AE04CF2DAD1D5D5AC25C4F40C0502C9A7DADE36045DA23A233BDD
S31AE04CF2EF67DDE731C65A044B5C4C806978E826682EB54F946563
S31AE04CF3048C9F5F43E4C6788C1D7B95E3F0AA478DFF5AD66F4DDE
S31AE04CF319E9D659A7947DB0003D2189E03DF8D534A2C763D6097D
S31AE04CF32EC9985F17A29E764A2DD754D58CD027643089D9B2D495
S31AE04CF343F6062581277FE3D96207263351A014719A7430F173A5
S31AE04CF358F54637D8E7F17E45508B8E71D613ACD20C812DF78F08
S31AE04CF36DB30C1B902B32F37BEFD4B7883DBA196AB994FFCDBED1
S31AE04CF38210497FD9E01BE13214130316E59D624A4D698CD96C90
S31AE04CF397AFA596A31E75FEA0DD058A1D9D0A5F35532D2938A329
S31AE04CF3AC25152E4EA069026B8C19310A83647C8D64BEB369BD23
S31AE04CF3C108E5B1590F637D3DB91322A361C59BA4978AF6E3D31F
S31AE04CF3D6F5AFCB5636755D1879AA32AFA971F8ED50F922FB4161
S31AE04CF3EBEFF0B0518BD0A708816A1004EE3C9BE7C6F082298B5A
S31AE04CF4009CD5F103C09F668BBD9163044BD64161043F5E820570
S31AE04CF4159BD7AADE374E56047548EC50173B7FE1E5EBB5EFD2E6
S31AE04CF42A11D50C65E4BA77BC3A015DC72C0E16BC445C096CF300
S31AE04CF43F704075C24D67080976487330CC9F93588DB3E0E30A16
S31AE04CF454340B2F884E9428EEE52374EAEAE00AAA9F202C8BFF2A
S31AE04CF469E866815B427C1ECAA05BAB6DB772F879487A0CBF1B37
S31AE04CF47EA398FF26697F1C951C4A0505E5DA34C4436C3C605686
S31AE04CF493091EC293742F3DCD1764FFCC936507DC3B3950B1C3B0
S31AE04CF4A8862E7AB083428E15448D5DF5EC9E9A64DFDD91A2AF8E
S31AE04CF4BD9A33D0BD8ABC2A173B96DCC90409DA2A2306D71C2361
S31AE04CF4D244D5EA2D633DAEB0519E0086DB33981107772F04A741
S31AE04CF4E7F24C8588D0BF24D9D63D9BA772BE600CCB99AC5107AE
S31AE04CF4FC222B0905147E43B1A4089A5175C58686378F8582C975
S31AE04CF5118E540F5567937010AFDC5E17E3B5E1FB95F30146337D
S31AE04CF526F9D14E059F27B8C8745452FFE139E484B54DED473634
S31AE04CF53BCAB699D3385B7B0A6BDD80BD815BF16C88D46776F995
S31AE04CF5504088795DCB9FDEDA02B90B9D808B7F637D37C4601874
S31AE04CF56509755904C9D0EEFEA18ECD9FEC9BD45CC016FDE7678C
S31AE04CF57A351F5BF006BEA476E9455F64EAB53D1199B7F1D39B40
S31AE04CF58FE5296EBDB24445640EEB6B2AD05490420AD094462005
S31AE04CF5A407AD17CF99BAE1061E2932538A50BEF7EAD1D66A1FD7
S31AE04CF5B9500361D78F6E40264F8313979CA3D9C43FEE0CAB6B76
S31AE04CF5CE2C38AB5EA1C294C71C7115CF7F8B2DB0EC8E103D3F6D
S31AE04CF5E366A092F104FA997BFAF70CE23E68E5743A5BB5F471B9
S31AE04CF5F878DCBE2607B4E9E3AC07962AA6EA3D043490C65B984C
S31AE04CF60D6164A71F0B3505AE939CAB8D7A0E7F99B25F4E5A5226
S31AE04CF62266CDFCA3E877A25F27F6523657644FB74CCC52552B1F
S31AE04CF637436B1F681A0618FA855BFD69AAD53A06E5171961802A
S31AE04CF64CD57032B9A8C7677C67A67B8A02B053EFC84EAC0349E1
S31AE04CF6618FEF543F7809589003B5B82AE281B68633BFE4064291
S31AE04CF676E56911564C6A1EDB80F5A1172744397B039DAC7BB521
S31AE04CF68B3D9AB1380BD026F84D347D21AF897759EF22A548C595
S31AE04CF6A029D3DFB365416F91DEC3A3EA2A9BB0691763548A206B
S31AE04CF6B5D8E74FFAA27C4AD82801804A976EB23D304CD59510E9
S31AE04CF6CA8566009280BBF60AE7DFA592FAFD87A0E49EA64F3F70
S31AE04CF6DFB9E6DAE50F9F8D6824154987C5E5FA2535A805C71454
S31AE04CF6F466DD39839C16D31B033FBE58A6016C16533FD7EE77E1
S31AE04CF70912D0977DED03FBB5644047AF483457CE8D977B3DD636
S31AE04CF71E0A91407D56681F276C69B028573B9627E42CC5C2BFF6
S31AE04CF733964C357DEE2BB79C8324303498CC5018C7977B6986F0
S31AE04CF7485E5DC8083D51029E67182C1058F7AC5FD5816D46B4EF
S31AE04CF75DAEA0C6B874A0E834F1BBA762116645FB97DFDCE46760
S31AE04CF7722A4D7E8A62240E763CB248FFE5EA1380AC69ABAF3190
S31AE04CF787E478F0E7060C58EDBD91E7747125CCF131C81FFF930B
S31AE04CF79C996575505244058644F4FDB28403BAA7483F3D2FB4CC
S31AE04CF7B1A86FA6FF368EF6F8694657CCE6B8ED986E0443172CB6
S31AE04CF7C62899322D6F3A29B6FCF915D6D24F6F5A6510FAE83300
S31AE04CF7DB5E8057A5A3DB0A0675A65328E5EDA3A2AB777C115BC8
S31AE04CF7F06C48702D595789D02A42DFAE7DB9AE300269A80170E7
S31AE04CF805142294B5FF56D09028CD0DEBD3F6B5E16FFB5F10065D
S31AE04CF81AACE8368028DE3D0598D2429BD1C63FE781AF17105763
S31AE04CF82F1840803A762C192358DC29CF1E61228C5DD5DC893082
S31AE04CF84419AAB73FC7ACFACC613A7A4A5D60A9A0E4271B1E37AB
S31AE04CF8590F736F7173479AA7766CE6673703326B4E958FD09231
S31AE04CF86E742572F49C3ADFBD368E3DB19DF416C1C2B6DAAF9C2B
S31AE04CF8839CF051A679312F398C539E1859E875028303828A18B2
S31AE04CF898FDB32FD8889FB51A314C94F51AC563BF229389FE44F5
S31AE04CF8AD1C8DD5F12E5891FD027F52450B33699EFB3A12545B3E
S31AE04CF8C232F9BA19D7B1DF30C225DB7EE206B72570D43CB12E07
S31AE04CF8D7D358F2C34CF4299CD75F769A8B7A2451C1356AE0E124
S31AE04CF8EC73C62B718A609B9B1E2014CBC2B3AB82F6A06A1B11F5
S31AE04CF90184ED4C408AFDF2E6A6CF12A6B70B4886BB4A8D86D8B6
S31AE04CF9160794AE41F8DF256A18CB1A3B4C405334F5AA28CE13C7
S31AE04CF92B18D5A711DE2B585862799C91A40C7D35542D97D2C122
S31AE04CF9401213BB1E576632B8B3BFE84465435B50DACE7D330A88
S31AE04CF9553F7C50D61CE99C8FA20A92FE68E40658FA4B1FF0CD53
S31AE04CF96A39BF399FE2D34EED551F32A6F5E33C9CCF62F9F9BBBC
S31AE04CF97F424253C2C1A34B1E7544D3337756E6142565FB646705
S31AE04CF99410F524DAA2AB6F14F7BF99F189BDDDD50C05DB1352D0
S31AE04CF9A9B2338ED6F00687F3251F90B9840B19E53D941DA5674A
S31AE04CF9BEFB168C897F704FDAA19374B5027438DEFBD1AC83E2FE
S31AE04CF9D30A1597EE13CF81FCEE257EBDDE535CFAC05B5A185335
S31AE04CF9E8E177940D4A7185FDE8E59DD6D65FA5188C2C5FBFC6D4
S31AE04CF9FD8F8BA2AB45371E5A637C078B1FD892BA46F5AD27B7EE
S31AE04CFA12BF8537D41A16F8DFF62C679ED43D71A0FE9A98E62FC9
S31AE04CFA271B7B4F179BECD7B2C37FF352F4C2B01348E1CC8EC742
S31AE04CFA3CA9D9062376585C40E55CE1BBEBC480F4254374A1579A
S31AE04CFA516ABFFD0B6A3E43C5DEFEC1C9F3C94EE82F565C78B12B
S31AE04CFA6664D8B0D8D79453AFCDF1A05ADA5D50C2715A3DB30B61
S31AE04CFA7B948BBC496F85B6EBFFCA976AE9DE3F7114A1D4DD41A3
S31AE04CFA90E63B606FC95E594F842BAFF97EC99732E0356C14FA7A
S31AE04CFAA50AA107AE20EF359AE23B128DC202C5DA650A7B0CAD1A
S31AE04CFABA1F89E87F6AC7326D96F0C2641C55ED95C15B2116FC38
S31AE04CFACF1D65D8300A61BABB50ECB8E44BF4AFA63CB9D589E4E3
S31AE04CFAE4C98EF6BC712BDA0464E0A4D60BB2ADBFBE09FD3E4A25
S31AE04CFAF9550A160F601CE4A9DE90846812BEF5B03E855A1188B4
S31AE04CFB0EF5B5D17381D9D24D50623906FCD2D893BC1F2C3040A8
S31AE04CFB23B08C27943F851B2457FBDAE819902596537FDF98924E
S31AE04CFB389A41F630073443D308849F49FB8E84C3A1892D56FE45
S31AE04CFB4D97835CB0257A867BEA72C510C90A6AC2A3504A25F227
S31AE04CFB622135F321864803946D6DE9AA537A1D7382884685C02E
S31AE04CFB7798C298ED3055BEE631F0120F061ED1CC3069E01A6148
S31AE04CFB8CA50227166FCDE7C47E896099BBD494CE8D2DAD028C81
S31AE04CFBA122C47ED91B326A42A4215FB3A36F510E5081B1E2B08B
S31AE04CFBB6F9A8D5178D1F8499184C3BE116DB39B261B1D99E8944
S31AE04CFBCB9C630D5FAAC3C306B6067C8109F2E2EE99FAE3643CB8
S31AE04CFBE0E429F5DB99D21DCA0BAC1E30B249793A8FA4EE7F0F4D
S31AE04CFBF526889D9712ABC89C54C494687F7498F060F7BA8F7D1A
S31AE04CFC0A0386EAD6FC2367603D0A9B1886D8FDB1B16F075932CC
S31AE04CFC1F6FB58C4B471C78E1742B5847FB0CAEB41D05E3F6ED58
S31AE04CFC34285CACF8660D2338FEA98AC977FAACD68AB2906798DB
S31AE04CFC496E48324C4A1FFB99920E5672BC62FA8DA1D6A0CB460E
S31AE04CFC5EDB12F2FE982EBFA6646F3FFF6CB2669076A00142FADF
S31AE04CFC738682A7519CE6E5001AD3483A8FAAE254254AD3D3CA26
S31AE04CFC887499478C793E5BB8C4FABD5CEE8BC43147204CE9A901
S31AE04CFC9D0D6B64AC44EBC90C11EDD7C383F61C1049CFDC6D17DF
S31AE04CFCB28371306B3EEECAAC56CFD9B7A7122B7F4FF2A1A2033B
S31AE04CFCC7B54BFC75335DD1A9F280BB704F891E325374FA0727C7
S31AE04CFCDCE2CF90E53F117F5B7D898EB19D008C5B685554322263
S31AE04CFCF17A22509C24FEFB347AAABB78A149C3B12F6661D03147
S31AE04CFD06F232AA55B045AC51692AEE09642C32D9935AEC8851CA
S31AE04CFD1B0E83489AB6B556C7E6B39CE322431D76CDF371E6DDA2
S31AE04CFD301325572CA4EA4F54757D4C194ACB3157728903A50405
S31AE04CFD4556736B34EA64992A7CCA71CFDC262F77F544556DCB0A
S31AE04CFD5AEC62C7EE563B52D5FD54E99430BA07853B1B632B89F6
S31AE04CFD6F5F9949749F117B717C81BE56D43412A672DF17682E2D
S31AE04CFD8493918633B8CEE7211580E45BEAE1C7197DAAA5E48816
S31AE04CFD99162DD7E3448BA3E7A931C23C88ADE47D50ECBBA3A322
S31AE04CFDAE7A1568B786EA3E384B42389F9F65C5EF6AC4F4DAB7AB
S31AE04CFDC34FCB88696A99FA0E04600FB7D9CA3C5058BE7CE541D2
S31AE04CFDD805B3C0F1710BF31D11EC1BC141B350AAD493FFF09141
S31AE04CFDEDE203D1778CCDF096CEB510B95456FFF843180E69E61E
S31AE04CFE02712329D5ED2F979259497A9337B7C8208055F729A9BF
S31AE04CFE1728EF6E4BE1ED211BE1729311BFCBAC20042920CF77EA
S31AE04CFE2C4E5E80AE06E3A58DB92CE50794DB0EFE1234427A004C
S31AE04CFE415D8FCD7B88531E4678FC32CD20F4EC0883B5CCFCDCB0
S31AE04CFE56B144CCC6721101FDB66B7E27A9BC9D2C0B756A72838A
S31AE04CFE6B8EE6080798EFB20A6625B6777C200745DCF831025F84
S31AE04CFE80A2F6956A5285993AA91038FEA9F32D39EDF38E22FB7E
S31AE04CFE95EF9EB0C9E5AA1365D5E518FB99714BA1C0B9CCA6FC6F
S31AE04CFEAAE1EED17AD168F1687327DD24751E84A9AE7543FFEBBA
S31AE04CFEBF41C589EB6DC5D74F41E4356C7A31F0F802DFAEFDEA5B
S31AE04CFED463C39A15F0ABE09BE25DE9C448E759118F3886A2EF99
S31AE04CFEE96648C9DDE8D84570D3903FA5DD2E69DD0AAA1FBF756A
S31AE04CFEFE3C5925ADEF0359B5E9901966E8F5393C8D5B608AE456
S31AE04CFF13537A9118E4FC054385B779407D33BD78565B6A6FDBCA
S31AE04CFF286D74635B016DEFCE7AF6BF94B1780D1F27F45BE73C17
S31AE04CFF3D00857B4ADC9E53D0EB5C02F0414A7A6848B5CCBF7CEC
S31AE04CFF52096DDA911A042932ED6366BA785EAC09645BB6EE4967
S31AE04CFF6700877CE421DE6E2A6783701AF2912E237B6623C64D76
S31AE04CFF7CF6CD1BAAEAACDB060A0AEBE004E35A681562218F5F31
S31AE04CFF91D540F4710104A4C08645405A65FCC4F4EDB8CC8E3594
S31AE04CFFA629567D16AEEC5A279654D51D76DC366377AAE4EF5CD0
S31AE04CFFBBD8626303A855D1AFB5D64DAFBEB6887D2DD10CB1B077
S31AE04CFFD04863F0FD6CB9E5E20221986EF238B19F713832DF11F8
S31AE04CFFE53AAE17C6A6D0C74A392F1EDCE18F9E174FF777D11064
S31AE04CFFFAAF0D9EFE11FFD78BEAB82D9DFA0B818F15F6B8041698
S31AE04D000F887BB78DABFAF851620D068A664841D37C0B0735B937
S31AE04D0024579789FB291FA0A0574170D1850050C375FF8D1AE529
S31AE04D0039AA8763A225362837C9369F4F832E6484BD15C47E5E97
S31AE04D004EE648E6584A202F5BEE02B3C4D76D65D26E1938F15226
S31AE04D006389E201B34638FCE60E221D616FA2BB89AAA14851C02F
S31AE04D0078FDB8EDA97CB7FB0835DF7B37AD9317011260B94FBC6B
S31AE04D008DD2B732A2C44EC3DFE2463983B9CD660BD33C3540D8E3
S31AE04D00A21A547515AA818A2A02DA6016D1FD657CFA7432C65D7B
S31AE04D00B719028F9B3E906987ACC027F086C3B48509E4CAB6414B
S31AE04D00CC4FA60E460E3454AF5BE672C0AD0786590001DC48A88B
S31AE04D00E11BAB4C05F778C58A6C81B52D0412555B9AC667A38380
S31AE04D00F6FD083EADE57F719D85EEF41C12AFAAFE99C8F7E7C96C
S31AE04D010BF8D0256CB84B805ECAEAC2ECB67D330DB2E89751A17A
S31AE04D0120D3DFB34693267FEA81ACF90C35D2002A9A8A7C6DA5B5
S31AE04D01350B4A95599992B09C0166B92D3CB3C88A060783DB25AA
S31AE04D014AA39777CB2598066AC5990AE19608F9A1EFBE56A91F78
S31AE04D015FA670063D63EB9ED7F371E9718D32E6133E45526D176D
S31AE04D0174F13F6D3BE9748C231C6247842D194AD05651C61EDC4F
S31AE04D0189474E5089DF53FD5C9A0A17125E9DFE9C87BF82EBEB35
S31AE04D019EC936DC910EEAD516FF1973E4646B926F8BC55FCE55B9
S31AE04D01B3AE88B9339B03D6A525F626A8CCB082DBFB93BDF9A81B
S31AE04D01C8A937DAD03AEBC3E459ECD2D7A2F9454FA454D108ECBF
S31AE04D01DDC02016AF391DC52B5B7DE932F474698482113311C010
S31AE04D01F28EF86E348D297FEA635BF77CC9699F2FCB1C0BA4694E
S31AE04D0207034C157FA4792B74C013739D9955F8BFA2ECD2301ADE
S31AE04D021C457FAC7A960B9F5EA01A88A16923099A3F91F395BFE9
S31AE04D0231CA0152D802497F78A4077ECC791F61257E3341CC334A
S31AE04D02461A86391EFC1FD651453F4E291434FAD77E353AC14134
S31AE04D025B0DF824294142294EE06AA6D7A3E1435312A33C3C1AE7
S31AE04D0270C435CF457FA0B7FC6CDF2B22CB01A9212342A311C15F
S31AE04D028531F788B23E0576702C673465EFFAE9C5D6BD714C276C
S31AE04D029A7DA15EB338AC2EF6F512C3ACE2C2D85D44BB334F73A2
S31AE04D02AF0F4476223859B1C857DF877903330F702082E405D3C9
S31AE04D02C46A332F0A12B5F8E44DF29D19F091A890D3B78DEA5773
S31AE04D02D95E7BFF39C96D7E237A98B8B6F2A8444562F67825A0BD
S31AE04D02EE28969BFD7F8801BDE03E58F724768A302AAAD90E37FA
S31AE04D030343E43FFF4385870F9CB1364A2E30FAC3BA21142DB13A
S31AE04D03189E4BA45821806683DB9341E01937CEC40CA1045C5A56
S31AE04D032D771C9476A21EC46BF80249DE31148EA8CC91CDBDB0C9
S31AE04D0342BB3E01D2E459E1A5149A0AE27DEEC4107D2CD2937B82
S31AE04D0357FC3508CCDDAD4C4064EA65E22CE60E96190868AC12B1
S31AE04D036CF49595660F87E8B3AEB1FED1776C6D4128834CB380AB
S31AE04D038100A173D1E3C9242E30157735CC046469E76EACEE498B
S31AE04D03967A37CC8E66C982B10CEE1901B2F255FE4774860A97C5
S31AE04D03AB5F89645AB945715575805A4FAD8A0325F321BA287538
S31AE04D03C0ACC14B0A059364EE0AC9337B262E650F0E19625537EB
S31AE04D03D5A4CD56FBE607E3D638EAB2B52BCB285183E08B2E8ED6
S31AE04D03EAB3949C80D7C4C37B4DF3E3979AB6B47BD3163026EE29
S31AE04D03FF29F2D10A4015C92D4B5F938EB40BA31AC3750F501087
S31AE04D0414AA8B41BBC42276393328041A20D6F9A1252528CA3362
S31AE04D0429503D92FE7563957C7C86AACACEE57B930BFE2137FFEE
S31AE04D043E8CB5AE0704B78CE4E3ABB88009B028E75443928A8391
S31AE04D0453BAB31DA5418CE238A4325BE7D9CFFCF51B840DBBA093
S31AE04D04686174B473634DD009FD7BCF7EE76427771349D2F2C930
S31AE04D047DA4D5DE0A1D1F56206CD2D41398043FEC1AFE1D22677A
S31AE04D0492CD9BA791654354E7B45F17962772D2268FBB11384477
S31AE04D04A78621A0C0E45B551659B5404C088D26D8E17A0EBA0903
S31AE04D04BC6697DFDC868DC3768B89D68303991FFDBFBB9C80F841
S31AE04D04D1F1A4BE23BCF87119C5EFB04DD5A35591DEFEDAA1F5D4
S31AE04D04E6035DD560DBD51F1B6171678A2579D0C481C84871A4B4
S31AE04D04FB6AE9C9042B7A7EF7A7B6BA7280E545587632B6D6D6EA
S31AE04D05109B48DB8C4F0D3C29B960F48888870BC35212332B6DF7
S31AE04D052530EC1639382004E41B829F49DD9608A34E7C22A92F7C
S31AE04D053A82A7001E6B8D01FC1E3FBD599BCA43B61BD7127A27C7
S31AE04D054FC96EDEAE6762C84BE400A4CAC57E75B0640A7A3CF7F0
S31AE04D0564693B1FCBED0432FB917E3B7851A3E8EE4ECFEC1A7D77
S31AE04D0579782024AD088E9903372B25C8BB60A60AC731871C0AE0
S31AE04D058E2A6E268E1B022263F47F176478363C704C062D0371FC
S31AE04D05A3C93857BD1F12535F1E4493EB0D5BD4EFC5CC87B4AD94
S31AE04D05B80B1ADBA9833659B3AE9C5A47158C6FCE55000B8426BA
S31AE04D05CD5FEB9F3A9CE51CAE05C01E453D40E8FC844EBE0682D7
S31AE04D05E2897933E9A16D519590FA9C6D377193878065A899CB79
S31AE04D05F745FFEBA2F79BC9B49ED749A9E1BFD90BCB5FFEAF55C5
S31AE04D060C25C8BAD037C4ABD7176A9F409E75CDBCAF842548E036
S31AE04D06211D3BCF193D010A3099EA4C2CEF50A89217E53287DBD5
S31AE04D0636F34D43ED841F9285596001E62034E1FCAB8AD94CCD5A
S31AE04D064B3BB50F83C5126AED8C69223B468613BD914CEFB7390D
S31AE04D0660408C2DE86771EE38CF25E1EE1D4DC471CF5F1A018E3A
S31AE04D06758C871E31DA589F1F7B11D83DB107F005B70E861D0332
S31AE04D068AC0F892D18F6D939F62B136169FC643A6980232C3FDA6
S31AE04D069F82ED3DB8BF60EE18B685945C20B5007CC00B8EA6FF10
S31AE04D06B43FBB5F300620E1FE8982EB2B6BB7643EDEFEB35CACF4
S31AE04D06C981B47C0C4B7CE810E4BA0C88FE9AF282D134044D9F3A
S31AE04D06DE7057398279D0ADCBFDEE8CC7D2F93CF66DD8A35CCF43
S31AE04D06F371BC4FAF22AB9776142E394CE2ABAD9771D073E76522
S31AE04D0708A9FAB3F93388CB2ED38BE94E7B0085885A140661EEC6
S31AE04D071DF9FE17966896824863C5CA80ADA185930CCCCB6360EA
S31AE04D073210BD8CBF96F85149455843944BE81356FF4353B4C224
S31AE04D0747ADB58A027DE0A5EC719795338D85F6F3BD96BEC007EB
S31AE04D075C1C33C07689452DEDCA845C606D801893B113FD81BC48
S31AE04D07715D10EE089E533079AB2F53787A000C05EF0B4F2B7D22
S31AE04D078667812F95F7F60CDEED38C4C4CBDD2F2262C6276C54F3
S31AE04D079B1D0AA9C128B50643E7E7F4D981DFB43935F8AEAC31BF
S31AE04D07B0913E0257833D6660ADE97596C2CFBF50C32438E15EB4
S31AE04D07C5C447BC520F4A0DAE00F166694AFBBF0F22003617027B
S31AE04D07DA668FA6DDCAFC263FC9E9BCCF5C77E30D71B9F0F12603
S31AE04D07EF3065EE776C474C5EC4C5D08589B7F25352D6842948EB
S31AE04D080421A3D7D9ECF992F46856DFA485EB3F75B24704DC5738
S31AE04D08194DD0F7780D056BFFB399A3378C8236E171FF157CE95A
S31AE04D082EC951A340507AA080AB3EFB02E15B3EB5D1BCA2CEB0D9
S31AE04D08439DB9CD77574206E4DC06E4FE9C9DC9B87271F887BBB5
S31AE04D08581A571772DB36A2951B27E91B6F8430DA4B652434F3D8
S31AE04D086D1CC394F2B853613FA2A0C2D17D656D47FCE48B2B0131
S31AE04D0882C61BB55CFEF901A9D379DBFB22624E0DD35C47D34F02
S31AE04D089740676FD697FE2B939E94579BF2E2FAFB7C8ACBECC36D
S31AE04D08ACA84ACA03906CA212E8F2B27FF90080AC6AF9F5DA63D0
S31AE04D08C16B0F767A1B349104D80BAE7FD2E4FE6C8EF607878BD4
S31AE04D08D69374D0651DA6AC3FA0078F92B64AB909445993A3157E
S31AE04D08EB19F7C1AFCEB5DB086913C3D4C17727329E6E5BCD5CAB
S31AE04D0900BC611100F0E6BD8E1EC3A5AD3ACD4B41C9036003F873
S31AE04D0915D12B05D9780AFF9847A20C4A2418F560D41E90857C54
S31AE04D092AA882433280314542C7D33E84D4DEB9F40173B1B664B4
S31AE04D093F3D547E363ECCF38CD99744DA6498983C7D235AB73261
S31AE04D09543C8037F62C63155041E7890E18AF82EB4DF2ECF0551B
S31AE04D09690356DC4D5527C800E1FBD8C6275C90B6A4F9179C7D70
S31AE04D097EE8B70A45DE674AF643D5B214EE56D65E972F5DC11B69
S31AE04D099300DFA79FC68865465E772268B0FDD396A95B4D6CD4F8
S31AE04D09A8D7F440A61448BA7DE19145D6EA30C8765A735D475D10
S31AE04D09BDBAF7C900CC5F442AB24D52835386B3D3182C42E82618
S31AE04D09D22DCA9884DD82E941DC169B571345408B696ACFBF6B6E
S31AE04D09E7E39E0C24B0B4FE48F3C21C03215F64B34FDF424EA4A0
S31AE04D09FC39CC3F2CBB6E834207796C07D03802E394C4D466E201
S31AE04D0A11DB8B7592F667829F5EBB08B24DE4C62F789583C32D39
S31AE04D0A269B459ADC2EE28AB7412E307C445F46807B058E125AE3
S31AE04D0A3B7E4CA9026B9396D850E672D1D44B53F555739F9CBCF3
S31AE04D0A50DCFA37C7C223F11CB5233A7378E8B735AB2CFA2F685F
S31AE04D0A65D4389B1FB086C7FD60556359D2CFFA2A0BCC08577BA2
S31AE04D0A7A9D6E9A21B05919E9C96729C370F2B1553611AD4CD2CD
S31AE04D0A8F6E07FD721A7E6F7A01D34F18F8A2E5B8CEADB349666B
S31AE04D0AA4A19F6E495B4110581569D86A24A267166EF6DCC5C740
S31AE04D0AB9BCED19DF739726EFC054538D8C5961A3EE1A5EA47DD1
S31AE04D0ACEE23AD64AED67FF67B8144B248438A9805C6BC1D7AFBC
S31AE04D0AE306E5B028B8DA19C2FE42703E3E9D384A567FDCCFD8F8
S31AE04D0AF87281A8EDC22D821AF066C78FAB5E0DC14FDB41F86459
S31AE04D0B0DFA6129FB3120FBBA3348862A212070785D90FBDD6E94
S31AE04D0B223C58DD360293A31DBFD517750B4932693305EA2F73BC
S31AE04D0B3756840AF29C3D7722C89FEB0787A814BDD93CA1240AF1
S31AE04D0B4CD3FFF6744BF855150FBA35E58F933D44FB3DA5F90715
S31AE04D0B61F0C13B4A6917ABB6C82C0897F2204F9042C05CD8106B
S31AE04D0B766EF79E84E5F9B969C3F516FDB8945931BE6F60F74348
S31AE04D0B8B8F078D6C6B09FA9C29362787073A884D2F328E400E29
S31AE04D0BA0E74B4E0E8D6943FC780D8FD7CC06340B672B410BDE92
S31AE04D0BB5D3A188BA8D5D977D6E1E33610A828F07A33F4A5EEF89
S31AE04D0BCA922C567CA42B4DC0CCB2D81FE05716F092F5B973CF43
S31AE04D0BDF6859E87E81F28FA7C1E02BED77863E97BE4A18126AD7
S31AE04D0BF46B81140EF14A35A11AB8F7D080E780B519284034B000
S31AE04D0C09A923FC95FD5F12E526E45E52F228012ED545106265FF
S31AE04D0C1E7602846F6240C3299A0AE2B38DD5DD4C482F5578B9D4
S31AE04D0C33F77C8B9A5EE20320AC7C7B32102F7D6C61D209DE5710
S31AE04D0C48BEE6027D34331BE71AFDA71CEB7E4CCB16B59495B2D8
S31AE04D0C5DA6F553DE9CE24342478C52575F6BFC4DC95D044A95E8
S31AE04D0C7241FBA3E133F981387F4DDE93C502F1C4FEBC90A95396
S31AE04D0C87EA675E560C40390FEE08288CC060BA05E7407CC56833
S31AE04D0C9CFAC22E776EE61207679923A940055C4E8A4685AEE69E
S31AE04D0CB137EF703968A89B8CB962CCEAA314B1CBF36826E71A6F
S31AE04D0CC68D4C9E0935D547F015516506920E2DE8D562CBE1A21A
S31AE04D0CDB7E4EECEC26AB77A09DE2BD35379156B14997A6EBDDB7
S31AE04D0CF078AACBDB3DC0877DA296FD931C579DF535B955FAA346
S31AE04D0D057AD3610B89BEE5BBE9634E91724289FCF2906425CFC8
S31AE04D0D1AC4EE44FF4989460E409E45B52F24BF671BD4A58AF215
S31AE04D0D2FC64AAEB46B0017477BEEF3310F90E61609E52E753751
S31AE04D0D44077B9B62432D52A3B5B308EB50FDE8B18F2AD79080A2
S31AE04D0D598A5344A016A3A0E6859B7F8F703ADB833FB7C24C8A8E
S31AE04D0D6EB23133A6161BD29C221AF0B4CEBDC50EDAEA12973AFD
S31AE04D0D8357B9E2D0CE6636764667AD856A7D63CABC660B7BC526
S31AE04D0D98A6F80A117235878AC5C867A0932B7FDE28EE5DDD9112
S31AE04D0DAD8FAF57B4CEB852B72C2F107E56E05846C8CB17015767
S31AE04D0DC2CF911E65416615F1D5B16D4C7C216E7859959A089A6D
S31AE04D0DD711DF498F756FBA4658D5BA1116869EB570FCA93821D3
S31AE04D0DEC2D5E937EC21AD0F2E284394C240DA58F30475AFF283D
S31AE04D0E011885B0D41985D175D12977C8E679EC1D453ADA050F96
S31AE04D0E16CEF58E044C5F26E57074B02D04A09DA87139FF4AAC40
S31AE04D0E2B4C42B3DFBB6EEE5D626FFB9CE0F8E07477856A982237
S31AE04D0E40514175C5F7010EEEC073B8A7DFBBD7DF230BC68583CC
S31AE04D0E55086D0989BDA076054E05866C39C314D4002925861A5F
S31AE04D0E6A1E77F53F9E2FD5E32B35F55F33FD6D350EE781F0FF07
S31AE04D0E7F049E7EF6A2E28186CB1E49954825E92D0826A930FE3B
S31AE04D0E9451F3E576C44912302E0D5E7E702E17121B0DB793E7F1
S31AE04D0EA9C377BFAFF65FCA601ECC20A491532B7380D8D452E349
S31AE04D0EBE4C89A7C7CF454DE1B1160AE62005305B17CDB3307CBD
S31AE04D0ED321F5F5401118B21E3DBD288859F9BEA8762F41B4D8BF
S31AE04D0EE8D09FFC92FCB2CA5AFC28A6BC21F6A8F20CF303AC1EF0
S31AE04D0EFD30ADED4EE11BE24D8353F7479345A522603F6445F37C
S31AE04D0F1232647D849F4F3D6C131D3B3C7FFFE2B0C374230997B8
S31AE04D0F273E967E88C69911DED40AD30F388C5D252C64C3E90D0B
S31AE04D0F3C968C39F5A694FB9FBB0943BF119F72B6BCFBC50141ED
S31AE04D0F51ECF5776934DFA26149A1B08A0752C681D1835F4D2598
S31AE04D0F662F7E6BCE888FCC5A91D41D179722ADBB159E71221010
S31AE04D0F7B68D154A63BB1C94D7DB2E5204441CFA9E271CBB8D121
S31AE04D0F906C1FDBD94E02DE72E79638827D4A6EAED83EB6ABD8D1
S31AE04D0FA55A7393FC397B9A4E142FCD734EB1E0612C18B8639951
S31AE04D0FBA280D5C2CBE16AB6201585CB075AE1693785953AAFF53
S31AE04D0FCF833BB1B778F28BDAC7DA3E09291203FE9CC3A9A1BC5C
S31AE04D0FE44822C9A23256D73C1E9C74A3E75617198E7C9AD8019A
S31AE04D0FF99F54EDB467ED0FF1CB0A8C6BB86B4994672B6E287D57
S31AE04D100EDF36E32D9582FE6505D3580FC8E51488ECE51BBFCCFC
S31AE04D102351E991B968AD027E713B6F6EE983AE1D9B6EFCA5857D
S31AE04D103890DBEB59A377097655217FB6D8E9619AEFF87B5F817F
S31AE04D104D0D7FA724E1615943E5E94BCB6051E834ED72D8CD1A57
S31AE04D10626D1559C306A12D28A2DABB0C500E866E323B0D989372
S31AE04D10770DCDC9C8A9FBE94ABE8BBD26891647DD55BDCB83F3AD
S31AE04D108C17C74A83A5D32AE63E95DB32B2CD5B685013ABEE4C7F
S31AE04D10A1855D37BA5042ACB979506B93FAE804DAE5527B3D2A9D
S31AE04D10B6E99026ACA270B5141BAD185E29F3F59EBED90EE7B59E
S31AE04D10CB69452BE79370F9569395CE2CB4D3A50A091899880130
S31AE04D10E06D40A65EB9EC20A3751C276FEDC4C228F5FC6DD36B51
S31AE04D10F5A46B5B1A482489CD7049F2EB817C4E21FC004C3E42A3
S31AE04D110AE08849D0A45BE83B8FE8EF0B561420CE88A1CF765F64
S31AE04D111F1E563FD8AC65B252DB4DCB7A0F5493B30C0DCC722754
S31AE04D1134E019B24FC145468B3EE6AE41845271709DB03954F30B
S31AE04D1149164FB7988883DCD50EF108363694B7D70AF4F8598387
S31AE04D115E72CC3644BED26F490824B899F17C9F6F9416ED474A29
S31AE04D117312058F24B65F6E159112476F639C4D008C7054A51A1E
S31AE04D118884740A84722F7B239D63846F74226425F28D88C84633
S31AE04D119D807A6B8FBA831E0C5922F066177192C97FD67D6001C8
S31AE04D11B22F18FE038D1862FAE163C6129B3E6C475830AABB8097
S31AE04D11C77E973D39C55A6EA93ADCC7D4F6E8349D99CD207007C2
S31AE04D11DC1EB867D654C921B9A7A7A5317B09A37500B627AECAAC
S31AE04D11F17FE712FC38C6BE924E78F947923F4BB29AED32FF7EEA
S31AE04D1206DEB2C105ED43FF7A0AE3B92BFD90F3E1EA660D079A71
S31AE04D121BD43078D934615D52B22575E1DC6BB88B1F48D530517E
S31AE04D1230613009645F1896101F6F87ECF2A2F9B460C1687C45CF
S31AE04D12457BEE91694DF46291E097CEB396EFFC48D269CE761A70
S31AE04D125A12FB3258A7E17E584A4FFE6F38A17F63B3DCE15827A7
S31AE04D126F4DD806FEAE4B018A5B472D3804CBF1B5FC1379430A39
S31AE04D1284051A6B76387E666C6A4DD786457662F23DFC15EDE359
S31AE04D12998C23D0F88B9C46FC858447A3C708BA9521C03801CC36
S31AE04D12AE2D905AF9C39B0F8E0262C4BA965343889E53AD6C410C
S31AE04D12C3A5396242797E0A217457EA9979621900D3DC339E225B
S31AE04D12D8102B2358F5E79FC19201F6540BAB42EC07DBD517EE5F
S31AE04D12EDF6838C5DE6FBF28D27F87DD6F4C1511DA88CF45500E5
S31AE04D1302FDE3ED05C17FA359DA7DD1C17B38021D6711140D70D1
S31AE04D1317F80506C32ECB15B0F9CD8789CEF4AF228EA9A7178626
S31AE04D132C76B5EB021399424F73674D1D6531981221D0B2ACFF52
S31AE04D1341F5F020D6F47764FA0FCF562B80E3812E18970BA09461
S31AE04D135618D65AFC85F6B2490548A46FB52854B3069EAB4B8136
S31AE04D136B9223B60AC4552DE9ACED78AC05C7DEC58261D7F28D31
S31AE04D1380E6846CADC67B58E0F49D17D2693FBF6F2B68A43CABBB
S31AE04D13951CAFCF54C5A566B54072F5E229FF6D5DF83A94667482
S31AE04D13AABA1463E82C35E1C52D02DEDA9D63FD88AEA58D6C73B0
S31AE04D13BFCEC0D10117154699BB4E4D2EF77A8DA7B84E8FB717EF
S31AE04D13D4F3257B38593EB573D88660F161DDF1996D3CF25C5188
S31AE04D13E9AE1AD51F08E0D974465877597CF79D67932CBFFECB9F
S31AE04D13FECF4C0F6D1BD1DE5876BEB1AED2F15FD76F771DEF1D53
S31AE04D14139681CEDB6ECCD095DD5EEC741DF53EDED8B6100B2F91
S31AE04D142833E2A7F0B2FD5EAE5B06E0CA62DB8E72677E38590C4B
S31AE04D143DEC998A7EC3C9AE1B108E0B30E533EAEF9460D9B89B9B
S31AE04D14520AD425337E587C993C71D2167B3781C83E6B633E3B1C
S31AE04D14673AFCA46997A6606675FBECEF2C358B16D068BD7F2B0B
S31AE04D147CA7BBFC071CF146E7722E9D4BFC4A7ADD9DF18AF2EA70
S31AE04D1491373AFDEFD4D1B43ED853C08CBBFEF87A2DE20C748D61
S31AE04D14A61AA643101FEFC60E4CC7BF9AD1B7A0329EC55351B686
S31AE04D14BB1448D962E02072465A1951C4434B4FB29A9D7C19F6C1
S31AE04D14D06B32297C2EB9A33A058F56BBCFE444B93DB20A775DAC
S31AE04D14E57BA43F581DFCFAEF2C1875BE8D5E1DC55641BF4D4CD4
S31AE04D14FAD1FE50DE523C578529A029BBA4D5331FD5BC4E1EDDF1
S31AE04D150FCAED005E092ED9F1AB7609CF594E1ACA199DDB05BAAA
S31AE04D1524BE04D8DBE6F4D461222518CF65709DBB7523772FFD65
S31AE04D15392E731D62CC534DEBE33397026A0A6911CF67E0E63C1E
S31AE04D154E4E5A0B49087C873FDF912CCEE11AECC30B9D422BA046
S31AE04D1563B06E94CAA7B69D14410B73587FD6C45C426F1C2255E6
S31AE04D1578C607BEF77E44EEE9FC07F1F6E4F714449A320E6BD6D8
S31AE04D158DDE0F80AE25D7ECD50AE2EEDD6D6B1D536D85F3115EEB
S31AE04D15A2022A097EF86D8DE59501B586EF3209B63468D44915F8
S31AE04D15B795FA25D93C7EBD4D3B48248889C2C10F40505CD25D36
S31AE04D15CCA163FF03470AAAB003BB1D18438A939E74172BC9F7BF
S31AE04D15E11C54119B69F8380D2571C218BC031CD8A7175C580467
S31AE04D15F690D4DC82B344C9A57B00DB3639AF857DF69E9AFE7272
S31AE04D160B6860A43635D2D3BB64CA5E15387F6C63A0B1C95510BA
S31AE04D162084411B1A9E979DA741F6483CDDF9A2696A086ED5E7D7
S31AE04D16351ECBBF7570D13A66F77255D673853705C7D21850BBEB
S31AE04D164A5E51A20ADB5695F99379076FB2C0C86190FF861BC62B
S31AE04D165F8C91A4755B741A71D751B74ABE81E36B805F56421F67
S31AE04D16740B2ECA5FA36EFE56CEB7DD5A875D1DB3EB96920A5E7C
S31AE04D16894DEE08FA1321809EB6352E8647B49D86B55D647A0AD3
S31AE04D169ECC542A61418D87E38091E4DEC9ADA4D6A3F08647F20C
S31AE04D16B3A536CFF6CAF466EBAD70FD631CCB962BF401117A0497
S31AE04D16C8ADD3E971CC99D10D206F9AA3729F9F0E665C71C42616
S31AE04D16DDB0949BA0DCD70A6D98FF7E95BE31A5E316D11AD73BE8
S31AE04D16F2413A991E361B3F8B6900BEF9CE68F0363E1FA88A193F
S31AE04D17079946CB150324405B8C8C545D0A4AB94553BBDBA5B8B8
S31AE04D171C64EDFEA959F4C51BBC53E2BA5A0A6216EC956050CBDD
S31AE04D17310896DDC4275A06BF5F48AF33EA7D51ACFC1189FB97D6
S31AE04D1746A9B0ED854E2D702B93365CC9967C16BF77DE50FD5AA9
S31AE04D175BBE5252E66BDEFC8E90A8FEFF3276847EE6FB52E759D9
S31AE04D177040E72E97F2301B8B1C0AAA3764A8CEA218CC38E423D7
S31AE04D178542CD6172E09B378E385D851C93B939947FBEC47865CD
S31AE04D179AF886DA2C520E39178868D65AA565E91B5D3A82661511
S31AE04D17AFD2B7D72555A41773E49BFC9743FE8B174B2FDD3D1D44
S31AE04D17C474BA12BA3BE0D506DB2E413BA688EE8E6AF03C84D7CD
S31AE04D17D96232FE95C76B25A100FDDA1B314666B6459F4F318D33
S31AE04D17EE03BCA17B13480DB8A20C00FC2C1E4C7AE447A54E4E92
S31AE04D18038F68FA0EB94E2410DDDA20B122E48CBC8E1C9B63568F
S31AE04D1818178A1DC579A281A186F34CD7BBABA92B9E6DC132EE06
S31AE04D182D89D82288071FA6BF09CBF58EAF4BEC749685B92A9995
S31AE04D18424B5FEF64D713091857800869BC58110997119007445D
S31AE04D1857D4887E50B5B0CC1CBE32AE45E078921FD8D3DD4844D2
S31AE04D186CBA6A359DD8534AD110D85C165F878673C4AC16F19BAD
S31AE04D1881BD7578EAEEDEE193E968BF874652AAEBD4B896D8127B
S31AE04D189625A7CFE79EAF8AB86731F6E73019E51C47997FD941C1
S31AE04D18AB2CA5AAC6CCA0DF1EA63098F8C07EDF4E31C14ED7C1A2
S31AE04D18C09F61D7830174C6552518F1D6540162BD81DFA2BC427E
S31AE04D18D576273DA55DAE0A7C752D4EE23823527E6CA32AFAE7A4
S31AE04D18EA36EFC3D0AF8DB546D42826A2604288F67A583E59B7C3
S31AE04D18FF63ABEA6D5FACDB93BF8F4112128F6EE17DB2D6AEA9D6
S31AE04D19147D090DB899FF4FEE428D01A6AB2E4EB5AA77B1616284
S31AE04D19294B2CE0977A58538B18E5F04D3FCF266F0880ACF14F87
S31AE04D193E6FB84665D532A80C95B0980ABB355F2D1F8E93555686
S31AE04D19532CD8ED3FB98D55340BC268A4B9181C81245CB05C3D3D
S31AE04D196801614B35DD9CBEDA3B83816435BC178B02F91B27A52C
S31AE04D197D24939C8E8862F4B80B9DEDD14214CAC9DBC606018B29
S31AE04D199295CE395FA7B70C835B1C8CB3F8E4A1EA7853B7E13372
S31AE04D19A71C7AB60829794BC59E502BED2AEF1ABFA98612B1D434
S31AE04D19BCE7260D63D32B7B7D1CFEED89815BB57B16526C32AC22
S31AE04D19D16931B4A73215806A796AEE448B3155CBF8D8E3A40759
S31AE04D19E670A30B482AF9DDBCBEBD505CE73D84E36A341FF0CB6D
S31AE04D19FB85E97016C16095570AFD4EB2EDA389957C4596982CD3
S31AE04D1A1097953ABB0D1D1C9947FDE3ED306701C569792B4310BD
S31AE04D1A2582B4ADCF44D4086DD4ECA21CBF3B863CD7F003F67EC2
S31AE04D1A3A44D53CE9970230C537B2A675A625AEFCD1C2B4F2EDF9
S31AE04D1A4F13D3FF6F5C6277CA9F60B5EAA201D9AC4937A913DB1F
S31AE04D1A643EDA86D8848FFEDEA1C51837CAF9332F48C0E7CB47FA
S31AE04D1A79C0569726ABF55AB75C3D54E8D08FA9244EDF17689B59
S31AE04D1A8ECF387F3DCA7514491318A85805B6D51262D77574635F
S31AE04D1AA3CA76DA869B299A67F47410A8FE513AE9EDD1D9739F5B
S31AE04D1AB8954F1B26552EBD6D7BDE128870A7D482A970B3BCEB41
S31AE04D1ACDF4936042B04FDCDF4E94598CBFA5A68431294D0413DB
S31AE04D1AE214F67A911B481BB12AAEF332DC819F232F8A129638C3
S31AE04D1AF7B33AD7B8C7A5E1440D9640D61FF983CD6505869841B0
S31AE04D1B0CED2951F318D0F3B9CF7081C48B983185B72FA16788D0
S31AE04D1B2132DEBBBD7058A8A4F8BEA4986BA210580B84FC65F198
S31AE04D1B36BE3B2F552975A4E9D5A20E42EDB35166345CE9203DCB
S31AE04D1B4BEE963A860D78638497DA3F3DC77D58EBDA9E65628A65
S31AE04D1B60EC763048BBD4CC818F5BFA2505EF7AC8A5FFD7AC47DA
S31AE04D1B757FE9B9132434296D88CC5F594E8EB38ADA20D244666B
S31AE04D1B8A2349C71F1F061B95F9313CA18B48B2DBA5F63F0C4758
S31AE04D1B9FB8ED6435EC15F77BC654B06F98D4F7B72130E0E19652
S31AE04D1BB475D5F9DF75DA8C6A949B2EC01A49F82045EC469813C8
S31AE04D1BC9AB7BC5100008C786CCA3A412995A3673C4120EC58694
S31AE04D1BDE9B5E2DCB230E33122C530E8D5F6B653F71C279D62F1F
S31AE04D1BF35258AAE9B59B1963A7EC32521BE321AE9D025015F9C0
S31AE04D1C08ED5A21FE315ECD140401FD2DC296A6031A8545EEB408
S31AE04D1C1D12D3DF253E55D2F191C15A6B75F17F3CCB1BB58B10D2
S31AE04D1C32DC24FA3157395B36D36280183746C4A5BBB2351C832A
S31AE04D1C478BD97E42AB05A900DC505C19248B5253A8178B900702
S31AE04D1C5C89FE654643DFBCBD9231CC371B2EF558AA18F8581AEB
S31AE04D1C71F16465F3D152F70AFAF6872E82BE92B2ECE57F001AC7
S31AE04D1C864CD4B30EE25ECD57E7FBF6B7369F68DB2DCDA319462E
S31AE04D1C9BB92FB83049A8DFB2ADA0B1AA6C853FE8876E2337B3ED
S31AE04D1CB035DFD65A3DE243D29C139253C84EB1751D3A8E4A383D
S31AE04D1CC5438F27DFB3C666FFB8458F506683C9D1729FC232704D
S31AE04D1CDAF2D3159FC57482CC43745B5509854CFCB83E558DBAF3
S31AE04D1CEFFD9751F770CF0273CABAA8DD828B134AB64CEE410079
S31AE04D1D04F754D049986277907D6DAF9534266FCEB7F37B90A414
S31AE04D1D19CADF2D395EC9BDAAD0213DF05D98C860D2AFBDD1F3A8
S31AE04D1D2EFB803EE50E2C77C1C74EA270A076AEA5AF1637DCBA3B
S31AE04D1D4388FD445D91A86C9FB2C55D62D6F1485E1397B7DACC44
S31AE04D1D588B738C4D8831C51FF137234A23165ECF087D74D0E922
S31AE04D1D6D4D5E1C8636C2863EC707993334C7C193ADAB1CDDD417
S31AE04D1D8283FAE32A14FE1F1B03C805DDE1333E507F6746E0796F
S31AE04D1D97F1C5802E603AB333B9F4ADC7B1C3B2D57A41200A8A95
S31AE04D1DAC0ADB1B70C54E7F2D11B13B383EB817377D040AF58146
S31AE04D1DC19BA25344CA5E214DC6078D4B17D4C9D85BECB19DD3D7
S31AE04D1DD64D99ECEDDB19924D0B37C1F759A30D76996650971BB9
S31AE04D1DEB06DE47A07B01A50C8FC134D4CEF6E0E189138E375D1D
S31AE04D1E00B97889FD993CC7D409E22997D16F11FE9B44002C630B
S31AE04D1E1522EF82C9E150FEFE8895C8E926AB96E7662D86D57D75
S31AE04D1E2A97DC9A2018E2FD68F541BE35D16EB658550C11619704
S31AE04D1E3F7D6B2BC89E5DF5C97F11D6D33F7F0ED1422802D7F6B8
S31AE04D1E5443BDDC145A31D57213AAB84FE2F3D54AEF911D3C8073
S31AE04D1E6905B3E01173DFC70AD6D0D033309EE2BD3569B005DE1E
S31AE04D1E7E62BB8E4A96E95C054B04D8A52F32D655F1219D4D787B
S31AE04D1E9339941A6C816EE3A199AF6F08F926B006FD4FBDD98843
S31AE04D1EA8DD966C2107A90530E118CE41BE177B70248BB720DFE0
S31AE04D1EBD3B9B588C1DDC8C3CBAB1397324DC5B9FDA4E7841264A
S31AE04D1ED2CA4C97DFDB4F1F52823CC55E5F79971210FB88A731D4
S31AE04D1EE79A93EA0CF537CCEE9FD24375596B97AD6D34E6894C1D
S31AE04D1EFCE6E8E1A3F712222129BCF0270DE50D719E02D7132AE0
S31AE04D1F11F77D0E88002800BC658F17C1DAB729D5B118804D1C8D
S31AE04D1F26DCBB3113787BC003D2D30690C682F242C87D89C3DAC0
S31AE04D1F3B0006D04C7C846F2C8A1582DB653DDFFD70841A18C041
S31AE04D1F50ED68955FB3DB03E38FCB414456DA93758406AD6115C8
S31AE04D1F65DD5E77AFBAAE21F668390889FDDE1D6D678CEC669FD9
S31AE04D1F7AD881A6CD75743DC26A285042A8A0DD8DD413474678A9
S31AE04D1F8FD3F77775B59A4E947F8891DD2CA306A39F0A1CED8400
S31AE04D1FA46CBFCBC26F25811D31D57A01BCA1075DD415DF03F10D
S31AE04D1FB98DDC05933AB37145668D8697A81BBFF4EEAE591EA102
S31AE04D1FCE8F2EFFEA6CE98207A185D8773E9975894246DFD56F52
S31AE04D1FE3CE680459F3A9E1241472E2502C9BE81A4A2C42AE2378
S31AE04D1FF864C2AD0462D494428901C5DB97E88D50D391D848CEE6
S31AE04D200D4A01478A69A136C8ADD0F3006A5F9102DD41C8606BEA
S31AE04D2022732FBE766DEE764BA28E976244A9F3D4FF1D72F9958B
S31AE04D203724CC6DE7FC2F8A3F8F196F470FCB217FAAF0A01848B7
S31AE04D204C34931AD9543084A06640FA582BDA19ACF8AEE67E8A94
S31AE04D2061C93BE2F678E5D878888E97FA4D61EBA3BA84B9E8C12B
S31AE04D20767AE7990AFA8CA64AA60E27C824E809AEC051D23BF72D
S31AE04D208BE8D61179ED43348CDEC60AB34250F200B697BF0837A5
S31AE04D20A0BEFF82613571CA7BAAECF56DF5A29A4456E217E02FA2
S31AE04D20B5F20E93B205CC9BF193EED513BB2DF31B7DF2F39FB928
S31AE04D20CA247D993827AF24920E5B2AACE337F9153695182E3F19
S31AE04D20DF346A8D7BB7BFB774DDCE756B68C2E2A22564F208ECCA
S31AE04D20F4E52E065667EBCC1D4A67568E3DC826CDBC81A65F59D2
S31AE04D2109CB75D9A2BC3A569D406BC9B3BBBA38AB0182924146CF
S31AE04D211E916252E03D606B1F744BAED5A9905FB50AE1C56393F8
S31AE04D213365C7ABD0895A5127051CD3E5241485D0E927B504FB38
S31AE04D2148A3CFE6439022BE226ECE2AEFF2BE07616228B06F1AF2
S31AE04D215DF559A37D63A076A4FA6DF4EC2CFFC1CB3B4F3C2B635D
S31AE04D21726F7A2477951A4AEBA9AAEA6C992DE0EBC4963746109C
S31AE04D2187D6721FEA66E1B5D59224E32E690898D1DDB4503B0B26
S31AE04D219C5B1E4B270395A4BCF73E3CB54CC9DFAB59140D9FBC7E
S31AE04D21B11EEA117DA8FA8F32162FD521D67040131E781E8F12C4
S31AE04D21C6C348EE2D4DFCA963E765AA604B58A3A212DF9E617CAC
S31AE04D21DBB6877177B5CC01BA4E05F2E12B0D5026D3535F3E9133
S31AE04D21F03CF08882DC3FD3E4745E46B04B7BFC7BEBF00F023D71
S31AE04D2205ED6DAD69AF639A9965F31826989AA825495AA743A218
S31AE04D221A14263440AA6547BF7EEB7C9AA5345D8FAAE640CE597E
S31AE04D222FE3367962B96DE5D1E802B49D4C5F4D1BFF282758B5EE
S31AE04D2244EBF590EC96D0C7067C58CA2277BFC2FCECAD8AE148C3
S31AE04D22592F51690171480677C506A911AB29999297F20AA62739
S31AE04D226E916E0A40D1BE0771CD76F2BAC6E7B2B7839C10F4DED2
S31AE04D2283D7A2139FA1DEC149A4CD236D8E8E8B37711168EAEAC2
S31AE04D2298F906BB0695D93B845E28CBB61C799F42C9CE8BF87703
S31AE04D22ADCF6972E8E27B5E5441EB488D20E7B328EBE38E2F5189
S31AE04D22C20293299607E4081209023103633B0C8C67F88EA57004
S31AE04D22D721A4452EA6AEAF678BC0775DB98806560EC46F1EA062
S31AE04D22EC2C4467104727782B1E289DC56EC2C30BB6452F9F59EA
S31AE04D2301E9C4403FB521D41CE7494135209A9F0D77991DE9720E
S31AE04D231674383584F41AC28C8EE83B2C4CD1F77D5CBC527CDF8B
S31AE04D232B5A2C42C5D9C0FBF65088FE868EAB2A99791E8E153889
S31AE04D2340300BF98679952660FACD9907737AA01BBE160D3E8455
S31AE04D2355DE84B1C5F2562BE36698A73B1AA4BFCDC52E2F48FC82
S31AE04D236A9F10C6DDC42929794D621370550C24C48F30FFABDC8A
S31AE04D237F3DB906C05D3D08D2B5D4716324A37542CC9B95CB75CF
S31AE04D23948E155848EE39C97A811209DD641DBB0232C4F4B6C637
S31AE04D23A9B646BF760B31C73BBEA62CC828196BFF7D4E9A9E4F28
S31AE04D23BE805D7E5B302481203FAB08EE0FB3C6AEF2D2FDAD2286
S31AE04D23D3D3BA1BC2A8B70AFCB97B0CDCF42575017A8A77CE41BE
S31AE04D23E82EACEE4FBC21889FD9BA6568F9EA7B515C1F83EB9CFE
S31AE04D23FD947C1A832657916962F7A78D1FC95491E691C50B9A39
S31AE04D2412A5C704F344105991B3BC5AC4ECB5FBEC2F8130D07BA1
S31AE04D242715A998A8F627126574839C8C44697FBE1A84E1B3A5FB
S31AE04D243C297F46083B276537935EA1D769D38A87FB0921C49D28
S31AE04D2451359350709A0359B1748316DA81BD8CE6EA93258E57F6
S31AE04D24666E66F8D6C9D01F86A611F5887DDBF0624091FD447BE3
S31AE04D247B12E3E3B0E9C5DE03D90633B394C1A4DFB7ABB231C15F
S31AE04D2490479F025BF6639B215ECE9A27F94D6A02297ED7E7594F
S31AE04D24A5B84196A2C8DD0C4B61EB7D17D1BF54045BF5E6092398
S31AE04D24BABEEB79E6B59F346324B3060F361AE874B16E8AD37E55
S31AE04D24CF1931471074236B4012A4CAA431DD37E8BB8F4A0B846E
S31AE04D24E4462EE99A65521810299A2595C78C557C57551A3C0235
S31AE04D24F9D616249ECAED6BB3D3BA97FAD1925DFB9AF1786B4D84
S31AE04D250ECFADD58AF3DF8AAB5B8E1B870BEFC401B4B362AD1DC6
S31AE04D2523766C4D1615753B4E272541D7B1DB493F3B2C8075291B
S31AE04D2538793655A240FDD2EB9ED36C8A7C9F6BC997DE9CD2A77B
S31AE04D254D6B29D5E0B72F80C9E7312A13FC7DED167DFAAC6F8CDF
S31AE04D2562EE82EC5452D36CFD38F942A351F0B9EA4A8EE28A397C
S31AE04D25770239CBB14EF8AEC8BA3019C167F16A2FCB6856BCB8F7
S31AE04D258CC6EC355C3A8D8EBBADE560AC8DEA13757FB2F4BF9E95
S31AE04D25A1F44E14566D84B3941F91DB14641C2D3097531E1DFB72
S31AE04D25B6B4FE44F4FF554D1138C16E586C72A2509584A4528D16
S31AE04D25CBEAF3B04A037716D268B31F7579D0C2D5842A6B7DF872
S31AE04D25E0F28C2C219546FD4A3174480D3164AB86AE7D54D08F28
S31AE04D25F53BA1F74255D445D94B3B3A50E41479BC5CE9C43CC8F8
S31AE04D260ACE1A1969E7C2D502F8523DAEE84345F66E5BAE8A5EA4
S31AE04D261F93E36CD50B00E66BE55CABAAE11E10A54A11FE4CCAA7
S31AE04D2634EBF052C1E0FD83BCBC3B09204E631E94053AF6DF7D40
S31AE04D2649AF1DE2F78706C69E045A0AD0EA5B0938DCA766F0B567
S31AE04D265E522D7E3F42C05DB05D7C219E6D333DC12851C51AB5A6
S31AE04D2673DA1FCB3C017E53FBE8C383A46BB6141871BA7BABE3FF
S31AE04D26885614100F442A810184A47EB1D7D27513D8B868A12B45
S31AE04D269D31EF99DB87E7C85A43C7043C37FBAFD89522EAA93153
S31AE04D26B2765AF724C5F0DA8786EB5AAA52719E825FBD819F3417
S31AE04D26C7A3158D669DE333CB47E3ECE8A6DDD58F45299209981C
S31AE04D26DCD151F1D1910110C7F52DF2AA5A7528E236556FD9EB14
S31AE04D26F103D74C659284B7EB55A4593E425DAE6D5B3A17E4CABA
S31AE04D27063A49AC011E6EF4C8590AA96D4AA48E7067CCFA2B1B3B
S31AE04D271B053C290BD45911A7A6721FE11D45C722C5F89911EB67
S31AE04D27307C56350EDFC3E281295D8CEB919A20B5DC96A361597B
S31AE04D274527A853B8D1C4718EB7374864A0FDA20E6004E6043079
S31AE04D275A1E65A3ACC5E3819FF33DDFB5089C3CF53FD310497722
S31AE04D276F1DEDA5FFA716ACD635EA81D34DF34D4E231D2382837F
S31AE04D278402B1E7ED36E16A4492A300432A1D515E7AFF1A3C3D47
S31AE04D2799F30AFCCAB50701F7721F7D091745A81069138A00F55B
S31AE04D27AEB2DF78E7463F8A01FCA761B834D7EDA2BB37A3472A87
S31AE04D27C3101BC53C6064532A31A088E484AA3ABDE8E2B0C7DEE0
S31AE04D27D81DA2E280CFE1D4ADDE658C5C6450EF6D1C438F7F2C93
S31AE04D27EDB8313345C8AF8B5343E81D4FDE2FFAC6EA2B6E29CD11
S31AE04D2802D3A7AAAD1B03A7737905DE9095B6983223530FC50A30
S31AE04D28173678FAA827D90A4BDF12829BD964FCCB74EBCDB80AD4
S31AE04D282C8BFF4202593BD1CEDE37C5BE1C41CA8F07034ACB28CE
S31AE04D28411C43FD8B30B7607C5EB2FC5DCD996217412D1A971F1F
S31AE04D28567D92ADBCDA230C85E047623AF649DDA9CB3B4BF62F36
S31AE04D286B8771A3E8A459DB6073ABA6ABC9AA7D91FFD4C73A4264
S31AE04D288000A9E8B866CCFFD8A310D009301F4BCA90F089D7ED01
S31AE04D289522CF04AA8A3BA733E69468E5FEF99D26A6D791DD59F8
S31AE04D28AA1DF80F6855AFF68BBCBF0D874B431A6BC0F639930928
S31AE04D28BF66371349335D4B3A6DA7CD2E074F63E32509C313D83C
S31AE04D28D44E909230EAAA564E8BEAF6C548E023EAA66A7E56C0DB
S31AE04D28E998C2D7CD6251054ABE367EC27AA5D6833906C9DAEB2E
S31AE04D28FEED73A151D5E3143827C79F18B2C3B17BF45E35DD5F33
S31AE04D2913E7829BB2EF834F76E8480F618515725D8597C8C67D5F
S31AE04D29281155CCA582A514B52798F6B8C3451AD3ABD10648D69E
S31AE04D293DA9387FA1724EDE26795F8269F7BEDD962BA6B8A14C2C
S31AE04D2952A7DC9F8540927BF0FA0D00757D18EA316B4B999986BF
S31AE04D296704BB15B1C118F08C3A63B934A2ED7C7A4455069662A8
S31AE04D297CB6BFB63D8A0939F17CA8D401D1D3890D95F36E9D3DEB
S31AE04D2991A4A99FD1F906FC16B47EAF7D0880AF3B0A81B8CDADA3
S31AE04D29A6E3E7FABD9025ADACE68F4AC863A94E00722C6A6F5CA6
S31AE04D29BBFAAA89B11732BC27B13E81B35A431B6B91B0F2718C54
S31AE04D29D0FCDEC45A3846111C61384CB2A260A6476CD4CB728C8D
S31AE04D29E561F544A68910F15BEE1CA015A0AE8096C63596314F51
S31AE04D29FA3CCAAAACDB21C6423D9D453844B79D253E1021A213FD
S31AE04D2A0FC1F00A0909B25779329B1092B3A92A6FE5D9DAC0294B
S31AE04D2A24D8E04DCAB729DE04BA3FA6A4720E3B44530DF221D351
S31AE04D2A398F5703F355B7B4750E5F5CDDAFF4AECBBC5421FB0551
S31AE04D2A4E3D0C0CB653DA64EC0C7EE30B425A570F1FE5F3134FE5
S31AE04D2A63E254A2067EF0FE9ED72F1A3774701FA562E512304873
S31AE04D2A788282ADFB0C85EB5C9418C976CFD0DB23C072B5A55727
S31AE04D2A8D9E194F152EF45518BEC3A4E8F9CF18CE2B19A17EDB5E
S31AE04D2AA2C21618873402D8B99956460D26C27918324589B6A598
S31AE04D2AB7824751D251A20E35613242E3CA43AA1C7E63779A2513
S31AE04D2ACC1559669DD450FD03DCD82BF1B03021C816BBE931B4F5
S31AE04D2AE123BC5B39DA0C6B58C72ABA21A12A60599742BE3A462A
S31AE04D2AF6145C2F705C6D849A85CDE6A32D8606E91349FD3A0F83
S31AE04D2B0B7C118B46E010AF0FD99966EDCB7B1EBAE5193FE878F6
S31AE04D2B201A8B6775BAEFFD72E089BBB23C9AA44246F704676E2C
S31AE04D2B3596396736BFFEC981A0FFE30F2F1DF11C62995DF20AA7
S31AE04D2B4ADDB28898F42B9D6C1BE8BF895EC86AA25785E5910994
S31AE04D2B5FD3BF809800FAD4626987B56DB6AF2F46B1364DB86418
S31AE04D2B74602C669D277BA80EF6B0B86194F3390850BA593CD339
S31AE04D2B893B2032B9106039BEEAA8BBFC8DF71E24B0ADC5A2ED97
S31AE04D2B9EFEF64EC3C8443BAF2030990CB5B9C2193E49184BDAF2
S31AE04D2BB3CE90D686688D49312878A5F1035C65E82E4DDF67F41A
S31AE04D2BC8F17346F0017CAB22EA8CC876147037BDFF897789F13C
S31AE04D2BDD533768A5893B8BCA3B8A4B540789386A25AB48C2642C
S31AE04D2BF251169A751369B701BD422DB0E279A7035DFDB4D61715
S31AE04D2C079071E5A95B3CFB7044F1CB6DC844D817C0DC7D5A8F8A
S31AE04D2C1C2BDF119104627B4B789EEC8BBAA07C79BB991A1A3CF8
S31AE04D2C312D79F6D51D981D40109C9F5F8F788E68F67DEA224171
S31AE04D2C4638EBEB21DD622122535AC015ACDA7C842E6972443010
S31AE04D2C5B55B864DC657D569920F06A35DEB2D65A2B600D095AA9
S31AE04D2C70DF6779DBC9A70F329678D6F8EDAAEC3C62735C2120C4
S31AE04D2C85DA688B8426044D81EE90F3DA61171ED9BD710C9385B2
S31AE04D2C9AE4037886E0A3433FE718D26673150F3534793D69AC06
S31AE04D2CAF8A20C3940118E6F52FA6C917729E2C3784C09CFFAC35
S31AE04D2CC4EA3E6F560CDF8D082089034257B26765DFB2F0A181F5
S31AE04D2CD9466ABD748A3B2F4CA72802989311B63D8BEAD42DD943
S31AE04D2CEE60B2323B08C4392D8D5EA0D316CCB265D45E319E9401
S31AE04D2D03AB5820664F7CFB3C9BFA91192199562C489B30F75F19
S31AE04D2D185C37D98AA8AFF375AC78F0AC0C9784285313EA313BF3
S31AE04D2D2DD7E2B6FB5091D5629246D5E0D1AF25F5B55376C49BD8
S31AE04D2D42E45379960B24D1D3BFA246ADA60F86298C2ABF484A71
S31AE04D2D57FFBF52170235344E14862A733D47D6224DC9E4B96886
S31AE04D2D6C57DBA49A2A1A1206FBBB46BF2101601D3DF0B656F7C9
S31AE04D2D81DB6D8F9E64CFDFBDB503DAA1CF13A419B2113667B1E3
S31AE04D2D96865F103E13281F1D8320EA5C9A56DAC44D040FDF880D
S31AE04D2DABAF1746F424E22966EA5E03228AAC18762ED04D7A0C49
S31AE04D2DC0EE9A696A1B2990EC0903DEA8C0C1283CF7BB013485CD
S31AE04D2DD5E18208FA32D84197F020BAD4572BC0E7BF291FA06F92
S31AE04D2DEAD4DE6B7D78CB81A2F3F869E7DBFB3BFF339354ABEFA2
S31AE04D2DFFEFF7C770EAF47B9560F9AD9CF0D18806A9A4820AC5F2
S31AE04D2E14EE353DE2D4B540907AD2954DB5A2AE11DC64FF301315
S31AE04D2E29750487327850821678300A3C1E0D881272F4D81A7E46
S31AE04D2E3EE4E3D2574FCDC42A8FF704827B9966E43B5CC6751501
S31AE04D2E5353BA4F04426CC6EC47458C28621022F7954EA567D4E9
S31AE04D2E6855AD9348277E3010D756AA5CD11F47DD46874E4D664B
S31AE04D2E7DB5ECA82A84025877428890E3AF839A8003683B29FDF0
S31AE04D2E92F8BB2B0E501CE40D58EDC14B5B91AA2708FCEB9E4CC8
S31AE04D2EA7A53595EC6DACBE1A3FECC80547EF385701D87B6ADA42
S31AE04D2EBC74B52D8CB32822B1991A798460D5177C90EAA9DCDFE8
S31AE04D2ED10AE78A8212678E9202C50ACD6B7EF2EDFB767027B9FC
S31AE04D2EE674BB8EAE3EACED61DF00982D0AA768464A474751DCF9
S31AE04D2EFB9C3431F02A979A3CB531075286A14351B66B26C24CB8
S31AE04D2F102494974973ED8EB02BC2FCAACC97874912E4B3BF5FB6
S31AE04D2F25021F54EBE1F29C9CA7D6CDCF7B1FA2794BFAD2DF3104
S31AE04D2F3AC9B7ED0122CD964450CEB61EC4007D4843747C94E1F5
S31AE04D2F4F6BFAB40B5F8F9BC058320C627AA144077E5601294130
S31AE04D2F6406DC3618D0B65B81C38B162C73B22FB41E863258B914
S31AE04D2F792830014F2F66502050DE5B836318DD71B1E70C308238
S31AE04D2F8ECC1A39BBC3040B640AD51FCA37FC905A81A33FC0776C
S31AE04D2FA35E3718B9EABD1E71F78C3AC9D6C0BAB5DB27800C39F8
S31AE04D2FB8105532D06306416B5524590B6A409E4F0494AC450E4A
S31AE04D2FCDC61F2285716CAA4E3BCB733DFE43C87B326A04D0B4FD
S31AE04D2FE22BAF405E8BD4211B60483035C20BBF74BBAF7BEA0BAD
S31AE04D2FF7FA1BB1CC669B294BC91F3AF2B401E9C6D4D7C265D36E
S31AE04D300C8A0C5DCBB85ADEC63D7DA8E5035FC57938513D1055F6
S31AE04D30219ECC0A782018B9259A384869D1AC50A8B243AE9FF635
S31AE04D30363C654273BD3F30D00329CF71480E860F549DDD28CDE6
S31AE04D304BFED5C6F66BA0DCA507D4C6A0D61F78A6F3CD78731A09
S31AE04D30608A37A0E43F9FCF13D7A5ABCDE440E2E0FDD92EB1C4D0
S31AE04D307568C218C7A285BC6FD11EB5E2771C2119663903969F8E
S31AE04D308A1A1023FCFA0E0F53E2180FE903846B837C88F8FC7577
S31AE04D309F41AD8AD58FC0DA2694F3183F942F3F1EA2DB2F7A2009
S31AE04D30B4F8DB160808FE72A63EC6678069A421510E81E7504253
S31AE04D30C92F937952F14ABFEE08782A5679E2B562DE7967546264
S31AE04D30DE83039A904209C8D8BCC46554E422A76328E6ADD6A590
S31AE04D30F31E304C83631AF5EE087297827631EEE22F1D3B97E20E
S31AE04D31089DAA3AAEF104EF56E62046E15F27A3BB527F3CAF4DFC
S31AE04D311D7F137F0EDBCC156A581FBE2865B1B8F66365457F1167
S31AE04D31327A8A9C59857BED5A09772A5B679A7FAEB3EC3ADA0629
S31AE04D31478E4E585EEE10F595B97B1A7B1A35ED9CD1E64700AFD8
S31AE04D315C29ECB7F6AAB3F855DD4EC139274BD5049E9060697DDB
S31AE04D3171327478543C67B927FF3CCECDE480541184904D30965B
S31AE04D3186FD32AB7131432D1EBAF3A3E3714FB27E684E9397A054
S31AE04D319B98187B28B8932B650957E6F22864A961E9A0EECCE3CA
S31AE04D31B0D6C1D4CC6F932859D1E43E9E98BA187ECF627CB9B787
S31AE04D31C5CC0126F6CBE2E6D6F91FCB5795B65271F843F97CFF79
S31AE04D31DA1E69500896D7914C5E596C0D45256A621832C075D2CD
S31AE04D31EFBE5DF94EC3C706B348D18773B703B94AB1777C027508
S31AE04D320402CCB4949FBAFFBD47994DC9502141CFB7C675ACE75B
S31AE04D3219FA4D5F1E3D445B4387729554D87B66E8D9F48B761D1C
S31AE04D322ED40F37DF195BA917744846F3F1BC1E7A4302A9B42B24
S31AE04D324361E3A0BA6867683AF6C04FB990A3649BDD7C2B2A682E
S31AE04D325876200567BF395A899297AFDAB33A40FC253BF6C1EA75
S31AE04D326D96CFA01EE4C9EB94409A6FF53D3A081C44C4B029927E
S31AE04D3282F9C7071C24BCC8BD052EC21560784E20E74ED4D28110
S31AE04D3297C6B3C82B6A6E271134AA53DFC317A52734CFA044AB2B
S31AE04D32AC3F5BC172F8E9C12706856A4591E6F64E97545B682879
S31AE04D32C1B07EBD10AF2DADAF3971C07CDEE7CF8D2B3E1BC34AFA
S31AE04D32D686222E80D92DFB9496FF4337C55DA0D552A50F43E5F1
S31AE04D32EB962656028746557C45C3309AACE28055B24FA888FC87
S31AE04D3300BB198796ED99CC829532CC162E2FA139F17FE24D330E
S31AE04D33154ACB6BCCDD70DD73ED3DE208333A466E19F836C12D1D
S31AE04D332AA97407F0AA614C94CEC2DF81A1A758AC504A4C67A72C
S31AE04D333F09D5479416BFA5B3F26FF812D054D62B4D71A5C1B9F3
S31AE04D3354E58F92EBF64AD9DFCC62DD3A3C50CB5A756DBD053C72
S31AE04D336928858C1E9AB83FBFF91F880B0D363A3C1C5C28DECDC6
S31AE04D337E7A6CC917266D3E560BB22605D9D3CE4A67E7384B821B
S31AE04D33939440A5A3ABA0BFB33C446CC59282D13E779F361FBE1C
S31AE04D33A84692A7E7AE485585B6CCC73F1260ACAF9607F59FD54C
S31AE04D33BDA395B4BC13C8EE883ECC1C61321899DF8F1F11A8F728
S31AE04D33D24ADDCBBFB352EFB9896D6EC85530AAA7D2BAECE049B2
S31AE04D33E75A1D17A6C4CB12090E66FE5C7793ADD9036688B75466
S31AE04D33FCF5FB40D3907AF64ACE348D2F70FFE12458568126BEF7
S31AE04D34113179BE6C7D0FEB7858AFB2E03B818C96067A30218FD9
S31AE04D3426417AFE597C6B35548B9076FCE927D5FEFDBD8AAA6618
S31AE04D343B9AFC4593B5130410AA9E9F0ECD79CC5724B7291B067C
S31AE04D34500D949F3D6F16FC20354CFADC5B01A8E3FF7A7C4B4058
S31AE04D346565907F785AD657DB348ECE15F8A12CF0B306A774673C
S31AE04D347AB2DF2DF544AEEB60059DCD8D7ABDB351C68ADE31A3E1
S31AE04D348F705D80CB9CA575670EDCA38DC42F435368304019A18B
S31AE04D34A400AC310883D7001822DB1823FD4CFAEFDB2C0BE0A885
S31AE04D34B9D22F9BE8BC6445BCC1C066839018FA3CF8D359C5E114
S31AE04D34CEE216D9264432BF7D0F7154BF7D13F04739E290E86DB3
S31AE04D34E30DFB564545635DC8FB00BFEE9CF23E333EF67D5EBBC0
S31AE04D34F88A55F1BCA607A4694DE12025F1C82D7C0D04BC6D1126
S31AE04D350D58D96C58B97097D5FBDDCB45FB36B3E3723BE669E45D
S31AE04D3522F40FC4107D72C46173440C9637147AA9FAC96A86DE1E
S31AE04D35373C2B489F44B310FB69689C8E798FF8EB5061F34A5BCD
S31AE04D354CE3A03C9B87CED078AE8AF30F2B328F69228A6E646CC7
S31AE04D35611AD1F1BF511AB2DEA8D48C264FAE5C72AB4912524FEC
S31AE04D3576B9D43392CFFEB79A1DDCF8AF1D35936045808ADDA4E8
S31AE04D358B484A3D0840DC1637D9D53DA6C899FCE61C5E282846D4
S31AE04D35A0170DC320C5B06835E10D5F682F3D5C199C81FD0B31DE
S31AE04D35B59AF81BF91A76EC73898899A1DA8F2F198A1B96305F73
S31AE04D35CA182EFBEEED0AD3C34F50F329E5BE24AF6AA9BF6DD8B5
S31AE04D35DF3EC306D3FEE794EA1D561FF40C75DFF857DC2250776D
S31AE04D35F4783A3DEF5064DFA24E1645482DC75FB6DD76C47319DF
S31AE04D36090EAD36E0B4175B2BCB21EB4D5F08C3E7FA33B16411CF
S31AE04D361ED138A39A7DC13B8A7C1D8D804942041C11F8DED913F7
S31AE04D36330FC742884616EF7780D9DE7AE77B9E3C54EEB6726C2A
S31AE04D3648FFEDE747BA60A9A8318CB16D0E4A52AF69AF63BE7FC9
S31AE04D365DD711FF8BB21F58483AF5203063608745F503757B3319
S31AE04D3672700CD64796752A941ECC59EEB9BD50D53DC3935A33C2
S31AE04D3687009990D9DDB5E849E6B9FD323A6A688A0F9CAA190163
S31AE04D369C2F6CDFCF44B2319C8842685EC0C5C82ED9585A62F8EA
S31AE04D36B1CFC6FA0B9A197EC8F07F17C02211D9A883E4107B5200
S31AE04D36C670ABD55347FC84D4DF9AF28F04025C1F4E060081008E
S31AE04D36DB5A5D1AE7119A4AA3D3D7911284C8D75EB08E60DA62AF
S31AE04D36F067D9F6F1664CA5B90B0C20552432548E006DE5336EA4
S31AE04D37053F3BB89A07ACAC4608BFF450D62D1FB2B65B59102C86
S31AE04D371A0D02F653C60AD737E41308E162B1C730EDF0F04384B3
S31AE04D372F2D8F1FA211759CF37D09E1244E0CC43F8E7E8365568E
S31AE04D3744E2950293BBCAC60A83278EA14CA579A43E8BA7A0CB1A
S31AE04D3759015191604268E8D61C67C557DAA84DFF328D2D71EBC8
S31AE04D376E0C65CB1EA1AD383BF864920F7CA9AA3F0659DECEFEE4
S31AE04D3783BE5B85420F5F62D23746011BF82EAFA67D5665F93502
S31AE04D37987670CEAEE99D42659EBE8BEA3DF8CC9E22C4D08B5653
S31AE04D37AD028396EFE2AF8426FEF5C81E703DB4F01CD01C7F5C82
S31AE04D37C285849C40BBA9CB8C8D675FF51045B82F2096DC56EEC5
S31AE04D37D7AA1C2FF5D20B3BE33E995B259AB2D0D4432FDD8A6B3A
S31AE04D37EC56873DB01F8F6EFF56E124365A87ECE3F670C75CB72F
S31AE04D3801BDE6A6B18168FFC2FA12FF28566E347ED04511738019
S31AE04D3816E241A8BDCEA333BFDAADE4A2B114E4F2805CB95FF7EC
S31AE04D382BCD33EC5CE0998BE932A306DF11CBB2B17CB7C664EFDB
S31AE04D3840A879AC5499FC770E9C8874FA05152F005AD4FD55D0DA
S31AE04D385595402CF51627479EF45FD11F5B5FC44E0484A9244669
S31AE04D386A2DD56CC9F7A2F60B7F75013437C834C61A553C28450B
S31AE04D387F44A1E2A50CA3ACB05A0EBA03B78E0610D82FF3FAC452
S31AE04D3894F45C9380C3F02BAE9234E0861F9FF7B5F7937AA8FDBE
S31AE04D38A9975841B72B09143E7A963E3196785552C8EAD6B2EB11
S31AE04D38BE5D8608F47F665326321C7A108DF5F6878BC7AA780535
S31AE04D38D30A8E0E7DD08DF90D1AB3F53D79E59B78B34351D2D1CD
S31AE04D38E857581D080A6F9928813A0D122C2CE62AF400967FB986
S31AE04D38FD5BF901829D609839EA6EC7331CBB4B56D224A3DF6636
S31AE04D39126ADEA91586DFC51E84183504790F07014A8B04C079A8
S31AE04D3927BC29002A0C6780B49ECDD57AD94B79E0A23AE79D34D7
S31AE04D393C92F49CA140239DB0819012E5930B81203E4BBBA8217C
S31AE04D3951F7CCBF599125186AA47F4EAD97AD2CA4FBE652EE7F49
S31AE04D3966B8582E8162874E7655687591726BCA2390440E90DFCF
S31AE04D397BBC06E492906F87CC3C6423D5B9F4E1EF9000F33B188F
S31AE04D39906D17C0D7239EEA12BFE6A1E60689B63391DB84E1A3FF
S31AE04D39A5716F0826AEB5755C474EE34E50A6761503947B93DFCD
S31AE04D39BAC77AC55F93E27846E5652824512765B9A3CECFD94E9A
S31AE04D39CF61B9315F5495ABDF435C0AC608DBB1DE79A50215C1BC
S31AE04D39E4DA14B7D81D30150F51810EAF3FAC51FA03AA20BFE379
S31AE04D39F989CE5D7594B3D00701E1B6174392708F0C4E3E139180
S31AE04D3A0E4570BEF93AE8DCC14DA59F402BE66899A5FAFD45A3DE
S31AE04D3A23D6C2768548B57C80CBBCB210211EE3677AEA37498594
S31AE04D3A38197535D76630D5CB0C28CC9390A056D9F273D8913B7B
S31AE04D3A4D65D00269B57CFEA6504CBA4D314E857398B797A60C0A
S31AE04D3A6231B445B8D195F1E825DBDDB74DC4352B9A572A3EF9A4
S31AE04D3A77A9D4B6643E346FE3D836468BFCA974225ACC29FB91B7
S31AE04D3A8C5903D80BBA47DC7592A0EB5BFE60A2DA2A867E42336C
S31AE04D3AA1A306078A9F64A567184792D7A7E9040642E2DE1E2DE5
S31AE04D3AB6E3BE09AD7B66DCAB95F3E3E5AE962001F5BC6FC06C08
S31AE04D3ACB4FAC9B831EC4052056EAA6EBC2498F3740F6F99171C0
S31AE04D3AE04EF364007D35B5254C9C3099A8712B333073D7039E2A
S31AE04D3AF505956F0ACDA503F27A8FA6A4E793841B9756F3F91AB0
S31AE04D3B0A24FB308AB8E55629952A83743A3EF3BF52FC5EF25DA3
S31AE04D3B1FEE38EC5B92D84D133B2948C67EF9450D3DBB12801B47
S31AE04D3B3433B16FA2562103049214CBE9F3279916B0F9FCEB3FE4
S31AE04D3B4944E26271C2FCDE46015EE4820375FE0FECAC10A0F8CF
S31AE04D3B5E165B51534803F33A8441AA10436CC9DC6A61651DAFC3
S31AE04D3B73C869081DD07196C12C1098CFC8CA3FE0C21FE0967CF5
S31AE04D3B8828E322C3C60323BBC7CE452960A1B074B798E508BE3C
S31AE04D3B9DB11C3F41C9C407C83A041ECA3F041B9D7DCB749E8339
S31AE04D3BB2EBFF6B36E89925754D5A06286CABCE1D4CC4AE2390DD
S31AE04D3BC7180F1716A39D9D3F13DBE4487FDCC25E094C1C279881
S31AE04D3BDC05102984CB12E9494C7EF25F0D01CCC3E8097E5FED5D
S31AE04D3BF1A6ABAFDC327B0F911C5FE7830F5B27AF32D7DF3865B9
S31AE04D3C0694D948E47779605B75142D909B0D90BB1A5416E1A1F3
S31AE04D3C1BE2DD4D5090ECDFF144605C2685025A71453AFCD423CF
S31AE04D3C30C119E5BDA89FAE7258AEC9676A357676BD17192CD0BF
S31AE04D3C454C6AFAA82B26258856E210CD86D420407EF0B30D14D0
S31AE04D3C5A6BEBCB2E9B649F56E50729A5A675CC428369079590E4
S31AE04D3C6F39EBA7C7DC337E3814B4EE687954EEA8FD0C568EEF59
S31AE04D3C84632C3989D06491B5A489ACCB3DA30BCE49EBF2296B16
S31AE04D3C99C5CD9E4F8BC2885C5B90D9E8C324BB37133DC553A89E
S31AE04D3CAEFF28CD9A89DEFA67AB17C853951E95192F2E1AB3D53B
S31AE04D3CC3DFF0473C899A98FC72098905F2E3758C89ACC1677202
S31AE04D3CD862B64B0A7FEF883DEBE1F523866CB83CB02C592045A0
S31AE04D3CED5DE61AB04621C741D8596AAB6320261267DE5898518C
S31AE04D3D020BF970405397AF5240B9D2C436515BF22F39BF1944F3
S31AE04D3D17C4AE279486C5141A0DE7D596F2F4605CEE85C66CC850
S31AE04D3D2C4532632BA97A6CD83E29EB4FC4143391BE72F78CA54E
S31AE04D3D4126895C43C3D8F9168F2ED9E1C642868FA250318534D2
S31AE04D3D56F42ABCB1C86B989FF0AE241F7391EC627F9B2A8E5DCE
S31AE04D3D6B98C832501E5097D9B1668FA4C2DF4AF3ACE471301DDA
S31AE04D3D80B86A12FB5E90456AF947653663DC98235563593246D1
S31AE04D3D9593E02259C172C58E53C12B225B59B1221D5699E69602
S31AE04D3DAA723D46533650526FC15C99CD1A3E87FB15EC04E401FB
S31AE04D3DBF38FAEF67BF37CD28AF03F6B322AB76CF37E34983589E
S31AE04D3DD4AF862553C7E51507FE1EBB80B388E085F4D5D36460DB
S31AE04D3DE963CDDC199121A9C42B2EB6582A6547C9223667B19840
S31AE04D3DFE1FF32BBE36D7545AD7F6F58EEEB8F1A63FCA9618750E
S31AE04D3E13C8A39D836CE9B429DD8BF44531AFB4D4CBB9A9F36A17
S31AE04D3E287E2141B25161784F71B0BD7BFAB6E9C004E06C1E29FE
S31AE04D3E3DC36542DF4F195FF8985DC53DD97BD23F0F278B0AD43A
S31AE04D3E52EC0760A7D413CB9447F578D15E71B2D30D942FF0BC93
S31AE04D3E67507A6F7C09E41B25A6B049C39106DF429C31532C517A
S31AE04D3E7CA8C0484930CBFBE35BDA0B44CA59EDFB940247EA12C4
S31AE04D3E91A0CA6E3C8B05B67A432C414545BC6AFAF41A1016DAAD
S31AE04D3EA6545E0FD9D7B94C5F5F2850B1A9364671A05D53CDC400
S31AE04D3EBB05A9B88B62BE2DA48D9E3D99A7BDC9A3CA9887C1342E
S31AE04D3ED05FFEAB22C5B8FB35B1C66FAFE985AC716808797586CF
S31AE04D3EE50589938911F07852688F2E306FAB53943769FA7E10A2
S31AE04D3EFA9DC874F5BF088E8C8B68153D094422B445FA83CD16C4
S31AE04D3F0F2626A7CFBE49B26D3FE0CFB6342713B1A3E7F0E1CB99
S31AE04D3F241D295860C6C7B5D1FE60B46B51D16F97825D73A2AEFD
S31AE04D3F39943D7C89C56A24B487DB4076EE7841FDEE62D570DF33
S31AE04D3F4E21DB09BE05BEAE9A78B96DE192CF10E118C1B9598B16
S31AE04D3F63904A47A929377C230BF4EAFA69AE24B31168C5A39FFC
S31AE04D3F7893C382FFC0DB600D022E71CC22D71622695FA3D4F451
S31AE04D3F8D1ED03455970795AABD09CF225A7B865F17CC5235C2FB
S31AE04D3FA2D2AC75A274F7BC3E52959C74907F1E0ED4998683969F
S31AE04D3FB7CE9768CD1E7DEBB60947D30A4C263BA50D4A02AF2045
S31AE04D3FCCD4B2F063748894C2758ED3993CF809716F78E9AFA93D
S31AE04D3FE1164E0E2EA0F70D1566DD4FDE0390E389C4E397D6A517
S31AE04D3FF659C2969F8EC5C3100CDA62E1413EB10723B49959EBF9
S31AE04D400BA94761F3EC56B643BEC1D0A6995B8AB63F7B46FEA225
S31AE04D4020CEBBF38FC869A34D498D0600058C78C55E40AA07E251
S31AE04D403575B668C9FC1C57BC540CDE1072C6A3DDE4E557810D08
S31AE04D404AE5AE09C2CE83B3F627CB5900160EE23DD73DE361F8F8
S31AE04D405F593905AD08B9D6A98F9591D72BE651B3CB19608ED84A
S31AE04D40740475302F350A7048CE6B26ECCC3DFCDC7A08696DA809
S31AE04D4089102A9FCFDF07DEC3DD7B28E01F1D26E6BEDD4B42BF31
S31AE04D409E1033C6A36C73B6AC1018854F5ABD0AAAD15956462838
S31AE04D40B3D7147F21EFA88A2D1AB441BAF7B2DEF0912D42235C2D
S31AE04D40C854256022D65B3033541CE6EEB7DEFCCCC9716E923610
S31AE04D40DDDD44C77428DDC1EADB0A08FCB9303D991C14558D0ACB
S31AE04D40F201F62753CB47FDD7ADE499DA4AFAF101321069222AFE
S31AE04D410772D9D5A4010DD903E74C1EB95D1DE7107E4515FDF280
S31AE04D411C641CD613FF2F50B9B9F913948086C5CF1778539385CE
S31AE04D4131EB7BC8008E0B2FBBD300A2B9AFBA8BCE41B74AA25869
S31AE04D4146E0EC314BDA7209BFA89082983A6E3F6E953AED62AC64
S31AE04D415B302C144DEAB96D7F723B0B9D339581D255D0A45C1625
S31AE04D4170CC459AEBAC4CD46533180D14D1BC4EB17EBF92F19FE9
S31AE04D4185404D9DC25C9255BD5A86F6658BAC8E751D0793600971
S31AE04D419A62D88333237B2593458DF8D77B9DF0C02EF8364A1177
S31AE04D41AF8C393A9AF14337DBD72C26A6C65A844F21D5F7885C56
S31AE04D41C4D5070C875B8A106E24DDAF316983BD180853189FE14C
S31AE04D41D974A0C0FB69876152F5C1C6DFC27B1A9AF6CAEFEF79C9
S31AE04D41EEBA0AD537416B40BD8E5AC5221B7143122B7152F67606
S31AE04D4203D64349CE40237FCFA83835929FCBE0639DDA724EA067
S31AE04D4218CDA3DF7930327F9A0A90194B9E625CB6E9F423322DAC
S31AE04D422D2BF90CAE5CB589B7228FBF24413F9B526DA0BB1FBD75
S31AE04D4242A82F384A72CBFA2BF7C8BF8D78ABC59E0AE18D8E855D
S31AE04D4257ECD8D08FD9DB6511196948464ECF2D7CB4EE83E26C89
S31AE04D426CDEAB7B235E00E8B4E7B1E56E07AFC39E5DEA07E15662
S31AE04D4281414B22230CCCC770471C1CD79C48BD2A029E85998BAB
S31AE04D4296E180F835BF589D34D7D01BAC99A223F94D2FE0A78121
S31AE04D42ABD0AEB943C70A0FE9739750D1450CB85109505457E31C
S31AE04D42C052CE61D4E22A1811314E649C8202A6B42F95B46816D9
S31AE04D42D5729720E068AEA07FEDB80F296563AD2B5AEE6C09C564
S31AE04D42EAD13D68F87E713B513D299B44EAB2628BD4A835FC1018
S31AE04D42FF76FAFFB9AACB2C4641DE9EC28D51FF6A85C24DAF60FF
S31AE04D4314BAC97D2E24F5CEDE27E1D54286E03C45C97EDD1758D5
S31AE04D432946B3E69ABACAD148B6EBF25C5EAEA48EBA1A894592D5
S31AE04D433E9D2F0201BC9CDB99D22CF9A4BC7A5FA8AC907ACA96AE
S31AE04D4353C4E8D0467AA45CD693E9D7B71A32A58A2D75F8F3C539
S31AE04D4368890E85177B920A2822807B4197596B7B4FCEC312CFA6
S31AE04D437DB8B4643EC2F25BD9342808E27AB22E44126FDCA746D4
S31AE04D43927F5CA32B40F6CA7935BA7AFC82B9F6DB555CF718C4CC
S31AE04D43A742836ED8C875B56CC0986451F1C54B5176853FF17467
S31AE04D43BCA3466BA9CB8D9F3E3DFB5E509F127F817D0063C99CAB
S31AE04D43D1EF6F8C3889C8A4CBEF33BC9F490975A934D6772FAF76
S31AE04D43E6C023D07D51929E383BCC04E110911668EC2DD0AF867D
S31AE04D43FB713A8AF77F028F2F341B202DC8226A7C1C0B24A97C33
S31AE04D441016D9D9F0E3B8E576C170CA2E19E807F54E5072FEB5CD
S31AE04D4425F2ECFAB0B481025EF6A9AB23294B372E3CCA56B514C7
S31AE04D443A478164BD633A9AB3E6F29C396635D3B54D35BB7A954B
S31AE04D444FAA6B5196323132C610DE74B2F77ACC87E9DF9E9D3FB4
S31AE04D446462F8D0D6BE58A6AD13B079E53232FA2A2D22A3147A7E
S31AE04D4479CB145A14A1AE0AC7332282D91FB1AF74EB42D57C511C
S31AE04D448E9FB2D61361362B1C984883E003F1ED42EB3D6E676FFC
S31AE04D44A381C8D99760BA97A8A7DD4E1990DC3AFB431F021511A9
S31AE04D44B81A53C470DD276AA4F8C3A4F101BBA64D8C6CAB236FD5
S31AE04D44CD32B7B7836D8563D4745BE09459E0802F7A4B191A3206
S31AE04D44E28F7CD8E2EF3C55B3C20B6B19B7126ED9D76683DB9707
S31AE04D44F78766070C639189D86BEE61DD32FD4F2EAB28B5C7B2E4
S31AE04D450CA9EA3FAFDE1C51D6A4C720950C2449935949326BB0AA
S31AE04D452167CE1A43FF319EFB7BD7DE97B03CD1E733C1FA3ABFA5
S31AE04D453695B97500A3DE504DAF5E48587CDE17437A81B8B2890D
S31AE04D454BEE676518765C2B66E2EC9BA926808C83835DEFAB4C66
S31AE04D4560F4B342CD38FFCB7C719641AA4B229C94EE8FE2A599B3
S31AE04D4575A7079E850A30E8710B8E4157BF5410607A7C0F05FFDD
S31AE04D458AB3B22F34C79A1CD0580114BEF3F20397063FD20A65A4
S31AE04D459F6B23D9BE842492816FDC329DF524405CFD1D9413194B
S31AE04D45B47D221FB21D7AA67CFD9E59EC5FD0E21CCD94BB6D3DC3
S31AE04D45C9071F37626D01B57812039F107E55ED76BC4FB8DDF6C0
S31AE04D45DE27E5276205A2A53F68D16B58B4BDBD29ED73BCCBE358
S31AE04D45F350C6BB88B4D013CEABE79281782FC5BA54A77F303716
S31AE04D4608A6AF686ACAFADB81EE63A31A3E0F4B0BCB820C2E7E6D
S31AE04D461D1696DCD38928E86E7E62B4D1EFA7F5CA9BACA0AD0F96
S31AE04D46322A535552B8DD1A4370E346FC63326D3C3F9DE37D8C8F
S31AE04D4647074F1759E1439915D4C9042257A33C0676D61A6EC9F7
S31AE04D465C6A41C47C9AEFB2639523399AC8668598508A502EBEA1
S31AE04D467158A760CD642FF69A4FCDA11BEFAF59923F8712186BF6
S31AE04D468678A09D6A2CE6B0B8BB91DC8CAF5368D962671CB36E56
S31AE04D469BD6F02F28F0A9937FEFA84E961C42F1774816896BED8F
S31AE04D46B008E0749DEA3B4CCD696D4C955279EC731B0A4BA77122
S31AE04D46C518385AD557C7BC90C4E69DB818EB630FE9FFF119E17D
S31AE04D46DA44E37C5B3F55D4502459B969EA06F5077EEBDF232FBD
S31AE04D46EFA3C1389E9AB3E6A99C236581F1EC3E64638790C17797
S31AE04D4704A28D4BD51DF4DA2C9C30CAC748BBA01EE371496B0AD7
S31AE04D47196A89A826F34DE5F0790BEB7A1F978E0FF6B0352A8CB5
S31AE04D472E992DC488B0603117C16127717A8E15E6065D0B70043A
S31AE04D4743093038098518663FEEE385A01258A5B72EEBD26F4D0F
S31AE04D47583C443B2A0ABE33B5AEC25F842345D823C83ACA1733B8
S31AE04D476D76245325AD11D82AAE29614ED92ACC516C5EBA2DA932
S31AE04D4782D91BE17909ABAF13DEDE9F5BFD200F698ED607433002
S31AE04D479716F4FBA4CD7004476FBF6194F1896CD478C5BFACD94B
S31AE04D47AC2929F87E2DCA55010DB50F4AF37D3106BD660EF33793
S31AE04D47C104F48AC409A39DEB6745E5E1A4B8D39DBB3A9319AFA8
S31AE04D47D6E472E5D0377046AEFFEC98E8A34280A248AA4619D260
S31AE04D47EBD923F37F7340836CEDA18D2E3389C177125B44E09E0A
S31AE04D48004066812ABFE3A6DF451865449C2D454FEF4855F432E3
S31AE04D4815B4352B1E050CE6CDD73E794737027871272B299C4D0A
S31AE04D482AA7CFC65993E9C8AEBADC94C56F36054CDF7B297AF1EC
S31AE04D483FBB12C1873D7BCFA571F10C643E8C1E58CBAF6EC70B24
S31AE04D4854BFDEDD41BC72E34E3F30B9E4782586D1B3FB978FE14D
S31AE04D486941A476788BB598E96BB46BCF71F5F19E27C7A59C28CE
S31AE04D487E1EA56CFA547A4F200ED0952DC7BB84C65E57F38E2DBD
S31AE04D4893ED78372B9C9F948AC58A6795720D91C26B2033E9BC3D
S31AE04D48A85979BD2499A77895A1213873687B0407DFE16CDB0066
S31AE04D48BD14DBBB181BB769FBB5AC14019CBF69EDD33BD0C814DA
S31AE04D48D2BB8892C4184C47C3F84B867E2805B8FE0518354F1DAF
S31AE04D48E7FA882B6FB6050077E8228875F8A7DA5B9380E91A86C4
S31AE04D48FCC27903A353F08261F070B7F790D58808A7A8E4ECDD6E
S31AE04D4911BAB816E86C02796103D65C6D7958A691325C9ADCC830
S31AE04D4926B29822F0C352664B76F2339303A0B0885D9EDFF979D2
S31AE04D493B008EB7B2C5A3C29FCFED4730103698B6E6C5A7FA99C8
S31AE04D495060F2F98F32E30C68B922844D5E8FF09D90EEBFC16434
S31AE04D49653985F1B2998038528A4BD4E87613AA08D0A54FA5C50C
S31AE04D497A46D850EF910430B3DE52E75287FDBB8B4E8E4F21F6AB
S31AE04D498F126890E783A4EEC4EB9D0C468837C03B6B5B695D6690
S31AE04D49A4BAC6FA5AE0356CCFBE18FD9630A90703A654904BABDB
S31AE04D49B9507254EC73C8593F495786497124FAFCAC80BBE9B661
S31AE04D49CE2C607BDE8812B15215F2E5E108797EC5AF15D260C5D3
S31AE04D49E34DAF5FBF35353D71F50EE32B6AC6EFEFB67891BF4479
S31AE04D49F80CCEED58D2EB92CC5099E0D2A49DD609C150513F4F92
S31AE04D4A0DE4D24E8C86D96C2E6B5B5440B7ED34F6A0B8F99AAB1A
S31AE04D4A2206570D99C294D5C632DC4B3D002FE5481CD444608949
S31AE04D4A3724BA0F474826825A2BBFBABEC3B9905A7AB7582E72C8
S31AE04D4A4C8BA0C6C24524E682FE1F3F338F70350825364F730BAB
S31AE04D4A619174025A14DC2DE47575037D286B8F25304C2894C7FB
S31AE04D4A7626C97108AD205FB11A12F3F8A9F6E119D9FAD37F904E
S31AE04D4A8B7AA114FAE2128A9D9F9CFC06945A227CF53A3AA8ECD9
S31AE04D4AA031AE71EE4CF0DAA4B006721FB42A0896D2E5B79FF214
S31AE04D4AB55035775E608DF92A618383236EB96147848054650336
S31AE04D4ACA5B9EEDCF62EB5EF5ACD7856FF2DC0CEDB8E66509A85D
S31AE04D4ADF49ED1AA9B11EE5CC48FB83A2965057CAA6538D2813E6
S31AE04D4AF42BAC7CD18DA21E0D2E87FAE6DCF57595EA657CE711C9
S31AE04D4B092FF5DF5072D19DFA011FE3FAAAD615401231EB5D4199
S31AE04D4B1EBB8C468C7E139EF5DEA8CA42771CD8F26EA7AE45F02B
S31AE04D4B33F9D4A621B86A82E77E2536B825F333944FBCD18FEC54
S31AE04D4B482D85918D8688F60BEB2213D8C60C174F54A8B0B7B201
S31AE04D4B5D20CA54149B2D86390FA08F4038CCEEFA70C7C565FF6D
S31AE04D4B72E0A25FC4E1252AF1E4B26A082AE7AC048CD11EF6BA41
S31AE04D4B8748CCE0C796F72B9E0E88CCD998702A89D270BE5CE99A
S31AE04D4B9CD1AA550F090BDD3606EC4866E7AED66A755AB12E891F
S31AE04D4BB160C3ADB17133A75AD69794AF10FEAEEF98B30B2AA01B
S31AE04D4BC61DCB5C5FC6BB0DC29A3F139B59C15CA1ABFE38C8D598
S31AE04D4BDBAA425E951253CBB7D745FE902693A966D8CC7399B0FA
S31AE04D4BF0589D8D606842166A7E97D487E99CF03DD0D5109543C2
S31AE04D4C056850DDB679AD1C2E0CED47C56BFD43C7EB7CEC564A42
S31AE04D4C1A1E3839FF3D2973FDA4F40D3F01CF052337AD9085C752
S31AE04D4C2F2673EC01A9F7249F953A0547C7F6338A60F3C2C16C7D
S31AE04D4C44378A10EA30E346023805DD5BF6B3B14FFC96DC1E3236
S31AE04D4C5973CD7490819F736FF137D24BC5DBD59016479E5843ED
S31AE04D4C6EB31E115D94A2F813CB9989F3B2BFDF50E3D1C06B40DF
S31AE04D4C83565B19E9C21203D7DC659308A78F51AD185BA6FEE081
S31AE04D4C98A0F8DFBE5E7D0E29C5DA669078C6E46A1EC534181429
S31AE04D4CAD18A61CD67A005BE026ADD56A1F02DF248121AF05A42A
S31AE04D4CC26F4191B8DFA3D6681A4EB6E853AD514BA5AB48C0EB0C
S31AE04D4CD78E18FE47E750E99DEC3D44800662BE0BE77E3EC982E1
S31AE04D4CECE23029C9FCD6A69C70A0476C7937F66143D1F375879B
S31AE04D4D01ECF6B0789404FF4C8012BD8494CBFB1FCE9852DE0992
S31AE04D4D16CE8A281819C78CBAC78E3C1B19F5B15C2F6F543AAFF5
S31AE04D4D2BAA28EE5C94048F1CD603B60F1EB99F1034AA4CBB36A2
S31AE04D4D40F03BF4E3B2E4D136C01C004D8E93FA120003CACE0893
S31AE04D4D557E7CF3CCAB031C9343512C16B62878EE7A095AC96ED2
S31AE04D4D6A211B118931C7E4270B6AA5F572800336B83129A2C971
S31AE04D4D7FB0EF3117DD31B6789299AFA59A81A0D42499609C38CA
S31AE04D4D9454208DCA89FFD20452CAC253778718C9C5BBBA9BA722
S31AE04D4DA9356F79E7CFDF492B2ED0090BBBC04A8AF2F4BC1995EB
S31AE04D4DBE1773980D1A6176DB6C352712BF47539D8233399366FB
S31AE04D4DD326503BAB273E916536559343AB004A76C65A509833DA
S31AE04D4DE825003308C2A823B29CCD67290DF8EDED12F1BD32AB6F
S31AE04D4DFDB71156353FFC7AABDC785CD94806B77B156A1FA21260
S31AE04D4E120B27FD61F4CDC9051C280AAAEA25D3F104B5D08D5305
S31AE04D4E27227448E1FF020F68FD9F636704EC54120C78ACBD93D0
S31AE04D4E3CA96FDDFEFB7939D0177AA43E73F9954D6E9A903366CC
S31AE04D4E51347B322A0F0DC150DA23C6655A15A0264A3E3F790E36
S31AE04D4E66DB841A9FFAAB186E39412B06A892D45954FB1BDAAEBD
S31AE04D4E7B1FFA7F33DA29874154755D0F647440FF984A36884924
S31AE04D4E90CDBF120F5465A551C8ABF602C63FE0B7ADAE6D633616
S31AE04D4EA5EF1FA97454E430894E86682AABA374D3DC2E72E4E26C
S31AE04D4EBA8B4FAD2A6624F2D01AD7FC34367195544EB5BBBD6522
S31AE04D4ECF069857F95D7C2D098A627D1D0302AFC6EE622B0AB168
S31AE04D4EE46B10D670CFEA1EE5BA5E35B33088EB8DF7338655A72D
S31AE04D4EF9A196DB3E6EA129F489316853EF2203566091D9786074
S31AE04D4F0E677E2F042A9ED813D267944587604C5BA73E968A6487
S31AE04D4F23820B741DF268487972314EE84016E9BA024D842D65D6
S31AE04D4F3891296E6826D29A94F3140E27810D2A2C65E9AFB4BCEE
S31AE04D4F4D02C73779BF5E810032A500BEBEA9AFBFDDF5902C8C81
S31AE04D4F620E724CE77F2FCD22153E9CBB7C315D756CEFD38F4889
S31AE04D4F77BCA7461644EE079FF50AAE38D0B9EB200545AA4107A6
S31AE04D4F8C0EDC9C7719830A2B7C2882D2438C875866A17199F464
S31AE04D4FA1BD7B6F2F2D07B958D9E615EDFC9BAB2A7BE78E5B62D3
S31AE04D4FB62FD9A727ACC9BC97B1E89756D12073AACE8A0743F7E8
S31AE04D4FCBA4C73F147063AEBB78BFAAE54CB272187E335B3176A3
S31AE04D4FE0A344A137CD7F44789980C1E5B7B19F78D301414AC65F
S31AE04D4FF577BBBED7E38BA8DD67660993C92831FC929D21C5110D
S31AE04D500A7559A68B357727C6C504C5D2375D480EF66E2A7A90E4
S31AE04D501F793CC2D789B319B61EBDA4471305C67D53BAC8F99071
S31AE04D5034676C7CCA8F3D230A34ACB37A24A18CDD115255558753
S31AE04D50490AF40E2E599C323B707E4D15D3E17FB8DD5BC9BEC7C2
S31AE04D505E27D03A73CB4C5F480F172FB5A556FB5CD63E92B91ECF
S31AE04D5073778C23F4D9EFF9E1D87265D4F76855A739D64E30F2DC
S31AE04D50885D050EBFCABA014A085FDC041FD5B24470DB7455227B
S31AE04D509D92701485074082248B5C0AC6DE07F992F17B623FF11E
S31AE04D50B21C3F49172D214C82ECF7E54424A3E6C7440397B58547
S31AE04D50C7B7B45D3192A55F95E0F9BBDBCC4CC5B7FE28213B8A6E
S31AE04D50DCA44DC9436200C02B426D4795FE151969C778FD784529
S31AE04D50F1AB09FFF7645A2361AB43E8958610ABDC9E8C7DF41C4C
S31AE04D510663EDCA4572BADE3D56E5FE25D3D2449256ED98C2192C
S31AE04D511BB803B9841C438CA4E00690AF0CCEDF77DAE6CAA48DB5
S31AE04D51309F2EA58AC821F8C90EC769FD868177A82D9B93891735
S31AE04D5145E75AC8E28202860CAB0462332EF1170EFFB0FA61BFD0
S31AE04D515AFDE698BB012FB97E336ED553A08DD5D953B147DE8D16
S31AE04D516FC4DDCA40F412250C93711B6E9609B8F9A2DCB02EF4E9
S31AE04D51843DD928578F363961DE0B53F94D597F00CDED6E3B67CB
S31AE04D51997764BFB4884FD510B68959255857EB7341BD89312919
S31AE04D51AEE5DB3D8B0D0D1F394F1C4708E849BDD26C5DF0EEA7F7
S31AE04D51C34692EA5F12D16B868677B5E5E19548E43E69AD2C9A5C
S31AE04D51D8FA45B1E04950AAE9D01A16C451718A066BB3C4B331B7
S31AE04D51ED4259428A609C360435CDD25B0688EC4B4C5445C01A2A
S31AE04D5202B2682BAA20A450EBF54CB0E9217D95ADEA0FB428D215
S31AE04D5217F30E31524ACE077DAFD82568876D8830C90EEDC329BF
S31AE04D522C0A7A296462D28ED8D711C736CB19610E129AD6BDAA6E
S31AE04D5241418BC2A9AE3BC26EA6200B7E30532B0176B956EC2D39
S31AE04D5256A19F4860E0D03D416B1C4818D440CF300FF23BB4E12F
S31AE04D526B32CE64D4911AD53B4A2116BE0557C8752E32AE7F4162
S31AE04D5280DF2DE2B607D2C853E34F73C11FBD85EC04D41E31A5CF
S31AE04D5295D75B769267D3BE92CC88C115F4697E534D7C0672C9AB
S31AE04D52AAFF5A3FC7EC0F258732F024679D8F93A3F27F7AD57770
S31AE04D52BFBCCE8EC9C2DB6005CCEDFCCF450971151A091A2CFB08
S31AE04D52D45F193D7D038A5A714CF7570BE4D39AA43322619FC851
S31AE04D52E90E6F95B5C143AA3C9F683A59BD7DC8CB0B379180CE44
S31AE04D52FEC48CCCC8C230686EA01B7BFAAD69DFBF891565140FB2
S31AE04D5313986340D9DA52B8BCEAA4D2C594E7A35C2F58F797A149
S31AE04D532847CDC279B2FBD463856F33E9BB373CDA18493CEE68FF
S31AE04D533D006B9868702217122D879F81F071F9BC9B4A2240E0F1
S31AE04D53523081E568EBC3DC10A18DB0822D6CE7C529EA895DFEDF
S31AE04D53675E64CE0A0E5119DC7F92C1A23D7B204A64271ED79F5B
S31AE04D537C8FF6FF6989E899FE4CB97FE6C486348466E9E79C476F
S31AE04D5391EA86192D1D8A86BF78ACB68FAFE1293ECDCD2AFDD140
S31AE04D53A66C675E8635F5FD85845B9D007A8E1F390EA16B610EF7
S31AE04D53BBC73675140E6039E2394305A71506DFCB90EF5D24D5D9
S31AE04D53D044C3EED57732AAD6D07E3D08412EF8CC3D94D54BD813
S31AE04D53E52EA6CD47AAC2E7E155E13DE0AC4A510C27029E8A70FD
S31AE04D53FA5B36A4AD18265CFC638074E5311CB585A937FA40DD39
S31AE04D540F88D3616409ED9F1AC1AE060369D35420E683E9503D7F
S31AE04D54240FC488ED704CE165D665BB99DCA8F6639D46B6FCCC29
S31AE04D5439C68504381FD29E2F3615CC960C49223A243BD688F7D4
S31AE04D544EA7FCA97E3557BC3A8D216B22A3ECBC3CCB1E59B52CE5
S31AE04D5463638E6C9C68EE0F471A95CFEA5000B6883941173EA2F5
S31AE04D547821672B4AC5D13F6B1DA1AADBF2CE9B16A2ABAD44E3DA
S31AE04D548D5358A09C6AA1CB7BAF4410C9ED6DC799BA2C993D3627
S31AE04D54A23149203BDC70840A2B6C85A1E06A5C95AF3A3D861857
S31AE04D54B7DA83A9284B826AF2C0049B7CA70418D280F6C59DAF5F
S31AE04D54CC3ACEF67D117A6B4F88D97069F1EB7130FAA694B83AFB
S31AE04D54E1F5BFC6D4F7A325AE65364F816B01BB39896D28087661
S31AE04D54F6319C1264DA7622A4BF98C687C1C04B9569CF31811610
S31AE04D550B013FEB12DE62A6D69B283A05FF584E978EBA5A1E174A
S31AE04D5520FA1B72F77944CF3447940D42677A4EBA51FE2FBE2E88
S31AE04D553559D4AD45797F4EB1E736FC96DB04BD204ED8D5AD0EF7
S31AE04D554A52BB3C44F6F9364730A20362940FAC0EC249238ED6FA
S31AE04D555F6EBCC0D3B3103534DDA8625CA5F0A21A33060833FD16
S31AE04D55740E4FECD345F2378C1392734AFE923D456B2833743BF0
S31AE04D5589C80CC3334974CE1B5650D3095EB85A9A1F12F5837FB6
S31AE04D559ED3679FF411525B1E630D81E02DE64F03008967F2986C
S31AE04D55B34968E2C9ADDBFF4E5C117A41540FEDB08804273D83E4
S31AE04D55C817716C201C79C51D438E018E74FC13F16068427206BA
S31AE04D55DDB489BC2E93F04206953BBD2F3BE153780168034A1823
S31AE04D55F2CA5DFC4315328EB2B8016CB48AFE7B5365F86118007F
S31AE04D560706BFB6DCEE396745F47BFCD86EDDF7F6410A1E5A4DA6
S31AE04D561CD3E87A9FE99AEA8CC4D4595F365D239E3CA52BFF29A1
S31AE04D56314651935D8EABE82FBE8B5818F74B6176696E895DA526
S31AE04D5646D527C8047163D4E2F55D408BD23CB37E65A4410A9B7F
S31AE04D565B919ED0BCA41079FDEC64D6B85E8C7261362162ECC81A
S31AE04D56701F3B0060B05A90892959AA3BA68A68F7534358FA92A5
S31AE04D5685FF0695DC672513B587E93F50C0B53B29F13685C96D59
S31AE04D569ACE1AB8BB0627E1266931FF6CCB281C169A8647753DF6
S31AE04D56AFF2C9754CF1103FFC8942AAB41E60FE82DFFDA7D92B4D
S31AE04D56C4D8B7F941A97445CA071E354768564D85F127DA085B23
S31AE04D56D977DB3BCB041438B1BEA239C88A506F6FA10E745C7622
S31AE04D56EE78806C731D50860700036D49ED17528CAF0A6FE4CF2D
S31AE04D570377BD005C091DD9CB8B693B98D578C4BD305888FFDF81
S31AE04D5718331D89148BB1B446E7EEE5C59083A58660C7523612A8
S31AE04D572D988C39AF1D75EC41709CC838E64045C9CFB39FA42242
S31AE04D5742B75D0C0BEE03A4FF7B268FDD1D4B039CE9D487672180
S31AE04D5757381ECD48B2E4DE10D53B72FE15DA4EAC9427033EFCBA
S31AE04D576CB7B9A941DC5E5899E30F60E4CBE953A2FFFBED7C48E6
S31AE04D5781616C3CEC7E3339CC61F6E6F9AB716C9880ADF3FD3989
S31AE04D579687308E1741E57E2F47DBAC7DD82FC4C63D2D6D374171
S31AE04D57AB7C6084F44069BF6F4B28454900F92FEE45E94393E48C
S31AE04D57C041EA20B0FC0E1C3ECDBBB83B9F1871330C34FB8F0B97
S31AE04D57D52F8E3E45ED04A3EA90FF0814C14A350C162A5FE08DCB
S31AE04D57EAF2013EA518F8C8B718563D195CE27D74F0A8BDF0AC2E
S31AE04D57FF422D9BE0D3A6049C8F96FFBFEF9FFD6E4D7EB0CDE853
S31AE04D5814651E465D2222D1758C1E05772D0B0B87C2219C91029A
S31AE04D58298C6F82C3335C82F2E2FD521777C54B327627A00C1397
S31AE04D583E1E63ABF024069CC678B7D4EDC684D3136E184AE24761
S31AE04D585377041677359E9E3C9C0E72EA2C036EA0BE1F7519E8C2
S31AE04D5868888B871D255D49D71BD3BA4BC6C05920971E44CE479F
S31AE04D587DDCF00E4A0B07F1CCCF99E9E4BB9843B55EE034CA0B29
S31AE04D58921632D4A467F8838C9790036FD44495A3F82A1988B63E
S31AE04D58A7F7DA0875201B59C9E505AC1DED91EAE4F2708F80801E
S31AE04D58BCF04599F831C3FD59CE951F75802CA3670D2A878BABF3
S31AE04D58D1D808E2F38DA050F063FE922094DD0910811895949E70
S31AE04D58E66DFB496BEF94D5E714B6B470AEF7C99CA649B2570D22
S31AE04D58FB894CAF62F486C5F29B68083F9BDE97D86D01D556DEA5
S31AE04D59108FB74E4EB6265447333D87C45EB0E50F87B1C7CD9DD0
S31AE04D5925E5DCF5920DD24148EEFA4E44820C2E7E081592E6E35E
S31AE04D593AD8AF03FC7CF6BB4A6B33F85773165786E3886EFECB33
S31AE04D594F75D1504828271BC4735D89FD73FF1B8935086C6D0181
S31AE04D5964C66707F61DC32C3A5FF05C60EDBD1A25B79EEA32A97D
S31AE04D5979DA7743DEE3697B2C0AC0A458883B28A29D6FEAA14D4A
S31AE04D598E6A984F8677FC56297E5424D40CDE770D160716DD04BC
S31AE04D59A31C92B0ED7B80EC9291C0F6AAC798DFFD7736B9997558
S31AE04D59B85E4765E8A4487A86CD24C79C0BC4194AC53A6E9D73C6
S31AE04D59CDF19668C9A4BA7E56630E9D0680BD13400EBD050AAD7D
S31AE04D59E2DAA8AE5A51FA055C2ED334D39AFF79279D92DC6DE3AB
S31AE04D59F7AC09BEAD2EC98092D5E703025521F5511A3B02A0FCCF
S31AE04D5A0CA478CF5CE8980EA3DB27F1F23F58AB4F44E1AE0095FC
S31AE04D5A214865C342D3B4F899843C75F0726C8A4E9E876B347262
S31AE04D5A36622D0D49D2501F06871B64947879B6E43F004AF82F27
S31AE04D5A4BF5F882BDA1618AB633FAFB3188FBFFE79DF4EBFB3438
S31AE04D5A606849F547AC0F640824F51318A21C005306277B814B21
S31AE04D5A75FC506B60836BD8A8E38024BFB73A32F38D77F5A1FB73
S31AE04D5A8AE5B6910CBFE05424377582AE3D0F017D3F1FCA35077B
S31AE04D5A9FA8D8DB154FCE3810C884FA45BE6ABDB98452624D95A7
S31AE04D5AB4BA44BC0EEB8A365F06525553DF6C785E53D4597D6852
S31AE04D5AC984702667E1824C290E606D58C94C1EF6B68B90E7AD7B
S31AE04D5ADE93235C48AB00D0A1C9DDC56F7DA76024BD83E03F2504
S31AE04D5AF3B750CF6FA031DF4A1086650DB1FC44BFFE8367420941
S31AE04D5B08AFDE673B7CBECBB8FAF9D163C4CDB5942FFC8F58D680
S31AE04D5B1D1AAAF863291D0B01D894EAA6029E0572DEFF2BD6716D
S31AE04D5B32CBB7899BDB895036129CBF6E6BCD54566649B6FF5426
S31AE04D5B47011BED472382D442956F3DFBC34C2638D8E1B46BBCCE
S31AE04D5B5C1663CCE602F1C18F2E800435619854C3FC436406DA19
S31AE04D5B7158564300ABAB1E4B5F4DAA5E3AADD7956513A2853363
S31AE04D5B860F29A38DF46D15C42E391927CC05A76A4A8B667546B6
S31AE04D5B9B42F4CC1E4C3AE377AD09E72EABFC39F7CB594FF09F1E
S31AE04D5BB04B7664E18F354EEF1DDBF4600F04389C2C8197EF112F
S31AE04D5BC562A2325EE51EF96DDE271F281207A9CA7895B5D4002D
S31AE04D5BDA4DB5C109860CB73113F405C45D8714A810AA8DD7822D
S31AE04D5BEF8706F28EE03315FE8EB887A7D0B91E60B36CF051EF71
S31AE04D5C0427D130FDED58F253745DF58D1BF863D619722862C134
S31AE04D5C19AB8B7E028FE25B72C829AD77E0EB9824372D04AC1986
S31AE04D5C2E2DBF6F0F20762AE0E978299E89D6339C1F75F10EA09B
S31AE04D5C43109AAF40207797725C89D6159B15AF515DFDE4785555
S31AE04D5C5869B5659DDBF031DB47CD6421CFCF02BC1A03F205F311
S31AE04D5C6D89D9370A62AC169AA9737CDA7F6C8E64912193BF64D7
S31AE04D5C82AFA368ED18C1097725CB889735181FA6C14CC2BEE646
S31AE04D5C97FDFDA737A9D54CA81879B72E6DB795012D430CB6D643
S31AE04D5CACAA3E66E45E66E7B9603929F96549F9BBC4463DD7F5EA
S31AE04D5CC1774A30393A63B7140D5ED46D88DE99E0697353B8088F
S31AE04D5CD6D0E1F6A10413C91FAA7FA7F4B63A8AF77F2F687AC1B9
S31AE04D5CEBC3D0042359458270015C5E7CB6E11C336C7B798AA977
S31AE04D5D00EBBF0BBFE286E1BEF5590A0EE7A9393848EB6623F5C8
S31AE04D5D15079FCF1630CD992FBDB918E3AAE43311B0D88943302F
S31AE04D5D2A9AA1F4436B5C86CD50814CF1CC0CF5B99286EA6FE0C0
S31AE04D5D3F3DC01C02049B25627281A61C86019EBCF3B1069B6B95
S31AE04D5D5421778A62F28075178691369CB0CB975B89377754FBA9
S31AE04D5D69895ED3F7105FD6123FDE0725518CB96214672504DE27
S31AE04D5D7E23B95E168CC5E2B2F903DBC0BDFBD1C374409694FEE9
S31AE04D5D939DF07E263C70E61AF346ADF170C7E8B1E965DA325991
S31AE04D5DA8DA3814CF0567A01DB8277638360283705DEE3596AB1C
S31AE04D5DBDABB07BA85F7371F91A9291D0E2D319F33DA948EBF508
S31AE04D5DD209E46F8CF0C7CF5CEE85DDF4AE0D434DBF6E51D79B40
S31AE04D5DE729E93B668ABE7CD4D75DDA67FABCD2B6D2925BF6E4DD
S31AE04D5DFC1822B98DC10205DE4E1DB0770D262D484E72CA017400
S31AE04D5E11B6829CE6DF59A40A7DEB67B9A26F3B04902665FD9326
S31AE04D5E26DA2F949DB0B9B753CC9A69146F76B57973ECC82B0936
S31AE04D5E3BD03C690D20F3A366474544ACEC06061BD9E12BED61BF
S31AE04D5E50204654D9AC56A2927CE21128C42EE249D6053EEFB6CF
S31AE04D5E657B297262B3AB9B9F0D03183A96E9A0988DB7EBFEB6E9
S31AE04D5E7A4A587355313BA581B351EB624BC47486466FE7D27AA2
S31AE04D5E8FF86770A00C00C6D68C47C87A30A21CCC143E8293E599
S31AE04D5EA4F465CFE24E8E603B2B9FB8D00F3E1B0D7CF6B366FBE8
S31AE04D5EB9C0AD52A9E739D8603156D37BFD660987C9146BD39668
S31AE04D5ECEFA8D62AE06DD1BA23DD4A75F9179E3246A7BB3ADB137
S31AE04D5EE3D7EF2DBC105C716EC6B81575DDEA20631F1A9C0CD278
S31AE04D5EF850481C31CE619713A7CFB1944A6AD520F61DBC55A577
S31AE04D5F0D7D7E7C7AC490A6FBDF3F0A13A79D0E64F2AF94A2821C
S31AE04D5F2283B8B068344163FDD6AD5689C73AD9C1877FDBC5B0BC
S31AE04D5F37FB59EF9B0D98EDF12EBDA8DD7F664431F0AC13C7AFD2
S31AE04D5F4C774A41C9E5E6C7DAA813FAF9D5F4C74EAB1E537DFAB7
S31AE04D5F611CB802296ECC30237E8599BF6264DCC6326B228382E5
S31AE04D5F7664535194DB86620FA98836A46A3C268EFF2E5BA038B0
S31AE04D5F8BFF9BF78F60C06B2156C3C961B025F10A9DF9B6680734
S31AE04D5FA03328DEFF1BE3BE6EFD5AE9FD9586CA13E383C46C8B01
S31AE04D5FB5B9548AE996E641DD831501857F918C29C179557A4B53
S31AE04D5FCADEE5F27B4B6E92FAD1DDC41372A5730C0FFCA84FAE4F
S31AE04D5FDF4521C1EEEF3101181DE6EBD5A3F75B440C30E34E16AD
S31AE04D5FF4AC47AA1F97080C29D84405D3241CDF065B601E894C0E
S31AE04D6009C5291B88466F6C77CD6475E14B4D0C731EEAFA6A37E5
S31AE04D601ED8714D1E89B40F567E90AB41FC09CCEDCD80352B1C63
S31AE04D60335943901C30D7C5ABB848C0C01FE75DEB7CFFEBFCCD69
S31AE04D6048081D0ED0F43576DFCE8D748F466388C8ACFC8C63DFC2
S31AE04D605D3D7ED960164115B61FF88C39E7100BBBD4E52A2CAC91
S31AE04D607291DF20E6A73C63413F9F02C5DFC14844E2DDF95CBD47
S31AE04D6087B7E82691A2DF6C32455CABF3396472B8F42F885BD37D
S31AE04D609CDF69371F28559009126B37652B7B1C993FCF79C33614
S31AE04D60B14ACA9B47FA61E8FDF45B41A421BAC106C64C708C107D
S31AE04D60C6F982105975DAA72D865CC16B2AC9AF3C0DC1FEAB1216
S31AE04D60DBD9D3396DE34C85EAC7E8F90A9AACC7F8A78D73B51D5D
S31AE04D60F0C6450A90BD75852E308522D9855149F140474DD6E391
S31AE04D61051BAD1E118430382D969C210021FC669F4D114C01E240
S31AE04D611A2EEF7811896676A57510A29D6ECE7FF4016C6E4A995C
S31AE04D612FF7AAD0842E1223DFB820603B7B43A428CE44FEB245ED
S31AE04D6144DEFF28ABC60841E453267868622DE8408874CAD7C4FF
S31AE04D6159EB9AB56FF4D349F3418E5CBEA741F652DC61B51A89A4
S31AE04D616E3AD495A803BBD4CECAE99DD953F49BC1DF45C68558AB
S31AE04D618399564CCD62F75C610E311E197D8F4885DE3B4F1E9B46
S31AE04D6198B5B179FC614D4BB4A82262CEB7C3C8B7927A7519D6D4
S31AE04D61ADEE9B35B88D44899CD3E9E4297C50CE2EE93BB47D76E2
S31AE04D61C2189762F41E64457BFEE0231138C5F3483019D0B047F4
S31AE04D61D7D95BCEFEDD8FEE6BCF7216B9AF566732451DFD8F5AC5
S31AE04D61EC958961D186BE1776D9D84E501C21CC9C6A9F0E470AEE
S31AE04D620130E463C3DB139CAD3352F3986054CC8A1D2BF2173742
S31AE04D62168479D92D1C956558670A77912A303218EB10F78946F1
S31AE04D622B43FDD34E4A638DC1681F6F85DEBB8B292F7863DDB16F
S31AE04D6240D29305A82EF036B777279C879CEA583170C2E70D21E2
S31AE04D6255F4B12247D1C2FED5B56FE6C7C1FC0274F48A8F4A4DE5
S31AE04D626A71EC412D418A37168BA50609BE642CBA658644A38A66
S31AE04D627FACDE80452E1D1EAD41EFACD89933C5BA1BAC2CB58F3C
S31AE04D62948FE6D155D053D2CA04B16EC0CF69DBD4DD05E33DB8E4
S31AE04D62A997302E721B7D57CDA8C14D7703AFA441606C3954ABC2
S31AE04D62BE285748258456A3A399AD36794C8A8BF634A935AFA1DE
S31AE04D62D3E011DCE3ED29CF7486E61518A134FE29F490461022E9
S31AE04D62E876B53491D47D85103F6BFB40F5B6D8EBFE58F56D2E5F
S31AE04D62FDB85E929D43A1CAF3A056BEF3BB179F07E5935E571017
S31AE04D631286ED339ED040DD4F7B5F63D3FFECADD3A1C59F42E021
S31AE04D6327C0D1E06613119FDD4FA53D1A6D03CE63020CCCCA4BDC
S31AE04D633CF0ACECC20EC1E4C7C5263D2D736673C4C046A36F8A4E
S31AE04D63513B2E2E66299FF287A4228FC52DF4A1C1392BC2A2B2AF
S31AE04D63669AC0F1045BFE101C92DAC9847C3A38ADEEBF00AAAFC1
S31AE04D637BF2A8FAF6EE9584759CAACE1F376CAF7D0BC457C500E7
S31AE04D6390F2063114D00D715CF91FBF50DA71CFA68834198B2D6A
S31AE04D63A5BBDFA44788DC25D884519CC9DC613DCF59FEF1E95BBB
S31AE04D63BAEE3FBBB8FF1B47BE591246F3F8A617CCBCFC9D417CA5
S31AE04D63CF44B454C66DC4A5D085F279B1CB843DAE3D0581591ABD
S31AE04D63E4C006DC869B30293567A653631E9B26809520E90A0254
S31AE04D63F99DE7B6A7F930860B8102A7855C6F9A5AAA7680D26B76
S31AE04D640E6C1F344DB13CB12DBE5CE8C8EE6850426A5AA6D7D3A9
S31AE04D6423AB8BCDC51BE9E2DDD750DB54C19C47C02326ADD6C45C
S31AE04D64383B9F14844239F1153C96A2C5D79049F0177B4BF4037C
S31AE04D644D8063224809546A50BF97261DD4E48BB3C28C1BCCC619
S31AE04D6462603796B342D9407D961157040464939F8F238C1E6FD3
S31AE04D6477E4172A8115BE2E59007D06059876A6DAF4F724042490
S31AE04D648CEC042004953B0B1523C00C6B8CFEE6B9938AF660E3EB
S31AE04D64A1EB8596153605D9692CBDC0B8405275C0E7CDF50B91AE
S31AE04D64B675719DC170237CCE66BEE0372C96C9C1AF914C416FBA
S31AE04D64CBEDDC45CDFA1C96041D4A72F1EA679BBF148B241E4761
S31AE04D64E00CE97C7058A6D0327FEA3E461BE62ECC2BE8285B8B8A
S31AE04D64F576696E7074A840F9775C7DC2FC89F9DF3C39AFE60ACA
S31AE04D650A966FE0EB64C4BC1824777B67031463196026DD406E5C
S31AE04D651F5EBFF29D88DC23B81ADAC95557F6B2E351B2C76D51CD
S31AE04D6534A0A9298E3EE5840785684411D24C60DEF821DDF9B72D
S31AE04D6549380513CABE70A77A0E27B999B7362D4BC049E946D7A6
S31AE04D655EAD6F7F63EBA21E8C65A678B9B2E95DB59232FF88E6A6
S31AE04D6573BFB184680FAD574A8080E1019493512E3D1383143880
S31AE04D6588B5D2FE12B4DFF81E4B31F9F529D93AC5393D37547CA3
S31AE04D659D2F649A85458F7D4463AD32838BF5D9869BB6EF4455F2
S31AE04D65B25CEDFB1BECA13712612C898C2CFCDCB3D38511C009E1
S31AE04D65C79AB20A3C7F3FEF2F0C2793425E884D03A373F9138A34
S31AE04D65DC81E9FF4E9A310FE1A3BA129175F03FFEB9B4E230C420
S31AE04D65F110931970B2718B2B510416E9EA5BA15F6091AD3E06E2
S31AE04D66064B898139937617414EE5D132D651D97501AD4B7687BC
S31AE04D661B715A796946720B88117D8E1E583A38E2B50CA533754B
S31AE04D663002BA7F9D7DD1C3923162D46531D34AD533A4CFB888D2
S31AE04D66455CE529DEBEE1C9F2F85A994AA07471A6521369014EEE
S31AE04D665AFA0615A212F7DE0A628D1C80A6313C90B468F75C2291
S31AE04D666F12DDFEA13BF3A2275BE317E2728B352091E7B57D0922
S31AE04D6684B29E42AA0E344D4BFE4C67E121881F53A22142D241F3
S31AE04D6699BDC60CCCE3275BE30C269FC6A466D78214B8C3774CCA
S31AE04D66AE6763D06783A7F6157172BFB430306A863F0C439D2677
S31AE04D66C347798C29AA6DE9770FD186263EF7371C40B1F5B2C235
S31AE04D66D847B2CF0720DFFD6001B42C70F08480C6CFA66E6CCD28
S31AE04D66EDAE227BFAA7BB91DD694EDBE95FCA522402891B20343C
S31AE04D67020D0F317322AABD01496A8E614ED2F2701AD2C98F8D10
S31AE04D671769938B582BD3C03603C805D2ED82A74C3603C2450D16
S31AE04D672CE90E45B7C896C95BB722DB55E3E27685C2A0122EAF96
S31AE04D67419605390BCE9E6A4E3A015CEF1A4B08819436AF38EAFE
S31AE04D675684EDF2651C92E6F06A4E2841C666F1F3643D31330574
S31AE04D676BF641477BB1B9E087D10F7DB34529DA6EA8DBFDBFC255
S31AE04D67800395D2C669439C5B96D9776FD536831D3A65874F4742
S31AE04D6795C3584F5FBDAAFABCF14732C452730984D452CF54F815
S31AE04D67AA40417A62059E49EFFCD15C575820A10A07EA59348DC1
S31AE04D67BF09E85DF9450254DB199411E0C9F66F2CB64C5D66CD4B
S31AE04D67D40D128401E07AA5B73684D01E2DEC2F46157DE7C85E4E
S31AE04D67E9C860A5A8E3D01A54B1F576C6B0A9B7E1EB69CFCFF716
S31AE04D67FED91954E3F3A66428101F1EA66F720C487884E2D9C264
S31AE04D681330808FC7A89EC9660CAC524D3D94065AD4C2686801D3
S31AE04D6828080CC0E047DAB5FAA8D25661D5D1109F1E01763961EF
S31AE04D683D198676E301479AF06EFFB27280B1E93D86D968413F1A
S31AE04D6852EADC2C2D2E99F05D1B911FFA57191ADCEC2FA19457F9
S31AE04D68677B7F726ABA84F745D9038670E0D30A1526CF4030FE92
S31AE04D687CACABCDA6F857566B7968EB937B04725AB33E3635FEF6
S31AE04D689167307AADAFB64976E4B0239FD7422905AD16D324F393
S31AE04D68A60B6083FDBC702AE4C5072E613506FB6D48C9CEF92A85
S31AE04D68BBD6340A701CB4DB4EBFC7B0824DDCBCD99F54940D67A7
S31AE04D68D0B598B10EAB95E74A977DCDEF91EFF730BB36385E9075
S31AE04D68E5D4664971E3605BD1BC4043F387581A07021B821BB468
S31AE04D68FA9EC00FA61671F9178E12813B56568CF7752A0D1B3921
S31AE04D690F26FD7F0A919BEBD2800FCB36709E033D8C423B5A4F1B
S31AE04D69242756607509BC5862D899E5F85EA333F72FB63E128725
S31AE04D69391D6AE05F361D680EF684E0F06D0B2FA42C61E3F8C5C5
S31AE04D694E876D36FFD39AD962A2C674CF6DD007639496ECF7DBF6
S31AE04D69630830DD252B4E92E20AA506559F23116172810ED5149D
S31AE04D6978003A8256301CB93C7DBAC1BE1689F5E2A141B869361F
S31AE04D698D6855305FC138D53155E6884FCDE6DD5522197D6FF663
S31AE04D69A238857BE0F32E4E955835DF1B8DDFAFB5460891AEE0CD
S31AE04D69B7CE4A4968FC4CE3D78A161106ED662E00FEA43973281F
S31AE04D69CCA13F4C4D01643A8147FDAE71F7C15F4C8A1A9B213F85
S31AE04D69E16FFF65666E17453CFBA1F969A3DA676C689578B09A22
S31AE04D69F6492A6F294E30516E6F9467D085F618C2708F12915D83
S31AE04D6A0B40C7CF7EFD08801ADA0116429767131380F4F62E1B46
S31AE04D6A2049DC427B01587F16C58F3A9B4941FE429B717C1A9732
S31AE04D6A3568A90E19F44120F94AE1AA805BA55D7079CA7D77DD5D
S31AE04D6A4A0589FA6AC05AB9CC2604EDAA2D7C5268FD86EBDC768F
S31AE04D6A5FF58BF2E64E5983FF7209DCA55C6E1452AE61FFE46DE3
S31AE04D6A7496B9907D790CFBA31E513FDC63BCE8EBC79EEFFE9DF0
S31AE04D6A8993C131EA4E9B4395B0A0CA14F6047388FED7E8350779
S31AE04D6A9E8C75AC67EFACD02E200816CD0F5CF09DA635460BB321
S31AE04D6AB33A069D672A2AE105770633B1326CCDA7893AD2B2540F
S31AE04D6AC82D2F41FCFF69C4885E777E066069BE29DB5EA1BB7A21
S31AE04D6ADDA5053A4C65B350F9ADFFF3BE44CE3CB97C566C627E5E
S31AE04D6AF2D64BF2E74E138211C920548A260331E120EDD35872C2
S31AE04D6B07D560476B0199EFDF5F3B98354CC83ED494C14C2009A0
S31AE04D6B1CE200D8C08BCC2319F66D6065AFFE9AFCC63152B911A6
S31AE04D6B31D645C867BA9FBF790175414CDA7262445F2EB5B856FC
S31AE04D6B469D6BDC30D760B2D1896831A2DE97949C3A8F1D30C7F3
S31AE04D6B5B01C49A59DBECE577B055DB19D961E460C44C4F3EBB48
S31AE04D6B70DB54541A1BCA318FB08B174C40F0B9943006C5F46F22
S31AE04D6B856D07C3ED766746A6BDF3E058A9425E759AB90A0C5973
S31AE04D6B9A0A62F28A26A3B745CD15CFDD6EDAB5AB73D7BF13D6DE
S31AE04D6BAF43E7908CC8E78896917C360C215CAE0801380836781A
S31AE04D6BC41FE06F8BD15E9E766CBC8A26936D2EBD0B038742D1E2
S31AE04D6BD9167AAFFB6E08DDABA77086AFFD78F9B83C55DB52F418
S31AE04D6BEED35E5094ADF4E9B23960915295CEA3B1306FC08210EA
S31AE04D6C03AB716FEC837321A3ED570F9F4356BFE097004A002BE2
S31AE04D6C1880E90455B855AEC757AFC955A641D4497E6EE54D5F4B
S31AE04D6C2D4F5ADA4F4DDA362CA79E8054A24AB5E51924A5CF690B
S31AE04D6C42F5C71F4C34CD62E21E5B067B4E35FC59D03E92E8D371
S31AE04D6C577E12094C6DA287B59C615EC5D4E01C05DA771F7E548E
S31AE04D6C6C826042F07EA632DA9CE99EE486BA0431170155BE31C4
S31AE04D6C811C6F97D7EF94A2DDDB130552756522403C5C3B8ECC22
S31AE04D6C96A3A43D054E3CE6794B39CFE127F300541719BA415720
S31AE04D6CAB211CCE89CE5E100EBCAD700E343728C16D453CFA732D
S31AE04D6CC0EB4F39B39C797B273D6BAC974919FD1B4D821DA71C9B
S31AE04D6CD5C1FF73945EAC8439BDC34973C9EE830776D50BE66CC4
S31AE04D6CEA9F889DD5B380C3C7A4551659C611D32929C4FE80DB8B
S31AE04D6CFFD6DCFB4BEFC4573A93A4951C4368BBB1CCE242B2CAA6
S31AE04D6D1405993BF3FDB6EC334E4FAC11F2F884135EB97B8A683A
S31AE04D6D29B1C3B9F25960EAD591ACC523CD0B549772EDFD53F6FE
S31AE04D6D3E20DD2CD490D08276F04618595BEBACECC423B07DCF50
S31AE04D6D53FD7DB10A97A57B3C5BFFDCB1B6D6C90C7FF72B95FF53
S31AE04D6D68447EFFF32F7821536A8FA9C5405F34ADF51831C70A1E
S31AE04D6D7DC2254D475EF60CD5419FD75D00A5CFA8C4CD2EB57BFF
S31AE04D6D92DFBAD2F222C28829BB310A46CF6D0B649B4EC6ADB8CC
S31AE04D6DA7BF0173C7F6936A6EE6EB6B4C587FD321A71D5EFD4097
S31AE04D6DBC209D519D52E013DEDE57039B954532ADAF90ECEB9E81
S31AE04D6DD11543A9A61F6CC75B4BAEC36DC41FC3285D065A07DE8D
S31AE04D6DE6571BF1751EBE2C8A3AB46A9ED25F1B51187AB94C5D74
S31AE04D6DFBA670CCB14DA98C4EC6CFFD5001C46A1B1F473D2BDE15
S31AE04D6E10CB696BB87CBC052C75E1C01941EFFBA66A0A688BC54E
S31AE04D6E25F8DA6ED9EFDB71469F836F44F1B98F65E636CCA53D4E
S31AE04D6E3A2DACB92CC156F5B8206B890D3B6C3E3CC023D5A14CA7
S31AE04D6E4F654422037B1C19347C765DC84DAB177E158313093FB2
S31AE04D6E6473CA61CB474D0C3A66D60E48678AA4B149A7C4B5C59D
S31AE04D6E79D1EDE4F413E0979AED51F8488BB0FE61D4952BCA1091
S31AE04D6E8E8E6C9489EF9D047C12E219481405A155C0AD930487AA
S31AE04D6EA382CC99D9756FC2F21EEA5B59B0213241E7E76AFFFB1D
S308E04D6EB87957D6FE
S705E04A0000D0
