S00B0000626F6F742E686578CD
S31A00E8000002020010000307DE000A000846FC2700303880063167
S31A00E80015FC000789404E7A08080880000108C000004E7B08081A
S31A00E8002A70004E7B08014E7B0002F4D8F518203C000001084E3A
S31A00E8003F7B0003203C0000E0004E7B00074E7B0005203C807F0B
S31A00E80054E0404E7B00064E7B00040CB9FA52235F00FA000066FA
S31A00E800690A4DFA00084EF900FA000431FC0020828C31FC00105E
S31A00E8007E828200380021800741F8880010BC0007117C00C000BA
S31A00E800930210BC000E117C000700024238890141F8FA01701739
S31A00E800A84210548853806AF841FB017000E00C3A43F8824070B2
S31A00E800BD0F32D851C8FFFC4238826643F89800700F22D851C84C
S31A00E800D2FFFC4238826011FC00018201423882034FF900008874
S31A00E800E77043FA02AA41F80008703F20C951C8FFFC43FA0298F9
S31A00E800FC21C9001441F80060700720C951C8FFFC30388006E028
S31A00E8011148E208120002010001E408020000068200203C0008C9
S31A00E801260000E3A00C0100056606203C00E0000021C0042EF492
S31A00E8013BF8203CA08080004E7B000261004E9221C005A46A0AC3
S31A00E801507001610002CA600000F40640001A720001C10681019E
S31A00E8016500000021C105A441FA00D82A78000821C80008284FE7
S31A00E8017A4239E000000121CD00082E4C203C5F4C5A5F223C4C4C
S31A00E8018F5A4D41740341F900ED0000B0906712B290673E91FCBA
S31A00E801A40001000051CAFFF06000009E61000C2E6A0A7003616C
S31A00E801B90002646000008E2F280004487901000000486800081A
S31A00E801CE4EB900EA4E84205F5188508F2F002F08607061000B92
S31A00E801E3FE6B664E56FFE82F0848680008486EFFF04EB900EA3A
S31A00E801F84F40508F4A8066382D7C01100000FFFC2057486EFF4D
S31A00E8020DE82F3C00100000487901000000486EFFEC2F280004CD
S31A00E802224868000D486EFFF04EB900EA4F9C4FEF001C222EFFF2
S31A00E80237E8205F4E5E4A80660C2F012F08600A21CD00082E4C34
S31A00E8024C42A742A74EB900EA2BEC508F2038042E048000008068
S31A00E802610021C0042E0838000680076700007A0CB8752019F374
S31A00E8027604206600006E0CB8237698AA043A660000620CB855CF
S31A00E8028B55AAAA051A6600005611F8042480010CB83141592685
S31A00E802A00426660000442038042A08000000660000380CB81384
S31A00E802B557BD1305A86600000CB1FC01000000672260180CB88D
S31A00E802CA314159260426660000162038042A08000000660000A6
S31A00E802DF0A20404DFAFFE44ED041F8880010BC0007117C00C089
S31A00E802F4000210BC000E117C0007000208F800068007671E0C77
S31A00E80309B8752019F3042066140CB8237698AA043A660A0CB8E9
S31A00E8031E5555AAAA051A67662A38042E2C3805A449F8040028E4
S31A00E8033305068400008000988CE08C5384700072007400760085
S31A00E80348204022412442264349EC01004BF8020048E4F0F04851
S31A00E8035DE4F0F048E4F0F048E4F0F048E4F0F048E4F0F048E47D
S31A00E80372F0F048E4F0F0D9CD51CCFFDC21C5042E21C605A42036
S31A00E803874542A87FA84EF900E001DA4E737007610000864EF9B5
S31A00E8039C00E0398C2F082F0041F8880070071080103C00C0116E
S31A00E803B1400002700E10804A9757C00200000711400002201F66
S31A00E803C6205F4E7548E7808041F8FA014228001808A800050058
S31A00E803DB1208A80005000608A80005000A08A80005000E70312F
S31A00E803F0117C007C001E117C0007001808E80005000608A8008C
S31A00E8040505000A08280005000A67F84228001851C8FFDA4CDFA8
S31A00E8041A01014E7553806B1C2F0070016100FF786100FF9E70DA
S31A00E8042F006100FF6E6100FF94201F51C8FFE66100FF8A610080
S31A00E80444FF866100FF826100FF7E4E7548E7FFF07A0F206F0077
S31A00E8045934226F0038203C0000800022D822D822D822D853800C
S31A00E8046E6EF4226F0038203C46FC2700223C30388006234000EC
S31A00E80483302341003441FA012A7000720076002E3C0007FFFE82
S31A00E8049810193401E08AB18236302A00E181B78153876EEC7098
S31A00E804AD00301102810000FFFFB08157C657CDFF9A6706700999
S31A00E804C26100FF5A206F003843F900E8526845F900E86ADC72FA
S31A00E804D7FC201947F0080020196F220800000066160800000157
S31A00E804EC660826D959806EFA600E36D955806EFA600616D953FD
S31A00E80501806EFA20095680C0812240B3CA65C8226F003841F9C0
S31A00E8051600E8000270003028000280FC000A72003200E9814852
S31A00E8052B408081134000187000301080FC000A72003200E981DD
S31A00E80540484080811340001970003028000480FC0064240002F1
S31A00E80555800000FFFF80FC000A72003200E981484080811340B5
S31A00E8056A001A42424842200280FC000A72003200E981484080A8
S31A00E8057F811340001B4A06672641FA002A7000720076002E3C86
S31A00E805940007FFFE10193401E08AB18236302A00E181B78153E8
S31A00E805A9876EEC32814CDF0FFF4E7500001021204230634084D5
S31A00E805BE50A560C670E781089129A14AB16BC18CD1ADE1CEF113
S31A00E805D3EF123102103273225252B5429472F762D693398318E3
S31A00E805E8B37BA35AD3BDC39CF3FFE3DE246234430420140164A9
S31A00E805FDE674C744A45485A56AB54B85289509E5EEF5CFC5ACB7
S31A00E80612D58D365326721611063076D766F6569546B4B75BA7BE
S31A00E806277A97198738F7DFE7FED79DC7BC48C458E5688678A7DF
S31A00E8063C0840186128023823C9CCD9EDE98EF9AF89489969A97F
S31A00E806510AB92B5AF54AD47AB76A961A710A503A332A12DBFDB4
S31A00E80666CBDCFBBFEB9E9B798B58BB3BAB1A6CA67C874CE45C54
S31A00E8067BC52C223C030C601C41EDAEFD8FCDECDDCDAD2ABD0B38
S31A00E806908D689D497E976EB65ED54EF43E132E321E510E70FF41
S31A00E806A59FEFBEDFDDCFFCBF1BAF3A9F598F78918881A9B1CAFF
S31A00E806BAA1EBD10CC12DF14EE16F108000A130C220E35004409D
S31A00E806CF257046606783B99398A3FBB3DAC33DD31CE37FF35E52
S31A00E806E402B1129022F332D24235521462777256B5EAA5CB9583
S31A00E806F9A88589F56EE54FD52CC50D34E224C314A004817466CE
S31A00E8070E644754244405A7DBB7FA879997B8E75FF77EC71DD764
S31A00E807233C26D336F2069116B06657767646155634D94CC96D30
S31A00E80738F90EE92F99C889E9B98AA9AB584448657806682718C7
S31A00E8074DC008E1388228A3CB7DDB5CEB3FFB1E8BF99BD8ABBB5C
S31A00E80762BB9A4A755A546A377A160AF11AD02AB33A92FD2EEDFB
S31A00E807770FDD6CCD4DBDAAAD8B9DE88DC97C266C075C644C452D
S31A00E8078C3CA22C831CE00CC1EF1FFF3ECF5DDF7CAF9BBFBA8FF0
S31A00E807A1D99FF86E177E364E555E742E933EB20ED11EF048E76A
S31A00E807B67FFE08B80005FA0740E7007C0700F4F8203CA080806B
S31A00E807CB004E7B000246DF21FC00E00FB6000810388006EC08AF
S31A00E807E00C000002672A203C5F46525161000ABC0C8000000020
S31A00E807F5206318203C5F46524561000AAA0C80000000206606A1
S31A00E8080A08F80000820A42A72F3C000000013F3C00003F3CC64E
S31A00E8081F0B4E4E4FEF000C08000000670608F80002800720388F
S31A00E8083405A46A0442B805A4207804F2206800241210020100A8
S31A00E808490F0C0100036700053A42B805A82A006B00014A721AD4
S31A00E8085EE2AD538541FA05601A30580021FC1357BD1305A87872
S31A00E808730042A72F3C0000000D3F3C00003F3CC60B4E4E4FEF80
S31A00E80888000C0C800000C350657A0C800001ADB0627220780489
S31A00E8089DF22068002412100201000F0C010004674C0C010008AD
S31A00E808B267462F0042A72F3C0000000C3F3C00003F3CC60B4EF2
S31A00E808C74E4FEF000C2400201F0C82000000026D080C820000A0
S31A00E808DC00066F12220082FC80E87400340148414A4167025212
S31A00E808F1827201610042F8600C74007200303C0003610045EE1F
S31A00E8090628006100486E207804F22068002412100201000F0C35
S31A00E8091B010004670000840C0100086700007C3F3C00013F3CFA
S31A00E80930012B4E4E588F4A405EC70287000000014A406B3A426B
S31A00E80945A72F3C0000000E3F3C00003F3CC60B4E4E4FEF000CE2
S31A00E8095A4A806B2008000000670E42B9F380000042B9F88000E7
S31A00E8096F00600C42B9F300000042B9F8000000610042406620CF
S31A00E809842278042E2F297FA82F074EA80004508F4A80661820AE
S31A00E8099938044E0C8001000000640C701B61003C127045610084
S31A00E809AE3C0C61003BC441FA0BBB0C7800023E86620441FA0BA7
S31A00E809C3E361003B8C61003BAC4E7A0808484041FA0C320C40B9
S31A00E809D80430670E41FA0C3E0C400431670441FA0C6261003BBD
S31A00E809ED3842404840E04880FC000A02400007670800400030EF
S31A00E80A0261003BB648400040003061003BAC4E7A08082200E085
S31A00E80A178941FA0C49024101FF672041FA0C830C410002671663
S31A00E80A2C41FA0C910C410006640C08C000054E7B080841FA0C3F
S31A00E80A414508010008660461003ADA4E56FFFA6100080A2078D5
S31A00E80A56042E21407FA42D40FFFC0C80000002EE6546203C5F9D
S31A00E80A6B5043496100083A2008673870062078042E0CA840000E
S31A00E80A8000007FB866220CA8400000007FB466180CA8800000DB
S31A00E80A95007FB0660E0CA8400000007FAC66040880000223C0C5
S31A00E80AAAE0000020203C43543630610007F420086706216EFF71
S31A00E80ABFFC0004202EFFFC426EFFFE0C4003E8650A2F007020D9
S31A00E80AD461003AE4201F41EEFFFA7204610038121D6EFFFDFF92
S31A00E80AE9FE1D7C002EFFFD61003A604E5E41FA0C3561003A5635
S31A00E80AFE7C002078042E24287FA8223C00010000C282670C61C5
S31A00E80B130002B841FA11DB61003A36203C5F50434961000784AA
S31A00E80B28200867527201C28266206100029841FA11C67202C269
S31A00E80B3D82670E41FA11C97204C282670441FA11C961003A02D2
S31A00E80B52223C80000000C282670C6100026E41FA11BD61003997
S31A00E80B67EC223C40000000C282670C6100025841FA11B1610031
S31A00E80B7C39D642A72F3C0000000D3F3C00003F3CC60B4E4E4F54
S31A00E80B91EF000C0C800000C3506500007A0C800001ADB062009C
S31A00E80BA60070610002224A846A1A702061003A0641FA09540C30
S31A00E80BBB44FFFE670441FA092A6100395E604C41FA17F56100D1
S31A00E80BD039820C80000186A0650A2F007020610039DA201F4E85
S31A00E80BE556FFF8426EFFFE41EEFFF87206610037001D6EFFFC57
S31A00E80BFAFFFD1D6EFFFBFFFC1D7C002EFFFB610039484E5E41EC
S31A00E80C0FFA0B1D6100393E41FA09A66100393620056A0000B0EF
S31A00E80C24320041FA085B0C41FFF7674A41FA082E0C41FFF867ED
S31A00E80C394041FA07FB0C41FFF9673641FA07BD0C41FFFA672C81
S31A00E80C4E41FA077E0C41FFFB672241FA074B0C41FFFC6718417E
S31A00E80C63FA07060C41FFFD670E41FA06C80C41FFFE670441FAD0
S31A00E80C78069C610038EA610038A442B805A442B805A861003339
S31A00E80C8D36700D61003928700A610039226100391E610001F4AB
S31A00E80CA26100331E0C000077662441FA16B261003872610039E8
S31A00E80CB71C380041FA16E2610038646100390E32003004610047
S31A00E80CCC448260BE60FE28006100389041FA08F0610038744111
S31A00E80CE1FA08FA0C440003671841FA08EC0C440002670E41FA11
S31A00E80CF608DE0C440001670441FA08D16100384E41FA08D861E2
S31A00E80D0B003818610000D06B2870126100441A6B6E08000001AE
S31A00E80D20666870096100440C6B0000600C000070635841FA118A
S31A00E80D3514610037EC604E2F086100382641FA0771610037DC58
S31A00E80D4A201F610038447006610043DE6B00FF2A0C400040670B
S31A00E80D5F0C41FA111C610037BE6000FF187012610043C26B00FD
S31A00E80D74FF0E080000016600FF0641FA10C8610037A06000FE52
S31A00E80D89FA610037DA42A72F3C000000073F3C00003F3CC60BD9
S31A00E80D9E4E4E4FEF000C48400C404E566600000A41FA103B619D
S31A00E80DB300377041FA0806610037964CDF7FFE4E7500010102B0
S31A00E80DC8020202034A46660E7CFF6100379241FA0F0D61003787
S31A00E80DDD764E7548E7F0C00CB81357BD1305A8660000960CB890
S31A00E80DF2752019F3042066160CB8237698AA043A660C0CB85555
S31A00E80E0755AAAA051A6700007641F901000000203C01234567DC
S31A00E80E1C223C89ABCDEF227805A448D0000348A800030008111B
S31A00E80E3140000CE798E799D1FC00002000B1C965E441F9010088
S31A00E80E460000203C01234567223C89ABCDEFF4F84CD0000CB467
S31A00E80E5B80662EB681662A4CA8000C0008B4406620B641661CBE
S31A00E80E70B028000C6616E798E799D1FC00002000B1C965D27012
S31A00E80E85004CDF030F4E7570FF4CDF030F4E7548E7E0C04E5688
S31A00E80E9AFF7A426EFF7E41EEFF80610041186B0003AA43EEFFFF
S31A00E80EAF8041FA08BA6100366E70001029000241EEFF7B7203F5
S31A00E80EC4610033FA41EEFF7B610036840C2900040002660841EF
S31A00E80ED9FA08C96100367441FA08C86100363E700010290003B4
S31A00E80EEE41EEFF7B7203610033CA41EEFF7B6100365441FA08AE
S31A00E80F03F76100361E70001029000441EEFF7B7203610033AA36
S31A00E80F1841EEFF7B6100363441FA092B610035FE7000102900B6
S31A00E80F2D0541EEFF7B72036100338A41EEFF7B6100361441FAF1
S31A00E80F420952610035DE700030290006E05841EEFF7A72046157
S31A00E80F5700336841EEFF7A610035F241FA097A610035EA41FA53
S31A00E80F6C0978610035B470001029000841EEFF7B720361003354
S31A00E80F814041EEFF7B610035CA0C2900010008660841FA099F95
S31A00E80F96610035BA41FA099E6100358410290009610033EA410B
S31A00E80FABFA10A50C2900A00009640441FA10A06100359641FAFC
S31A00E80FC009B8610035601029000A610033C641FA09F66100350A
S31A00E80FD55070001029000B41EEFF7B7203610032DC41EEFF7BDF
S31A00E80FEA6100356641FA0F7D1029000B671441FA0F8D0C00009F
S31A00E80FFF01670A41FA0F930C00000266046100351641FA09F543
S31A00E810146100350E41FA0F871029000C0200007F673241FA0FBB
S31A00E81029830C000001672841FA0F800C000002671E41FA0F7D81
S31A00E8103E0C000003671441FA0F7B0C000004670A41FA0F790C10
S31A00E810530000056614610034F84A29000C6A0A41FA0FC461002C
S31A00E8106834EA600E70246100354A1029000C6100352A41FA093C
S31A00E8107DD0610034A470001029001141EEFF7B720361003230CC
S31A00E8109241EEFF7B610034BA41FA0D776100348410290012D070
S31A00E810A7006100337041FA0E09610034721029001361003360A9
S31A00E810BC41FA0E2C61003462102900146100335041FA0BCC6121
S31A00E810D100345210290015610034C84A290015660841FA0F5358
S31A00E810E66100343C41FA099F610034341029001B610032EE4174
S31A00E810FBFA09E5610034241029001C610032DE41FA0A3D6100A8
S31A00E8111034141029001D610032CE41FA0EBC6100340410290006
S31A00E811251E610032BE41FA0A70610033F470001029001FE5402E
S31A00E8113A41EEFF7A72046100317E41EEFF7A6100340841FA0EF6
S31A00E8114F82610033D241FA0A90610033CA102900406100344034
S31A00E8116470206100345241FA196C10186710B0290040660472BD
S31A00E811791F600C4A1866FC60EC41E900417206101867140C0046
S31A00E8118E0020650E0C00007F64086100342051C9FFEA41FA0DD4
S31A00E811A37B6100337E41E90049721110186100340851C9FFF8F0
S31A00E811B841FA0A836100336670001029005D1200C229005E0C05
S31A00E811CD0100FF670000820C290052005E634041EEFF7C720290
S31A00E811E2610030DC41EEFF7C61003366702F610033C872026129
S31A00E811F70030C86100335670001029005E0640076C41EEFF7AAB
S31A00E8120C7204610030B041EEFF7A6100333A60381029005E6122
S31A00E81221003380702F610033920C290090005D650E70316100BB
S31A00E81236338470396100337E600C7032610033767030610033F7
S31A00E8124B701029005D610033504E5E4CDF03074E7548E7700073
S31A00E8126040E746FC250070007409223804BAB2B804BA67FA76F9
S31A00E8127500223804BA5283B2B804BA67F8B6806502200351CA27
S31A00E8128AFFEA46DF80FC00FA48404A4067060680000100004295
S31A00E8129F4048404A804CDF000E4E752F012200203805A06714F4
S31A00E812B420404A90670EB2906606202800046008508860EE7090
S31A00E812C9002040221F4A804E7510F51133117111AF11ED122930
S31A00E812DE126512A112CD130B1349138713C513FD1435146D1529
S31A00E812F30A1531154D1569158515A115BD15D915F51611162D44
S31A00E81308164B1669168716A516C316E1534452414D206E6F74F2
S31A00E8131D20666F756E6400534452414D206E6F6E2074726F75C5
S31A00E8133276826500534452414D20636869702064656E73697479
S31A00E8134779206572726F7200534452414D206572726575722094
S31A00E8135C64656E7369748220707563657300534452414D206E40
S31A00E81371756D626572206F662062616E6B73206572726F7200F0
S31A00E81386534452414D20657272657572206E6F6D627265206411
S31A00E8139B652062616E7175657300534452414D2064656E736931
S31A00E813B07479206572726F7200534452414D20657272657572D7
S31A00E813C52064656E7369748200534452414D2062757273742015
S31A00E813DA6C656E677468206572726F7200534452414D206572D6
S31A00E813EF72657572206C6F6E6775657572206275727374005309
S31A00E814044452414D2064617461207769647468206572726F727D
S31A00E8141900534452414D20657272657572206C61726765757292
S31A00E8142E20646F6E6E82657300534452414D20766F6C7461676E
S31A00E8144365206572726F7200534452414D2065727265757220AB
S31A00E8145874656E73696F6E00534452414D207479706520657241
S31A00E8146D726F7200534452414D2065727265757220747970651B
S31A00E8148200534452414D20726566726573682072617465206590
S31A00E8149772726F7200534452414D207265667265736820726114
S31A00E814AC7465206572726F7200534452414D2072656164206661
S31A00E814C161696C757265206174202400534452414D206572728D
S31A00E814D665757220768272696669636174696F6E20656E202450
S31A00E814EB004354434D206E6F7420666F756E64004354434D20E3
S31A00E815006E6F6E2074726F75768265004354434D206672657161
S31A00E8151575656E6379206572726F72004354434D206572726570
S31A00E8152A7572206672827175656E6365000D0A43545043492032
S31A00E8153F6E6F7420666F756E640D0A000D0A4354504349206EED
S31A00E815546F6E2074726F757682650D0A0045696666656C0062AC
S31A00E815696F6F742E6C6F67001B6234411B6232541B6233411BBC
S31A00E8157E6231521B623549201B623F46414C434F4E2F1B62311E
S31A00E81593435436301B623F20544F53342E30340D0A00415441D3
S31A00E815A852492046414C434F4E2F4354363020544F53342E30FE
S31A00E815BD340D0A000A0A0A0A0A002C2000534452414D20003695
S31A00E815D234003132380032353600353132004D422064657465C1
S31A00E815E763746564004D6F20648274656374826500544F5320F2
S31A00E815FC647269766572732076003638303630205265762E00D8
S31A00E816113638303630205282762E0036384543303630202F203F
S31A00E8162636384C43303630205265762E00363845433036302007
S31A00E8163B2F2036384C43303630205282762E00756E6B6E6F7790
S31A00E816506E20435055200043505520696E636F6E6E7500204D92
S31A00E8166561736B20443030572F4431315700204D617371756570
S31A00E8167A20443030572F4431315700204D61736B204634334766
S31A00E8168F2F4736355600204D617371756520463433472F4736D5
S31A00E816A4355600204D61736B204638345700204D617371756557
S31A00E816B9204638345700204D61736B204534314A00204D617304
S31A00E816CE717565204534314A001B7020426F6F74207600206263
S31A00E816E36574612031352000201B710D0A000D0A496E6974694D
S31A00E816F8616C697A6174696F6E20534452414D000D0A496E6956
S31A00E8170D7469616C69736174696F6E20534452414D004D422FE3
S31A00E81722530D0A004D6F2F530D0A004D487A000D0A1B702053E1
S31A00E817374452414D20454550524F4D2044415441201B710D0AA6
S31A00E8174C000D0A1B7020534452414D20444F4E4E4545532045D0
S31A00E817614550524F4D201B710D0A000D0A4279746520322C20F6
S31A00E817764D656D6F72792054797065203A20000D0A4F63746519
S31A00E8178B7420322C2054797065206465206D826D6F6972652073
S31A00E817A03A200020534452414D000D0A4279746520332C204EBD
S31A00E817B5756D626572206F6620526F772041646472657373657E
S31A00E817CA73203A20000D0A4F6374657420332C204E6F6D62727C
S31A00E817DF65206465206C69676E65732064276164726573736585
S31A00E817F473203A20000D0A4279746520342C204E756D62657251
S31A00E81809206F6620436F6C756D6E20416464726573736573207B
S31A00E8181E3A20000D0A4F6374657420342C204E6F6D6272652034
S31A00E81833646520636F6C6F6E6E657320642761647265737365D6
S31A00E8184873203A20000D0A4279746520352C204E756D626572FB
S31A00E8185D206F662044494D4D2042616E6B73203A20000D0A4F5D
S31A00E818726374657420352C204E6F6D6272652064652062616E85
S31A00E81887717565732044494D4D203A20000D0A427974657320A1
S31A00E8189C362D372C204D6F64756C6520446174612057696474AB
S31A00E818B168203A20000D0A4F637465747320362D372C204C6116
S31A00E818C6726765757220646F6E6E826573206D6F64756C65200B
S31A00E818DB3A20002062697473000D0A4279746520382C20566FCA
S31A00E818F06C7461676520496E74657266616365204C6576656C1F
S31A00E81905203A20000D0A4F6374657420382C204E697665617543
S31A00E8191A2064652074656E73696F6E20696E74657266616365F0
S31A00E8192F203A2000204C5654544C000D0A4279746520392C2035
S31A00E81944534452414D204379636C652054696D65203A20000DE3
S31A00E819590A4F6374657420392C20534452414D2054656D70733D
S31A00E8196E206379636C65203A20000D0A427974652031302C2054
S31A00E81983534452414D204163636573732066726F6D20436C6F66
S31A00E81998636B203A20000D0A4F637465742031302C2053445238
S31A00E819AD414D204163638A73206465206C27686F726C6F6765F9
S31A00E819C2203A20000D0A427974652031312C20534452414D2098
S31A00E819D7436F6E66696775726174696F6E2054797065203A2079
S31A00E819EC000D0A4F637465742031312C20534452414D205479B0
S31A00E81A017065203A20000D0A427974652031322C20526566728A
S31A00E81A166573682052617465203A20000D0A4F63746574203100
S31A00E81A2B322C204672827175656E63652072616672616963681F
S31A00E81A40697373656D656E74203A20000D0A427974652031378E
S31A00E81A552C204E756D626572206F662042616E6B73203A20005B
S31A00E81A6A0D0A4F637465742031372C204E6F6D62726520646543
S31A00E81A7F2062616E71756573203A20000D0A42797465203237A7
S31A00E81A942C204D696E696D756D20526F772050726563686172EA
S31A00E81AA967652054696D65203A20000D0A4F63746574203237A6
S31A00E81ABE2C2054656D7073206465207072826368616765206DDE
S31A00E81AD3696E69206C69676E6573203A20000D0A4279746520E9
S31A00E81AE832382C204D696E696D756D20526F77204163746976FA
S31A00E81AFD6520746F204163746976652044656C6179203A200079
S31A00E81B120D0A4F637465742032382C2044826C616973206D697F
S31A00E81B276E6920656E7472652061637469766174696F6E7320C1
S31A00E81B3C6465206C69676E6573203A20000D0A427974652032C4
S31A00E81B51392C204D696E696D756D2052415320746F2043415330
S31A00E81B662044656C6179203A20000D0A4F637465742032392C26
S31A00E81B7B2044826C616973206D696E6920656E7472652052411A
S31A00E81B905320657420434153203A20000D0A4279746520333166
S31A00E81BA52C204D6F64756C652042616E6B2044656E73697479EF
S31A00E81BBA203A20000D0A4F637465742033312C2044656E7369D5
S31A00E81BCF74822062616E717565206475206D6F64756C65203A88
S31A00E81BE420000D0A42797465732036342D37312C204D6F6475C0
S31A00E81BF96C65204D616E75666163747572657273204944203A91
S31A00E81C0E2024000D0A4F63746574732036342D37312C2049440E
S31A00E81C232066616272697175616E74206475206D6F64756C65D2
S31A00E81C38203A2024000D0A42797465732039332D39342C204D2E
S31A00E81C4D6F64756C65204D616E75666163747572696E672044A3
S31A00E81C62617465203A20000D0A4F63746574732039332D39341C
S31A00E81C772C2044617465206465206661627269636174696F6E15
S31A00E81C8C206475206D6F64756C65203A20000D0A427974652071
S31A00E81CA132312C20534452414D204D6F64756C652041747472D9
S31A00E81CB6696275746573203A2024000D0A4F6374657420323168
S31A00E81CCB2C20417474726962757473206475206D6F64756C6569
S31A00E81CE0203A2024004354363020686172647761726500204197
S31A00E81CF542452F534452372B002043545043495F31452D314CD9
S31A00E81D0A002043545043495F314D002043545043495F314E00F5
S31A00E81D1F2045544845524E415400205355504552564944454C23
S31A00E81D34000D0A5343534920000D0A494445202000202E2E2E70
S31A00E81D4920006E6F20616E73776572200070617320646520720B
S31A00E81D5E82706F6E736520006572726F722000657272657572DC
S31A00E81D73200072656164206572726F7220006572726575722092
S31A00E81D886C65637475726520006E6F20626F6F7420666F756EBB
S31A00E81D9D642000626F6F74206E6F6E2074726F7576822000623C
S31A00E81DB26F6F7420696E2070726F67726573732000626F6F747C
S31A00E81DC720656E20636F7572732000202D3E20006E6F20584278
S31A00E81DDC5241007061732064652058425241004E5652414D2053
S31A00E81DF1756E75736564004E5652414D206E6F6E207574696C8E
S31A00E81E0669738265000D0A5265736574000D0A42797465203100
S31A00E81E1B382C20434153204C6174656E6379203A20000D0A4F99
S31A00E81E30637465742031382C20434153204C6174656E63652057
S31A00E81E453A20002C20434153204C6174656E637920756E737542
S31A00E81E5A70706F72746564002C20434153204C6174656E636588
S31A00E81E6F206E6F6E20737570706F72748265002C20446174611B
S31A00E81E8420576964746820756E737570706F72746564002C2006
S31A00E81E994C61726765757220646F6E6E826573206E6F6E20734D
S31A00E81EAE7570706F72748265000D0A427974652031392C2043DC
S31A00E81EC353204C6174656E6379203A20000D0A4F637465742029
S31A00E81ED831392C204353204C6174656E6365203A20000D0A420C
S31A00E81EED7974652032302C205745204C6174656E6379203A20CC
S31A00E81F02000D0A4F637465742032302C205745204C6174656E48
S31A00E81F176365203A20000D0A42797465732037332D39302C20FB
S31A00E81F2C4D6F64756C652050617274204E756D626572203A2092
S31A00E81F41000D0A4F63746574732037332D39302C2052826682EC
S31A00E81F5672656E6365206475206D6F64756C65203A2000206ED4
S31A00E81F6B5300206E6F20706172697479002070617320646520FD
S31A00E81F80706172697482002070617269747900207061726974C3
S31A00E81F9582002045434300204543430031352E363235207553D8
S31A00E81FAA00332E3920755300372E382075530033312E332075D3
S31A00E81FBF530036322E352075530031323520755300204D4200EA
S31A00E81FD4204D6F000D0A427974652033302C204D696E696D7545
S31A00E81FE96D205241532050756C7365205769647468203A2000BF
S31A00E81FFE0D0A4F637465742033302C204C617267657572206D9C
S31A00E82013696E6920696D70756C73696F6E20524153203A20000A
S31A00E820282C2073656C6620726566726573680020756E62756670
S31A00E8203D6665726564002073616E732062756666657273002098
S31A00E82052504331303000205043313333000D0A4B6579626F61AB
S31A00E820677264204F4B2020000D0A436C6176696572204F4B20EF
S31A00E8207C20000D0A4B6579626F617264206661696C75726500F1
S31A00E820910D0A506173206465207282706F6E7365206475206373
S31A00E820A66C6176696572000D0A1B702043686F696365206F66B2
S31A00E820BB207468652073797374656D203A201B710D0A000D0AC8
S31A00E820D01B702043686F697820647520737973748A6D65203AC5
S31A00E820E5201B710D0A000D5374617274696E6720696E20000DB8
S31A00E820FA44826D6172726167652064616E732000207365636F8E
S31A00E8210F6E6473202000207365636F6E64657320200020544FD1
S31A00E821245320202000204D616769432000204C696E75782000B4
S31A00E821392072656D6F7661626C650020616D6F7669626C650057
S31A00E8214E6E6F206C6F676963616C20756E69740070617320640E
S31A00E8216327756E697482206C6F6769717565006E6F74207265B2
S31A00E82178616479007061732070728874006D65646961206E6FE7
S31A00E8218D742070726573656E7400737570706F7274206E6F6E32
S31A00E821A22070728273656E7400626F6F7420696D706F73736924
S31A00E821B7626C6500626F6F7420696D706F737369626C65000DDA
S31A00E821CC0A2041626E6F726D616C2061736E776572203D3E204F
S31A00E821E1526573657420534353492E2E2E000D0A205282706F32
S31A00E821F66E736520616E6F726D616C65203D3E20526573657473
S31A00E8220B20534353492E2E2E004D422F5320004D6F2F53200065
S31A00E82220626F6F74204D53444F5300626F6F74204D53444F5307
S31A00E82235000D0A20466F756E6420000D0A2054726F757682205A
S31A00E8224A000D0A426F6F7420647269766520686173206120426D
S31A00E8225F504220696E76616C6964210D0A000D0A4C65206C65F2
S31A00E82274637465757220646520626F6F74206120756E20425051
S31A00E822894220696E76616C69646520210D0A00202E2E2E206919
S31A00E8229E73206E6F74206120544F532062696E617279210020DC
S31A00E822B32E2E2E206E276573742070617320756E206578826354
S31A00E822C8757461626C6520544F532021000D0A4572726F7220FE
S31A00E822DD544F53203A20000D0A45727265757220544F53203A92
S31A00E822F220000D0A1B70205354415254204155544F20464F4C1F
S31A00E82307444552201B710D0A000D0A1B70204C414E43454D457E
S31A00E8231C4E5420444F5353494552204155544F201B710D0A00C7
S31A00E823310D0A1B702053544152542047454D201B710D0A000D90
S31A00E823460A1B70204C414E43454D454E542044552047454D2076
S31A00E8235B1B710D0A000D0A5772697465206279746520454550EC
S31A00E82370524F4D202864656329203F20000D0A456372697475DD
S31A00E823857265206F6374657420454550524F4D202864656329BA
S31A00E8239A203F20000D0A56616C7565202864656329203F200091
S31A00E823AF0D0A56616C657572202864656329203F2000204354D2
S31A00E823C4434D00204E657720626F6F742053435349302D372062
S31A00E823D92D3E20494445302D312000204E6F7576656175206271
S31A00E823EE6F6F742053435349302D37202D3E20494445302D31A9
S31A00E824032000204E657720626F6F7420494445302D31202D3E8D
S31A00E824182053435349302D372000204E6F757665617520626FC7
S31A00E8242D6F7420494445302D31202D3E2053435349302D3720B8
S31A00E8244200204E657720626F6F742053435349372D30202D3E08
S31A00E8245720494445312D302000204E6F757665617520626F6F7F
S31A00E8246C742053435349372D30202D3E20494445312D302000E8
S31A00E82481204E657720626F6F7420494445312D30202D3E2053BC
S31A00E82496435349372D302000204E6F757665617520626F6F74D9
S31A00E824AB20494445312D30202D3E2053435349372D30200020FD
S31A00E824C04F6C6420626F6F742053435349302D37202D3E20494C
S31A00E824D54445302D31200020566965757820626F6F7420534312
S31A00E824EA5349302D37202D3E20494445302D312000204F6C6455
S31A00E824FF20626F6F7420494445302D31202D3E20534353493079
S31A00E825142D37200020566965757820626F6F7420494445302DEC
S31A00E8252931202D3E2053435349302D372000204F6C6420626FBD
S31A00E8253E6F742053435349372D30202D3E20494445312D3020A6
S31A00E825530020566965757820626F6F742053435349372D30207A
S31A00E825682D3E20494445312D302000204F6C6420626F6F742032
S31A00E8257D494445312D30202D3E2053435349372D3020002056F4
S31A00E825926965757820626F6F7420494445302D31202D3E205339
S31A00E825A7435349372D302000204E657720626F6F742053435377
S31A00E825BC49302D37202D3E20494445302D332000204E6F75764A
S31A00E825D165617520626F6F742053435349302D37202D3E20491E
S31A00E825E64445302D332000204E657720626F6F74204944453079
S31A00E825FB2D33202D3E2053435349302D372000204E6F757665BF
S31A00E82610617520626F6F7420494445302D33202D3E2053435307
S31A00E8262549302D372000204E657720626F6F742053435349370E
S31A00E8263A2D30202D3E20494445332D302000204E6F7576656185
S31A00E8264F7520626F6F742053435349372D30202D3E20494445DC
S31A00E82664332D302000204E657720626F6F7420494445332D3023
S31A00E82679202D3E2053435349372D302000204E6F7576656175CA
S31A00E8268E20626F6F7420494445332D30202D3E205343534937DF
S31A00E826A32D302000204F6C6420626F6F742053435349302D37BE
S31A00E826B8202D3E2049444530200020566965757820626F6F744D
S31A00E826CD2053435349302D37202D3E20494445302000204F6C7C
S31A00E826E26420626F6F7420494445302D2D3E2053435349302D54
S31A00E826F737200020566965757820626F6F742049444530202D15
S31A00E8270C3E2053435349302D372000204F6C6420626F6F742053
S31A00E8272153435349372D30202D3E2049444530200020566965DE
S31A00E82736757820626F6F742053435349372D30202D3E204944C1
S31A00E8274B45302000204F6C6420626F6F742049444530202D3E36
S31A00E827602053435349372D30200020566965757820626F6F746B
S31A00E827752049444530202D3E2053435349372D3020000D0A1B7C
S31A00E8278A7020426F6F74206F726465722073656C656374696F74
S31A00E8279F6E20666F722049444520616E642053435349206472D5
S31A00E827B469766573203A201B710D0A000D0A1B702053826C65E6
S31A00E827C96374696F6E206F7264726520646520626F6F74206473
S31A00E827DE6573206469737175657320494445206574205343530E
S31A00E827F349203A201B710D0A002049676E6F7265207468697321
S31A00E82808206469736B20002049676E6F72657220636520646917
S31A00E8281D73717565200020506172746974696F6E20312000206F
S31A00E82832506172746974696F6E2031200020506172746974697B
S31A00E828476F6E2032200020506172746974696F6E2032200020D3
S31A00E8285C506172746974696F6E2033200020506172746974694F
S31A00E828716F6E2033200020506172746974696F6E2034200020A6
S31A00E82886506172746974696F6E20342000205061727469746924
S31A00E8289B6F6E2035200020506172746974696F6E203520002079
S31A00E828B0506172746974696F6E203620002050617274697469F8
S31A00E828C56F6E2036200020506172746974696F6E20372000204C
S31A00E828DA506172746974696F6E203720002050617274697469CD
S31A00E828EF6F6E2038200020506172746974696F6E20382000201F
S31A00E82904506172746974696F6E203920002050617274697469A0
S31A00E829196F6E2039200020506172746974696F6E2031302000EA
S31A00E8292E20506172746974696F6E20313020002050617274690B
S31A00E8294374696F6E203131200020506172746974696F6E20310A
S31A00E8295831200020506172746974696F6E2031322000205061DD
S31A00E8296D72746974696F6E203132200020506172746974696F4F
S31A00E829826E203133200020506172746974696F6E2031332000C2
S31A00E8299720506172746974696F6E20313420002050617274699E
S31A00E829AC74696F6E203134200020506172746974696F6E20319E
S31A00E829C135200020506172746974696F6E20313520002050616D
S31A00E829D672746974696F6E203136200020506172746974696FE2
S31A00E829EB6E20313620000D0A1B70204E6F20626F6F7420706190
S31A00E82A0072746974696F6E20666F756E642C2073656C656374C2
S31A00E82A15696F6E20666F722074686973206469736B203A201BD9
S31A00E82A2A710D0A000D0A1B702050617320646520706172746912
S31A00E82A3F74696F6E20646520626F6F742C2073826C65637469CB
S31A00E82A546F6E20706F757220636520646973717565203A201B94
S31A00E82A69710D0A001B6234001B623F0008090A0B0C0D0E0F1009
S31A00E82A7E11FF101108090A0B0C0D0E0FFF0F0E0D0C0B0A09086D
S31A00E82A931110FF11100F0E0D0C0B0A0908FF08090A0B0C0D0E57
S31A00E82AA80F10111213FF1011121308090A0B0C0D0E0FFF0F0E19
S31A00E82ABD0D0C0B0A090813121110FF131211100F0E0D0C0B0A01
S31A00E82AD20908FF8008101C4D49545355424953484900254B4983
S31A00E82AE74E474D4158002C4D4943524F4E004A434F4D50415172
S31A00E82AFC0054485000984B494E4753544F4E009E434F525341D0
S31A00E82B11495200A449424D00C1494E46494E454F4E00CE534131
S31A00E82B264D53554E4700DA44414E452D454C454300AD48595547
S31A00E82B3B4E44414900E04859554E4441490000006D61676E6581
S31A00E82B50746963206469736B006D61676E6574696320746170CA
S31A00E82B6565007072696E7465720070726F636573736F72006FB5
S31A00E82B7A70746963616C206469736B0043442F445644007363A6
S31A00E82B8F616E6E6572006F70746963616C206D656D6F7279008A
S31A00E82BA46A756B652D626F7800636F6D6D756E69636174696F01
S31A00E82BB96E00436F6D70616374466C617368006469737175656B
S31A00E82BCE206D61676E8274697175650062616E6465206D616748
S31A00E82BE36E82746971756500696D7072696D616E7465007072BF
S31A00E82BF86F6365737365757200646973717565206F7074697199
S31A00E82C0D75650043442F445644007363616E6E6572006D826D10
S31A00E82C226F697265206F707469717565006A756B652D626F78B4
S31A00E82C3700636F6D6D756E69636174696F6E00436F6D706163D1
S31A00E82C4C74466C617368000048E7FFFC4E56FFE84EB900EA3548
S31A00E82C61882D780476FFEA3F3C00032F3C000002203F3C004416
S31A00E82C764E41508F21C0051667402640425341EB000270FF3082
S31A00E82C8BC020C020C020C0308041EB001243EB02204261B3C88A
S31A00E82CA06EFA41EB005220BC4148444921480004303C03003746
S31A00E82CB540005A303C40003740005C42A72F3C000000033F3C31
S31A00E82CCA00003F3CC60B4E4E4FEF000C0C80FFFFFFFF66027075
S31A00E82CDF011D40FFEE48403D40FFE8610012E06738610012D086
S31A00E82CF40C40004367060C400063662843FAE5D0203C5F504364
S31A00E82D09496100E59E670443FAE5D07000102EFFEE720841FAED
S31A00E82D1EFA6961000EC01D40FFEE203C5F5043496100E57A6718
S31A00E82D3328102EFFEE4BFAFD670240000367404BFAFD6A0C40BD
S31A00E82D48000167364BFAFD6D0C400002672C4BFAFD7060261012
S31A00E82D5D2EFFEE4BFAFD130240000367184BFAFD140C4000019C
S31A00E82D72670E4BFAFD150C40000267044BFAFD1642672F3C006D
S31A00E82D870100003F3C00444E41508F2D40FFF43F3C00032F3CD2
S31A00E82D9C000100003F3C00444E41508F2D40FFF03838084018DA
S31A00E82DB135400072013F01207804C6704042984298429842987D
S31A00E82DC653806EF40C7800023E86630841FAFC996100177A411D
S31A00E82DDBFAEF590804000467087200425741FAEF5361001764D0
S31A00E82DF030040240000700400030610017BE702E610017B8707F
S31A00E82E05308057610017B00C7800023E86630841FAFC5B6100F3
S31A00E82E1A17387E00082E0002FFEE670C41FAEF1D61001726600B
S31A00E82E2F00052008040004660000783004207804C643EEFFFACD
S31A00E82E4412BC0012EB4113410001426900027260134100044211
S31A00E82E5929000574064EB900EA403C6B0000C4207804C60C10B4
S31A00E82E6E007F670000CC508843E8001872170C21002056C9FFA0
S31A00E82E83FA5249421170206100172E7217101867086100172472
S31A00E82E9851C9FFF6207804C6701FC0100C40000A640001BA6092
S31A00E82EAD0000F408C70010207804C643EEFFF812BC00A17003E3
S31A00E82EC2C044E94013400001426900024269000442290006209F
S31A00E82ED73C000002004EB900EA43F2676E08870010207804C6BE
S31A00E82EEC425043EEFFF812BC00EC7003C044E940134000014239
S31A00E82F016900024269000442290006203C000002004EB900EAF3
S31A00E82F1643F2207804C60C50848A6704021000E04A406728320F
S31A00E82F2B1F41FAEE176100162041FAEE1570FF60000456321FF5
S31A00E82F4041FAEE036100160C41FAF204700060000442207804FC
S31A00E82F55C641E8003643E8001872170C21002056C9FFFA524988
S31A00E82F6A421170206100164A7217101867086100164051C9FFD0
S31A00E82F7FF6207804C608280001006256C74887700A0C50848A94
S31A00E82F94670C701FC0100C40000A640000C43F00702C61001698
S31A00E82FA91270206100160C301F610012864A2800016A0C08C700
S31A00E82FBE001F41FAF1776100155E0804000467000096207804D1
S31A00E82FD3C60C50848A6700008A2228007848410C8100FC000006
S31A00E82FE86200007A3F003028000267183428000667120C4200C9
S31A00E82FFD10620C3228000C67060C41003F632874102228007823
S31A00E8301248410C81000FC0006404723F6014E88982FC3FFF48D4
S31A00E83027414A4167060681000100004841534243EEFFF812BCD1
S31A00E8303C00917003C044E9408002134000014269000242290072
S31A00E8305104134100054229000670004EB900EA43F2301F41FA8E
S31A00E83066ECDF610014E80C40000A67064A40660001124A876A3E
S31A00E8307B0001A808040004660001103004207804C643EEFFFA62
S31A00E8309042113217EB4113410001426900024269000474064EFC
S31A00E830A5B900EA403C6B0000C2670001743004207804C643EE39
S31A00E830BAFFFA12BC00033217EB41134100014269000242690027
S31A00E830CF02223C000000FC134100044229000574064EB900EA6F
S31A00E830E4403C6B000086207804C6700FC02800026700012E0C0F
S31A00E830F940000267080C400006660001200C280028000C660874
S31A00E8310E4A28000D6700FF720C280029000C66084A28000D67AA
S31A00E8312300FF620C280004000C660A0C280001000D6700FF509C
S31A00E831380C28003A000C661A4A28000D67080C280001000D6604
S31A00E8314D0C321F41FAF03370006000023A0C400002660000C440
S31A00E83162321F41FAF00C70006000022641FAEBDB610013B04E77
S31A00E83177B900E01C8C321F41FAF04B70FF6000020C321F41FAE4
S31A00E8318CF01F700060000200207804C67003C06800FE0C400018
S31A00E831A10166000080207804C6425043EEFFF812BC00EF7003F8
S31A00E831B6C044E940134000014269000242690004137C00950015
S31A00E831CB0670004EB900EA43F2207804C643EEFFF812BC00DA33
S31A00E831E07003C044E94013400001426900024269000442290031
S31A00E831F50670004EB900EA43F26B180800000566CE080000016E
S31A00E8320A6718321F41FAEF7570006000017C321F41FAEB2F70EF
S31A00E8321FFF6000017008040004670000B44A476A000120080786
S31A00E832340010672C207804C643EEFFF812BC00A07003C044E99C
S31A00E832494013400001337C0200000242690004422900067000AB
S31A00E8325E4EB900EA43F24AAEFFF0670000E67601206EFFF043DC
S31A00E83273EEFFF812BC00207003C044E940000000401340000151
S31A00E832884269000242290004137C0080000542290006203C0046
S31A00E8329D0100004EB900EA43F2661C51CBFFC42001610010A074
S31A00E832B27000206EFFF0227804C6727F22D851C9FFFC321F4A2D
S31A00E832C780670000F86E0841FAEA7B600000BE41FAEA9D6000CF
S31A00E832DC00B64AAEFFF46700006C76013004206EFFF443EEFF1F
S31A00E832F1FA12BC00083217EB411341000142690002137C008084
S31A00E83306000442290005223C0001000074064EB900EA403C66A4
S31A00E8331B00001E51CBFFC820016100102A7000206EFFF4227867
S31A00E8333004C6727F22D851C9FFFC321F4A806700008241FAEAA7
S31A00E83345074A806B4841FAEA29604248E710063F042F3804C658
S31A00E8335A3F3C000142A74EB900E017CE4FEF000C4CDF60083230
S31A00E8336F1F4A806700004E41FAE9D30C80FFFFFFFF671041FA8C
S31A00E83384E9E20C80FFFFFFF5660441FAE9E5610011905280575F
S31A00E83399C9FA1C202EFFF0670A2F003F3C00494E415C8F202EE9
S31A00E833AEFFF4670000682F003F3C00494E415C8F6000005A2013
S31A00E833C32EFFF0670A2F003F3C00494E415C8F202EFFF4670A5A
S31A00E833D82F003F3C00494E415C8F207804C6610005D46608611A
S31A00E833ED00025A663A6026082E0002FFEE66000016207804C658
S31A00E834020C68AA5501FE66086100048E661C600841FAE97D6108
S31A00E8341700110C38380840524431C408404A3548006A00F95888
S31A00E8342C203C5F5043496100DE762008670A6100178466044E04
S31A00E83441A800104E5E4CDF3FFF4E7548E77FFC26007C003C016F
S31A00E834563A027E0026780516247804C645EA01C649F800002A39
S31A00E8346B46740078032212028100FFFFFF673A0C81004C4E5855
S31A00E8348067620C8100524157675A0C810046333267520C8100CA
S31A00E8349547454D674A0C810042474D67420C810058474D660AB5
S31A00E834AA242A000453846ABE600A740045EA000C53846AB24A78
S31A00E834BF826700011672012003207804C64EB900EA3ED66B00A2
S31A00E834D4016C244845EA01C6740078016000FF8E221202810095
S31A00E834E9FFFFFF242A0004200B670000680C8600000010640091
S31A00E834FE005E528C43EB005E23816C0027826C1243EB009E20E0
S31A00E835132A00080C810047454D67080C810042474D660E0C804B
S31A00E83528004000006506203C0040000023806C00178368023016
S31A00E8353D135280368043EB00DE4A835BC0488002800000800032
S31A00E8355208C0000733806A005286081200006700FF524A8766A9
S31A00E8356700FF4C0C810047454D670A0C810042474D6600FF3A3D
S31A00E8357C12124A05670C020100F8B205670C6000FF28020100B7
S31A00E83591F86700FF202E2A0004200324077201207804C641E811
S31A00E835A602004EB900EA3ED66B000090207804C66100040466EF
S31A00E835BB000016200B6700FEF243EB00DE08F100006AFF6000A7
S31A00E835D0FEE47E006000FEDE20076650610003AE6A00005E7035
S31A00E835E500220C67000056528141FAF40143FADCFE610005EA8E
S31A00E835FA48C067425380D08D2C0024336C1220037201207804BA
S31A00E8360FC641E802004EB900EA3ED66B242002220B670A43EB45
S31A00E8362400DE08F100006A01207804C643E80200727F20D95395
S31A00E83639816AFA4A80600270FF4CDF3FFE4E7541FAE7676100F9
S31A00E8364E0ED6207804F2206800241010207804C6263C444D41A5
S31A00E83663723E04EB473A380A800800000266000006024500675E
S31A00E8367848E700062F38051642B805162F3804764E90201F2263
S31A00E8368D1F4CDF6000B0B804766600000A21C1051670004E750E
S31A00E836A270014E7548E77FFC36007C003C017E002678051624FD
S31A00E836B77804C645EA01BE49F800002A4678034AAA000C67004D
S31A00E836CC00367200122A00040C8100000005670000120C81007B
S31A00E836E100000F670000084A8166526014242A0008E05A484257
S31A00E836F6E05A45EA001053846AC6600A740045EA001053846AF3
S31A00E8370BBA4A826700011A720170FF3003207804C64EB900EA4B
S31A00E837203ED66B00016E24480C6A55AA01FE6600016245EA01DF
S31A00E83735BE740078016000FF8A242A0008E05A4842E05A200B7E
S31A00E8374A670000700C860000001064000066528C43EB005E23AC
S31A00E8375F816C0027826C12202A000CE0584840E05843EB009E39
S31A00E837740C810000000167180C810000000467100C81000000B0
S31A00E837890667080C810000000E660E0C80004000006506203C26
S31A00E8379E0040000023806C001783680230135280368043EB00DC
S31A00E837B3DE33BC80806A0052860C1200806600FF404A8766008A
S31A00E837C8FF3A0C8100000001671A0C810000000467120C81001F
S31A00E837DD000006670A0C810000000E6600FF182E02720170FF48
S31A00E837F23003207804C641E802004EB900EA3ED66B00008E0C0A
S31A00E838076855AA01FE66000016200B6700FEEE43EB00DE08F159
S31A00E8381C00006AFF6000FEE07E006000FEDA200766506100010D
S31A00E838315C6A00005E7000220C6756528141FAF1B143FADAAEA0
S31A00E838466100039A48C067445380D08D2C0024336C12720170BA
S31A00E8385BFF3003207804C641E802004EB900EA3ED66B242002F5
S31A00E83870220B670A43EB00DE08F100006A01207804C643E802B8
S31A00E8388500727F20D953816AFA4A80600270FF4CDF3FFE4E7558
S31A00E8389A08040004670000084A476A00009C207804C670014EF4
S31A00E838AFB900EA3EB841FAE96A61000C6A207804F220680024DE
S31A00E838C41010263C444D41723E04EB473A380A8008000003665A
S31A00E838D9000068080000026600000602450067610000826B0012
S31A00E838EE00542200207804C6610000C46700001030046100FDD1
S31A00E83903A46B00003C2400601070FF300434056100FB386B0007
S31A00E83918002A24002F38051642B805162F380476220270FF3023
S31A00E8392D04610000A6201F221FB0B804766600000A21C10516BD
S31A00E8394270004E753F3804463F3C00074E4D588F4A806600005A
S31A00E839571241FAE8F161000BC6610006604278044670014E7516
S31A00E8396C203805166714204070024A3008026B0C52800C80003F
S31A00E8398100001065F070FF4A804E752F09203805166720204050
S31A00E83996700243E800DE4A3008026B08083100000A01660C52B4
S31A00E839AB800C800000001065E870FF225F4A804E7548E7C080C4
S31A00E839C0303C00FF7200D25851C8FFFC0C4112344CDF01034ED9
S31A00E839D57548E77F084E56FFE028002C013F3C00032F3CFFFF05
S31A00E839EAFFFF3F3C00444E41508F2A002D40FFFC3F3C00032F70
S31A00E839FF053F3C00444E41508F4A80670001CE28402D40FFF0CF
S31A00E83A14207804C672001228000CE2492D41FFF4740014280059
S31A00E83A2912E142142800113628000EE05BC6C1D6862D43FFF827
S31A00E83A3E3C280016E05ECCC1720012280010CCC1DC83E88AD452
S31A00E83A53862D42FFEC2406206EFFF0720120044EB900EA3ED64D
S31A00E83A686B000164206EFFF0720F0C280053000866100C280054
S31A00E83A7D59000966080C280053000A673C41E8002051C9FFE2FE
S31A00E83A925282B4AEFFEC65C06000013241FAE7F861000A802033
S31A00E83AA76EFFF04CEE0004FFE4720120044EB900EA3ED66B0097
S31A00E83ABC01124CEE0106FFE060C448EE0106FFE02F0841FAE73B
S31A00E83AD16661000A50205F720A74000C4200086606702E6100A1
S31A00E83AE60AD41030280061000ACC524251C9FFE82A28001CE07D
S31A00E83AFB5D4845E05D068500001800BAAEFFFC620000C2286EE1
S31A00E83B10FFF0D9EEFFFC49EC8000246EFFF03C28001AE05E7699
S31A00E83B25FF207804C672001228000DC2EEFFF634065542C4C188
S31A00E83B3AD4AEFFEC204A20044EB900EA3ED66B000084E181D265
S31A00E83B4F81D5C1340648C2E08AD4AEFFF8B48367122602204CF1
S31A00E83B64720120044EB900EA3ED66B00005E024600FFDC463C54
S31A00E83B79346800E05E6AA6246EFFF0204A0C58601A6600FF121F
S31A00E83B8E43EA001CD3D8D3D8D3E800044A91672041EA001C220B
S31A00E83BA3087000D1D9D390101967100C000001660641E800FE5A
S31A00E83BB860F0D0C060EAF4F8202EFFFC4E5E4CDF10FE4EEA008E
S31A00E83BCD202F2EFFF03F3C00494E415C8F4E5E4CDF10FE4E75A3
S31A00E83BE248E77FFC38003A003C012A4961000934320653417436
S31A00E83BF70076007020610009BC7020610009B6B444660C701BFA
S31A00E83C0C610009AC7070610009A63002D0403035000041F500D2
S31A00E83C210061000900B444660E701B6100098C70716100098678
S31A00E83C36360241FAD98461000914524251C9FFB66100037A0CF0
S31A00E83C4B400020670000500C40000D6700004848400C4000483B
S31A00E83C6067080C400050671060DC3206534153436A1236065336
S31A00E83C7543600C320653415243B64665027600701B610009323C
S31A00E83C8A70416100092C51C9FFF2700D6100092238036000FF42
S31A00E83C9F5470FFBA446702700030044A804CDF3FFE4E754E56BB
S31A00E83CB4FFF4207804F220680024700CC010660001F8486EFF80
S31A00E83CC9F43F3C000C426742673F3C002E4E4E4FEF000C3A2E34
S31A00E83CDEFFF4670001DA7800182EFFFE0C44006365027863C836
S31A00E83CF3FC00C86604383C032041FAE3AF6100082243FAEDCFB8
S31A00E83D087202740076007020610008A87020610008A21011B04D
S31A00E83D1D2EFFF5660C701B6100089470706100088E41FAE3F1A1
S31A00E83D320C410002670E41FAE3EF0C410001670441FAE3ED6198
S31A00E83D4700080A1019B02EFFF5660E701B61000864707161005E
S31A00E83D5C085E360241FAD85C610007EC524251C9FFA22E38044A
S31A00E83D71BA7CFF203804BA9087B084640000A24480D08480FC1F
S31A00E83D8600C8BC4067303C0041FAE35B6100079070003006800C
S31A00E83D9BFC000A4A406708004000306100081248400040003043
S31A00E83DB06100080841FAE3546100076A6100020E67B26100016F
S31A00E83DC5FE0C400020670000540C40000D6700004C48400C40F6
S31A00E83DDA004867080C400050670C608E720253436A10760260D6
S31A00E83DEF0C720252430C43000365027600701B610007BA70412F
S31A00E83E04610007B451C9FFF2700D610007AA41FAECC11D703858
S31A00E83E1900FFF56000FEE6BA6EFFF46718486EFFF43F3C0002AE
S31A00E83E2E42673F3C00013F3C002E4E4E4FEF000C302EFFF40C80
S31A00E83E434000806700007443F900EA21580C400008670C0C402F
S31A00E83E580010666043F900E9B6C478002F0942A72F3C000000EE
S31A00E83E6D033F3C00003F3CC60B4E4E4FEF000C225F4A806B0AE2
S31A00E83E820800000156C4488448C4203C5F5043496100D416263A
S31A00E83E9700203C5F4652456100D40A2400203C5F465251610028
S31A00E83EACD3FE2200203C5F4650556100D3F24E914E5E4A780403
S31A00E83EC182672841FAE42E6100065A6100010A21FC00E0000076
S31A00E83ED604F2487AEC6F487AEC6B487900E008424267600000C9
S31A00E83EEB9641FAE40661000632610000E2203C5F504349610045
S31A00E83F00D3AA2008670A61000CB866044EA8004621FC00E000E0
S31A00E83F150004F241F900E0083643F8084024490C1000236602C4
S31A00E83F2A244912D86AF43038044606000041148041FAE3F561DE
S31A00E83F3F0005E448780840487AEC01487AEBFD3F3C00053F3C3A
S31A00E83F54004B4E414FEF00104A806A0A6100002E4EF900E0004E
S31A00E83F69302040217804FE0008487808404850487AEBCF3F3C8B
S31A00E83F7E00043F3C004B4E414FEF00104EF900E000302F0048CB
S31A00E83F937AE3413F3C00094E415C8F201F44804E56FFFC426E3D
S31A00E83FA8FFFE41EEFFFC72036100030E486EFFFC3F3C00094E85
S31A00E83FBD415C8F4E5E3F3C00074E41548F4E753F3C000B4E415D
S31A00E83FD2548F4A404E75207804F22068002410100800000266F2
S31A00E83FE774203804C2323804460300676841F900E010EE43F96B
S31A00E83FFC00E010F421DF0AE421C80AE821C90AEC41FAEB3B488C
S31A00E8401150485048503F3C00053F3C004B4E414FEF00104A803F
S31A00E840266A066100FF66602A204043FA002C21490008487AEBEF
S31A00E8403B0F4850487AEB093F3C00043F3C004B4E414FEF001003
S31A00E840504A806A046100FF3A2F380AE44E7542A73F3C00204EB1
S31A00E84065415C8F2C6F00044FEE10002F3C00001000485642677E
S31A00E8407A3F3C004A4E414FEF000C4A40660001A62F3CFFFFFFA6
S31A00E8408FFF42A72F3C000000053F3C00003F3CC60B4E4E4FEF35
S31A00E840A4000C0800000066323F3C00013F3C00454E41588F3F7C
S31A00E840B94000026B204267487AD4A63F3C003C4E41508F3E806F
S31A00E840CE6B0E3F003F3C00013F3C00464E415C8F3F3C00072FCF
S31A00E840E3380AE83F3C004E7E0848780AF03F3C001A4E415C8F98
S31A00E840F84E41DFC74A406600010E20780AE824780AEC43F80B2F
S31A00E8410D1C12D8B1CA65FA41F80B0E12D866FC3F3C000D3F3C2E
S31A00E8412200024E413F3C000A3F3C00024E41508F0C7800023ED5
S31A00E8413786630C487AE9313F3C00094E415C8F48780B1C3F3C54
S31A00E8414C00094E415C8F0C7800023E86630C487AE9153F3C00F9
S31A00E84161094E415C8F3F3C000D3F3C00024E413F3C000A3F3C44
S31A00E8417600024E41508F45F8000041F80B0E0C90535044476617
S31A00E8418B1E0CA8444F532E000466140CA8505247000008660AB8
S31A00E841A042673F3CC60C4E4E588F487AE99D487AE99948780B4C
S31A00E841B51C42673F3C004B4E414FEF001041F80B0E0C9053500E
S31A00E841CA444766240CA8444F532E0004661A0CA85052470000F4
S31A00E841DF0866102F003F3C00013F3CC60C4E4E588F201F4A80DB
S31A00E841F46A0E0C80FFFFFFBE67066100FD90600A7E023F3C0049
S31A00E842094F6000FEE0301F6B0A3F003F3C003E4E41588F301FA4
S31A00E8421E6B0E3F003F3C00013F3C00464E415C8F4FF90000885E
S31A00E84233702F380AE44E7548E7F0803600720A203C5F414B5018
S31A00E842486100D060E0480C40000267060C4000076608064300F5
S31A00E8425D0B0641000B41FAE8E77400B602670E4A1866FC5242FE
S31A00E8427251C9FFF46000EDEC10106100033C4A1866F64CDF0159
S31A00E842870F4E752038042E0280FFFE000021C0183E4E7548E730
S31A00E8429CC0804E56FFF8426EFFFE41EEFFF87206610000464111
S31A00E842B1EEFFF86100029C4E5E4CDF01034E752F094E56FFF0BD
S31A00E842C62F0841EEFFF03F0161000024321F205F43EEFFF05398
S31A00E842DB416B1010190C000020670210C051C9FFF442104E5E8B
S31A00E842F0225F4E753F0153412F007000301780FC000A3E803059
S31A00E843052F000280FC000A3F40000248400040003011801000E4
S31A00E8431A51C9FFDE584F321F5341672848404A40661870000C82
S31A00E8432F3000300000661811BC002000005240B04166EC600A81
S31A00E8434411BC003F100051C9FFF84E7548E7C080223C00008336
S31A00E843591282C04E56FFFA426EFFFE41EEFFFC70003001720284
S31A00E8436E6100FF841D6EFFFDFFFE1D7C002EFFFD610001D24E9F
S31A00E843835E41FADE8E6100019A4CDF01034E7548E780804E5671
S31A00E84398FFFC426EFFFE3F000280000000FFE84841EEFFFC72EE
S31A00E843AD026100FF1041EEFFFC6100019A702E610001FC700FFA
S31A00E843C2C05F41EEFFFD72016100FEF441EEFFFD6100017E419C
S31A00E843D7FADB91610001764E5E4CDF01014E7548E780804E5636
S31A00E843ECFFFC426EFFFE0280000000FF41EEFFFC72036100FEA7
S31A00E84401C041EEFFFC6100014A41FADB5D610001424E5E4CDF34
S31A00E8441601014E7548E7F8802800720074007606030467144AE1
S31A00E8442B426706702F6100018874FF7030D0416100017E5241BF
S31A00E8444051CBFFE44CDF011F4E75101802800000000F00800033
S31A00E8445500003061000160702E6100015A10100280000000F086
S31A00E8446AE88800800000003061000146101002800000000F00D6
S31A00E8447F8000000030610001344E752F012F094E56FFEE2248CE
S31A00E84494426EFFFE41EEFFEE7000301172026100FE5041EEFF5A
S31A00E844A9F170003029000272026100FE4041EEFFF47000302956
S31A00E844BE000472046100FE3041EEFFF970003029000672026127
S31A00E844D300FE2041EEFFFC70003029000872026100FE1008EEF4
S31A00E844E80004FFEE08EE0004FFF108EE0004FFF908EE0004FF0B
S31A00E844FDFC702F1D40FFF01D40FFF370201D40FFF8703A1D409B
S31A00E84512FFFB41EEFFEE610000384E5E225F221F4E7548E78017
S31A00E84527802F08203C5F414B506100CD78205FE0480C400002A8
S31A00E8453C67060C40000766044A1866FC610000084CDF01014EAA
S31A00E845517548E78080101867066100005E60F64CDF01014E7529
S31A00E845662F00700D6100004E700A61000048201F48E7C0007234
S31A00E8457B0B701B6100003A70436100003451C9FFF24CDF00038B
S31A00E845904E752F0048406102201F3F00E0486102301F3F00E8CC
S31A00E845A5086102301F0200000F000000300C00003A65025E000D
S31A00E845BA48E7E0E03F003F3C00023F3C00034E4D5C8F4CDF071D
S31A00E845CF074E7548E77FFC4E56FFFC7E006100F9E40C00000D01
S31A00E845E467200C00003065F00C00003962EA6100FFC602000003
S31A00E845F90F1D8078FC52470C47000365D670004A476720102EAF
S31A00E8460EFFFC0C4700016716C0FC000AD02EFFFD0C4700026761
S31A00E8462308C0FC000AD02EFFFE4A804E5E4CDF3FFE4E7548E7FB
S31A00E84638FFFC4E56FFF83F3C00174E4E548F2E0042A72F3C0056
S31A00E8464D0000073F3C00003F3CC60B4E4E4FEF000C48407805B1
S31A00E846620C404E566700000E2F074EB900E022CA588F78054E35
S31A00E84677B900E022A04A3811C46A1053846EF041FAD9F6610074
S31A00E8468CFE986000021A90876BEC0C800000000162E442672F00
S31A00E846A13C000020003F3C00444E41508F4A806F0001F82A40F1
S31A00E846B62878042E7805294D7FC4297CCAFEFADE7FC01D7C00DC
S31A00E846CB12FFFC1D7C0021FFFD1D7C008FFFFE1D7C00FFFFFF6E
S31A00E846E0486EFFFC3F3C00033F3C00194E4E508F223804BA2061
S31A00E846F53804BA90810C80000000146C08BBEC7FC467EC600802
S31A00E8470A53846EAE6000016C41FAD94B6100FE0C7805294D7FB0
S31A00E8471FC47C001D7C0021FFFC1D7C0090FFFD422EFFFE4A5571
S31A00E84734675E0C553FFF67521D7C009FFFFD1D7C00FEFFFE4855
S31A00E847496EFFFC3F3C00023F3C00194E4E508F223804BA203808
S31A00E8475E04BA90810C80000000146C000090BBEC7FC467EA2989
S31A00E847734D7FC47CFF1D7C00A0FFFD422EFFFE4A55670E0C5521
S31A00E84788FFFF660000F81D7C0080FFFD264D3E3C002A486EFFF1
S31A00E8479DFC3F3C00023F3C00194E4E508F223804BA203804BA63
S31A00E847B290810C80000000146C00003EB7EC7FC467EA266C7F61
S31A00E847C7C44A466704566EFFFD566EFFFD51CFFFC4204D323CF2
S31A00E847DC0079244843FACD7F7005528AB50956C8FFFA67145477
S31A00E847F18851C9FFEA6000008C53846E00FF1E6000007A528838
S31A00E84806101867066100FDAE60F41D7C0020FFFC1D7C0001FF6D
S31A00E8481BFD1D7C0020FFFE1D7C0008FFFF486EFFFC3F3C000319
S31A00E848303F3C00194E4E508F203C435436306100CA6A41EEFF5A
S31A00E84845F872046100FAAA1D6EFFFBFFFC1D7C002EFFFB1D7C23
S31A00E8485A004DFFFD1D7C0048FFFE1D7C007AFFFF486EFFF83F37
S31A00E8486F3C00073F3C00194E4E508F600841FAD8006100FCA27A
S31A00E848841D7C0008FFFC486EFFFC42673F3C00194E4E508F42EA
S31A00E84899AC7FC0200D670A2F003F3C00494E415C8F4E5E4CDF4F
S31A00E848AE3FFF4E7548E77F7C2038044E0C8001000000651870B8
S31A00E848C31B6100FCF470486100FCEE41FACCF16100FC7E61004F
S31A00E848D8FC7A0C7800083E58620841FACCDD6100FC6A41FACD28
S31A00E848EDEB6100FC6241F900E800006100FB5041FACDE3610004
S31A00E84902FC5041F900E800026100FB7E41FACDDB6100FC3E6189
S31A00E849170002A8662843E8006441FACCD66100FC2C20496100A6
S31A00E8492CFB1E70206100FC8841E900026100FB5041FACC80613A
S31A00E8494100FC1042A72F3C000000033F3C00003F3CC60B4E4EAD
S31A00E849564FEF000C0800000266046100FCD40CB81357BD13056C
S31A00E8496BA8660001C4207804F22068002410100200000F0C00FF
S31A00E849800001662441FACDAB6100FB9A6100C5066100F6300C41
S31A00E849950000776700C312700D6100FC1A700A6100FC14223C2F
S31A00E849AA01000000203805A490816F00017C2F002F010CB87573
S31A00E849BF2019F3042066160CB8237698AA043A660C0CB855556C
S31A00E849D4AAAA051A670000BE2841D9C02E00E08F41FACD0B6135
S31A00E849E900FB3A2A7804BA700072007400760020402241244241
S31A00E849FE264353873C07484748E4F0F048E4F0F048E4F0F04835
S31A00E84A13E4F0F048E4F0F048E4F0F048E4F0F048E4F0F051CE8D
S31A00E84A28FFDE702E6100FB8C700051CFFFD2223804BA928D2070
S31A00E84A3D2F00044C4100004C7C0000000001F42078042EB0A8D7
S31A00E84A527FA462164E7A10020C81A0808000660A223C000100F0
S31A00E84A670083A87FA84E56FFFA426EFFFE41EEFFFA72046100B1
S31A00E84A7CF8781D6EFFFDFFFE1D7C002EFFFD6100FAC64E5E4172
S31A00E84A91FACC8D6100FA8E3F3C00144E414FEF000A4A806B004B
S31A00E84AA6008C42672F3C000100103F3C00444E41508F4A806FF6
S31A00E84ABB7650805E80020000F0224042672F3C000100243F3CCC
S31A00E84AD000444E41508F4A806F58244041EA001234BC010125E8
S31A00E84AE54800024258200850805E80020000F025400006257C16
S31A00E84AFA00010000000A42AA000E203805A0672820404A906787
S31A00E84B0F04508860F821680004000C20FC5F46524220C921680F
S31A00E84B240004000C20FC5846524220CA4290207804F22068005E
S31A00E84B392410100200000F0C00000157C048803F003F3C012B52
S31A00E84B4E4E4E548F4A5F67083F006100F468301F4A406A084145
S31A00E84B63FAC9D36100F9BC203C5F5043496100C7382008670E0F
S31A00E84B7842380A826100004266044EA8000A21FC752019F30465
S31A00E84B8D2021FC237698AA043A21FC5555AAAA051A6100062E00
S31A00E84BA270034EB900E00BD22078047A4E904A40660620780453
S31A00E84BB7C64E904CDF3EFE4E75203C5F50434941F900ED00006F
S31A00E84BCCB090671C41F900EC0000B090671241F900EB0000B06F
S31A00E84BE190670841F900EA0000B0904E7548E77FC02C003E01D2
S31A00E84BF60C4200026E0274020C4200066D0274063242720D3026
S31A00E84C0B3C8000610002E26B00013436007237303C80006100D9
S31A00E84C2002D26B0002C83400700BE06A0C86000101D06D0002BC
S31A00E84C35B60C86000207886E0002AC38022A06048500018DA85E
S31A00E84C4A4C7C5805000000320685000001F46B080C8500000389
S31A00E84C5FFF6F622806048400018DA84C7C4804000019000C84D9
S31A00E84C74FFFFFFFA6D0002700C84000000066E000266D8426B76
S31A00E84C890002600C840000001F6E00025630049042C1FC190075
S31A00E84C9E068000018DA82A069A804C7C5805000000320685002B
S31A00E84CB30001F46B0002320C85000003FF6E0002287008C043C4
S31A00E84CC866147408720D303C80016100021E6B00021461000420
S31A00E84CDD9C343C12007202303C8001610002086B0001FE340547
S31A00E84CF2ED427208303C8001610001F66B0001EC3404720E3091
S31A00E84D073C8001610001E66B0001DC34090C86000101D0620257
S31A00E84D1C74025542ED427201303C8001610001C86B0001BE0C98
S31A00E84D31470002660C7400723F303C8002610001B24A80600073
S31A00E84D4601A67209303C0000610001A26B000198004700002469
S31A00E84D5B3C0000271026064C3C3000000007D04C4230037828C6
S31A00E84D702A034C0450000C85001F5B58630C0C840000000265AA
S31A00E84D8504538460E60C8400000002650001580C8400000081A9
S31A00E84D9A6200014E2A034C7C5005000003E84C0250000C850001
S31A00E84DAF0186A0650001360C8500061A806200012C4C043000FE
S31A00E84DC44C7C3003000003E80C8300000008650001160C830064
S31A00E84DD90008076200010C0C4700026620740C7211303C00010E
S31A00E84DEE6100010261000384740C7211303C0001610000F26B48
S31A00E84E030000E8343C00DE323C004F0C86000101D0620C327C39
S31A00E84E180003343C00DF323C00B73C0148463C023409D4427252
S31A00E84E2D0C3007610000C06B0000B6340672453007610000B2C2
S31A00E84E426B0000A84846340672463007610000A26B0000982479
S31A00E84E5703E28A5982E04A004200C00C830000002D652E0C8304
S31A00E84E6C000001E064060042000460200C8300000280640600B7
S31A00E84E8142000860120C830000032064060042000C6004004262
S31A00E84E96001072403007610000546B00004A2403E28A59820246
S31A00E84EAB4200FF724130076100003E6B0000347401C483EF826E
S31A00E84EC0D484558272423007610000286B1E41FA02C470004A08
S31A00E84ED5506714720012187400141830076100000E6B0460E876
S31A00E84EEA70FE4CDF03FE4E754A406B3A0C4000006606300160F0
S31A00E84EFF0002400C4000016608300132026000025C0C40000242
S31A00E84F14660830013202600002400C4000036600009670003238
S31A00E84F293C00806000023C0880000F0C40000066307058484062
S31A00E84F3E30010C40000D67060C40000E66064EF900EA492E4EBD
S31A00E84F5356FFFE41EEFFFE72024EB900EA47346B0230104E5EA3
S31A00E84F684E750C40000166307058484030010C40000D67060C4D
S31A00E84F7D40000E660832024EF900EA4A264E56FFFE41EEFFFED3
S31A00E84F92308272024EB900EA48424E5E4E750C400002661470D4
S31A00E84FA7584840303C003F720041F800004EF900EA484270FFA7
S31A00E84FBC4E7570504840323C00804EF900EA47347069484032BA
S31A00E84FD13C00804EF900EA473448E760C041F9F2000000700288
S31A00E84FE66100014A6B0001400C400004670670F8600001347046
S31A00E84FFB03610001346B00012A32007004610001286B00011ECA
S31A00E8501043FA01944A516F0EB2516606B0690002670A504960BF
S31A00E85025EE70FE60000102D1E90004700C610000FE6B0000F4D1
S31A00E8503A0240007F0C40000562140C400001670E0C4000026675
S31A00E8504F0ED1FC00010000600670F7600000D07005610000D0DF
S31A00E850646B0000C60C40000167140C4000026608D1FC001000B7
S31A00E8507900600670FD600000AC32007006610000AA6B0000A097
S31A00E8508E0C40004067060C400048660C7007610000946B000049
S31A00E850A38A670670FA600000827008610000826B0000780C403D
S31A00E850B80001670670F96000006C70116100006C6B620C4000EB
S31A00E850CD0466AC701F6100005E6B540C40000867180C4000108E
S31A00E850E267120C400020670C0C40004067060C400080661CC06C
S31A00E850F7C1E5400C40004067160C40008067100C400100670AC6
S31A00E8510C0C400200670470FC6016EE480C400003650270032284
S31A00E85121004841E581D1C142904A804CDF03064E754840303C83
S31A00E85136005048404EF900EA492E4840303C006948404EF900CA
S31A00E8514BEA492E4840303C005048404EF900EA4A264840303C9F
S31A00E85160006848404EF900EA4A264840303C006948404EF9008F
S31A00E85175EA4A262F002F01223804BA203804BA90810C800000B3
S31A00E8518A00046FF2221F201F4E75096910501228136B14004498
S31A00E8519FB64708111C0000000C000900000000000C000A004070
S31A00E851B40000000D000900800000000D000A00C000000000008B
S31A00E851C9000000000048E7E0E03F3C00032F3C000004003F3C8C
S31A00E851DE00444E41508F4A806F00007A2240203805A0670000A3
S31A00E851F37021C905A02040727F2018670A22C022D851C9FFF6D5
S31A00E852086014429922FC0000008053416B084299429951C9FFE0
S31A00E8521DFA3F3C00032F3C000001003F3C00444E41508F4A80B3
S31A00E852326F2E2240203C435436306100C06C2008671E2428009B
S31A00E852470421490004703F429951C8FFFC20680004214200085D
S31A00E8525C4EB900EA4DB44CDF07074E7500000030000000064EDD
S31A00E85271F900E8000C000000000632000000064EB900E807B465
S31A00E8528600000000096E000000064EF900E848B2000000007906
S31A00E8529B520000000A4EB900E8428A4E714E71000000007D5AA4
S31A00E852B0000000064EF900E8429A000000000798000000064EF7
S31A00E852C5B900E83CB2000000000B42000000064EF900E82C5455
S31A00E852DA0000000017EA0000000200110000000014E6000000C3
S31A00E852EF224E754E714E714E714E714E714E714E714E714E7120
S31A00E853044E714E714E714E714E714E714E710000000039A00094
S31A00E853190000026016000000007A08000000027E09000000000E
S31A00E8532E7B1C000000027E090000000003C400000012703C20B7
S31A00E85343C031C0059E20FC435436304298602C00000000046A26
S31A00E85358000000384E7A08080800001066227000720474004EFA
S31A00E8536DB900EA338C0800000066144E7A080808C00001F28046
S31A00E8538200004E7B0808429860287010484020C0602000005134
S31A00E85397240000001053806B1808380001A20267F811D8A205B5
S31A00E853AC0000513600000002A20600000000513A0000001AA286
S31A00E853C10751C8FFEA53816B1808380000A20267F812F8A20595
S31A00E853D612F8A20600000000515600000008A20751C9FFEA4E79
S31A00E853EB75000051760000001053806B1808380001A20267F8D9
S31A00E8540011D8A2050000518800000002A20600000000518C00B9
S31A00E8541500001AA20751C8FFEA53816B1808380000A20267F835
S31A00E8542A12F8A20512F8A2060000000051A800000008A2075121
S31A00E8543FC9FFEA4E75000051C80000002A53806B100838000123
S31A00E85454A20267F821D8A20451C8FFF253816B1008380000A278
S31A00E854690267F822F8A20451C9FFF24E7500000000537E000080
S31A00E8547E000A43F816F822AF0004236F00000000538A00000094
S31A00E854933E0008236F000C0010236F00100018206900184290F5
S31A00E854A820290008671441FA006221C803FC11FC00FFA20300FF
S31A00E854BD380002A2004E714E714E714E714E714E714E714E7118
S31A00E854D20000000053CA0000001243F816F8236F0004000423A2
S31A00E854E76F0008000C236F0000000053DE000000480014236F8E
S31A00E854FC0010001C2069001C42902029000C671441FA001421CA
S31A00E85511C803FC11FC00FFA20300380001A2004E7548E780C012
S31A00E8552643F816F808380000A202673E2029000C53806B2020DD
S31A00E8553B6900040838000054280000006CA20267F810F8A20526
S31A00E8555010F8A20610F8A20751C8FFEA234800042069001C528F
S31A00E85565902010B0A900146640023800FEA200603820290008AD
S31A00E8557A53806B1C205108380001A20267F811D8A20511D8A204
S31A00E8558F0611D8A20751C8FFEA22882069001852902010B0A9C9
S31A00E855A400106606023800FDA2004CDF03014E730000529600D7
S31A00E855B900000A43F816F822AF0004236F0000000052A2000041
S31A00E855CE007C0004236F000C0008236F0010000C236F00140060
S31A00E855E310236F0018001820690018429020290008671C20513B
S31A00E855F808380001A20267F811D8A20511D8A20611D8A2075168
S31A00E8560DC8FFEA228841FA001421C803FC11FC00FFA20300381F
S31A00E856220001A2004E7548E780C043F816F82029000C53806BD4
S31A00E85637202069000408380000A20267F810F8A20510F8A20621
S31A00E8564C000053200000004AA20751C8FFEA23480004206900FB
S31A00E856611852902010B0A900106608023800FEA200602420299E
S31A00E85676000853806B1C205108380001A20267F811D8A2051179
S31A00E8568BD8A20611D8A20751C8FFEA22884CDF03014E7300006E
S31A00E856A0000054C00000000470034E750000603A0000000E30E1
S31A00E856B53817DE660631FCFFFF17DE4E750000000060500000C6
S31A00E856CA0006427817DE4E7500000000608A0000000E203817FE
S31A00E856DF8090BC0000400020804E750000000060A40000002035
S31A00E856F422381780B0816E1421C01788202F0008B0BC00003E8E
S31A00E85709FF6E047000600270FF4E75000058E20000003C206F23
S31A00E8571E0004302F0008226F000A3F00485148503F3C006F4EDA
S31A00E857334E4FEF000A24006E06544F70FF6014226F000C2F02F1
S31A00E8574848513F3C006D4E4E4FEF000C70004E750000592E003D
S31A00E8575D00003642A742A73F3C006E4E4E4FEF000A43EF00043E
S31A00E857722059201931D1178C6114701741F817E208380001A2CC
S31A00E857870267F8534821D8A20451C8FFF04E75000000005E74E7
S31A00E8579C0000000C40E7007C070041F8880010BC00005E8200E7
S31A00E857B10000501010088000041140000208C000041140000287
S31A00E857C646D7203804BA5480223804BAB2806DF8007C07001097
S31A00E857DBBC000E1010088000041140000246DFB2B804BA67FA54
S31A00E857F0202F0008206F000422086608704741F900E4AC820031
S31A00E85805005EDA0000002453806B1808380001A20267F811D8C1
S31A00E8581AA20511D8A20611D8A20751C8FFEA53816B1A700008EE
S31A00E8582F3800005F000000000AA20267F811C0A20511C0000089
S31A00E8584400005F0C0000000A11C0A20751C9FFEA4E75000000AC
S31A00E858590060300000000408C00007000060D40000000C303841
S31A00E8586E1790524031C017904E75000060E600000006303817D8
S31A00E858838C4E7500000000570E0000002041F817207008429094
S31A00E858984268000A41E8000C51C8FFF421F817841780427817FC
S31A00E858AD8E4E750000574400000124242F0008B4BC0000040018
S31A00E858C26E0E20381788D08222381780B0816F067000600001B6
S31A00E858D7483038178EC0FC000C41F81720D1C0201067000066B3
S31A00E858EC538011FC0096A20108380007A20166F8610000F608F9
S31A00E85901380001A20267F821F81784A2049081610000E2303851
S31A00E85916178EC0FC000C41F8172020300804601ED1903228001C
S31A00E8592B08927C0017C3FC0006584143F817F733A800021000B8
S31A00E8594041E8000CB1FC0000178065DAD1B8178020381780900D
S31A00E859558221C0178052803238178EC2FC000C41F81720D1C1A8
S31A00E8596A48D00005316F000C000A32280008927C0017C3FC0021
S31A00E8597F06584141F817F73180100011FC0095A20108380007F2
S31A00E85994A20166F8702E61587010615441F817F7615C11FC0072
S31A00E859A995A20108380007A20166F83038178EC0FC000C41F86D
S31A00E859BE1720D1C02018612E2010612A2002206F000461303026
S31A00E859D338178E5278178E0C780000586A00000042178E6D04E7
S31A00E859E84278178EC0FC000C41F8172030300808602A083800EB
S31A00E859FD01A20267F821C0A204601C53406B1808380001A202A5
S31A00E85A1267F811D8A20511D8A20611D8A20751C8FFEA4E7500BA
S31A00E85A2700000060F20000000641F817207407000000006100D8
S31A00E85A3C0000000E670A41E8000C51CAFFF270004E7500000074
S31A00E85A51005FEA000000206D36B03C001E6E30927C0017C3FCBA
S31A00E85A660006564141F817F7D0C108380001A20267F800006024
S31A00E85A7B160000000408C000070000601E0000000870006002E7
S31A00E85A9070FF4E750000613A00000002302F00000000613E0046
S31A00E85AA5000002B07C00000000614200000020671AB07C00015F
S31A00E85ABA660808F80003A20060184A40661408B80003A2006095
S31A00E85ACF0C700008380000616600000006670270014E750000AE
S31A00E85AE40000617E00000002302F00000000618200000002B0EA
S31A00E85AF97C00000000618600000020671AB07C0001660808F80B
S31A00E85B0E0004A20060184A40661408B80004A200600C70000828
S31A00E85B2338000061AA00000006670270014E750000000061C276
S31A00E85B380000000E700008380003A202670270014E7500000068
S31A00E85B4D0061D60000000E700008380004A202670270014E751B
S31A00E85B6200000000520A0000003253806B1408380001A2026714
S31A00E85B77F8341848C221C2A20451C8FFEE53816B1408380000BB
S31A00E85B8CA20267F812F8A20612F8A20751C9FFEE4E75000000E4
S31A00E85BA10052540000003A53806B1C08380001A20267F811FC76
S31A00E85BB60000A20511FC0000A20611D8A20751C8FFE653816BC1
S31A00E85BCB1408380000A20267F81438A20612F8A20751C9FFEED2
S31A00E85BE04E750000000054C60000002021EF000416F4671441EB
S31A00E85BF5FA003021C803FC11FC00FFA20308F80000A20021EF38
S31A00E85C0A0008000054E80000001E671441FA001421C803FC1172
S31A00E85C1FFC00FFA20308F80001A2004E7548E7E0E0083800004D
S31A00E85C340000550800000052A2026720203816F4671A204070E0
S31A00E85C49001038A205E1981038A206E1981038A2072F004E9089
S31A00E85C5E584F08380001A2026720203816F0671A20404E904AC9
S31A00E85C73806712484011C0A205E19811C0A206E19811C0A20750
S31A00E85C884CDF07074E7300000000558C000000CC6770206F000C
S31A00E85C9D0C53403210242800025382226800064A41661208382D
S31A00E85CB20001A20267F821D9A20451CAFFF26040B27C0001660A
S31A00E85CC71608380001A20267F8321948C121C1A20451CAFFEE9C
S31A00E85CDC6024B27C00026600009208380001A20267F811FC00C8
S31A00E85CF100A20511FC0000A20611D9A20751CAFFE641E8000A8E
S31A00E85D0651C8FF98202F00086766206F00105340321024280006
S31A00E85D1B025382226800064A41661208380000A20267F822F8BE
S31A00E85D30A20451CAFFF26036B27C0001661608380000A2026732
S31A00E85D45F812F8A20612F8A20751CAFFEE601AB27C0002661CCA
S31A00E85D5A08380000A20267F81238000056600000000CFFEE41C9
S31A00E85D6FE8000A51C8FFA24E750000624200000002FFFF00001E
S31A00E85D840000624800000002FFFF00000000624E00000002FFC1
S31A00E85D99FF00000000625A00000002FFFF000000006276000074
S31A00E85DAE0002FFFF00000000627C00000002FFFF0000000062B2
S31A00E85DC38200000002FFFF00000000628E00000002FFFF00006B
S31A00E85DD8000062A800000002FFFF0000000062AE00000002FFAD
S31A00E85DEDFF0000000062B600000002FFFF0000000062D2000068
S31A00E85E020002FFFF0000000062D800000002FFFF000000006201
S31A00E85E17E000000002FFFF0000000062FC00000002FFFF00004A
S31A00E85E2C0000630200000002FFFF00000000630A00000002FFA0
S31A00E85E41FF00000000632600000002FFFF00000000632C000047
S31A00E85E560002FFFF00000000633400000002FFFF00000000634F
S31A00E85E6B4C00000002FFFF00000000635200000002FFFF000033
S31A00E85E800000635A00000002FFFF0000000063A600000002FF58
S31A00E85E95FF0000000063B200000002FFFF0000000063BE0000D5
S31A00E85EAA0002FFFF0000000063C800000002FFFF000000006367
S31A00E85EBFD200000002FFFF0000000063DC00000002FFFF0000CF
S31A00E85ED4000063E600000002FFFF0000000063F000000002FF2E
S31A00E85EE9FF00000000640200000002FFFF0000000064080000E5
S31A00E85EFE0002FFFF00000000641A00000002FFFF0000000064BF
S31A00E85F132000000002FFFF00000000642E00000002FFFF0000D9
S31A00E85F280000643400000002FFFF00000000644800000002FF31
S31A00E85F3DFF00000000644E00000002FFFF0000000064580000F4
S31A00E85F520002FFFF00000000647C00000002FFFF000000006408
S31A00E85F679400000002FFFF0000000064A000000002FFFF00009F
S31A00E85F7C000064B000000002FFFF0000000064BC00000002FFED
S31A00E85F91FF0000000064DE00000002FFFF0000000064E8000080
S31A00E85FA60002FFFF0000000064FC00000002FFFF000000006533
S31A00E85FBB2A00000002FFFF00000000653C00000002FFFF000018
S31A00E85FD00000655000000002FFFF00000000655600000002FF5D
S31A00E85FE5FF00000000655E00000002FFFF00000000656E000024
S31A00E85FFA0002FFFF00000000658000000002FFFF00000000655A
S31A00E8600F8600000002FFFF00000000658E00000002FFFF000015
S31A00E860240000659E00000002FFFF0000000065B000000002FF60
S31A00E86039FF0000000065B600000002FFFF0000000065BE000027
S31A00E8604E0002FFFF0000000065CE00000002FFFF0000000065B7
S31A00E86063E000000002FFFF0000000065E800000002FFFF00000D
S31A00E86078000065FE00000002FFFF00000000660600000002FF55
S31A00E8608DFF00000000661600000002FFFF00000000661C000013
S31A00E860A20002FFFF00000000662200000002FFFF00000000660D
S31A00E860B7C200000002FFFF0000000066DC00000002FFFF0000E2
S31A00E860CC000066E400000002FFFF0000000066EA00000002FF36
S31A00E860E1FF0000000066F800000002FFFF00000000670C0000EC
S31A00E860F60002FFFF00000000671400000002FFFF0000000067C5
S31A00E8610B1C00000002FFFF00000000672400000002FFFF0000EA
S31A00E861200000672C00000002FFFF00000000673600000002FF4B
S31A00E86135FF00000000674200000002FFFF00000000674A00000E
S31A00E8614A0002FFFF00000000676200000002FFFF000000006722
S31A00E8615F9C00000002FFFF0000000067AA00000002FFFF000090
S31A00E86174000067BA00000002FFFF0000000067CA00000002FFD5
S31A00E86189FF0000000067DA00000002FFFF0000000067FA000072
S31A00E8619E0002FFFF00000000680000000002FFFF00000000682E
S31A00E861B30600000002FFFF00000000680C00000002FFFF00006F
S31A00E861C80000682200000002FFFF00000000682800000002FFB9
S31A00E861DDFF00000000682E00000002FFFF00000000683400008E
S31A00E861F20002FFFF00000000D15600000002FFFF000000011969
S31A00E862070800000002FFFF00000001197000000002FFFF000002
S31A00E8621C00011AB000000002FFFF000000011AE400000002FFB4
S31A00E86231FF000000011B0000000002FFFF000000011BDE000055
S31A00E862460002FFFF000000011C7C00000002FFFF000000011D9E
S31A00E8625B6800000002FFFF00000001287600000002FFFF000039
S31A00E8627000012A1000000002FFFF000000012C8600000002FF3C
S31A00E86285FF000000012D1E00000002FFFF000000012D88000015
S31A00E8629A0002FFFF000000012E1000000002FFFF000000012E93
S31A00E862AFB800000002FFFF000000012EFC00000002FFFF000009
S31A00E862C400012F3E00000002FFFF000000012FCE00000002FF6A
S31A00E862D9FF00000001306000000002FFFF00000001308E000073
S31A00E862EE0002FFFF0000000130EE00000002FFFF00000001315C
S31A00E863033A00000002FFFF0000000131AE00000002FFFF00007D
S31A00E86318000131B600000002FFFF00000001349800000002FFCC
S31A00E8632DFF0000000134D000000002FFFF00000001354C0000E7
S31A00E863420002FFFF00000001357A00000002FFFF000000017433
S31A00E86357CA00000002FFFF00000001762E00000002FFFF0000D4
S31A00E8636C00017AC400000002FFFF0000000006380000000A6146
S31A00E86381FF00024A8E4E714E7100000000090800000004F4F8C1
S31A00E863964E710000092A00000004F4F84E710000094A00000010
S31A00E863AB04F4F84E7100000DF600000004F4F84E71000043B497
S31A00E863C000000004F4F84E71000046CC00000004F4F84E71006A
S31A00E863D500085A0000001440E7007C0700F47842804E7B0002AC
S31A00E863EAF4D846DF4E75000018CA00000004F4F86010000019A1
S31A00E863FF4400000004F4786010000039900000000A6100CEC8AD
S31A00E864144E714E714E710000000007560000000A610001024E2F
S31A00E86429714E714E7100000000990C0000003853434CBA020303
S31A00E8643E0024204A242C0652E292650C30C051CBFFF830C9F450
S31A00E86453F84E7530C151CBFFEC30C9F4F84E75C15D835D4ED3CC
S31A00E864684E714E714E714E7100011BCE000000024E7500000086
S31A00E8647D011C56000000024E75000000011D52000000047001FF
S31A00E864924E75000125B8000000024E7500000001292E00000049
S31A00E864A7024E7500000001297A000000024E750000000129DEBC
S31A00E864BC000000024E75000000012BF6000000024E7500000031
S31A00E864D1012C76000000024E75000000012CEE000000024E7580
S31A00E864E6000000012D6C00000002600A000000012DD4000000AB
S31A00E864FB02600A000000012E96000000024E75000000017B4CE0
S31A00E86510000000024E75000000017BE4000000024E750000009E
S31A00E8652504452800000002003C0000000445440000001261FFC5
S31A00E8653AFFFE0B82602C4E7161FFFFFBC30A602E000000025082
S31A00E8654FC80000001640E7007C0700F4F8203CA08080004E7B10
S31A00E86564000246DF4E7500000004456E000000060C80A0808061
S31A00E8657900000000034258000000064EB900E86ADC0000000047
S31A00E8658E25DC000000120501880041F8FA0170E84230081854F7
S31A00E865A38066F800000000052600000004610020B80000263257
S31A00E865B80000001441F8FA27203AFFA410805488E08866F84AF9
S31A00E865CD380A8700002B1E000000084EB900E86B144E71000084
S31A00E865E20ADA000000064EF900EA356C00000000059000000065
S31A00E865F7064EB900E86B8C00000000DB54000000084EB900E88F
S31A00E8660C6B304E710000DB78000000084EB900E86B404E71007D
S31A00E8662100E272000000064EB900E86B5000000000E786000005
S31A00E8663600064EB900E86B5A000000010F8E000000064EB900FC
S31A00E8664BE86B64000000010FA2000000064EB900E86B6E000015
S31A00E8666000010FB6000000064EB900E86B7800000000951A00EA
S31A00E866750000064EB900E86B82000000000660000000064EF98D
S31A00E8668A00E86C7000000001DF480000000641F900E86C9E00EF
S31A00E8669F000004D4F0000000080080FFFF00020000000132680D
S31A00E866B40000001000E86FAE00E86EBC00E86F2200E86FCA0022
S31A00E866C90132A40000000800E86F8400E86F98000002300000F3
S31A00E866DE000621FC00E87DF40000000026C40000000A4EB90042
S31A00E866F3E8B2FE4E714E7100000000340A000000084EB900E859
S31A00E86708B26A4E710000216C000000064EF900E8B0D800000069
S31A00E8671D00212E000000064EF900E8B20400000000230E00000E
S31A00E8673200064EB900E8B22E000000002316000000044E714E45
S31A00E867477100002264000000064EB900E8B24400000001F16417
S31A00E8675C000000064EB900E8B46E00000001DF6200000006419A
S31A00E86771F900E8B4440000000002140000000821FC00E8B5462E
S31A00E86786007000020B5E000000064EB900E2820600000002516B
S31A00E8679B0E000000342EBC00007FFE611A23C00000E6D06112CB
S31A00E867B023C00000A516610A2D40FFF842452F0060064EF90016
S31A00E867C5E34A123F3C00034EB900E2739E5C8F00025248000093
S31A00E867DA00043F3C7FFE000254A8000000103EBC7FFE2F2EFFDF
S31A00E867EFF84EB900E28206588F000281E400000040303C7FFEC7
S31A00E86804322F00080C41FFFF672CB041640232003001227900F5
S31A00E8681900E6D0206F00046014322F000820790000E6D0226F76
S31A00E8682E00047001600210D951C9FFFC4E754E714E710003BE90
S31A00E86843640000003A4E56FFEA48E703043EBC7FFE2F39000012
S31A00E86858A5164EB900E49354588F4E7120790000A5162E880CF4
S31A00E8686D100023670000E042673F3C7FFE4EB900E34F62588F8B
S31A00E8688200000003BF0A000000062EB90000A51600000003BFDD
S31A00E8689710000000062F3C00007FFE00000003BF280000000610
S31A00E868AC0C8700007FFE00000003BF4E000000062F390000A5B6
S31A00E868C11600000003BF6600000006D1F90000A5160000000308
S31A00E868D6BF6E000000043EBC7FFE0003BF72000000062F390075
S31A00E868EB00A51600000003BFBA000000062EB90000A5160000CB
S31A00E869000003C1A8000000080CAE00007FFEFFE60003C1E80058
S31A00E869150000062EB90000A51600000003C1F0000000043F3CA4
S31A00E8692A7FFE0003C844000000060C6E7FFEFFFA00000003C81D
S31A00E8693F5C000000062EB90000A51600000003C86E0000000414
S31A00E869543EBC7FFE0003C872000000062F390000A51600000063
S31A00E8696903C8D6000000062EB90000A51600000003C9700000A6
S31A00E8697E00062F390000A51600000003E684000000062EB90093
S31A00E8699300A51600000003E68C000000043F3C7FFE0003E69854
S31A00E869A8000000062EB90000A51600000003E69E000000062F88
S31A00E869BD3C00007FFE00000003E6C40000002A20790000A516F3
S31A00E869D20C10002366060C28006100014E716600003A3EBC7FA9
S31A00E869E7FE2F390000A5164EB900E4935E588F0000000449B0CC
S31A00E869FC000000062EBC00007FFE0000000449DA000000043FC1
S31A00E86A113C7FFE000449EC000000062F390000A5160000000463
S31A00E86A264B4A000000062EBC00007FFE000000044B68000000B4
S31A00E86A3B043F3C7FFE0004935E0000000641F900E282060000BD
S31A00E86A5000020122000000064EB900E8B8CC00000002E91A00A0
S31A00E86A650000064EF900E8B97A00000002DE440000000165003C
S31A00E86A7A000000034B6C00000001640000000004800C0000006A
S31A00E86A8F064EF900E8BE12000000024A5E000000044E714E71D3
S31A00E86AA40000077E0000000E4EB900E8BE584E714E714E714ECC
S31A00E86AB97100000000100C000000064EF900E9AED40000000095
S31A00E86ACE057E000000064EB900EA590000002038044E0C8001BB
S31A00E86AE300000064244E7A00022F004EB900E0085A70034EB96C
S31A00E86AF800E343480C9FA080800066064EB900E250C84E757042
S31A00E86B0D034EF900E34348007C07001E2A0028E18F1E2A002AF8
S31A00E86B22E18F1E2A002CE18F1E2A002E4E752F0A2478042E21BB
S31A00E86B376A7FEC01C6245F4E752F0A2478042E2D6A7FECFFFA77
S31A00E86B4C245F4E752A78042E2A6D7FEC4E752678042E266B7F87
S31A00E86B61EC4E752278042E22697FF04E752278042E22697FF42F
S31A00E86B764E752278042E22697FF84E752278042E43E97FEC4E17
S31A00E86B8B7548E7F0E02038042E2240220041F900E4AFEC303C60
S31A00E86BA00FFF22D851C8FFFC240941F900E09410701722D85119
S31A00E86BB5C8FFFC43E91FA0260941F900E49434303C010122D8B2
S31A00E86BCA51C8FFFC588822C322D822D832D82478042E42AA7FB8
S31A00E86BDFD042AA7FD442AA7FC042AA7FBC45EA7FEC41F900E49A
S31A00E86BF4AFEC22414CE8000900489088D0819688D68148E9000C
S31A00E86C0909004824C90681000006DCD1FC000006DC22414CE89B
S31A00E86C1E000900489088D0819688D68148E90009004824C906CF
S31A00E86C338100001A5CD1FC00001A5C22414CE800090048908824
S31A00E86C48D0819688D68148E90009004824C941F900E094102234
S31A00E86C5D4248E90009004824C9429AF4784CDF070F4E750CB873
S31A00E86C7201000000044E64122078042ED1FC0000640848504E6D
S31A00E86C87F900E006664EF900E0066E584252414354363000E11F
S31A00E86C9CC22C0C4000736600018448E700F0224126510C530005
S31A00E86CB16D670E0C53006E67080C530079660001622F02247854
S31A00E86CC6042E254B7FE042AA7FE442AA7FE8206B000E4A90674E
S31A00E86CDB560C9000E00000654E25507FE4740FD4680004E84A64
S31A00E86CF0C4E8000CC4E80006D4822002068000000020610001B7
S31A00E86D052A6F00011225407FD806800000000F020000F02080FC
S31A00E86D1A2240206A7FE4700FD082E88822D822D822D822D853AB
S31A00E86D2F806EF4206B00124A90673C0C9000E0000065342550DB
S31A00E86D447FE8700FD0680004E848C0E8000CC0E80006D0800642
S31A00E86D598000000020610000CE6F00009C25407FDC0680000017
S31A00E86D6E000F020000F02080241F4CDF0F0070734267487A00B6
S31A00E86D830A40E72F3AFF124E7548E7E0F02478042E266A7FE0E3
S31A00E86D984AAA7FE46714226B000E206A7FD86100009E22AA7F60
S31A00E86DADE442AA7FE4202A7FE86742206B00122240700FD068A0
S31A00E86DC20004E848C0E8000CC0E80006D08020500680000000F2
S31A00E86DD70FE88822D822D822D822D853806EF4226B0012206AF4
S31A00E86DEC7FDC6100005622AA7FE842AA7FE84CDF0F074E734AC0
S31A00E86E01AA7FE46714226B000E206A7FD86100003622AA7FE4C4
S31A00E86E1642AA7FE4241F4CDF0F004E734CDF0F0070732F3AFE68
S31A00E86E2B704E7548E760E042672F003F3C00444E41508F4CDF92
S31A00E86E4007064A804E7548E760E048503F3C00494E415C8F4C24
S31A00E86E55DF07064E7500002078042E20287FA802804000000090
S31A00E86E6A664C2038044E0C80010000006540203C5F5043494EB2
S31A00E86E7FB900E8B0186732203C5F50434941F900ED0000B09010
S31A00E86E94671E41F900EC0000B090671441F900EB0000B09067C9
S31A00E86EA90A41F900EA0000B090660470014E7570004E752F0870
S31A00E86EBE2F0948C12F016100FF96674A700030383E5C9081C076
S31A00E86ED3F83E582F00700030383E7A2F0020012F00C0F83E58A2
S31A00E86EE842A720015280C0F83E582F0042A74EA8001C4FEF0015
S31A00E86EFD184A40671236383E5C34383E5A32037000610000BAAB
S31A00E86F1260064EB900E8754C588F225F205F4E752F082F094805
S31A00E86F27C12F016100FF306746700030383E5C9081C0F83E5868
S31A00E86F3C2F00700030383E7A2F00200152802F00C0F83E5842B2
S31A00E86F51A72001C0F83E582F0042A74EA8001C4FEF00184A401D
S31A00E86F66670E260134383E5A70006100005860064EB900E87595
S31A00E86F7BA0588F225F205F4E752F002F012F094EB900E87BC206
S31A00E86F90588F221F201F4E7548E7C0C02F012F004EB900E87C5B
S31A00E86FA5D8508F4CDF03034E752F082F092F072F062F092F08F5
S31A00E86FBA4EB900E871F24FEF0010225F205F4E7548E7C0C0487A
S31A00E86FCFC048C148C248C32F032F022F012F006100FE7C674A93
S31A00E86FE4200390815280C0F83E582F00200290AF00045280E709
S31A00E86FF9802F002001C0F83E582F007000202F000CE7802F00E7
S31A00E8700E700030383E600C7800103E866504203849902F004E9A
S31A00E87023A800164FEF00144A4066064EB900E875F04FEF0010C2
S31A00E870384CDF03034E7548E73F3E4CEF001F00306100FF804CFF
S31A00E8704DDF7CFC4E754FEFFFDC48D73C7C2A6F0028286F002CB2
S31A00E870622A2F00306F26BBCC6344204CD1C5BBC8643C224DD378
S31A00E87077C5132053856EFA600E0C850000001062281ADC538577
S31A00E8708C6EFA4CD73C7C4FEF00244E754FEFFFDC48D73C7C2A7F
S31A00E870A16F0028286F002C2A2F00306F0000C62C05283C00003F
S31A00E870B6010060604CD40F0F48D50F0F4CEC0F0F002048ED0FE3
S31A00E870CB0F00204CEC0F0F004048ED0F0F00404CEC0F0F0060B4
S31A00E870E048ED0F0F00604CEC0F0F008048ED0F0F00804CEC0F0A
S31A00E870F50F00A048ED0F0F00A04CEC0F0F00C048ED0F0F00C0CD
S31A00E8710A4CEC0F0F00E048ED0F0F00E0D9C4DBC49A846A9CDADF
S31A00E8711F8467527820EA8D6712600C4CD40F0F48D50F0FD9C426
S31A00E87134DBC453856AF0701FC08641FA002C240008820000910C
S31A00E87149C24ED03ADC3ADC3ADC3ADC3ADC3ADC3ADC3ADC3ADC9D
S31A00E8715E3ADC3ADC3ADC3ADC3ADC3ADC3ADC0880000067021A89
S31A00E87173DC4CD73C7C4FEF00244E7500002F02222F0008227819
S31A00E87188044E30383E88C1F83E58306F000E24084C02080030D6
S31A00E8719D783E68D1C9D1C030010240000141F0000030383E86D5
S31A00E871B248C048C174FEC2824C010800D088241F4E752F02200F
S31A00E871C738044E322F000AC3F83E8630783E68D088D2803038F1
S31A00E871DC3E88C1F83E58306F000E24084C020800D081241F4E8A
S31A00E871F17548E73C3C266F0024246F0028262F002C242F003007
S31A00E8720638783E783A783E884EB900E86E5C4A80662830383EF0
S31A00E8721B860C40000F6F280C400010670000DC0C400020670086
S31A00E87230026C0C400008670001584CDF3C3C4E7530383E860C3B
S31A00E872454000076ED8320053414A4067E8428438015284D884E9
S31A00E8725AD88A304D324C7A01CA8332383E58300153400802003E
S31A00E8726F00672E4A85676A4A41670A284A50D4D9C851C8FFFAA2
S31A00E87284E282E283548AB5C467AC7A01CA8332383E5830015388
S31A00E87299400802000066D24A8567204A4167DC2A4A284B1A94B7
S31A00E872AEDBC8D9C951C8FFF8E282E283548AB5C466CE6000FFD5
S31A00E872C3784A4167BC284A4214D9C851C8FFFAE282E283548A80
S31A00E872D8B5C466B26000FF5C4A4167A02A4A284B121446011A67
S31A00E872ED81DBC8D9C951C8FFF4E282E283548AB5C4668E600058
S31A00E87302FF3832383E58300153404A416700FF2A3A4D384C4A1D
S31A00E87317136D00017632023481081300066700012C3203354133
S31A00E8732C0002081300056700012C320335410004081300046773
S31A00E8734100012C320335410006081300036700012C320335410E
S31A00E873560008081300026700012C32033541000A081300016743
S31A00E8736B0000E032033541000C08130000670000C0320335419B
S31A00E87380000ED5CDD7CC51C8FF8E4CDF3C3C4E7532383E58307B
S31A00E873950153404A416700FE9E3A4D384C4A136D0000F01202FA
S31A00E873AA1481081300066700008212031541000108130005674E
S31A00E873BF7012031541000208130004676012031541000308137F
S31A00E873D40003675012031541000408130002674012031541005E
S31A00E873E9050813000167301203154100060813000067141203CD
S31A00E873FE15410007D5CDD7CC51C8FF9A4CDF3C3C4E75120215A9
S31A00E87413410007D5CDD7CC51C8FF8660EA120260CE120260BE8D
S31A00E87428120260AE1202609E1202608E12026000FF7E320235D1
S31A00E8743D41000ED5CDD7CC51C8FED06000FF4032026000FF207F
S31A00E87452320235410002081300056600FED83202354100040879
S31A00E874671300046600FED8320235410006081300036600FED8C5
S31A00E8747C320235410008081300026600FED832026000FED4326A
S31A00E87491036000FE8A12036000FF1032383E58300153404A413A
S31A00E874A66700FD923A4D384C4A136D00009422022481081300A0
S31A00E874BB066700008222032541000408130005677022032541CE
S31A00E874D0000808130004676022032541000C081300036750223D
S31A00E874E5032541001008130002674022032541001408130001AC
S31A00E874FA673022032541001808130000671422032541001CD543
S31A00E8750FCDD7CC51C8FF9A4CDF3C3C4E7522022541001CD5CDA9
S31A00E87524D7CC51C8FF8660EA220260CE220260BE220260AE22F1
S31A00E8753902609E2202608E22026000FF7E22036000FF6C2F021B
S31A00E8754E342F000A48C232383E88C3F83E582078044E20024CEA
S31A00E87563010800D1C032783E5C200990824C0108002F004870D0
S31A00E8757818002F084EB900E8705230783E5C2F0832783E5A2F26
S31A00E8758D092F0842A74EB900E8703E4FEF001C241F4E752F02A4
S31A00E875A2342F000A48C232383E88C3F83E582078044E20024C96
S31A00E875B7010800D1C032783E5C200990824C0108002F002F08FD
S31A00E875CC487018004EB900E870522F0230783E5A2F082F024220
S31A00E875E1A74EB900E8703E4FEF001C241F4E75598F48E73F3E6F
S31A00E875F62C2F0034282F0038262F003C306F004290C424085230
S31A00E8760B82C5F83E584EB900E86E5C4A80663A30383E863A38E6
S31A00E876203E880C40000F6F3A96463203C3C03E059E4132070CA2
S31A00E87635400010670000F60C400020670003100C400008670004
S31A00E8764A01784CDF7CFC588F4E7530383E863A383E880C4000C7
S31A00E8765F076EC632783E60304334462608968A26036A02528300
S31A00E87674E2833E0352473207E349C3C03041320592483F4100EA
S31A00E876892E3209024100010C400004670003D40C400008670008
S31A00E8769E01C20C40000267000336227C0000FFFF4A41670004A6
S31A00E876B3E4322F002EE24138412678044E30783E68D1CB0246A3
S31A00E876C8000141F060002C0A72FECC8148C04C060800D088C9B7
S31A00E876DDF83E5848C54C054800D8803A0253454A426700FF5CFC
S31A00E876F2320C48C1D28102830000FFFF2003D08024035282D436
S31A00E8770782260054834A47670E20442003D08430C9B08866FA8E
S31A00E8771CD882D88153450C45FFFF66E44CDF7CFC588F4E752019
S31A00E877317849902E0802870000FFFF224720087E10EFA8204031
S31A00E8774643F098003E01E4472038044E30783E682208D280484F
S31A00E8775BC6E98E2001D086C9F83E58304522084C01480020408C
S31A00E87770D1C4380253444A426700FED2320748C1E589340353B3
S31A00E877854202820000FFFF5282E98A20084A436718D0822089C7
S31A00E8779A214900042149000841E800102149FFFCB1C066EA208D
S31A00E877AF40D1C153440C44FFFF66D64CDF7CFC588F4E753E3821
S31A00E877C43E602007E18802800000FF000287000000FF2040D15A
S31A00E877D9C72E087010E1AF200880873E01E4472078044E327873
S31A00E877EE3E6841F1880048C6E78E43F06800C9F83E5832054844
S31A00E87803C14C041800D2893C0253464A426700FE3A3A0748C5AE
S31A00E87818E58D3803534402840000FFFF2404E78A24425284E7E9
S31A00E8782D8C45EA000C4A436718204158882401D48A22412280BC
S31A00E87842508920805088B1C266F4D284D28553460C46FFFF6629
S31A00E87857DA4CDF7CFC588F4E75267CFFFF00004A416700031A58
S31A00E8786C2209080100016708200B303CFFFF2640287CFFFF00D8
S31A00E8788100220908010002670002E82009080000036708220CAC
S31A00E87896323CFFFF28412A7CFFFF0000200908000004670002D8
S31A00E878ABB62209080100056708200D303CFFFF2A402C7CFFFFD5
S31A00E878C000002209080100066700028820094A006D0002E432A2
S31A00E878D52F002EE4412038044E30783E68D1C00246000143F029
S31A00E878EA6000200A7CFEC086E788D089C9F83E5830452A084C3F
S31A00E878FF0548002040D1C4380253444A426700FD3E48C1E589CE
S31A00E8791402830000FFFF24035282E98A20084A476718D08220D5
S31A00E879298B214C0004214D000841E80010214EFFFCB1C066EA85
S31A00E8793E2040D1C153440C44FFFF66D64CDF7CFC588F4E7522C4
S31A00E87953784990E4472038044E30783E682208D28048C6EB8EBA
S31A00E879682001D086C9F83E5830452A084C0548002040D1C438E1
S31A00E8797D0253444A426700FCC8320748C1E589340353420282B7
S31A00E879920000FFFF5282EB8A20084A436728D082208921490002
S31A00E879A704214900082149000C21490010214900142149001877
S31A00E879BC41E800202149FFFCB1C066DA2040D1C153440C44FF91
S31A00E879D1FF66C64CDF7CFC588F4E75267CFFFF00004A416700A9
S31A00E879E6015C200908000001660001BA322F002EE441203804DE
S31A00E879FB4E30783E68D1C00246000141F06000200A7CFEC08698
S31A00E87A10D080D088C9F83E5832452A094C0548002240D3C43800
S31A00E87A250253444A426700FC2048C1E58902830000FFFF200399
S31A00E87A3AE58824035282E58A260058834A47670E20492003D00F
S31A00E87A4F8920CBB1C066FAD3C2D3C153440C44FFFF66E44CDF6C
S31A00E87A647CFC588F4E75267CFFFF00004A41670000BC2209087C
S31A00E87A790100016708200B303CFFFF2640287CFFFF00002209D1
S31A00E87A8E080100026700008C20090800000366000100322F00FB
S31A00E87AA32EE4412038044E30783E68D1C00246000141F060002A
S31A00E87AB8200A7CFEC086E588D088C9F83E5848C54C054800D847
S31A00E87ACD803A0253454A426700FB7648C1E58902830000FFFF04
S31A00E87AE22003E788244024035282E78A45EA000C4A47671820D4
S31A00E87AF74458882004D08A2244228B5089208C5088B08866F4E8
S31A00E87B0CD882D88153450C45FFFF66DA4CDF7CFC588F4E754906
S31A00E87B21F800002009080000036700FF74606E47F80000220923
S31A00E87B36080100016700FF4A6000FF3E47F80000200908000085
S31A00E87B4B016700FEA460584DF8000020094A006C00FD78605626
S31A00E87B604BF800002209080100056700FD506000FD4449F80010
S31A00E87B75002009080000036700FD1E6000FD1247F8000022097E
S31A00E87B8A080100016700FCEC6000FCE043F800006000FB182293
S31A00E87B9F0C323CFFFF28416000FEF8220B323CFFFF264160004C
S31A00E87BB4FE3E220E323CFFFF2C416000FD142F0A2F02246F001B
S31A00E87BC90C52783D2C4EB900E86E5C32383E864A8066240C41F2
S31A00E87BDE000F6F240C410010675A0C410020670000AA0C410019
S31A00E87BF308677A53783D2C241F245F4E750C4100076EDC30011A
S31A00E87C0853404A4167E8428234005282D482D48A32383E58305C
S31A00E87C1D0153404A41670E204A461032783E88D1C951C8FFF6F8
S31A00E87C32548AB48A66E053783D2C241F245F4E7532383E583000
S31A00E87C470153404A4167A830783E88469246AA000446AA0008DA
S31A00E87C5C46AA000CD5C851C8FFEE53783D2C241F245F4E753297
S31A00E87C71383E58300153404A416700FF7A30783E88469246AADD
S31A00E87C860004D5C851C8FFF653783D2C241F245F4E7532383EE7
S31A00E87C9B58300153404A416700FF5230783E88469246AA00044D
S31A00E87CB046AA000846AA000C46AA001046AA001446AA0018468B
S31A00E87CC5AA001CD5C851C8FFDE53783D2C241F245F4E7548E777
S31A00E87CDA3E00242F0018282F001C3C023A0452783D2C10383E56
S31A00E87CEF8008000001660000BC36383E5ABC436C0236023438D0
S31A00E87D043E5CBA426C02340431C33E6A31C23E6C4EB900E86EAA
S31A00E87D195C320348C148C238383E8630783E684A80664E30385B
S31A00E87D2E3E88C1F83E584C002800300448C00C44000F6F4E224F
S31A00E87D4378044ED488D4894C001800D48121C23E6410383E8175
S31A00E87D5866120C7800013D2C676653783D2C4CDF007C4E751146
S31A00E87D6DC03E6F53783D2C4CDF007C4E7530383E88C1F83E588B
S31A00E87D824C002800300448C00C4400076EB22278044E024300A6
S31A00E87D970143F1300041F18800D48876FEC2834C001800D481FC
S31A00E87DAC21C23E6460A20200FFFD11C03E802F383E644EBAFEB1
S31A00E87DC102588F6000FF322F383E644EBAFDF4003800023E804B
S31A00E87DD611F83E6E3E6F588F53783D2C4CDF007C4E75584252D7
S31A00E87DEB414354363000E00D764E6808170005670441EF000877
S31A00E87E0030100C4000406618202F00020280FFF000000C8000E7
S31A00E87E15E000006700029C70004E730C4000A06600007030283A
S31A00E87E2A0002660470004E730C4000016606F47870004E730C56
S31A00E87E3F4000026606F4B870004E730C400003670002600C4051
S31A00E87E540004660A4E7A00020800001F600E0C40000666124E40
S31A00E87E697A00020800000F56C00240000148C04E730C40000510
S31A00E87E7E67060C400007660C4A680004670001F6600001FA70F0
S31A00E87E93FB4E730C400164620001780C40012B6500021204406F
S31A00E87EA8012B660843FA028821C90080303B032000EA6B000128
S31A00E87EBDFA4EBB012000E04E734E6808170005670441EF000880
S31A00E87ED230100C40C60A67060C400C6A662C3F2800024EB90020
S31A00E87EE7EA4C700C57000067180C5700016610C0FC000980FCF5
S31A00E87EFC00050640002048C0600270FF548F4E730C40C60B6717
S31A00E87F11060C400C6B66143028000222280004242800084EB927
S31A00E87F2600EA338C4E730C40C60C67060C400C6C661C302800C5
S31A00E87F3B026B1066084EB900E0085A60064EB900E250C84E7AE0
S31A00E87F5000024E730C40C60D67060C400C6D6606F4F870004E04
S31A00E87F65730C40016462160C40012B65100440012B303B02288B
S31A00E87F7A6B064EBB00224E732078005C0C905842524166100C68
S31A00E87F8FA863743630000466062F2800084E7560FE02D01562D1
S31A00E87FA4168A178C188419881A821B401C001CB41DA41E9E1FDB
S31A00E87FB98E2026209C20A820C0210C216A21D2225E229E22EE92
S31A00E87FCE234223502360237423BC2414247624BA250E2566254C
S31A00E87FE378258C25A425F6265626C026C426C827082748275A35
S31A00E87FF8FFFFFFFFFFFFFFFFFFFFFFFFFFFF276C279C281028DE
S31A00E8800D3C28642864286E0C40C60A67060C400C6A662C3F2842
S31A00E8802200024EB900EA4C700C57000067180C5700016610C030
S31A00E88037FC000980FC00050640002048C0600270FF548F4E73DD
S31A00E8804C0C40C60B67080C400C6B6600001630280002222800C2
S31A00E8806104242800084EB900EA338C4E730C40C60C67060C407C
S31A00E880760C6C661E302800026B1266084EB900E0085A4E734E6E
S31A00E8808BB900E250C84E734E7A00024E730C40C60E67140C400C
S31A00E880A00C6E670E0C40C60D67060C400C6D6606F4F870004E87
S31A00E880B5732F3AFD384E75203C5F50434941F900ED0000B090F6
S31A00E880CA671C41F900EC0000B090671241F900EB0000B0906785
S31A00E880DF0841F900EA0000B0904E754EF900EA358841FAFFF84F
S31A00E880F4487AFFFA2278042E43E9FE0022BC12123456234900E0
S31A00E8810904323C00FA3019D059D059D059B1D7640AD05032D823
S31A00E8811E51C9FFF66006425951C9FFFC323C5678924032C158E0
S31A00E881338F4E7548E77FFE203C4D61675861002ED6670000DADC
S31A00E88148203C5F50434961002EC8660000CC702420780432D1E1
S31A00E8815DB80432203C58425241208021400012203C63743630FC
S31A00E88172214000042140001640E7007C070021C8005C217800A6
S31A00E88187B80008317C4EF9000C43FAFD342149000E41E8000C1A
S31A00E8819C21C800B85C882178047A0008317C4EF9000C43FA00FF
S31A00E881B1782149000E4DE8000CF4F846DF3F3C000241EFFFFEDF
S31A00E881C64EBA00A8548F6B00005241F900E00FB643F8000870D4
S31A00E881DB0222C851C8FFFC6100FED866384E7A00022F00F4F8E7
S31A00E881F0203CA08080004E7B00022F3C000000024EA800045806
S31A00E882058FF4F8201F4E7B0002426741EFFFFE4EBA005A548FD6
S31A00E8821A21CE047AF4F84CDF7FFE70014E7348E760E06100FE60
S31A00E8822FC26100FE8A66044EA8000A2078047A0CA85842524140
S31A00E88244FFF466200CA863743630FFF8660C2028FFFC4CDF07EF
S31A00E88259062F004E752028FFFC6704204060D64CDF070670003E
S31A00E8826E4E753028000248C00C80000000016D000E4248E77FF0
S31A00E88283FE4DF8000053802E00203C5F50434961002D84671A8A
S31A00E8829870FF6000057A70FF6000057421CD00082E4C46DF7048
S31A00E882ADFF600005664A87660000E640E7007C070041FAFFE41F
S31A00E882C22A78000821C80008284F0CB8752019F3042066340C78
S31A00E882D7B8237698AA043A662A0CB85555AAAA051A6620303C70
S31A00E882EC00C9024000F013C0E00000034239E000000121CD0094
S31A00E88301082E4C46DF60000094700123C0E000002021CD000894
S31A00E883162E4C46DF243804BA0682000000C8223804BAB2826DA2
S31A00E8832BF8700423C0E0000020303C00C9024000F013C0E000E6
S31A00E8834000034239E0000001243804BA0682000001902238044A
S31A00E88355BAB2826DF81039E0000000024000E066362078042E21
S31A00E8836A700281A87FA842674878000161002490588F3E8042E8
S31A00E8837FA761002486588F4840301F0C8000010000660A2078F6
S31A00E88394042E700481A87FA840E7007C070041FAFF002A78006A
S31A00E883A90821C80008284F72006100249421CD00082E4C46DF41
S31A00E883BE7200610024860C80905410B56600FED2223C00000076
S31A00E883D38861002472243C80200000B48057C70287000000014C
S31A00E883E8223C000000886100248861002CBA2400538246822275
S31A00E883FD3C000000806100247461002C7608C000002400223C7B
S31A00E8841200000084610024607400223C0000017061002454746E
S31A00E8842700223C0000017461002448243C48C300C3223C000026
S31A00E8843C009861002438243C000000C3223C0000017861002469
S31A00E8845128243C000001C3223C0000010061002418243C000080
S31A00E8846601C3223C00000114610024087400223C000000A86174
S31A00E8847B0023FC2078042E217C400000007FB8217C2000000044
S31A00E884907FB4217CC00000007FB0217C200000007FAC200E66AE
S31A00E884A500007E40E7007C070043FA001A2A78000821C90008B9
S31A00E884BA284F70004AB980000000203C8000000043FA00122109
S31A00E884CFC900084AB98001000000804000000021CD00082E4C25
S31A00E884E446DF2078042E81A87FA84A806632217C400000007F98
S31A00E884F9B8217C400000007FB4217C800000007FB0217C40008F
S31A00E8850E00007FAC203C4D61675861002AFE660642B9E00000A6
S31A00E885232024287FAC53824682223C0000009C610023442078C7
S31A00E88538042E24287FB8223C000000A0610023322078042E24E9
S31A00E8854D287FB0223C000000A4610023207400223C000000ACB0
S31A00E88562610023142078042E24287FB8068200002003223C0028
S31A00E885770000A8610022FC243C003004FE223C0000008C6100FD
S31A00E8858C22EC74FF7210610022E47210610022AE243CFFFFFF72
S31A00E885A1007210610022D274FF7218610022CA72186100229415
S31A00E885B661002AC624007218610022B8243C00002008720C6121
S31A00E885CB0022AC243C20010000723C610022A0243CFA9001574B
S31A00E885E0720461002294200E6636203C4D61675861002A266760
S31A00E885F512203C0000349C20780432D1B80432200860183F3C9D
S31A00E8860A00032F3C0000349C3F3C00444E41508F4A806F00FCCD
S31A00E8861F7A2C402040203C00000D26429853806AFA200E0680BE
S31A00E88634000000BC2A40203C000001E0006D80000002DBFC001A
S31A00E8864900001853806EF0204E4290203C0001000021400004E3
S31A00E8865E43FA0EAA2149000843FA0FCA2149000C43FA10C821F0
S31A00E8867349001043FA11B82149001443FA12B42149001843FA65
S31A00E8868813A22149001C43FA14582149002043FA1510214900B5
S31A00E8869D2443FA15C02149002843FA16A82149002C43FA179A93
S31A00E886B22149003043FA18822149003443FA190A214900384371
S31A00E886C7FA197C2149003C43FA197C2149004043FA19902149AF
S31A00E886DC004443FA19D02149004843FA1A2A2149004C43FA1AF1
S31A00E886F18A2149005043FA1B122149005443FA1B4A21490058B6
S31A00E8870643FA1B922149005C43FA1BD62149006043FA1BDC2173
S31A00E8871B49006443FA1BE42149006843FA1C282149006C43FA0C
S31A00E887301C762149007043FA1CCC2149007443FA1CE221490032
S31A00E887457843FA1D1E2149007C43FA1D6A2149008043FA1DB2A1
S31A00E8875A2149008443FA1DBC2149008843FA1DC82149008C43CB
S31A00E8876FFA1E162149009043FA1E6C2149009443FA1ECA21498B
S31A00E88784009843FA1ED82149009C43FA1ED4214900A043FA1E8D
S31A00E88799DC214900A443FA1F14214900A843FA1F48214900ACB7
S31A00E887AE43FA1F52214900B02F07485642A76100005E508F4A5B
S31A00E887C380673E2E1F2078042E720183A87FA80CA840000000BE
S31A00E887D87FB86600FBC00CA8200000007FB46600FBB40CA8C0B6
S31A00E887ED0000007FB06600FBA80CA8200000007FAC6600FB9C55
S31A00E8880260124A80660C220E203C5F50434961002830201F4CBA
S31A00E88817DF7FFE4E754FEFFFC848D77FFE4DEFFFCC262F003C06
S31A00E8882C67180C8300000004650670FF60000860202F0040679F
S31A00E88841042C406006202F00402C804FEFFFCC2016068000005E
S31A00E8885600BC2A40068000002D0028402003C0FC0B40DBC020F9
S31A00E8886B03C0FC0190D9C0C6FC0004663C42AE000C426E0014F9
S31A00E888802078042E20287FB82D4000162D40001E2078042E22B2
S31A00E88895287FB4E289D0812D40001A2D40002242AE002642AEAD
S31A00E888AA002E426E0032426E000678007C0042AE00102056D1CA
S31A00E888BFFC0000344C2004C0FC0004D1C02003C0FC0005D1C050
S31A00E888D4D1C64A83660A200453806A0870006004302E00043DF1
S31A00E888E940000402800000000310802F0C2F0D40E7007C070012
S31A00E888FE41FA07A42A78000821C80008284F72002006D083484C
S31A00E889134080846100129021CD00082E4C46DF2A5F285F2D4008
S31A00E88928002A0C40FFFF670006D672082006D0834840808461B5
S31A00E8893D00126A424048400C8000000604660001EA4A86660094
S31A00E8895206D62006D08348408084242E0026068200000FFF0231
S31A00E8896782FFFFF00066060682000010002D420026E08A721C0C
S31A00E8897C2F00610012E0242E0026484272302017610013C22441
S31A00E889912E00220682000FFFFF0282FFF0000066060682001087
S31A00E889A600002D4200224842722020176100139C242E001E0664
S31A00E889BB82000FFFFF0282FFF0000066060682001000002D4244
S31A00E889D0001E484272242017610013767400722820176100148B
S31A00E889E566243C200000007000302E0006848052803D4000067C
S31A00E889FAE18084807218008200FF000020172F026100143E48A7
S31A00E88A0F567000302E00062F004EBAFE02508F302E0006484038
S31A00E88A244240241F0282FF00FFFF848072182017610014142497
S31A00E88A392E0026068200000FFF0282FFFFF0002D420026538274
S31A00E88A4EE08A721D20176100120A242E002653824842723220DD
S31A00E88A6317610012EA242E00220682000FFFFF0282FFF0000020
S31A00E88A782D4200225382484272222017610012CA242E001E068D
S31A00E88A8D82000FFFFF0282FFF000002D42001E53824842722660
S31A00E88AA22017610012AA7400722C20176100139A143C00207244
S31A00E88AB70D2017610011A47408720C20176100119A7206201776
S31A00E88ACC6100101A240072062017610012787421723E20176181
S31A00E88AE100126E343C01577204201F6100126270032204C2FC69
S31A00E88AF600502980180042B4180442B4180842B4180C42B4181C
S31A00E88B0B102004C0FC0240323C80003B81080242B5080442B587
S31A00E88B20080C42B5081042B508084275080042B50814600004F2
S31A00E88B35F4E0880280000000FF0C800000000357C048803D4075
S31A00E88B4A0032670270032204C2FC0004D286C2FC001429801847
S31A00E88B5F0042B4180442B4180842B4180C42B418104A8366463A
S31A00E88B744A8466424A86660004AC323C00183A81323C07023BAF
S31A00E88B89410002610025202B400008610024E822002B4100048E
S31A00E88B9E72002B41000C2B4100102D41000C42AD001470013D43
S31A00E88BB34000146000035E7A10426E001422052006D083484034
S31A00E88BC8808461000FDC2D40000874FF22052006D083484080CA
S31A00E88BDD846100126A22052006D0834840808461000FBA2D4071
S31A00E88BF2002E47EE001E45EE0016028000000008660847EE0089
S31A00E88C072245EE001A242E000822052006D08348408084610014
S31A00E88C1C122E202E002E670002A80C8500000030670000B2703E
S31A00E88C3101C0AE0008670000B07EFCCEAE002E200772FF528123
S31A00E88C46E288650466F8721F740003C2202E0026C087B0AE0017
S31A00E88C5B266406D0822E0060042E2E00262007D0822078042EDD
S31A00E88C70B0A87FAC620000D42D4700263004C0FC0004D086C0A4
S31A00E88C85FC0090322E0014C2FC0018D081323C00183B8108007B
S31A00E88C9A323C47023B810802222E00262B810804D5AE00262B58
S31A00E88CAF82080822287FB02B81080C222E000C2B81081042B5E0
S31A00E88CC408142435080422052006D083484080846100117452C8
S31A00E88CD96E0014600001EE2E3CFFFFF80060027EF0CEAE002EED
S31A00E88CEE200772FF5281E288650466F8721F740003C22013C02A
S31A00E88D0387B0936406D0822E0060022E1361001B746B480C85E2
S31A00E88D18000000306700006A202E00080280000000060C8000ED
S31A00E88D2D000000670000560C800000000267160C8000000004EB
S31A00E88D42670000D660000012709C6012709B600E709A600A70A4
S31A00E88D579960067098600270972D40001072042006D0834840B5
S31A00E88D6C80842F0061000D760280FFFFFFF034007204201F6134
S31A00E88D81000FCE600001902007D08290922078042E22287FB43F
S31A00E88D96E289B0816200FFB226872004C0FC0004D086C0FC0088
S31A00E88DAB90322E0014C2FC0018D081323C00183B810800323CE2
S31A00E88DC007020C850000003066060081000020003B81080222F1
S31A00E88DD5132B810804D5932B82080872002B81080C222E000C1D
S31A00E88DEA2B81081042B50814243508040C85000000306606001D
S31A00E88DFF820000000122052006D083484080846100103A526E57
S31A00E88E140014600000B42F0274FF7204D2852006D08348408041
S31A00E88E29846100101E7204D2852006D0834840808461000D6C87
S31A00E88E3E241F72FFB2806600FF102007D08290922078042E224F
S31A00E88E53287FB4E289B0816200FEF226872004C0FC0004D086EC
S31A00E88E68C0FC0090322E0014C2FC0018D081323C00183B8108D6
S31A00E88E7D00323C07023B81080222132B810804D5932B820808A3
S31A00E88E9272002B81080C222E000C2B81081042B5081424350817
S31A00E88EA70422052006D0834840808461000F96526E001474004A
S31A00E88EBC7204D2852006D0834840808461000F8058850C850083
S31A00E88ED10000246300FCEA0C850000003062067A306000FCDC26
S31A00E88EE67408720C2006D083484080842F0061000D6A720620EB
S31A00E88EFB1761000BEA24007206201761000E48343C015772043F
S31A00E88F10201F61000E3C2004C0FC0004D086C0FC0090322E008E
S31A00E88F2514661E4275080242B5080442B5080C42B5081042B5DC
S31A00E88F3A08084275080042B508145281C2FC0018D081222E0008
S31A00E88F4F10660C0075800008EA427508E8600E2B8108143BBCE2
S31A00E88F6480000802427508002006D083484080842F0061001A12
S31A00E88F79B2143C00FF723C201F61000CDC723E2006D08348400D
S31A00E88F8E80842F0061000A964A006612723F201761000A8A4AC3
S31A00E88FA3006606143C00206020723F201761000A78E788140021
S31A00E88FB80C8000000040630C723E201761000A64E788140072D0
S31A00E88FCD0D201F61000C8E4A866600001E4A6E0032660000486E
S31A00E88FE2200348408084720C61000BBC0800001767000034522B
S31A00E88FF7860C8600000004640000286000F8B42004C0FC0004DF
S31A00E8900CD086C0FC001472FC2981080042B4080442B4080842D1
S31A00E89021B4080C42B408107C00528470054A8367027005B880CC
S31A00E890366500F88070004A8366567800203C000000C941FA1A6F
S31A00E8904BBA4A84672841FA1AD60C8400000001671C41FA1AEE89
S31A00E890600C8400000002671041FA1B060C840000000367044169
S31A00E89075FA1B1E2F0A4850D0843F003F3C00054E4D508F245FE4
S31A00E8908A52840C840000000463AE70004FEF00344CD77FFE4F97
S31A00E8909FEF00384E7521CD00082E4C46DF2A5F285F70FF4FEF92
S31A00E890B400344CD77FFE4FEF00384E7548E77F802C00203C5F97
S31A00E890C950434961001F4A220070FF4A816700029041FA1D2B26
S31A00E890DE61001AC441FA1D7B61001AF041FA1DBD61001AE84159
S31A00E890F3FA1D6B61001AE078007A007E002007C0FC0004D085F1
S31A00E891084840808461000FA26B000234224072002007C0FC006E
S31A00E8911D04D0854840808461000A8226004A8767080C43FFFFCA
S31A00E8913267000212702061001AE2705B61001ADC7030D0876158
S31A00E89147001AD4705D61001ACE41FA1D0961001A82200480FC23
S31A00E8915C000A22004241484148C067122F00705B61001AAE70C4
S31A00E8917130D09F61001AA6600C702061001A9E705B61001A9848
S31A00E891867030D08161001A90705D61001A8A41FA1CC561001A81
S31A00E8919B3E702061001A7C705B61001A767030D08561001A6E72
S31A00E891B0705D61001A6841FA1CA361001A1C0C43FFFF670001C6
S31A00E891C54E702061001A52703061001A4C707861001A463003B9
S31A00E891DA61001A18702061001A3A41FA1C75610019EE70206195
S31A00E891EF001A2C703061001A26707861001A2020034840610067
S31A00E8920419F0702061001A1241FA1C4D610019C672082007C0FC
S31A00E89219FC0004D0854840808461000984610001464A86672084
S31A00E8922E72042007C0FC0004D085484080846100096A08000023
S31A00E8924315670841FA1DC16100198C7205202900146B000062E4
S31A00E89258302900024A86673E2F0041FA1D84024040006604410B
S31A00E8926DFA1D872F0841FA1C6E61001960205F6100195A2029EE
S31A00E892820004D0A9000C6100196241FA1D7461001946202900AF
S31A00E892970861001952201F024080006606D2D151C9FFA8700DB2
S31A00E892AC6100196E700A61001968606441FA1C620C80FFFFFF75
S31A00E892C19C673C41FA1C770C80FFFFFF9B673041FA1C830C807C
S31A00E892D6FFFFFF9A672441FA1C9D0C80FFFFFF99671841FA1C87
S31A00E892EBBC0C80FFFFFF98670C41FA1CDA0C80FFFFFF9766AACF
S31A00E893002F0841FA1BDE610018D0205F610018CA603441FA1B0A
S31A00E89315E6610018C0602A4A8766044A846722720C2007C0FCB9
S31A00E8932A0004484080846100087608000017670C52850C8500D7
S31A00E8933F0000046500FDBC7A0070054A87670270055284B8805D
S31A00E893546500FDAA780052870C87000000046500FD9C70004C68
S31A00E89369DF01FE4E7548E7C88028002204484148C1E0890C8113
S31A00E8937E00000000670000B00C8100000001670000B20C8100A1
S31A00E89393000002670000B40C8100000003670000B60C81000080
S31A00E893A80004670000B80C8100000005670000BA0C810000005F
S31A00E893BD06670000BC0C8100000007670000BC0C810000000838
S31A00E893D2670000BC0C8100000009670000BC0C810000000A67BE
S31A00E893E70000BC0C810000000B670000BC0C810000000C67000C
S31A00E893FC00BC0C810000000D670000BC0C810000000E670000F3
S31A00E89411BC0C810000000F670000BC0C8100000010670000BC1D
S31A00E894260C8100000011670000BC600000C241FA182361001772
S31A00E8943B9E600000BE41FA184261001792600000B241FA184F1F
S31A00E8945061001786600000A641FA18576100177A6000009A413E
S31A00E89465FA185F6100176E6000008E41FA186A610017626000C8
S31A00E8947A008241FA187161001756607641FA187A6100174C6014
S31A00E8948F6C41FA188B61001742606241FA1898610017386058C1
S31A00E894A441FA189C6100172E604E41FA18A3610017246044410B
S31A00E894B9FA18A46100171A603A41FA18A661001710603041FA82
S31A00E894CE18B161001706602641FA18C2610016FC601C41FA1877
S31A00E894E3D1610016F2601241FA18DD610016E8600841FA18E6AA
S31A00E894F8610016DE4CDF01134E75202800023228000648E71F22
S31A00E8950D0C26003A0148C578007C007E0040E7007C070041FA8A
S31A00E8952200E22A78000821C80008284F2F3C000000050C43FF94
S31A00E89537FF676872002007C0FC0004D086484080846100065E63
S31A00E8954CB68066264A85670000BC5385200766064A84670000C8
S31A00E8956122C0FC00044840D084720C6100063A08000017670C98
S31A00E8957652860C86000000046500FFBA7C005284B8976500FF61
S31A00E8958BB02EBC00000005780052870C87000000046500FF9C56
S31A00E895A0606272002007C0FC0004D08648408084610005F60C63
S31A00E895B540FFFF672E4A8567525385200766064A846700002098
S31A00E895CAC0FC00044840D084720C610005D208000017670A526A
S31A00E895DF860C860000000465BA7C005284B89765B22EBC0000AC
S31A00E895F40005780052870C87000000046500FFA021CD00082E5F
S31A00E896094C46DF70FC601421CD00082E4C46DF3007C0FC000481
S31A00E8961ED086484080844CDF30F84E752028000232280006485F
S31A00E89633E71F0028007A003A0176007C007E002F3C0000000571
S31A00E8964872002007C0FC0004D08648408083610005500C40FFE4
S31A00E8965DFF676E2004028004000000661A720B2007C0FC0004A8
S31A00E89672D08648408083610003B022044841B001664A200402CA
S31A00E896878002000000661A720A2007C0FC0004D086484080839A
S31A00E8969C6100038C2204E089B001662620040280010000006602
S31A00E896B11672092007C0FC0004D0864840808361000368B004DD
S31A00E896C666064A85674C5385200766044A836720C0FC000448EE
S31A00E896DB40D083720C610004C608000017670C52860C86000054
S31A00E896F000046500FF547C005283B6976500FF4A76002EBC000F
S31A00E8970500000552870C87000000046500FF3670FC600C300743
S31A00E8971AC0FC0004D08648408083588F4CDF00F84E7520280096
S31A00E8972F023228000620680008224824004A806B0000E067003B
S31A00E8974400C448C00C8000000005640000D0484248C26B000092
S31A00E89759C80C8200000010640000BE2F0340E7007C0700760330
S31A00E8976EC6812F03260286FC00044843340348C242434A83674C
S31A00E8978316E18282820281000007FC08C10000828341FA14A320
S31A00E89798600EE18282820281000007FC41FA148E7400143008D6
S31A00E897AD00700BE1AA84812F0208C2001F223C000000AC610029
S31A00E897C210B62078042E20687FB0242F000412B02800241F5881
S31A00E897D78F223C000000AC610010987204610010620880001FFD
S31A00E897EC2400028038000000670470FF128072046100107A4689
S31A00E89801DF261F7000601A48C10C8100000200640A61001014CB
S31A00E8981612807000600670FB600270F74E75202800023228004C
S31A00E8982B0620680008224808010000660000E824004A806B008A
S31A00E8984000E4670000C848C00C8000000005640000D44842486F
S31A00E89855C26B0000CC0C8200000010640000C22F0340E7007C7E
S31A00E8986A07007602C6812F03260286FC00044843340348C24247
S31A00E8987F434A836716E18282820281000007FC08C1000082839E
S31A00E8989441FA13A3600EE18282820281000007FC41FA138E7435
S31A00E898A90014300800700BE1AA84812F0208C2001F223C0000ED
S31A00E898BE00AC61000FB62078042E20687FB0242F000430302875
S31A00E898D300E0583280241F588F223C000000AC61000F947204FA
S31A00E898E861000F5E0880001F2400028038000000670470FF321E
S31A00E898FD80720461000F7646DF261F7000601A48C10C810000A2
S31A00E899120200640A61000F2032807000600670FB600270F74E48
S31A00E899277520280002322800062068000822487403C481660002
S31A00E8993C00DE24004A806B0000DA670000BE48C00C800000005E
S31A00E8995105640000CA484248C26B0000C20C820000001064001D
S31A00E8996600B82F03260286FC00044843340348C242434A8367E1
S31A00E8997B16E18282820281000007FC08C10000828341FA12AB20
S31A00E89990600EE18282820281000007FC41FA1296261F740014C9
S31A00E899A5300800700BE1A2848140E7007C07002F0208C2001FC0
S31A00E899BA223C000000AC61000EB62078042E20687FB02010E0EA
S31A00E899CF584840E0582280241F223C000000AC61000E98720411
S31A00E899E461000E620880001F2400028038000000670470FF222E
S31A00E899F980720461000E7A46DF7000601A48C10C8100000200E5
S31A00E89A0E640A61000E3622807000600670FB600270F74E7520B3
S31A00E89A23280002322800064A8067000DFA40E7007C070074035D
S31A00E89A38C4812F02240048C048422F0348C2260286FC000448CD
S31A00E89A4D43340348C242434A836716E18282820281000007FCD6
S31A00E89A6208C10000828341FA11CF600EE18282820281000007B9
S31A00E89A77FC41FA11BA261F740014300800700BE1A284812F02B1
S31A00E89A8C08C2001F223C000000AC61000DE02078042E20687FC5
S31A00E89AA1B07000242F000410302800241F588F2F00223C00002C
S31A00E89AB600AC61000DBE720461000D880880001F2400028038E4
S31A00E89ACB000000670470FF2E80720461000DA0201F46DF4E7565
S31A00E89AE020280002322800064A8067000D4C40E7007C07007431
S31A00E89AF502C4812F02240048C048422F0348C2260286FC000456
S31A00E89B0A4843340348C242434A836716E18282820281000007CC
S31A00E89B1FFC08C10000828341FA1111600EE182828202810000C4
S31A00E89B3407FC41FA10FC261F740014300800700BE1A284812FAD
S31A00E89B490208C2001F223C000000AC61000D222078042E206842
S31A00E89B5E7FB07000242F000430302800E058241F588F2F0022D3
S31A00E89B733C000000AC61000CFE720461000CC80880001F240026
S31A00E89B88028038000000670470FF2E80720461000CE0201F4650
S31A00E89B9DDF4E7520280002322800064A8067000C9C240048C074
S31A00E89BB248422F0348C2260286FC00044843340348C242434AA1
S31A00E89BC7836716E18282820281000007FC08C10000828341FAA5
S31A00E89BDC105D600EE18282820281000007FC41FA1048261F7472
S31A00E89BF10014300800700BE1A2848140E7007C07002F0208C27D
S31A00E89C06001F223C000000AC61000C682078042E20687FB020BC
S31A00E89C1B10E0584840E058241F2F00223C000000AC61000C4A0B
S31A00E89C30720461000C140880001F2400028038000000670470DA
S31A00E89C45FF2E80720461000C2C201F46DF4E7520280002322895
S31A00E89C5A0006342800082F032F0426004A806B0000D2670000A4
S31A00E89C6FBA48C00C8000000005640000C2484348C36B0000BABE
S31A00E89C840C8300000010640000B040E7007C07007803C8812F8D
S31A00E89C9904280388FC00044844360448C342444A846716E1830B
S31A00E89CAE82830281000007FC08C10000828441FA0F7B600EE145
S31A00E89CC38382830281000007FC41FA0F66760016300800700BA1
S31A00E89CD8E1A382832F012F02240108C2001F223C000000AC6126
S31A00E89CED000B8A241F2078042E20687FB0222F0004118218001B
S31A00E89D02241F588F223C000000AC61000B6A720461000B340836
S31A00E89D1780001F2400720461000B5846DF7000601648C10C81AB
S31A00E89D2C00000200640661000B20600670FB600270F7281F2635
S31A00E89D411F4E752028000232280006342800082F032F040801C1
S31A00E89D560000660000D826004A806B0000D4670000BC48C00C66
S31A00E89D6B8000000005640000C4484348C36B0000BC0C830000FC
S31A00E89D800010640000B240E7007C07007802C8812F0428038867
S31A00E89D95FC00044844360448C342444A846716E183828302813D
S31A00E89DAA000007FC08C10000828441FA0E83600EE1838283023F
S31A00E89DBF81000007FC41FA0E6E760016300800700BE1A382839E
S31A00E89DD42F012F02240108C2001F223C000000AC61000A9224F2
S31A00E89DE91F2078042E20687FB0E05A222F000431821800241F3A
S31A00E89DFE588F223C000000AC61000A70720461000A3A088000F3
S31A00E89E131F2400720461000A5E46DF7000601648C10C81000029
S31A00E89E280200640661000A38600670FB600270F7281F261F4EB4
S31A00E89E3D752028000232280006242800082F037603C681660057
S31A00E89E5200D226004A806B0000CE670000B648C00C8000000061
S31A00E89E6705640000BE484348C36B0000B60C8300000010640017
S31A00E89E7C00AC2F04280388FC00044844360448C342444A8467C5
S31A00E89E9116E18382830281000007FC08C10000828441FA0D951D
S31A00E89EA6600EE18382830281000007FC41FA0D80281F760016C1
S31A00E89EBB300800700BE1A3828340E7007C07002F012F02240138
S31A00E89ED008C2001F223C000000AC6100099C241F2078042E2069
S31A00E89EE5687FB0E05A4842E05A2082241F223C000000AC610095
S31A00E89EFA097E7204610009480880001F240072046100096C4659
S31A00E89F0FDF7000601648C10C8100000200640661000958600660
S31A00E89F2470FB600270F7261F4E75202800022268000A20680098
S31A00E89F39062F0A2F002200484148C06B780C80000000056470BC
S31A00E89F4E48C16B6C0C81000000106464203C5F504349610010C3
S31A00E89F63B667000054068000002DBC244082FC00042401484187
S31A00E89F7848C148C22017C0FC0004D280C4FC0014D282C2FC00A4
S31A00E89F8D144AB2180866264AB2180C6620258818082589180CD0
S31A00E89FA222321810670824414E92700060102017610009F270A9
S31A00E89FB700600670F8600270F7588F245F4E75202800022F006A
S31A00E89FCC2200484148C06B620C8000000005645A48C16B560CED
S31A00E89FE18100000010644E201761000A3E203C5F504349610062
S31A00E89FF6102267000036068000002DBC224082FC0004240148D9
S31A00E8A00B4148C148C22017C0FC0004D280C4FC0014D282C2FCCF
S31A00E8A020001442B1180842B1180C588F70004E75588F70F84E48
S31A00E8A03575588F70F74E75302800022228000470FE4E75202881
S31A00E8A04A000248C06B0C0C8000000005640470FE4E7570F74EB3
S31A00E8A05F75202800023228000648C06B3C670C0C80000000052C
S31A00E8A074643270FE4E75740008010000670808C2001208C20090
S31A00E8A0891008010001670808C2000308C2001008C20008223C74
S31A00E8A09E000000E8610007D44E7570F74E7520280002220048FA
S31A00E8A0B34148C06B00004E0C8000000005644448C16B400C812E
S31A00E8A0C800000010643882FC00042401484148C148C2C0FC00EA
S31A00E8A0DD04D280C4FC0014D282203C5F50434961000F2A67006A
S31A00E8A0F20010C2FC00900680000000BCD0814E7570F84E75701C
S31A00E8A107F74E7520280002206800062200484148C06B540C80C5
S31A00E8A11C00000005644C48C16B480C8100000010644082FC0010
S31A00E8A131042401484148C148C2C0FC0004D280C4FC0014D2822C
S31A00E8A146203C5F50434961000ECA67000018068000002DBC2236
S31A00E8A15B40C2FC001420B11804203118004E7570F84E7570F744
S31A00E8A1704E7520280002206800062200484148C06B780C80002F
S31A00E8A185000005647048C16B6C0C8100000010646482FC000437
S31A00E8A19A2401484148C148C2C0FC0004D280C4FC0014D28220A7
S31A00E8A1AF3C5F50434961000E626700003C068000002DBC2240F1
S31A00E8A1C4C2FC00182008671E0C800000000167160C800000007F
S31A00E8A1D903670E2388180470022380180070004E7542B11804D5
S31A00E8A1EE2388180070004E7570F84E7570F74E752028000222B7
S31A00E8A2032800062068000A2400484248C06B0000280C800000C3
S31A00E8A21800056400001E48C26B0000180C82000000106400002D
S31A00E8A22D0E2241720010B1180070004E7570F74E7520280002CB
S31A00E8A242222800062068000A2400484248C06B0000380C800052
S31A00E8A2570000056400002E48C26B0000280C82000000106400CE
S31A00E8A26C001E08010000660000122241720030311800E058309A
S31A00E8A2818070004E7570F84E7570F74E75202800022228000638
S31A00E8A2962068000A2400484248C06B00003C0C800000000564E1
S31A00E8A2AB00003248C26B00002C0C820000001064000022700346
S31A00E8A2C0C081660000162241720020311800E0584840E0582088
S31A00E8A2D58070004E7570F84E7570F74E7522280006204172005B
S31A00E8A2EA103018004E75222800062041720030301800E0584E35
S31A00E8A2FF75222800062041720020301800E0584840E0584E75A1
S31A00E8A31420280002222800063428000A224048C06B0000260C3F
S31A00E8A3298000000005641C2009484048C06B140C800000001058
S31A00E8A33E640C204172001182180070004E7570F74E75204172FE
S31A00E8A353001182180070004E7520280002222800063428000A29
S31A00E8A368224048C06B0000340C80000000056400002A20094859
S31A00E8A37D4048C06B200C8000000010641808010000660E204114
S31A00E8A3927200E05A3182180070004E7570F84E7570F74E7520A9
S31A00E8A3A7417200E05A3182180070004E7520280002222800062E
S31A00E8A3BC2428000A224048C06B00003A0C800000000564000044
S31A00E8A3D1302009484048C06B0000260C8000000010641C700380
S31A00E8A3E6C081661220417200E05A4842E05A2182180070004E71
S31A00E8A3FB7570F84E7570F74E7520417200E05A4842E05A218221
S31A00E8A410180070004E7520280002222800062068000A24004866
S31A00E8A4254248C06B00002C0C80000000056400002248C26B00C7
S31A00E8A43A001C0C8200000010640000122278042E22697FB01059
S31A00E8A44FB1180070004E7570F74E7520280002222800062068C2
S31A00E8A464000A2400484248C06B00003C0C800000000564000099
S31A00E8A4793248C26B00002C0C82000000106400002208010000E0
S31A00E8A48E660000162278042E22697FB030311800E058308070F8
S31A00E8A4A3004E7570F84E7570F74E75202800022228000620687C
S31A00E8A4B8000A2400484248C06B0000400C800000000564000041
S31A00E8A4CD3648C26B0000300C8200000010640000267003C081D5
S31A00E8A4E26600001A2278042E22697FB020311800E0584840E068
S31A00E8A4F758208070004E7570F84E7570F74E75222800062078FA
S31A00E8A50C042E20687FB0103018004E75222800062078042E200E
S31A00E8A521687FB030301800E0584E75222800062078042E20688B
S31A00E8A5367FB020301800E0584840E0584E75202800022228003C
S31A00E8A54B063428000A224048C06B00002C0C80000000056400AB
S31A00E8A56000222009484048C06B180C80000000106410207804EE
S31A00E8A5752E20687FB01182180070004E7570F74E752078042E2C
S31A00E8A58A20687FB01182180070004E752028000222280006346B
S31A00E8A59F28000A224048C06B0000380C80000000056400002E57
S31A00E8A5B42009484048C06B240C8000000010641C0801000066D1
S31A00E8A5C9122078042E20687FB0E05A3182180070004E7570F85C
S31A00E8A5DE4E7570F74E752078042E20687FB0E05A318218007097
S31A00E8A5F3004E7520280002222800062428000A224048C06B00DD
S31A00E8A608003E0C8000000005640000342009484048C06B0000C4
S31A00E8A61D2A0C800000001064207003C08166162078042E20686E
S31A00E8A6327FB0E05A4842E05A2182180070004E7570F84E75706F
S31A00E8A647F74E752078042E20687FB0E05A4842E05A218218001C
S31A00E8A65C70004E7570004E7570004E75202800022228000620A8
S31A00E8A67168000A2400484248C06B280C8000000005642048C20C
S31A00E8A6866B1C0C82000000106414200120802278042E20297FDF
S31A00E8A69BB42140000470004E7570F74E752028000222280006AC
S31A00E8A6B02068000A2400484248C06B280C80000000056420486F
S31A00E8A6C5C26B1C0C82000000106414200120802278042E20295D
S31A00E8A6DA7FB42140000470004E7570F74E7520280002206800B6
S31A00E8A6EF06208042A8000470004E752028000220680006208029
S31A00E8A70442A8000470004E752F28000A2F280006242800022203
S31A00E8A7193C0000010461000158241F223C000001086100014CEA
S31A00E8A72E241F223C0000010C610001404E75302800026B4C7490
S31A00E8A7430448C0673A74000C8000000001670A0C800000000266
S31A00E8A75866527408223C0000011061000114223C000001006125
S31A00E8A76D0000DA088000092400223C00000100610000FA740329
S31A00E8A782223C00000128610000CA600A223C00000128610000D0
S31A00E8A797927200080000006708080000046602720120014E7579
S31A00E8A7AC70F84E75302800022068000448C00C80000000086499
S31A00E8A7C1162200E58922480681000000C0610000782280700053
S31A00E8A7D64E7570FB4E75302800022228000448C00C8000000053
S31A00E8A7EB08641224012200E5890681000000C06100007C4E7551
S31A00E8A80070FB4E7570004E75202F00046004302800020C40FF98
S31A00E8A815FE660841FAFFEE20084E756B024E7170FF4E757003F0
S31A00E8A82AB18141F9E8000000103018004E757002B18141F9E8F6
S31A00E8A83F000000303018004E7541F9E8000000203018004E758E
S31A00E8A8547003B18141F9E80000001182180070004E757002B139
S31A00E8A8698141F9E80000003182180070004E7541F9E800000029
S31A00E8A87E2182180070004E752F082F0172046100FFBA2F002F94
S31A00E8A89302240072046100FFDE241F201F221F205F4A804E7519
S31A00E8A8A82A007400760578007C007E00203C5F50434961000723
S31A00E8A8BD5C67000088068000002DBC2440068000000640284046
S31A00E8A8D22A4070001014673EB085663A202A0008671C26407060
S31A00E8A8E7002F002F2A000C4E93508F02800000000184804A80C9
S31A00E8A8FC661460182007C0FC0004D086484080846100011C60C0
S31A00E8A911062005610001AAD5FC00000014528C52860C860000DF
S31A00E8A92600046500FFAA7C005284B8836500FFA0780052870C2E
S31A00E8A93B87000000046500FF924A826642760578007C007E0037
S31A00E8A950700010156714B08566102007C0FC0004D08648408004
S31A00E8A96584610000C2528D52860C860000000465DA7C0052846A
S31A00E8A97AB88365D2780052870C870000000465C64E752F082F2C
S31A00E8A98F01724F70004A186702528053816AF6221F205F4A8038
S31A00E8A9A44E752F082F0140E7007C070022006700006E203C5F2A
S31A00E8A9B95043496100065A6700005E0680000033FC2040200103
S31A00E8A9CEC0FC0004D1C02001484048C080FC00042F0048C0C00D
S31A00E8A9E3FC0014D1C0201F42404840D1C02F082001723D61008E
S31A00E8A9F8F03272001200205F4A81671E5381700010280050D249
S31A00E8AA0D80028100000003528103F9E0000001108160024E71DE
S31A00E8AA2246DF221F205F4E7548E740C040E7007C070022006727
S31A00E8AA37000078203C5F504349610005D6670000720680000072
S31A00E8AA4C33FC204022402001C0FC0004D3C02001484048C08071
S31A00E8AA61FC00042F0048C0C0FC0014D3C0201F42404840D3C07C
S31A00E8AA762F092F082001723D6100EFAA72001200205F225F4AD6
S31A00E8AA8B81672A5381700010290050D2800281000000034211BE
S31A00E8AAA06100FEEA6612528103B9E0000001600808B90000E079
S31A00E8AAB500000146DF4CDF03024E754E750139E0000001671030
S31A00E8AACA0139E000000057C00280000000014E7570014E7520BE
S31A00E8AADF2F000448E73F3E6100FDC04CDF7CFC4E755F504349D6
S31A00E8AAF400E8AADE584252415F5043490000000048E7FFFE70EB
S31A00E8AB09006100FD9C4CDF7FFF4E735F50434900E8AADE5842A0
S31A00E8AB1E52415F5043490000000048E7FFFE70016100FD784CA7
S31A00E8AB33DF7FFF4E735F50434900E8AADE584252415F504349EE
S31A00E8AB480000000048E7FFFE70026100FD544CDF7FFF4E735FF1
S31A00E8AB5D50434900E8AADE584252415F5043490000000048E712
S31A00E8AB72FFFE70036100FD304CDF7FFF4E735F50434900E8AAAB
S31A00E8AB87DE584252415F5043490000000048E7FFFE7004610084
S31A00E8AB9CFD0C4CDF7FFF4E732F002F08203C5F414B50610004E1
S31A00E8ABB168E0880280000000FF0C800000000267080C800000C7
S31A00E8ABC6000766044A1866FC61000008205F201F4E752F002F0F
S31A00E8ABDB08101867066100003A60F6205F201F4E752F004840B1
S31A00E8ABF06102201F3F00E0886102301F3F00E8886102301F0204
S31A00E8AC05800000000F0080000000300C800000003A65000004DE
S31A00E8AC1A5E8048E7E0E03F003F3C00023F3C00034E4D5C8F4C5E
S31A00E8AC2FDF07074E75090A0B0C0D000102030405060708090A04
S31A00E8AC440B0C0D0E0F101112131415161718191A1B1C1D1E1F54
S31A00E8AC59446576696365206275696C74206265666F7265204372
S31A00E8AC6E6C61737320436F646520646566696E6974696F6E73D9
S31A00E8AC83004D6173732053746F7261676520436F6E74726F6C44
S31A00E8AC986C657220004E6574776F726B20436F6E74726F6C6CFF
S31A00E8ACAD65722000446973706C617920436F6E74726F6C6C6505
S31A00E8ACC27220004D756C74696D6564696120436F6E74726F6CF1
S31A00E8ACD76C657220004D656D6F727920636F6E74726F6C6C65AC
S31A00E8ACEC72200042726964676520436F6E74726F6C6C65722022
S31A00E8AD0100436F6D6D756E69636174696F6E7320436F6E747260
S31A00E8AD166F6C6C657220005065726970686572616C20436F6EB0
S31A00E8AD2B74726F6C6C65722000496E7075742044657669636581
S31A00E8AD402000446F636B696E672053746174696F6E200050724D
S31A00E8AD556F636573736F72200053657269616C20427573200013
S31A00E8AD6A576972656C65737320436F6E74726F6C6C6572200034
S31A00E8AD7F496E74656C6C6967656E7420494F20436F6E74726F05
S31A00E8AD946C6C65722000536174656C6C69746520436F6D6D7525
S31A00E8ADA96E69636174696F6E2000456E63727974696F6E2F4404
S31A00E8ADBE656372797074696F6E20005369676E616C2050726FE6
S31A00E8ADD363657373696E67200044657669636520646F65732036
S31A00E8ADE86E6F742066697420696E20616E7920646566696E65CA
S31A00E8ADFD6420636C6173736573000D0A435450434920666F75ED
S31A00E8AE126E642C207363616E6E696E672050434920646576690A
S31A00E8AE276365732E2E2E0D0A000D0A43545043492074726F75D8
S31A00E8AE3C7682652C20726563686572636865206361727465731F
S31A00E8AE51205043492E2E2E0D0A00207C20002D2D2D2D2D2D2D6A
S31A00E8AE662D2D2D2D2D2D2D2D2D2D2D2D2D2D2D2D2D2D2D2D2D38
S31A00E8AE7B2D2D2D2D2D2D2D2D2D2D2D2D2D2D2D2D2D2D2D2D2D23
S31A00E8AE902D2D2D2D2D2D2D2D2D2D2D2D2D2D2D2D2D2D2D2D2D0E
S31A00E8AEA52D0D0A0020427573207C20536C6F74207C20466374E5
S31A00E8AEBA6E207C2056656E646F724944207C2044657669636564
S31A00E8AECF4944207C204465736372697074696F6E0D0A000D0A85
S31A00E8AEE420202020207C2020202020207C2020202020207C20B7
S31A00E8AEF9002030784646464620207C202020202020202020207A
S31A00E8AF0E7C206E6F206465766963650D0A006E6F206D6F726570
S31A00E8AF2320494F2D737061636520617661696C61626C65202138
S31A00E8AF3821210D0A006E6F206D6F7265204D454D2D737061633A
S31A00E8AF4D65202121210D0A006E6F206D6F7265206D656D6F7212
S31A00E8AF62792073706163652062656C6F772031204D42202121AC
S31A00E8AF77210D0A00646576696365207265717565737473206D06
S31A00E8AF8C6F7265207468616E20344742206D656D6F72792021DA
S31A00E8AFA121210D0A006465766963652072657175657374732028
S31A00E8AFB6756E6B6E6F776E206D656D6F727920747970652021AC
S31A00E8AFCB21210D0A00646574656374656420706172697479200F
S31A00E8AFE06572726F720D0A00492F4F2041646472657373200060
S31A00E8AFF54D454D204164647265737320002053697A6520002079
S31A00E8B00A3636204D487A000000000000000048E7408022002077
S31A00E8B01F3805A0671420404A90670EB2906606202800046006C7
S31A00E8B034508860EE70004CDF01024A804E7548E7608024380558
S31A00E8B049A0672A204274006004508852824A9066F8B4A8000455
S31A00E8B05E6416242800042080214100045088429021420004709E
S31A00E8B07301600270004CDF01064E7548E700FC40E7007C07003D
S31A00E8B08843FA00162A78000821C90008284F7000207805A4426C
S31A00E8B09D90200821CD00082E4C46DF4CDF3F004E752F016100A5
S31A00E8B0B2FFCC4A80671C22004E7A0807908172205381D080655E
S31A00E8B0C7084A8166F670006004700003C0221F4E7570FB0C6F66
S31A00E8B0DC003000066400011C322F000466000114302F00063243
S31A00E8B0F12F0008206F000A48E778F04E56FFC82D48FFC83D41D0
S31A00E8B106FFCC3D40FFCE47EEFFD07000720774004EB900EA33AC
S31A00E8B11B8C368048400C404E56660000CC48533F3C0002426784
S31A00E8B13070FB72013F014EB900E021724FEF000A42AB000270DD
S31A00E8B14500720874004EB900EA338C274000067000720974009D
S31A00E8B15A4EB900EA338CE1981740000A2740000E486B00063FFB
S31A00E8B16F3C00053F3C000670FB72013F014EB900E021724FEF45
S31A00E8B184000A422B000B426B000C486B000E3F3C00033F3C00D3
S31A00E8B1990E70FB72013F014EB900E021724FEF000A422B001147
S31A00E8B1AE42AB001242AB001842AB001C42AB002042AB00244231
S31A00E8B1C3AB002842AB002C206EFFC8322EFFCC302EFFCED6C05C
S31A00E8B1D8600A0C400030640810DB524051C9FFF44E5E4CDF0FB2
S31A00E8B1ED1E70004E754E5E4CDF0F1E70FB322F00044EF900E013
S31A00E8B202217248E7E0007000720774004EB900EA338C48400C06
S31A00E8B217404E564CDF000766000008003C00014E75023C00FE74
S31A00E8B22C4E7510020240007F064000500C400064650404400096
S31A00E8B241644E75040000506A040600006414004E752F002F087A
S31A00E8B2562078042E203CCAFEFADE21407FBC205F201F4E751200
S31A00E8B26B00088100070C010045662208000007660E08F80000F3
S31A00E8B2801187103C00486000006C08B800001187103C00C86007
S31A00E8B29500005E0C010046662208000007660E08F80000118762
S31A00E8B2AA103C00506000004408B800001187103C00D06000008D
S31A00E8B2BF360C010049661E08000007660C08F800031187103C14
S31A00E8B2D40062601C08B800031187103C00E260100C01007366BA
S31A00E8B2E90A0800000766046100FF60123811870C00002A4E7544
S31A00E8B2FE2F0841FA001C21C81142203C00E02750205F4E755836
S31A00E8B3134252414354363000E027500C100005660000DA48E77E
S31A00E8B32880800C280073000666086100FF1E600000C00C280035
S31A00E8B33D320006665A3F3CFFFF42674EB900E0620C588F044073
S31A00E8B3520010024000F00C4000F0660270003F0042674EB900B3
S31A00E8B367E0620C588F3F3CFFFF3F3C00014EB900E0620C588F7D
S31A00E8B37C04400010024000F00C4000F0660270003F003F3C007A
S31A00E8B391014EB900E0620C588F605C0C280021000666543F3C30
S31A00E8B3A6FFFF42674EB900E0620C588F06400010024000F066D3
S31A00E8B3BB04303C00F03F0042674EB900E0620C588F3F3CFFFF92
S31A00E8B3D03F3C00014EB900E0620C588F06400010024000F066D4
S31A00E8B3E504303C00F03F003F3C00014EB900E0620C588F4CDFE3
S31A00E8B3FA010160320C100020662C48E700E02478042E0CAACA91
S31A00E8B40FFEFADE7FC0661A226A7FC4528812D812D812D812D854
S31A00E8B42412D812D825497FC44CDF07004E750000000000005853
S31A00E8B4394252414354363000E1C2EA4E6808170005670441EF3C
S31A00E8B44E00080C50003F66122F2800082F2800042F10426748F6
S31A00E8B4637A025C40E72F3AFFD64E7548E7E0E44E7A00020C809D
S31A00E8B478A0808000664042A72F3C000000023F3C00003F3CC679
S31A00E8B48D0B4E4E4FEF000C0C80FFFFFFFF672208000000671C2F
S31A00E8B4A24EB900E0085A2078042E42A87FD4203C1234567821C6
S31A00E8B4B7407FD06000007441ED01000C58600866660C98506113
S31A00E8B4CC636B665E0C982D49636566560C684ED20086664E0C73
S31A00E8B4E1684ED600A46646317C4AFC0086317C4AFC00A441FA41
S31A00E8B4F6001221F80010038042B8038421C800106026F4F85257
S31A00E8B50BB803840CB8000000020384650E21F803800010508FB3
S31A00E8B520700046C04ED6508F700046C04ED2F4F821CD6EE44CA1
S31A00E8B535DF27074E75584252414354363000E00CB048E780804E
S31A00E8B54A4A38046966064EB900E8BEC020780404B1FC00E00009
S31A00E8B55F006534B1FC00F000006510B1FC00FC00006524B1FC5F
S31A00E8B57400FF0000641CB1FC00E3449C67142078042E0CA8CA22
S31A00E8B589FEFADE7FD0674642A87FD460402078042E4AA87FD401
S31A00E8B59E6606217804BA7FD44E7A00024A8066282078042E0C9C
S31A00E8B5B3A8123456787FD0661A203804BA90A87FD40C800000DD
S31A00E8B5C803E8650A42A87FD04EB900E250C84CDF01012F3AFF57
S31A00E8B5DD664E755B315D5B5741524E494E47217C546869732093
S31A00E8B5F270726F6772616D20646F6573206E6F74207365656D58
S31A00E8B6077C746F206C696B6520636F70796261636B2063616369
S31A00E8B61C68657C207C54727920776974686F7574206361636824
S31A00E8B631653F5D5B596573203520537C4E6F7C49676E6F7265A8
S31A00E8B6465D005B315D5B415454454E54494F4E20217C43652025
S31A00E8B65B70726F6772616D6D652073656D626C65206E65207007
S31A00E8B67061737C61696D6572206C6520636163686520656E2061
S31A00E8B685636F70796261636B7C207C457373617965722073618E
S31A00E8B69A6E73206C65206361636865203F5D5B4F75692035200E
S31A00E8B6AF537C4E6F6E7C49676E6F72655D000000004A806B002C
S31A00E8B6C4018E0CAF00E00000000E650000260CAF00F000000015
S31A00E8B6D90E650001760CAF00FC0000000E6500000E0CAF00FF92
S31A00E8B6EE0000000E6500015E48E7E0E04E7A00020C80A08080A2
S31A00E8B7030066000148206F002020086700013E0C80010000008A
S31A00E8B71865000134202F001C0C800000001C650001260C506039
S31A00E8B72D1A6600011E302F001A3F3C00013F0042A74EB900E175
S31A00E8B742B246508FB0AF001C6600010242A72F3C000000023FB4
S31A00E8B7573C00003F3CC60B4E4E4FEF000C0C80FFFFFFFF670092
S31A00E8B76C00E208000001670000DA20780404B1FC00E00000651C
S31A00E8B78122B1FC00F000006510B1FC00FC00006512B1FC00FFC5
S31A00E8B7960000640AB1FC00E3449C660000AC2078042E0CA8CA78
S31A00E8B7ABFEFADE7FD06700009C4AA87FD467000094203804BA1D
S31A00E8B7C090A87FD40C80000003E8650000824E56FFD0486EFF75
S31A00E8B7D5D03F3C0030426742673F3C002E4E4E4FEF000C41EEE6
S31A00E8B7EAFFD0102800064E5E41FAFDEC0C000002660441FAFECE
S31A00E8B7FF4A48503F3C00014EB900E22A685C8F0C4000016618B8
S31A00E8B8144EB900E0085A2078042E42A87FD4217C123456787FB1
S31A00E8B829D060222078042E0C400002660642A87FD460120C404B
S31A00E8B83E0003660C42A87FD4217CCAFEFADE7FD04CDF07074F41
S31A00E8B853EF000C4E735B325D5B207C446F20796F752077616EBF
S31A00E8B8687420637574207468657C706F776572206F6620796FF6
S31A00E8B87D757220636F6D70757465723F5D5B5965737C4E6F5D94
S31A00E8B892005B325D5B207C566F756C657A20766F75732082744A
S31A00E8B8A765696E6472657C766F747265206F7264696E61746505
S31A00E8B8BC7572203F5D5B4F75697C4E6F6E5D000048E7E0E0204B
S31A00E8B8D13C5F50434941F900ED0000B090671E41F900EC0000EB
S31A00E8B8E6B090671441F900EB0000B090670A41F900EA0000B0FA
S31A00E8B8FB9066044EA8002E4CDF07072278042E0CA9CAFEFADED2
S31A00E8B9107FBC665E42A97FBC48E7FFFC4E56FFD0486EFFD03FAE
S31A00E8B9253C0030426742673F3C002E4E4E4FEF000C41EEFFD0D4
S31A00E8B93A102800064E5E41FAFF160C000002660441FAFF47488F
S31A00E8B94F503F3C00014EB900E22A685C8F0C400001660C423989
S31A00E8B964FA800000F80001C027004CDF3FFF4840424048404E3D
S31A00E8B979750C6E0010001866064EF900E2E9200C6E0020001864
S31A00E8B98E66000054302E001448C0E880C1EE0016C1EE0018E2AC
S31A00E8B9A3803D40FFFE226E000C426EFFFA6000002620110C801F
S31A00E8B9B8FFFFFFFF6604700060104A806608203C00FFFFFF6055
S31A00E8B9CD046100001822C0526EFFFA302EFFFAB06EFFFE6D0080
S31A00E8B9E2FFD24E5E4E756100000E41FA0024E580203000004E51
S31A00E8B9F7752F03260072007000741F0503670203C0528153822F
S31A00E8BA0C6AF4261F4E7500FFFFFF00FF00000000FF0000FFFFD8
S31A00E8BA2100000000FF00FF00FF0000FFFF00BBBBBB008888885E
S31A00E8BA3600AA00000000AA0000AAAA00000000AA00AA00AA0067
S31A00E8BA4B00AAAA0000000000FFFFFF00EEEEEE00DDDDDD00CC7A
S31A00E8BA60CCCC00BBBBBB00AAAAAA0099999900888888007777CB
S31A00E8BA757700666666005555550044444400333333002222225B
S31A00E8BA8A001111110000000000FF000000FF001100FF00220056
S31A00E8BA9FFF003300FF004400FF005500FF006600FF007700FF01
S31A00E8BAB4008800FF009900FF00AA00FF00BB00FF00CC00FF0042
S31A00E8BAC9DD00FF00EE00FF00FF00EE00FF00DD00FF00CC00FF1E
S31A00E8BADE00BB00FF00AA00FF009900FF008800FF007700FF006D
S31A00E8BAF36600FF005500FF004400FF003300FF002200FF0011F0
S31A00E8BB0800FF000000FF000011FF000022FF000033FF00004495
S31A00E8BB1DFF000055FF000066FF000077FF000088FF000099FFD8
S31A00E8BB320000AAFF0000BBFF0000CCFF0000DDFF0000EEFF0019
S31A00E8BB4700FFFF0000FFEE0000FFDD0000FFCC0000FFBB0000AF
S31A00E8BB5CFFAA0000FF990000FF880000FF770000FF660000FF44
S31A00E8BB71550000FF440000FF330000FF220000FF110000FF00D7
S31A00E8BB860011FF000022FF000033FF000044FF000055FF0000C2
S31A00E8BB9B66FF000077FF000088FF000099FF0000AAFF0000BB49
S31A00E8BBB0FF0000CCFF0000DDFF0000EEFF0000FFFF0000FFEE14
S31A00E8BBC50000FFDD0000FFCC0000FFBB0000FFAA0000FF9900DB
S31A00E8BBDA00FF880000FF770000FF660000FF550000FF4400006F
S31A00E8BBEFFF330000FF220000FF110000BB000000BB001100BBAE
S31A00E8BC04002200BB003300BB004400BB005500BB006600BB0042
S31A00E8BC197700BB008800BB009900BB00AA00BB00BB00AA00BBDA
S31A00E8BC2E009900BB008800BB007700BB006600BB005500BB0019
S31A00E8BC434400BB003300BB002200BB001100BB000000BB0000AD
S31A00E8BC5811BB000022BB000033BB000044BB000055BB000066DD
S31A00E8BC6DBB000077BB000088BB000099BB0000AABB0000BBBB75
S31A00E8BC820000BBAA0000BB990000BB880000BB770000BB660070
S31A00E8BC9700BB550000BB440000BB330000BB220000BB11000004
S31A00E8BCACBB000011BB000022BB000033BB000044BB000055BB34
S31A00E8BCC1000066BB000077BB000088BB000099BB0000AABB0031
S31A00E8BCD600BBBB0000BBAA0000BB990000BB880000BB770000C7
S31A00E8BCEBBB660000BB550000BB440000BB330000BB220000BBA0
S31A00E8BD0011000077000000770011007700220077003300770076
S31A00E8BD15440077005500770066007700770066007700550077A7
S31A00E8BD2A00440077003300770022007700110077000000770019
S31A00E8BD3F001177000022770000337700004477000055770000AF
S31A00E8BD5466770000777700007766000077550000774400007746
S31A00E8BD69330000772200007711000077000011770000227700EB
S31A00E8BD7E003377000044770000557700006677000077770000C6
S31A00E8BD937766000077550000774400007733000077220000778F
S31A00E8BDA8110000440000004400110044002200440033004400CD
S31A00E8BDBD44003300440022004400110044000000440000114474
S31A00E8BDD20000224400003344000044440000443300004422002C
S31A00E8BDE70044110000440000114400002244000033440000444A
S31A00E8BDFC440000443300004422000044110000FFFFFF000000D1
S31A00E8BE1100203C5F50434941F900ED0000B090671E41F900EC85
S31A00E8BE260000B090671441F900EB0000B090670A41F900EA0064
S31A00E8BE3B00B090660A4EA800404A406B024E754E56FFBE48E7D4
S31A00E8BE500F044EF900E48014B49966042348FFFCD1C151C8FF56
S31A00E8BE65F421C8010021C8011C21C8012021C8013421C80138AC
S31A00E8BE7A21C8013C2F0943F80140700F22C851C8FFFC43F80132
S31A00E8BE8FC0203C0000008F0C9100E8000065180C9100F0000076
S31A00E8BEA465120C9100FC000065080C9100FF0000650222885819
S31A00E8BEB98951C8FFDA225F48E7808041FA027EB1F800F4670A92
S31A00E8BECE21F800F407D821C800F44E7A08080800001066000052
S31A00E8BEE3C8203805A0671C2040201067160C805F465055660AC1
S31A00E8BEF84AA80004670000AC6004508860E641FA1B3CB1F80081
S31A00E8BF0DD8670A21F800D807DC21C800D85088B1F800D0670A91
S31A00E8BF2221F800D007E021C800D05088B1F800D4670A21F800B4
S31A00E8BF37D407E421C800D45088B1F800CC670A21F800CC07E8F9
S31A00E8BF4C21C800CC5088B1F800C8670A21F800C807EC21C800C6
S31A00E8BF61C85088B1F800C4670A21F800C407F021C800C4508806
S31A00E8BF76B1F8002C670A21F8002C07F421C8002C5088B1F800AC
S31A00E8BF8BDC670A21F800DC07F821C800DC5088B1F800F0670ACB
S31A00E8BFA021F800F007FC21C800F04CDF01014E7512D851C8FFC7
S31A00E8BFB5FC42814E754280101042814E754280301042814E7517
S31A00E8BFCA201042814E75108042814E75308042814E7520804290
S31A00E8BFDF814E754E734EF001E107F44E7360FF0000015E60FF61
S31A00E8BFF400000160F327F227A800021700FEF21F88004FEF0020
S31A00E8C0090CF23C9000000000004E73F3273F7C60000002F35F20
S31A00E8C01EF23C9000000000004EF001E107DCF3273F7C60000029
S31A00E8C03302F35FF23C9000000000004EF001E107E0F3273F7C1C
S31A00E8C04860000002F35FF23C9000000000004EF001E107E4F385
S31A00E8C05D273F7C60000002F35FF23C9000000000004EF001E16C
S31A00E8C07207E8F3273F7C60000002F35FF23C9000000000004E47
S31A00E8C087F001E107ECF3273F7C60000002F35FF23C90000000AA
S31A00E8C09C00004EF001E107F02F004E7A0808088000014E7B0829
S31A00E8C0B108201F2F6F000C0002F23C9000000000004E73FFFF1C
S31A00E8C0C6FF1EFFFFFF1EFFFFFF1EFFFFFF1EFFFFFF1EFFFFFFF1
S31A00E8C0DB28FFFFFF2EFFFFFF1EFFFFFF1E0000000000000000D9
S31A00E8C0F00000000000000000000000000000000000000000FF4E
S31A00E8C105FFFEEEFFFFFEEEFFFFFEEEFFFFFF00FFFFFF06FFFF7A
S31A00E8C11AFEF6FFFFFEFEFFFFFF06FFFFFF0CFFFFFF12FFFFFF1C
S31A00E8C12F180000000000000000000000000000000000000000F5
S31A00E8C14460FF00000236000060FF00001626000060FF00001255
S31A00E8C159DC000060FF000011EA000060FF000010DE000060FF01
S31A00E8C16E000012A4000060FF00001256000060FF0000122A00B6
S31A00E8C1830051FC51FC51FC51FC51FC51FC51FC51FC51FC51FCB7
S31A00E8C19851FC51FC51FC51FC51FC51FC51FC51FC51FC51FC5151
S31A00E8C1ADFC51FC51FC51FC51FC51FC51FC51FC51FC51FC51FC91
S31A00E8C1C251FC2F00203AFEFC487B0930FFFFFEF8202F00044E19
S31A00E8C1D77400042F00203AFEEA487B0930FFFFFEE2202F00044F
S31A00E8C1EC4E7400042F00203AFED8487B0930FFFFFECC202F0018
S31A00E8C201044E7400042F00203AFEC6487B0930FFFFFEB6202F26
S31A00E8C21600044E7400042F00203AFEB4487B0930FFFFFEA02068
S31A00E8C22B2F00044E7400042F00203AFEA2487B0930FFFFFE8A6C
S31A00E8C240202F00044E7400042F00203AFE90487B0930FFFFFED3
S31A00E8C25574202F00044E7400042F00203AFE7E487B0930FFFF5A
S31A00E8C26AFE5E202F00044E7400042F00203AFE6C487B0930FF6E
S31A00E8C27FFFFE48202F00044E7400042F00203AFE76487B093065
S31A00E8C294FFFFFE32202F00044E7400042F00203AFE64487B09A9
S31A00E8C2A930FFFFFE1C202F00044E7400042F00203AFE52487B95
S31A00E8C2BE0930FFFFFE06202F00044E7400042F00203AFE40481A
S31A00E8C2D37B0930FFFFFDF0202F00044E7400042F00203AFE2EFB
S31A00E8C2E8487B0930FFFFFDDA202F00044E7400042F00203AFEE2
S31A00E8C2FD1C487B0930FFFFFDC4202F00044E7400042F00203AC5
S31A00E8C312FE0A487B0930FFFFFDAE202F00044E7400042F002013
S31A00E8C3273AFDF8487B0930FFFFFD98202F00044E7400042F000D
S31A00E8C33C203AFDE6487B0930FFFFFD82202F00044E7400042F00
S31A00E8C35100203AFDD4487B0930FFFFFD6C202F00044E74000442
S31A00E8C3662F00203AFDC2487B0930FFFFFD56202F00044E74002A
S31A00E8C37B044E56FFA048EE3FFFFFC02D56FFF8082E000500048C
S31A00E8C39066084E682D48FFFC600841EE000C2D48FFFC422EFF94
S31A00E8C3A5AA3D6E0004FFA82D6E0006FFA4206EFFA458AEFFA477
S31A00E8C3BA61FFFFFFFF262D40FFA00800001E6768080000166678
S31A00E8C3CF2861FF00000CB0082E00050004670000AC082E00029D
S31A00E8C3E4FFAA670000A2082E0007000466000186600001B06104
S31A00E8C3F9FF00000A28082E0002FFAA660E082E0005FFAA660071
S31A00E8C40E010A60000078082E0005000467EA082E0005FFAA666E
S31A00E8C4230001264A2E00046B00014C6000017608000018670A53
S31A00E8C43861FF000007AE6000004A0800001B673048400C0000F4
S31A00E8C44DFC670A61FF00000E9260000032206EFFA454AEFFA417
S31A00E8C46261FFFFFFFE684A816600019861FF00000D206000005C
S31A00E8C4771461FF000008C40C2E0010FFAA66000004605C1D6EDE
S31A00E8C48CFFA90005082E000500046606206EFFFC4E604CEE3FA5
S31A00E8C4A1FFFFC0082E0007000466122D6EFFA400062CAEFFF80C
S31A00E8C4B64E5E60FFFFFFFD622D6EFFF8FFFC3D6E000400002DB2
S31A00E8C4CB6E000600082D6EFFA400023D7C20240006598E4E5E1C
S31A00E8C4E060FFFFFFFD0E1D6EFFA900054CEE3FFFFFC03CAE0098
S31A00E8C4F5042D6E000600082D6EFFA400023D7C201800062C6EC6
S31A00E8C50AFFF8DFFC0000006060FFFFFFFCB01D6EFFA900054C6F
S31A00E8C51FEE3FFFFFC03CAE00042D6E000600082D6EFFA4000257
S31A00E8C5343D7C201400062C6EFFF8DFFC0000006060FFFFFFFCEC
S31A00E8C549941D6EFFA900054CEE3FFFFFC02D6E0006000C3D7C86
S31A00E8C55E2014000A2D6EFFA400062C6EFFF8DFFC000000646028
S31A00E8C573FFFFFFFC661D6EFFA900054CEE3FFFFFC02D6E000656
S31A00E8C588000C3D7C2024000A2D6EFFA400062C6EFFF8DFFC00ED
S31A00E8C59D00006460FFFFFFFC4E1D6EFFA900054CEE3FFFFFC021
S31A00E8C5B23D7C00F4000E2D6EFFA4000A3D6E000400082C6EFF33
S31A00E8C5C7F8DFFC0000006860FFFFFFFC4C2C882D40FFFC4FEE38
S31A00E8C5DCFFC04CDF7FFF2F2F000C2F6F000400102F6F000C002E
S31A00E8C5F1042F6F0008000C2F5F00043F7C4008000660284CEE34
S31A00E8C6063FFFFFC04E5E514F2EAF00083F6F000C00043F7C404A
S31A00E8C61B0800062F6F000200082F7C09428001000C08170005BF
S31A00E8C630670608EF0002000D60FFFFFFFBCC0C2E0040FFAA66E7
S31A00E8C6450C4280102EFFAB2DAEFFAC0CE04E752040302EFFA0AA
S31A00E8C65A32000240003F028100000007303B020A4EFB00064A90
S31A00E8C66FFC00400000000000000000000000000000000000008C
S31A00E8C684000000000000000000000000000000800086008C0021
S31A00E8C699920098009E00A400AA00B000CE00EC010A01280146A3
S31A00E8C6AE01640182019601B401D201F0020E022C024A0268029B
S31A00E8C6C37C029A02B802D602F403120330034E036C036C036CEE
S31A00E8C6D8036C036C036C036C036C03D603F0040A042A03CA005F
S31A00E8C6ED0000000000206EFFE04E75206EFFE44E75206EFFE871
S31A00E8C7024E75206EFFEC4E75206EFFF04E75206EFFF44E752091
S31A00E8C7176EFFF84E75206EFFFC4E752008206EFFE0D0882D4051
S31A00E8C72CFFE02D48FFAC1D7C0000FFAB1D7C0040FFAA4E752063
S31A00E8C74108206EFFE4D0882D40FFE42D48FFAC1D7C0001FFAB70
S31A00E8C7561D7C0040FFAA4E752008206EFFE8D0882D40FFE82D25
S31A00E8C76B48FFAC1D7C0002FFAB1D7C0040FFAA4E752008206E98
S31A00E8C780FFECD0882D40FFEC2D48FFAC1D7C0003FFAB1D7C001C
S31A00E8C79540FFAA4E752008206EFFF0D0882D40FFF02D48FFAC7C
S31A00E8C7AA1D7C0004FFAB1D7C0040FFAA4E752008206EFFF4D087
S31A00E8C7BF882D40FFF42D48FFAC1D7C0005FFAB1D7C0040FFAAA5
S31A00E8C7D44E752008206EFFF8D0882D40FFF82D48FFAC1D7C007D
S31A00E8C7E906FFAB1D7C0040FFAA4E751D7C0004FFAA2008206E5C
S31A00E8C7FEFFFCD0882D40FFFC4E75202EFFE02D40FFAC90882D30
S31A00E8C81340FFE020401D7C0000FFAB1D7C0040FFAA4E75202ECD
S31A00E8C828FFE42D40FFAC90882D40FFE420401D7C0001FFAB1DE9
S31A00E8C83D7C0040FFAA4E75202EFFE82D40FFAC90882D40FFE817
S31A00E8C85220401D7C0002FFAB1D7C0040FFAA4E75202EFFEC2D93
S31A00E8C86740FFAC90882D40FFEC20401D7C0003FFAB1D7C0040F4
S31A00E8C87CFFAA4E75202EFFF02D40FFAC90882D40FFF020401D07
S31A00E8C8917C0004FFAB1D7C0040FFAA4E75202EFFF42D40FFACDC
S31A00E8C8A690882D40FFF420401D7C0005FFAB1D7C0040FFAA4E9F
S31A00E8C8BB75202EFFF82D40FFAC90882D40FFF820401D7C00062D
S31A00E8C8D0FFAB1D7C0040FFAA4E751D7C0008FFAA202EFFFC9053
S31A00E8C8E5882D40FFFC20404E75206EFFA454AEFFA461FFFFFF09
S31A00E8C8FAF9D44A8166FFFFFFFD043040D1EEFFE04E75206EFFE1
S31A00E8C90FA454AEFFA461FFFFFFF9B64A8166FFFFFFFCE630404F
S31A00E8C924D1EEFFE44E75206EFFA454AEFFA461FFFFFFF9984A9C
S31A00E8C9398166FFFFFFFCC83040D1EEFFE84E75206EFFA454AE47
S31A00E8C94EFFA461FFFFFFF97A4A8166FFFFFFFCAA3040D1EEFF70
S31A00E8C963EC4E75206EFFA454AEFFA461FFFFFFF95C4A8166FF69
S31A00E8C978FFFFFC8C3040D1EEFFF04E75206EFFA454AEFFA4611E
S31A00E8C98DFFFFFFF93E4A8166FFFFFFFC6E3040D1EEFFF44E75F6
S31A00E8C9A2206EFFA454AEFFA461FFFFFFF9204A8166FFFFFFFC1B
S31A00E8C9B7503040D1EEFFF84E75206EFFA454AEFFA461FFFFFF10
S31A00E8C9CCF9024A8166FFFFFFFC323040D1EEFFFC4E752F0120D4
S31A00E8C9E16EFFA454AEFFA461FFFFFFF8E24A8166FFFFFFFC1229
S31A00E8C9F6221F207614E008000008670E48E73C002A00260860CB
S31A00E8CA0BFF000000EC2F022200E9590241000F223614C0080022
S31A00E8CA20000B660248C12400EF5A028200000003E5A949C0D03C
S31A00E8CA3581D1C0241F4E751D7C0080FFAA206EFFA44E75206EA2
S31A00E8CA4AFFA454AEFFA461FFFFFFF87A4A8166FFFFFFFBAA30CE
S31A00E8CA5F404E75206EFFA458AEFFA461FFFFFFF8764A8166FFFB
S31A00E8CA74FFFFFB9020404E75206EFFA454AEFFA461FFFFFFF8E7
S31A00E8CA89464A8166FFFFFFFB763040D1EEFFA455884E75206EC5
S31A00E8CA9EFFA454AEFFA461FFFFFFF8264A8166FFFFFFFB562032
S31A00E8CAB36EFFA4558808000008670E48E73C002A00260860FFEB
S31A00E8CAC8000000302F022200E9590241000F223614C008000020
S31A00E8CADD0B660248C12400EF5A028200000003E5A949C0D081FE
S31A00E8CAF2D1C0241F4E7508050006670442826016E9C5240424F8
S31A00E8CB073624C00805000B660248C2E9C50542E1AA08050007F3
S31A00E8CB1C67024283E9C506820C0000026D346718206EFFA458FB
S31A00E8CB31AEFFA461FFFFFFF7AC4A8166FFFFFFFAC66018206EBB
S31A00E8CB46FFA454AEFFA461FFFFFFF77E4A8166FFFFFFFAAE48B3
S31A00E8CB5BC0D680E9C507826700006A0C0000026D346718206EFD
S31A00E8CB70FFA458AEFFA461FFFFFFF76A4A8166FFFFFFFA8460AB
S31A00E8CB851C206EFFA454AEFFA461FFFFFFF73C4A8166FFFFFFFC
S31A00E8CB9AFA6C48C0600242802800080500026712204361FFFF94
S31A00E8CBAFFFF7764A816624D082D0846016D682204361FFFFFF8D
S31A00E8CBC4F7624A816610D0846004D682200320404CDF003C4E8C
S31A00E8CBD9752043203C0101000160FFFFFFF9F0322EFFA01001CC
S31A00E8CBEE02400007207604E0D0EEFFA2080100076700008C30EF
S31A00E8CC0301EF5802400007203604C0080100066752240024482B
S31A00E8CC18E19A200261FFFFFFF71C4A81660000FC544A204AE1F5
S31A00E8CC2D9A200261FFFFFFF7084A81660000E8544A204AE19A4F
S31A00E8CC42200261FFFFFFF6F44A81660000D4544A204AE19A20DD
S31A00E8CC570261FFFFFFF6E04A81660000C04E7524002448E04838
S31A00E8CC6C61FFFFFFF6CC4A81660000AC544A204A200261FFFF3F
S31A00E8CC81FFF6BA4A816600009A4E7508010006675C244861FFD5
S31A00E8CC96FFFFF6624A81660000922400544A204A61FFFFFFF602
S31A00E8CCAB504A8166000080E14A1400544A204A61FFFFFFF63CAE
S31A00E8CCC04A816600006CE18A1400544A204A61FFFFFFF6284A87
S31A00E8CCD58166000058E18A1400122EFFA0E209024100072D82DB
S31A00E8CCEA14C04E75244861FFFFFFF6064A81660000362400540B
S31A00E8CCFF4A204A61FFFFFFF5F44A8166000024E14A1400122E63
S31A00E8CD14FFA0E209024100073D8214C24E75204A203C00A10089
S31A00E8CD290160FFFFFFF8A8204A203C0121000160FFFFFFF89A31
S31A00E8CD3E61FFFFFFF914102EFFA2E9180240000F243604C00C2C
S31A00E8CD532E0002FFA06D506728244861FFFFFFF5C44A8166000E
S31A00E8CD68009E2600588A204A61FFFFFFF5B24A816600008C22D4
S31A00E8CD7D00200360000048244861FFFFFFF59C4A8166000076E6
S31A00E8CD923200484048C048C1082E0007FFA26600002848C260FD
S31A00E8CDA7000022244861FFFFFFF5604A816600005E1200E0487F
S31A00E8CDBC49C049C1082E0007FFA2660249C2948042C3020300F2
S31A00E8CDD1049280B28242C4860402030005382EFFA80204001A4E
S31A00E8CDE688033D44FFA8082E0003FFA266024E75080400006620
S31A00E8CDFB024E751D7C0010FFAA4E75204A203C0101000160FF33
S31A00E8CE10FFFFF7C4204A203C0141000160FFFFFFF7B6102EFF16
S31A00E8CE25A10200003866000208102EFFA1024000072E3604C070
S31A00E8CE3A670000C0102EFFA3122EFFA202400007E80902410090
S31A00E8CE4F073D40FFB23D41FFB42A3604C02C3614C0082E0003E7
S31A00E8CE64FFA2671A4A875DEEFFB06A0244874A855DEEFFB16A73
S31A00E8CE790844FC0000408640854A8566164A8667000048BE86D5
S31A00E8CE8E6306CB46600000124C476005600ABE85634E61FF00FF
S31A00E8CEA3000068082E0003FFA267244A2EFFB167024485102E27
S31A00E8CEB8FFB0B12EFFB1670C0C868000000062264486600608F4
S31A00E8CECD06001F661C44EEFFA84A8642EEFFA8302EFFB2322ECC
S31A00E8CEE2FFB42D8504C02D8614C04E7508EE0001FFA908AE0085
S31A00E8CEF700FFA94E75022E001EFFA9002E0020FFAA4E750C878A
S31A00E8CF0C0000FFFF621E4281484548463A068AC7320548463A36
S31A00E8CF21068AC748413205424548452C014E7542AEFFBC422ED7
S31A00E8CF36FFB642810807001F660E52AEFFBCE38FE38EE3956068
S31A00E8CF4B00FFEE2607240548424843B4436606323CFFFF600A52
S31A00E8CF60220582C302810000FFFF2F064246484626072401C480
S31A00E8CF75C74843C6C1280598834844300438064A406600000AA0
S31A00E8CF8AB4846304538160DE2F052C0148462A0761FF00000073
S31A00E8CF9F6A240526062A1F2C1F9C839B8264FF0000001A5381AF
S31A00E8CFB44282260748434243DC83DB82260742434843DA834AD9
S31A00E8CFC92EFFB666163D41FFB84281484548463A06424650EEED
S31A00E8CFDEFFB66000FF6C3D41FFBA3C05484648452E2EFFBC67BF
S31A00E8CFF30A5387E28DE29651CFFFFA2A062C2EFFB84E75240629
S31A00E8D0082606280548434844CCC5CAC3C4C4C6C442844846DC55
S31A00E8D01D45D744DC42D74448464245424248454842DA82DA830E
S31A00E8D0324E75700461FFFFFFF61C0C2E0080FFAA6712244861AB
S31A00E8D047FFFFFFF2DC4A81661E2E006000FDE658AEFFA461FF52
S31A00E8D05CFFFFF2864A8166FFFFFFF5A02E006000FDCE61FFFFE0
S31A00E8D071FFF5CE204A203C0101000160FFFFFFF556102EFFA1AB
S31A00E8D0860C0000076E0000B402400007263604C0342EFFA242C4
S31A00E8D09B411202E95A02420007283624C04A84670000884A83E3
S31A00E8D0B067000082422EFFB0082E0003FFA267184A836C084497
S31A00E8D0C583002E0001FFB04A846C0844840A2E0001FFB02A03E8
S31A00E8D0DA2C032E0448464847C6C4C8C6CAC7CCC742874843D66F
S31A00E8D0EF44DD87D645DD8748434244424548444845D885D886AB
S31A00E8D1044A2EFFB06708468346845283D9872D8324C044FC00F6
S31A00E8D119002D8414C042C7020700081C2EFFA9020600108C07D7
S31A00E8D12E1D46FFA94E7542B624C042B614C07E0460E4700461ED
S31A00E8D143FFFFFFF5100C2E0080FFAA6714244861FFFFFFF1D07E
S31A00E8D1584A816600002026006000FF3458AEFFA461FFFFFFF1D2
S31A00E8D16D784A8166FFFFFFF49226006000FF1C61FFFFFFF4C0E0
S31A00E8D182204A203C0101000160FFFFFFF4482D40FFB42200E91D
S31A00E8D197580240000F227604C02D49FFB02001EC4902410007CB
S31A00E8D1AC2A3614C002400007263604C03D40FFBA302EFFA2228C
S31A00E8D1C100E9580240000F207604C02D48FFBC2001EC490241B6
S31A00E8D1D60007283614C002400007243604C03D40FFB8082E004C
S31A00E8D1EB01FFA056C7082E0005000456C62448264922072006FF
S31A00E8D20061FFFFFFF05C204A4A8066FF000001C82207200620B0
S31A00E8D2154B61FFFFFFF046204B4A80660A204A224B60FFFFFF5E
S31A00E8D22AF0202F0022072006204A61FFFFFFF03E201F204B6073
S31A00E8D23FFF00000194082E0001FFA0664844EEFFA8B0426602A1
S31A00E8D254B24342EEFFA84A046610362EFFBA3D8134C2342EFF15
S31A00E8D269B83D8024C2082E0005000456C2200251C1206EFFBC93
S31A00E8D27E61FFFFFFEFF4200251C1206EFFB061FFFFFFEFE64E7A
S31A00E8D2937544EEFFA8B0826602B28342EEFFA84A046610362E7C
S31A00E8D2A8FFBA2D8134C0342EFFB82D8024C0082E0005000456E9
S31A00E8D2BDC2200250C1206EFFBC61FFFFFFEFAC200250C1206E76
S31A00E8D2D2FFB061FFFFFFEF9E4E75202EFFB46000FEAE082E00B9
S31A00E8D2E701FFA06610700261FFFFFFF3642D48FFB451C7600E59
S31A00E8D2FC700461FFFFFFF3542D48FFB450C7302EFFA22200ECCA
S31A00E8D3114802400007243604C002410007283614C03D41FFB8B9
S31A00E8D326082E0005000456C624482207200661FFFFFFEF284A2F
S31A00E8D33B8066000096204A60FFFFFFEEEE082E0001FFA0662C68
S31A00E8D35044EEFFA8B04442EEFFA84A016608362EFFB83D803471
S31A00E8D365C2206EFFB451C1082E0005000456C061FFFFFFEEFE11
S31A00E8D37A4E7544EEFFA8B08442EEFFA84A016608362EFFB82D08
S31A00E8D38F8034C0206EFFB450C1082E0005000456C061FFFFFF22
S31A00E8D3A4EED24E754E7B60004E7B60010C2E00FCFFA167FFFF75
S31A00E8D3B9FFFF24206EFFB4082E0001FFA056C76000FF404E7BB3
S31A00E8D3CE60004E7B600124482F0061FFFFFFF264201F588F510C
S31A00E8D3E38F518E721A41EF000843EF000022D851C9FFFC3D7C1B
S31A00E8D3F84008000A2D4A000C2D4000104CEE3FFFFFC04E5E609D
S31A00E8D40DFFFFFFEDF8428043FB0170000005AEB3C86D0E43FBE2
S31A00E8D422017000000010B1C96D024E7570FF4E754A066604707E
S31A00E8D43701600270054A07670001E42448264928482A49568CDD
S31A00E8D44C568D220A40C7007C07004E7A60004E7B00004E7B008A
S31A00E8D46101F58AF58CF58BF58DF46AF46CF46BF46D244156810B
S31A00E8D4762841F5CAF5CC247C80000000267CA0000000287C00C4
S31A00E8D48B000000200802000003671C0C00000267000096600083
S31A00E8D4A0010251FC4E7BA0080E9110000E9000006002600EB0FB
S31A00E8D4B582661CB28366180E9158006002600E4E7BB0080E90D7
S31A00E8D4CA48004E7BC0086034600E4E7BB0080E9008004E7BC0D4
S31A00E8D4DF086012600E4E714E714E714E714E714E714E7160B019
S31A00E8D4F44E7B60004E7B600146C751C460FFFFFFFD424E7B60FB
S31A00E8D509004E7B600146C750C460FFFFFFFD3051FC51FC51FC63
S31A00E8D51E51FC51FC51FC4E7BA0080E9110000E900000600260A3
S31A00E8D5330EB082662CB28366280E9158006002600E48440E58A7
S31A00E8D54848004E7BB00848446002600E0E5048004E7BC0086024
S31A00E8D55D00FFA84E71600E48400E5808004E7BB0084840600296
S31A00E8D572600E0E5008004E7BC0086000FF764E71600E4E714E42
S31A00E8D587714E714E714E714E714E7160904E7BA0080E91100065
S31A00E8D59C0E9000006002600EB082663CB28366380E9158006020
S31A00E8D5B102600EE19C0E18480048440E5848006002600EE19C95
S31A00E8D5C64E7BB0080E10480060044E71600E4E7BC0086000FFFA
S31A00E8D5DB2C4E714E714E71600EE1980E18080048400E580800D9
S31A00E8D5F06002600EE1984E7BB0080E10080060044E71600E4E69
S31A00E8D6057BC0086000FEEA4E714E714E71600C4E714E714E71B1
S31A00E8D61A4E714E714E716000FF722448264928482A49528C5211
S31A00E8D62F8D220A40C7007C07004E7A60004E7B00004E7B0001FA
S31A00E8D644F58AF58CF58BF58DF46AF46CF46BF46D2441568128FF
S31A00E8D65941F5CAF5CC247C80000000267CA0000000287C000007
S31A00E8D66E00002008080000006600009A601651FC51FC51FC51DB
S31A00E8D683FC4E7BA0080E5110000E5000006002600EB042661C26
S31A00E8D698B24366180E5158006002600E4E7BB0080E5048004E20
S31A00E8D6AD7BC0086034600E4E7BB0080E5008004E7BC00860124B
S31A00E8D6C2600E4E714E714E714E714E714E714E7160B04E7B6085
S31A00E8D6D7004E7B600146C751C460FFFFFFFB624E7B60004E7B58
S31A00E8D6EC600146C750C460FFFFFFFB5051FC51FC51FC51FC518C
S31A00E8D701FC51FC4E7BA0080E5110000E5000006002600EB042DC
S31A00E8D716662CB24366280E5158006002600EE09C0E1848004E3C
S31A00E8D72B7BB008E19C6002600E0E1048004E7BC0086000FFA87D
S31A00E8D7404E71600EE0980E1808004E7BB008E1986002600E0E3B
S31A00E8D7551008004E7BC0086000FF764E71600E4E714E714E71E9
S31A00E8D76A4E714E714E714E7160904A0666047001600270054A84
S31A00E8D77F07660000C622482448528A2602E04A40C7007C0700E6
S31A00E8D7944E7A60004E7B00004E7B0001F589F58AF469F46A22FD
S31A00E8D7A97C80000000247CA0000000267C00000000601651FCDC
S31A00E8D7BE51FC51FC51FC4E7B90080E500000B044662460026082
S31A00E8D7D30E0E1828004E7BA0080E1038006002600E4E7BB008DF
S31A00E8D7E8604C4E714E714E714E71600EE0980E1808004E7BA019
S31A00E8D7FD08E1986002600E0E1008004E7BB00860164E714E713D
S31A00E8D812600E4E714E714E714E714E714E714E7160A04E7B6043
S31A00E8D827004E7B600146C751C160FFFFFFFB164E7B60004E7B55
S31A00E8D83C600146C750C160FFFFFFFB0422482448568A22080826
S31A00E8D851010000660000C22602484240C7007C07004E7A600047
S31A00E8D8664E7B00004E7B0001F589F58AF469F46A227C80000056
S31A00E8D87B00247CA0000000267C00000000601851FC51FC51FC69
S31A00E8D89051FC51FC4E7B90080E900000B08466246002600E0E60
S31A00E8D8A55828004E7BA0080E5038006002600E4E7BB008604CFC
S31A00E8D8BA4E714E714E714E71600E48400E58080048404E7BA01A
S31A00E8D8CF086002600E0E5008004E7BB00860164E714E71600E35
S31A00E8D8E44E714E714E714E714E714E714E7160A04E7B60004E91
S31A00E8D8F97B600146C751C160FFFFFFFA464E7B60004E7B600141
S31A00E8D90E46C750C160FFFFFFFA342A02E08A2602484240C7001E
S31A00E8D9237C07004E7A60004E7B00004E7B0001F589F58AF46969
S31A00E8D938F46A227C80000000247CA0000000267C00000000602E
S31A00E8D94D1451FC51FC51FC4E7B90080E900000B08466246002BD
S31A00E8D962600E0E1828000E5838004E7BA0086002600E0E1058B1
S31A00E8D977004E7BB0086000FF884E71600EE1980E1808004840E9
S31A00E8D98C0E5808006002600EE1984E7BA0080E10080060044E98
S31A00E8D9A171600E4E7BB0086000FF4A4E714E714E71600E4E7110
S31A00E8D9B64E714E714E714E714E714E716090FFFFE634FFFFE608
S31A00E8D9CB50FFFFE668FFFFE680FFFFE698FFFFE6B0FFFFE6C89D
S31A00E8D9E0FFFFE620FFFFE6E0FFFFE626FFFFE61EFFFFE61EFF6F
S31A00E8D9F5FFE626000000000000000000000000FFFFE5EEFFFF55
S31A00E8DA0AE5EEFFFFE5EEFFFFE600FFFFE606FFFFE5F6FFFFE5EB
S31A00E8DA1FFEFFFFE606FFFFE60CFFFFE612FFFFE618000000003A
S31A00E8DA340000000000000000000000000000000060FF00001779
S31A00E8DA4940000060FF000015F4000060FF000002B6000060FFBC
S31A00E8DA5E00000470000060FF00001B10000060FF000019AA00A5
S31A00E8DA730060FF00001B5A000060FF0000062E000060FF0000EA
S31A00E8DA88102C000051FC51FC51FC51FC51FC51FC51FC51FC51A6
S31A00E8DA9DFC51FC51FC51FC51FC51FC51FC51FC51FC51FC51FC88
S31A00E8DAB251FC51FC51FC51FC51FC51FC51FC51FC51FC2F00206D
S31A00E8DAC73AFF2C487B0930FFFFFEF8202F00044E7400042F00BF
S31A00E8DADC203AFEF2487B0930FFFFFEE2202F00044E7400042FDB
S31A00E8DAF100203AFEE0487B0930FFFFFECC202F00044E7400041D
S31A00E8DB062F00203AFED2487B0930FFFFFEB6202F00044E740000
S31A00E8DB1B042F00203AFEA4487B0930FFFFFEA0202F00044E742B
S31A00E8DB3000042F00203AFE96487B0930FFFFFE8A202F00044EAE
S31A00E8DB457400042F00203AFE7C487B0930FFFFFE74202F0004A3
S31A00E8DB5A4E7400042F00203AFE76487B0930FFFFFE5E202F0060
S31A00E8DB6F044E7400042F00203AFE68487B0930FFFFFE48202F6B
S31A00E8DB8400044E7400042F00203AFE56487B0930FFFFFE3220AD
S31A00E8DB992F00044E7400042F00203AFE44487B0930FFFFFE1CB1
S31A00E8DBAE202F00044E7400042F00203AFE32487B0930FFFFFEAA
S31A00E8DBC306202F00044E7400042F00203AFE20487B0930FFFF9F
S31A00E8DBD8FDF0202F00044E7400042F00203AFE1E487B0930FFA4
S31A00E8DBEDFFFDDA202F00044E7400042F00203AFE0C487B0930B7
S31A00E8DC02FFFFFDC4202F00044E7400042F00203AFDFA487B09FB
S31A00E8DC1730FFFFFDAE202F00044E7400042F00203AFDE8487BE7
S31A00E8DC2C0930FFFFFD98202F00044E7400042F00203AFDD6486C
S31A00E8DC417B0930FFFFFD82202F00044E7400042F00203AFDC44C
S31A00E8DC56487B0930FFFFFD6C202F00044E7400042F00203AFDC9
S31A00E8DC6BB2487B0930FFFFFD56202F00044E7400042F00203A15
S31A00E8DC80FDA0487B0930FFFFFD40202F00044E7400042F002065
S31A00E8DC953AFD8E487B0930FFFFFD2A202F00044E7400042F005E
S31A00E8DCAA203AFD7C487B0930FFFFFD14202F00044E7400042F51
S31A00E8DCBF00203AFD6A487B0930FFFFFCFE202F00044E74000494
S31A00E8DCD440C62D38D3D646343D6F90AEB1E75CC740000000C911
S31A00E8DCE90FDAA22168C235000000003FFF0000C90FDAA2216812
S31A00E8DCFEC235000000003FE45F306DC9C8834E56FF40F32EFFF6
S31A00E8DD136C48EE0303FF9CF22EBC00FF60F22EF0C0FFDC2D6E49
S31A00E8DD28FF68FF44206EFF4458AEFF4461FFFFFFFF042D40FF67
S31A00E8DD3D40082E0005FF426600011641EEFF6C61FF0000051C8F
S31A00E8DD5241EEFF6C61FF0000C1DC1D40FF4E082E0005FF4367A9
S31A00E8DD6726E9EE0183FF4261FF0000BD2241EEFF7861FF0000B2
S31A00E8DD7CC1BA0C000006660661FF0000C11E1D40FF4F428010EF
S31A00E8DD912EFF63122EFF430241007F02AE00FF01FFFF64F23C7B
S31A00E8DDA6900000000000F23C88000000000041EEFF6C43EEFF6A
S31A00E8DDBB78223B1530000071124EBB19300000710AE9EE0183A0
S31A00E8DDD0FF4261FF0000BD4E082E0004FF626622082E0001FF4B
S31A00E8DDE5626644F22ED0C0FFDCF22E9C00FF604CEE0303FF9CAE
S31A00E8DDFA4E5E60FFFFFFFCC6F22EF040FF6C3D7CE005FF6EF2A3
S31A00E8DE0F2ED0C0FFDCF22E9C00FF604CEE0303FF9CF36EFF6CB5
S31A00E8DE244E5E60FFFFFFFCB2F22EF040FF6C1D7C00C4000B3DE4
S31A00E8DE397CE001FF6EF22ED0C0FFDCF22E9C00FF604CEE030336
S31A00E8DE4EFF9CF36EFF6C4E5E60FFFFFFFCAE1D7C0000FF4E428F
S31A00E8DE6380102EFF6302AEFFFF00FFFF64F23C900000000000CE
S31A00E8DE78F23C88000000000041EEFF6C61FF0000B2CE082E0041
S31A00E8DE8D04FF626600FF70082E0001FF626600FF90F22ED0C01B
S31A00E8DEA2FFDCF22E9C00FF604CEE0303FF9C4E5E081700076773
S31A00E8DEB7FFFFFFFC0CF22FA40000083F7C2024000660FFFFFF34
S31A00E8DECCFCEC4E56FF40F32EFF6C48EE0303FF9CF22EBC00FF4A
S31A00E8DEE160F22EF0C0FFDC2D6EFF68FF44206EFF4458AEFF44D4
S31A00E8DEF661FFFFFFFD422D40FF40082E0005FF4266000132418A
S31A00E8DF0BEEFF6C61FF0000035A41EEFF6C61FF0000C01A1D40CC
S31A00E8DF20FF4E082E0005FF43672E082E0004FF436626E9EE01BF
S31A00E8DF3583FF4261FF0000BB5841EEFF7861FF0000BFF00C00F1
S31A00E8DF4A0006660661FF0000BF541D40FF4F4280102EFF6312D0
S31A00E8DF5F2EFF430241007F02AE00FF01FFFF64F23C90000000BD
S31A00E8DF740000F23C88000000000041EEFF6C43EEFF78223B1540
S31A00E8DF893000006F484EBB193000006F40E9EE0183FF4261FFB1
S31A00E8DF9E0000BB84082E0003FF626622082E0001FF62664EF2E1
S31A00E8DFB32ED0C0FFDCF22E9C00FF604CEE0303FF9C4E5E60FFD1
S31A00E8DFC8FFFFFAFC082E0003FF666700FFD6F22EF040FF6C3D90
S31A00E8DFDD7CE003FF6EF22ED0C0FFDCF22E9C00FF604CEE03038F
S31A00E8DFF2FF9CF36EFF6C4E5E60FFFFFFFAF4082E0001FF6667CB
S31A00E8E00700FFAAF22EF040FF6C1D7C00C4000B3D7CE001FF6E43
S31A00E8E01CF22ED0C0FFDCF22E9C00FF604CEE0303FF9CF36EFF20
S31A00E8E0316C4E5E60FFFFFFFAD01D7C0000FF4E4280102EFF6365
S31A00E8E04602AEFFFF00FFFF64F23C900000000000F23C88000053
S31A00E8E05B00000041EEFF6C61FF0000B0F0082E0003FF62660028
S31A00E8E070FF66082E0001FF626600FF90F22ED0C0FFDCF22E9C74
S31A00E8E08500FF604CEE0303FF9C4E5E0817000767FFFFFFFA2E00
S31A00E8E09AF22FA40000083F7C2024000660FFFFFFFB0E4E56FFA8
S31A00E8E0AF40F32EFF6C48EE0303FF9CF22EBC00FF60F22EF0C0C0
S31A00E8E0C4FFDC082E0005000466084E682D48FFD8600841EE0038
S31A00E8E0D9102D48FFD82D6EFF68FF44206EFF4458AEFF4461FF29
S31A00E8E0EEFFFFFB4C2D40FF40422EFF4A082E0005FF42660002A1
S31A00E8E10308E9EE0006FF420C0000136700049E02AE00FF00FF1D
S31A00E8E118FF64F23C900000000000F23C88000000000041EEFFFF
S31A00E8E12D6C61FF0000013A41EEFF6C61FF0000BDFA0C00000625
S31A00E8E142660661FF0000BD5E1D40FF4EE9EE0183FF42082E0077
S31A00E8E15705FF4367280C2E003AFF43672061FF0000B92C41EE3E
S31A00E8E16CFF7861FF0000BDC40C000006660661FF0000BD281D78
S31A00E8E18140FF4F4280102EFF63E9EE1047FF4341EEFF6C43EE70
S31A00E8E196FF78223B1D3000006D364EBB193000006D2E102EFF98
S31A00E8E1AB626634102EFF43020000380C000038670CE9EE0183A9
S31A00E8E1C0FF4261FF0000B95EF22ED0C0FFDCF22E9C00FF604CB2
S31A00E8E1D5EE0303FF9C4E5E60FFFFFFF8E6C02EFF66EDC00608C3
S31A00E8E1EA6614082E0004FF6667BA082E0001FF6267B2600000E7
S31A00E8E1FF660480000000180C0000066614082E0003FF6666008B
S31A00E8E214004A082E0004FF66660000462F0061FF000007E020DC
S31A00E8E2291F3D7B0222FF6EF22ED0C0FFDCF22E9C00FF604CEEAA
S31A00E8E23E0303FF9CF36EFF6C4E5E60FFFFFFF87AE000E006E04F
S31A00E8E25304E005E003E002E001E001303C000460BC303C00035D
S31A00E8E26860B6E9EE0006FF420C00001167080C00001567504ECD
S31A00E8E27D753028000002407FFF0C403F8067080C40407F672CF9
S31A00E8E2924E7502A87FFFFFFF0004671861FF0000BBBC444006BC
S31A00E8E2A7403F81026880000000816800004E75026880000000F4
S31A00E8E2BC4E750228007F000400687FFF00004E753028000002EC
S31A00E8E2D1407FFF0C403C0067080C4043FF67DE4E7502A87FFFD7
S31A00E8E2E6FFFF000466064AA8000867C461FF0000BB6844400695
S31A00E8E2FB403C01026880000000816800004E75E9EE00C3FF4232
S31A00E8E3100C000003670004A20C0000076700049A02AEFFFF0028
S31A00E8E325FFFF64F23C900000000000F23C880000000000302EC1
S31A00E8E33AFF6C02407FFF671041EEFF6C61FF0000BB5C1D40FFD1
S31A00E8E34F4E60061D7C0004FF4E4280102EFF6341EEFF6C2D56AE
S31A00E8E364FFD461FF0000ADEC102EFF62660000862CAEFFD408AA
S31A00E8E3792E000500046626206EFFD84E60F22ED0C0FFDCF22E20
S31A00E8E38E9C00FF604CEE0303FF9C4E5E08170007667A60FFFFA6
S31A00E8E3A3FFF7220C2E0008FF4A66D8F22EF080FF6CF22ED0C0EB
S31A00E8E3B8FFDCF22E9C00FF604CEE0303FF9C2C562F6F00C400AD
S31A00E8E3CDB82F6F00C800BC2F6F002C00C42F6F003000C82F6FB1
S31A00E8E3E2003400CCDFFC000000B808170007662860FFFFFFF69E
S31A00E8E3F7D0C02EFF66EDC00608662A082E0004FF666700FF6A46
S31A00E8E40C082E0001FF626700FF60600001663F7C20240006F2F1
S31A00E8E4212FA400000860FFFFFFF78E048000000018303B020A28
S31A00E8E4364EFB00064AFC000800000000003A0064009400000113
S31A00E8E44B400000F22ED0C0FFDCF22E9C00FF604CEE0303FF9C0D
S31A00E8E4603D7C30D8000A3D7CE006FF6EF36EFF6C4E5E60FFFF0C
S31A00E8E475FFF6D4F22ED0C0FFDCF22E9C00FF604CEE0303FF9C5A
S31A00E8E48A3D7C30D0000A3D7CE004FF6EF36EFF6C4E5E60FFFFEC
S31A00E8E49FFFF694F22EF040FF6CF22ED0C0FFDCF22E9C00FF6090
S31A00E8E4B44CEE0303FF9C3D7C30D4000A3D7CE005FF6EF36EFF58
S31A00E8E4C96C4E5E60FFFFFFF60C2CAEFFD4082E00050004660087
S31A00E8E4DE0038206EFFD84E60F22EF040FF6CF22ED0C0FFDCF2B8
S31A00E8E4F32E9C00FF604CEE0303FF9C3D7C30CC000A3D7CE003C7
S31A00E8E508FF6EF36EFF6C4E5E60FFFFFFF5DE0C2E0008FF4A660A
S31A00E8E51DC8F22EF080FF6CF22EF040FF78F22ED0C0FFDCF22EC6
S31A00E8E5329C00FF604CEE0303FF9C3D7C30CC000A3D7CE003FFB6
S31A00E8E5477AF36EFF782C562F6F00C400B82F6F00C800BC2F6F23
S31A00E8E55C00CC00C02F6F002C00C42F6F003000C82F6F0034003A
S31A00E8E571CCDFFC000000B860FFFFFFF576F22EF040FF6CF22EA5
S31A00E8E586D0C0FFDCF22E9C00FF604CEE0303FF9C3D7C30C40084
S31A00E8E59B0A3D7CE001FF6EF36EFF6C4E5E60FFFFFFF55C02AE96
S31A00E8E5B000FF00FFFF64F23C900000000000F23C880000000093
S31A00E8E5C50061FF0000BDBA41EEFF6C61FF0000B9621D40FF4EBD
S31A00E8E5DAE9EE0183FF42082E0005FF4367280C2E003AFF436779
S31A00E8E5EF2061FF0000B4A041EEFF7861FF0000B9380C0000064C
S31A00E8E604660661FF0000B89C1D40FF4F4280102EFF63E9EE10FF
S31A00E8E61947FF4341EEFF6C43EEFF78223B1D30000068AA4EBB6E
S31A00E8E62E1930000068A2102EFF626600008A102EFF4302000085
S31A00E8E643380C000038670CE9EE0183FF4261FF0000B4D0082E2F
S31A00E8E658000500046600002A206EFFD84E60F22ED0C0FFDCF296
S31A00E8E66D2E9C00FF604CEE0303FF9C4E5E081700076600012647
S31A00E8E68260FFFFFFF440082E0002FF4A67D6F22ED0C0FFDCF2C9
S31A00E8E6972E9C00FF604CEE0303FF9C4E5E2F6F000400102F6F80
S31A00E8E6AC0000000CDFFC0000000C08170007660000EA60FFFFA4
S31A00E8E6C1FFF404C02EFF66EDC006086618082E0004FF666700CD
S31A00E8E6D6FF66082E0001FF626700FF5C6000006E048000000030
S31A00E8E6EB180C0000066D14082E0003FF6666000060082E0004E3
S31A00E8E700FF666600004E082E0005000466000054206EFFD84E51
S31A00E8E715603D7B022AFF6EF22ED0C0FFDCF22E9C00FF604CEE70
S31A00E8E72A0303FF9CF36EFF6C4E5E081700076600006C60FFFF7D
S31A00E8E73FFFF386E000E006E004E005E003E002E001E001303CDD
S31A00E8E75400036000FFAE303C00046000FFA6082E0002FF4A6755
S31A00E8E769AC3D7B02D6FF6EF22ED0C0FFDCF22E9C00FF604CEE24
S31A00E8E77E0303FF9CF36EFF6C4E5E2F6F000400102F6F0000002F
S31A00E8E7930CDFFC0000000C08170007660660FFFFFFF3223F7CD1
S31A00E8E7A820240006F22FA400000860FFFFFFF40202AEFFFF0056
S31A00E8E7BDFFFF64F23C900000000000F23C880000000000E9EEAC
S31A00E8E7D20183FF4261FF0000B22A41EEFF6C61FF0000B7520C34
S31A00E8E7E7000006660661FF0000B6B61D40FF4E4280102EFF63E5
S31A00E8E7FC41EEFF6C2D56FFD461FF0000A94E102EFF62660000CE
S31A00E8E811842CAEFFD4082E000500046628206EFFD84E60F22ED3
S31A00E8E826D0C0FFDCF22E9C00FF604CEE0303FF9C4E5E081700C3
S31A00E8E83B076600FF6860FFFFFFF282082E0003FF4A67D6F22E56
S31A00E8E850D0C0FFDCF22E9C00FF604CEE0303FF9C2C562F6F0044
S31A00E8E865C400B82F6F00C800BC2F6F003800C42F6F003C00C8D6
S31A00E8E87A2F6F004000CCDFFC000000B8081700076600FF1A6059
S31A00E8E88FFFFFFFF234C02EFF66EDC006086700FF742CAEFFD4CE
S31A00E8E8A40C00001A6E0000E867000072082E00050004660A204D
S31A00E8E8B96EFFD84E606000FB8E0C2E0008FF4A6600FB84F22EF0
S31A00E8E8CED0C0FFDCF22E9C00FF604CEE0303FF9C3D7C30D80025
S31A00E8E8E30A3D7CE006FF6EF36EFF6C2C562F6F00C400B82F6F16
S31A00E8E8F800C800BC2F6F00CC00C02F6F003800C42F6F003C00FB
S31A00E8E90DC82F6F004000CCDFFC000000B860FFFFFFF22C082E51
S31A00E8E922000500046600000C206EFFD84E606000FB460C2E0089
S31A00E8E93708FF4A6600FB3CF22ED0C0FFDCF22E9C00FF604CEE0F
S31A00E8E94C0303FF9C3D7C30D0000A3D7CE004FF6EF36EFF6C2C62
S31A00E8E961562F6F00C400B82F6F00C800BC2F6F00CC00C02F6F59
S31A00E8E976003800C42F6F003C00C82F6F004000CCDFFC0000007B
S31A00E8E98BB860FFFFFFF1A4082E000500046600000C206EFFD8C9
S31A00E8E9A04E606000FBDA0C2E0008FF4A6600FBD0F22ED0C0FF26
S31A00E8E9B5DCF22E9C00FF604CEE0303FF9C3D7C30C4000A3D7C1D
S31A00E8E9CAE001FF6EF36EFF6C2C562F6F00C400B82F6F00C8002E
S31A00E8E9DFBC2F6F00CC00C02F6F003800C42F6F003C00C82F6F75
S31A00E8E9F4004000CCDFFC000000B860FFFFFFF106E9EE00C3FF94
S31A00E8EA09420C00000167080C00000567344E75302EFF6C0240D2
S31A00E8EA1E7FFF67260C403F806E20444006403F81222EFF70E028
S31A00E8EA33A908C1001F2D41FF70026E8000FF6C006E3F80FF6C7F
S31A00E8EA484E75302EFF6C02407FFF673A0C403C006E344A2EFF3D
S31A00E8EA5D6C5BEEFF6E3D40FF6C428041EEFF6C323C3C0161FF45
S31A00E8EA720000B156303C3C004A2EFF6E670408C0000F08EE00D5
S31A00E8EA8707FF703D40FF6C4E75082E0005000467FFFFFFF17661
S31A00E8EA9C2D680000FF782D680004FF7C2D680008FF8042814E2A
S31A00E8EAB1752F004E7A08080800000166000460201F4E56FF40F1
S31A00E8EAC648EE0303FF9CF22EBC00FF60F22EF0C0FFDC2D6E00F5
S31A00E8EADB06FF44206EFF4458AEFF4461FFFFFFF1522D40FF4088
S31A00E8EAF04A406B00020E02AE00FF00FFFF640800000A6618205D
S31A00E8EB056EFF4443EEFF6C700C61FFFFFFF0D24A81660004925D
S31A00E8EB1A6048206EFF4443EEFF6C700C61FFFFFFF0BA4A81662E
S31A00E8EB2F00047AE9EE004FFF6C0C407FFF6726102EFF6F0200CF
S31A00E8EB44000F660C4AAEFF7066064AAEFF74671041EEFF6C619D
S31A00E8EB59FF0000B88CF22EF080FF6C06AE0000000CFF4441EE49
S31A00E8EB6EFF6C61FF0000B3C21D40FF4E0C000006660A61FF00D8
S31A00E8EB8300B3221D40FF4E422EFF53082E0005FF436748082EEC
S31A00E8EB980004FF43662CE9EE0183FF4261FF0000AEEC41EEFFDE
S31A00E8EBAD7861FF0000B3841D40FF4F0C000006662061FF0000B3
S31A00E8EBC2B2E41D40FF4F6014082E0003FF43670C50EEFF530815
S31A00E8EBD72E0001FF4367C04280102EFF63122EFF430241007FFD
S31A00E8EBECF23C900000000000F23C88000000000041EEFF6C43D5
S31A00E8EC01EEFF78223B1530000062CA4EBB1930000062C2102E29
S31A00E8EC16FF6266404A2EFF53660CE9EE0183FF4261FF0000AE0E
S31A00E8EC2BFA2D6E0006FF682D6EFF440006F22ED0C0FFDCF22E55
S31A00E8EC409C00FF604CEE0303FF9C4E5E081700076600009660CD
S31A00E8EC55FFFFFFEE6EC02EFF66EDC006086612082E0004FF663E
S31A00E8EC6A67AE082E0001FF6267AC60340480000000180C0000AB
S31A00E8EC7F066610082E0004FF666620082E0003FF6666203D7B15
S31A00E8EC940206FF6E601EE002E006E004E005E003E002E001E073
S31A00E8ECA9013D7CE005FF6E60063D7CE003FF6E2D6E0006FF68E5
S31A00E8ECBE2D6EFF440006F22ED0C0FFDCF22E9C00FF604CEE038C
S31A00E8ECD303FF9CF36EFF6C4E5E08170007660660FFFFFFEDE06C
S31A00E8ECE82F173F6F000800043F7C20240006F22FA400000860F7
S31A00E8ECFDFFFFFFEEB80800000E670001C2082E00050004661676
S31A00E8ED124E682D48FFD861FF00009564206EFFD84E606000012F
S31A00E8ED27AA422EFF4A41EE000C2D48FFD861FF000095480C2E88
S31A00E8ED3C0008FF4A670000860C2E0004FF4A66000184082E00EE
S31A00E8ED5107000466363DAE000408042DAEFF4408063DBC00F008
S31A00E8ED66080A41F608042D480004F22ED0C0FFDCF22E9C00FF96
S31A00E8ED7B604CEE0303FF9C4E5E2E5F60FFFFFFED3C3DAE0004AC
S31A00E8ED9008002DAEFF4408023DBC202408062DAE0006080841D3
S31A00E8EDA5F608002D480004F22ED0C0FFDCF22E9C00FF604CEE14
S31A00E8EDBA0303FF9C4E5E2E5F60FFFFFFEDF21D41000A1D40007B
S31A00E8EDCF0BF22ED0C0FFDCF22E9C00FF604CEE0303FF9C2F1670
S31A00E8EDE42F002F012F2EFF444280102E000B4480082E00070021
S31A00E8EDF904671C3DAE000408002DAE000608082D9F08023DBCD9
S31A00E8EE0E202408064876080060143DAE000408042D9F08063D63
S31A00E8EE23BC00F0080A487608044281122E000A4A016A0CF2366E
S31A00E8EE38F080080C06800000000CE3096A0CF236F040080C06ED
S31A00E8EE4D800000000CE3096A0CF236F020080C06800000000CF6
S31A00E8EE62E3096A0CF236F010080C06800000000CE3096A0CF229
S31A00E8EE7736F008080C06800000000CE3096A0CF236F004080C32
S31A00E8EE8C06800000000CE3096A0CF236F002080C0680000000DB
S31A00E8EEA10CE3096A06F236F001080C222F0004202F00082C6F92
S31A00E8EEB6000C2E5F0817000767FFFFFFEC0460FFFFFFECF061AC
S31A00E8EECBFF00009BDAF22ED0C0FFDCF22E9C00FF604CEE0303EA
S31A00E8EEE0FF9C082E00070004660E2D6EFF4400064E5E60FFFFF1
S31A00E8EEF5FFEBD02C563F6F00C400C02F6F00C600C82F6F0004DE
S31A00E8EF0A00C23F7C202400C6DFFC000000C060FFFFFFEC9C20DD
S31A00E8EF1F1F4E56FF4048EE0303FF9C2D6E0006FF44206EFF4461
S31A00E8EF3458AEFF4461FFFFFFED002D40FF404A406B04701060C1
S31A00E8EF49260800000E6610E9C014C3700C0C01000766145880B1
S31A00E8EF5E6010428061FF0000967C202EFF4490AE00063D4000BA
S31A00E8EF730A4CEE0303FF9C4E5E518F2F003F6F000C00042F6F9F
S31A00E8EF88000E00064280302F00122F6F00060010D1AF00063FC6
S31A00E8EF9D7C402C000A201F60FFFFFFEBE44E7A08080800000133
S31A00E8EFB2660CF22E9C00FF60F22ED0C0FFDC4CEE0303FF9C4E1B
S31A00E8EFC75E514F2EAF00083F6F000C00043F7C400800062F6FFF
S31A00E8EFDC000200082F7C09428001000C08170005670608EF001D
S31A00E8EFF102000D60FFFFFFEBD64FEEFF404E7A18080801000182
S31A00E8F006660CF22ED0C0FFDCF22F9C0000202C562F6F00C40049
S31A00E8F01BBC3F6F00C800C03F7C400800C22F4800C43F4000C8B9
S31A00E8F0303F7C000100CA4CEF0303005CDEFC00BC60A64E56FF7B
S31A00E8F04540F32EFF6C48EE0303FF9CF22EBC00FF60F22EF0C01A
S31A00E8F05AFFDC2D6EFF68FF44206EFF4458AEFF4461FFFFFFEB30
S31A00E8F06FCE2D40FF400800000D662841EEFF6C61FFFFFFF1EAAE
S31A00E8F084F22ED0C0FFDCF22E9C00FF604CEE0303FF9CF36EFFA8
S31A00E8F0996C4E5E60FFFFFFEA94322EFF6C02417FFF0C417FFF2A
S31A00E8F0AE661A4AAEFF74660C222EFF7002817FFFFFFF67082DA8
S31A00E8F0C36EFF70FF546012223C7FFFFFFF4A2EFF6C6A025281AC
S31A00E8F0D82D41FF54E9C004C3122EFF41307B02064EFB880200FE
S31A00E8F0ED6C00000000FF98003E000000100000102EFF540C0131
S31A00E8F10200076F16206E000C61FFFFFFEB864A8166FF0000BC29
S31A00E8F117A86000FF6A0241000761FF0000A8046000FF5C302E15
S31A00E8F12CFF540C0100076F16206E000C61FFFFFFEB6E4A816672
S31A00E8F141FF0000BC886000FF3C0241000761FF0000A79A6000A2
S31A00E8F156FF2E202EFF540C0100076F16206E000C61FFFFFFEB6C
S31A00E8F16B564A8166FF0000BC686000FF0E0241000761FF0000E0
S31A00E8F180A7306000FF004E56FF40F32EFF6C48EE0303FF9CF21E
S31A00E8F1952EBC00FF60F22EF0C0FFDC2D6EFF68FF44206EFF446D
S31A00E8F1AA58AEFF4461FFFFFFEA8A2D40FF400800000D66000020
S31A00E8F1BF2A41EEFF6C61FFFFFFF0A4F22ED0C0FFDCF22E9C0050
S31A00E8F1D4FF604CEE0303FF9CF36EFF6C4E5E60FFFFFFE964E9F3
S31A00E8F1E9C004C3122EFF41307B02064EFB8802007400A6015A21
S31A00E8F1FE00000042010400100000102EFF7008C000060C01002F
S31A00E8F213076F16206E000C61FFFFFFEA764A8166FF0000BB9891
S31A00E8F2286000FFA00241000761FF0000A6F46000FF92302EFF52
S31A00E8F23D7008C0000E0C0100076F16206E000C61FFFFFFEA5AB3
S31A00E8F2524A8166FF0000BB746000FF6E0241000761FF0000A63D
S31A00E8F267866000FF60202EFF7008C0001E0C0100076F16206E95
S31A00E8F27C000C61FFFFFFEA3E4A8166FF0000BB506000FF3C0225
S31A00E8F29141000761FF0000A6186000FF2E0C0100076F2E202E88
S31A00E8F2A6FF6C02808000000000807FC00000222EFF70E0898091
S31A00E8F2BB81206E000C61FFFFFFE9FC4A8166FF0000BB0E600099
S31A00E8F2D0FEFA202EFF6C02808000000000807FC000002F012277
S31A00E8F2E52EFF70E0898081221F0241000761FF0000A5BA600075
S31A00E8F2FAFED0202EFF6C02808000000000807FF80000222EFF42
S31A00E8F30F702D40FF84700BE0A983AEFF84222EFF7002810000A1
S31A00E8F32407FFE0B92D41FF88222EFF74E0A983AEFF8841EEFF20
S31A00E8F33984226E000C700861FFFFFFE8CC4A8166FF0000BA9CA1
S31A00E8F34E6000FE7A422EFF4A3D6EFF6CFF84426EFF86202EFF10
S31A00E8F3637008C0001E2D40FF882D6EFF74FF8C082E0005000485
S31A00E8F37866384E682D48FFD82D56FFD461FF0000989222482D7B
S31A00E8F38D48000C206EFFD84E602CAEFFD441EEFF84700C61FFDB
S31A00E8F3A2FFFFE86C4A8166FF0000BA4A6000FE1A2D56FFD461B3
S31A00E8F3B7FF0000986022482D48000C2CAEFFD40C2E0008FF4A39
S31A00E8F3CC66CCF22ED0C0FFDCF22E9C00FF604CEE0303FF9CF398
S31A00E8F3E16EFF6C2C6EFFD42F6F00C400B82F6F00C800BC2F6F09
S31A00E8F3F600CC00C02F6F004400C42F6F004800C82F6F004C004A
S31A00E8F40BCCDFFC000000B860FFFFFFE7344E56FF40F32EFF6CB8
S31A00E8F42048EE0303FF9CF22EBC00FF60F22EF0C0FFDC2D6EFF92
S31A00E8F43568FF44206EFF4458AEFF4461FFFFFFE7F82D40FF4026
S31A00E8F44A0800000D66000106E9C004C366220C6E401EFF6C669C
S31A00E8F45F1AF23C900000000000F22E4000FF70F22E6800FF6C10
S31A00E8F4743D7CE001FF6E41EEFF6C61FFFFFFEDEA02AE00FF010F
S31A00E8F489FFFF64F23C900000000000F23C880000000000E9EED3
S31A00E8F49E1006FF420C0100176700009641EEFF6C61FF0000AA4F
S31A00E8F4B3841D40FF4E082E0005FF43672E082E0004FF4366260E
S31A00E8F4C8E9EE0183FF4261FF0000A5C241EEFF7861FF0000AA2E
S31A00E8F4DD5A0C000006660661FF0000A9BE1D40FF4F4280102EE2
S31A00E8F4F2FF63122EFF430241007F41EEFF6C43EEFF78223B15BD
S31A00E8F50730000059CA4EBB1930000059C2E9EE0183FF4261FF45
S31A00E8F51C0000A606F22ED0C0FFDCF22E9C00FF604CEE0303FF5B
S31A00E8F5319CF36EFF6C4E5E60FFFFFFE5CC4280102EFF63122E13
S31A00E8F546FF4302810000007F61FF000043CE60BE1D7C0000FF57
S31A00E8F55B4E4280102EFF6302AEFFFF00FFFF6441EEFF6C61FFF3
S31A00E8F57000009BE460AA4E56FF40F32EFF6C48EE0303FF9CF2D7
S31A00E8F5852EBC00FF60F22EF0C0FFDC2D6EFF68FF44206EFF4479
S31A00E8F59A58AEFF4461FFFFFFE69A2D40FF4041EEFF6C61FFFFA2
S31A00E8F5AFFFECBCF22ED0C0FFDCF22E9C00FF604CEE0303FF9C31
S31A00E8F5C4F36EFF6C4E5E60FFFFFFE5920C6F202C000667FF00C5
S31A00E8F5D90000AA0C6F402C000667FFFFFFE5A64E56FF4048EE90
S31A00E8F5EE0303FF9C2D6E0006FF44206EFF4458AEFF4461FFFF1C
S31A00E8F603FFE638E9C0100A0C4103C86664E9C014060C0100175B
S31A00E8F618665A4E7A080808000001672A4CEE0303FF9C4E5E51E5
S31A00E8F62D8F3EAF00082F6F000A00023F7C402C00062F6F0002DF
S31A00E8F642000C58AF000260FFFFFFE5404CEE0303FF9C4E5EF2B5
S31A00E8F6572F8400000258AF00022F172F6F000800041F7C002047
S31A00E8F66C000660FF000000124CEE0303FF9C4E5E60FFFFFFE45C
S31A00E8F681F64E56FF4048EE0303FF9CF22EBC00FF60F22EF0C0CB
S31A00E8F696FFDC082E0005000466084E682D48FFD8600C41EE004C
S31A00E8F6AB102D48FFD82D48FFD42D6EFF68FF44206EFF4458AE9C
S31A00E8F6C0FF4461FFFFFFE5762D40FF40F23C900000000000F2EF
S31A00E8F6D53C880000000000422EFF4A0800001666000182422E3E
S31A00E8F6EAFF5302AE00FF00FFFF64E9C014060C0100176700006C
S31A00E8F6FFBE61FF000095FC4280102EFF63122EFF430241003FF3
S31A00E8F714E749822EFF4E43EEFF7841EEFF6C323B132002B24EE1
S31A00E8F729BB112002AC102EFF62660000A2E9EE0183FF4261FFA0
S31A00E8F73E0000A3E4F22ED0C0FFDCF22E9C00FF604CEE0303FF5C
S31A00E8F7539C0C2E0004FF4A672A0C2E0008FF4A67224E5E081720
S31A00E8F768000767FFFFFFE358F327F22FA4000014F35F3F7C20D8
S31A00E8F77D24000660FFFFFFE434082E00050004660C2F08206E74
S31A00E8F792FFD84E60205F60CA2F00202EFFD890AEFFD42DAE0006
S31A00E8F7A70808082DAE000408043D400004201F4E5EDED760AA31
S31A00E8F7BC4280102EFF63122EFF4302810000007F61FF000041C3
S31A00E8F7D1506000FF5AC02EFF66EDC006086616082E0004FF6603
S31A00E8F7E66700FF4E082E0001FF626700FF44603E048000000008
S31A00E8F7FB180C0000066610082E0004FF66662A082E0003FF669E
S31A00E8F81066302F0061FFFFFFF1EE201F3D7B0206FF6E602AE01D
S31A00E8F82502E006E004E005E003E002E001E00161FFFFFFF1CE8B
S31A00E8F83A3D7CE005FF6E600C61FFFFFFF1C03D7CE003FF6EF24A
S31A00E8F84F2ED0C0FFDCF22E9C00FF604CEE0303FF9CF36EFF6C5B
S31A00E8F8646000FEEEE9C012830C010001670000560C01000766D2
S31A00E8F879000078E9C013430C0100026D00006C61FF00008278D3
S31A00E8F88E0C2E0002FF4A670000D20C2E0001FF4A660001002DA1
S31A00E8F8A36EFF68000C3D7C201C000AF22ED0C0FFDCF22E9C003B
S31A00E8F8B8FF604CEE0303FF9C4E5E60FFFFFFE2DC206EFF445427
S31A00E8F8CDAEFF4461FFFFFFE3524A816600047C48C061FF00009B
S31A00E8F8E27E600C2E0002FF4A6700007C600000B061FF000085E8
S31A00E8F8F7620C2E0002FF4A67000068082E00050004660A206E1B
S31A00E8F90CFFD84E606000008E0C2E0008FF4A66000084F22ED020
S31A00E8F921C0FFDCF22E9C00FF604CEE0303FF9C4E5E0817000780
S31A00E8F9366612558F2EAF00022F6F0006000460FFFFFFE17E55DA
S31A00E8F94B8F2EAF00023F6F000600043F7C20240006F22FA400C9
S31A00E8F960000860FFFFFFE2523D7C00C0000E2D6EFF68000A3D3B
S31A00E8F9756E000400083D7CE000FF6EF22ED0C0FFDCF22E9C00C8
S31A00E8F98AFF604CEE0303FF9CF36EFF6C4E5E588F60FFFFFFE1A3
S31A00E8F99F80F22ED0C0FFDCF22E9C00FF604CEE0303FF9C4E5EB8
S31A00E8F9B408170007660660FFFFFFE108F22FA40000081F7C0010
S31A00E8F9C924000760FFFFFFE1E84AFC01C00000000000000000E3
S31A00E8F9DE00000000000000000000000000000000000000000026
S31A00E8F9F300000028A44B1E4B4C4F4C29824F3C00000000000074
S31A00E8FA08000000000000000000000000000000000000000000FB
S31A00E8FA1D000000000000000000000000000000000000000000E6
S31A00E8FA320000000035C64B1E4B824F4C371A4F3C000000000029
S31A00E8FA4700000000000000000000000000000024B04B1E4B8CA8
S31A00E8FA5C4F4C27664F3C0000000029884B1E4B944F4C2AF04FF7
S31A00E8FA713C000000001AB84B1E4BD04F4C1CF64F3C00000000C8
S31A00E8FA86000000000000000000000000000000001CFC4B1E47B5
S31A00E8FA9B444F4C1DAA4F3C0000000037204B1E47444F4C37A278
S31A00E8FAB04F3C0000000004684B1E47444F4C064C4F3C000000F0
S31A00E8FAC5000F2A4B1E47444F4C108E4F3C0000000022E04B9A66
S31A00E8FADA4B7A4F4C248C4F3C000000003D024B9A4B7A4F4C3DCD
S31A00E8FAEFDC4F3C000000003DFA4B9A4B7A4F4C3F2A4F3C00003D
S31A00E8FB04000000000000000000000000000000000000338647FE
S31A00E8FB19324B824F4C35384F3C0000000037C847324B824F4C77
S31A00E8FB2E37F84F3C00000000381847324B824F4C38724F3C00B4
S31A00E8FB43000000000000000000000000000000000000000000BF
S31A00E8FB58000000000000000000000000000027E64B9A4B524FCC
S31A00E8FB6D4C288A4F3C000000000000000000000000000000000C
S31A00E8FB8200000000000000000000000000000000000000001D63
S31A00E8FB97B04BD647444F4C1E404F3C0000000004724B9A4744A5
S31A00E8FBAC4F4C06524F3C00000000276C4B1E47444F4C27884FB8
S31A00E8FBC13C0000000027A04B1E47444F4C27CE4F3C000000002F
S31A00E8FBD6000000000000000000000000000000004CA44CDA4DC9
S31A00E8FBEB124EE24CA44EF40000000000000000000000000000A3
S31A00E8FC0000000000000000000000000000000000000000000001
S31A00E8FC1500000000000000000000000000000000004DAC4DE2C4
S31A00E8FC2A4E1A4EE24DAC4EF4000000004E4E4E864EBE4EE24E0A
S31A00E8FC3F4E4EF400000000000000000000000000000000000032
S31A00E8FC54000000000000000000000000000000000000000000AD
S31A00E8FC6900000000000000000000000000000000000000000098
S31A00E8FC7E00000000000000000000000000000000000000000083
S31A00E8FC930000000000000000000000000000000000000000006E
S31A00E8FCA800000000000000000000000000000000000000000059
S31A00E8FCBD00000000000000000000000000000000000000000044
S31A00E8FCD20000000006604BF24C204C3008F64C40000000000614
S31A00E8FCE7604BF24C204C3008F64C400000000006604BF24C20FC
S31A00E8FCFC4C3008F64C400000000006604BF24C204C3008F64C2A
S31A00E8FD11400000000006604BF24C204C3008F64C40000000009A
S31A00E8FD2606604BF24C204C3008F64C400000000006604BF24CD6
S31A00E8FD3B204C3008F64C400000000006604BF24C204C3008F616
S31A00E8FD504C40000000004CEE0303FF9CF22E9C00FF60F22ED03E
S31A00E8FD65C0FFDC2D6EFF6800064E5E2F173F6F000800043F7C91
S31A00E8FD7A400800062F6F000200082F7C09428001000C081700EE
S31A00E8FD8F05670608EF0002000D60FFFFFFDE32BD6AAA77CCC9AF
S31A00E8FDA494F53DE612097AAE8DA1BE5AE6452A118AE43EC71D31
S31A00E8FDB9E3A5341531BF2A01A01A018B590000000000000000BC
S31A00E8FDCE3FF8000088888888888859AF00000000BFFC0000AA5E
S31A00E8FDE3AAAAAAAAAAAA99000000003D2AC4D0D6011EE3BDA94F
S31A00E8FDF8396F9F45AC193E21EED90612C972BE927E4FB79D9F2E
S31A00E8FE0DCF3EFA01A01A01D4230000000000000000BFF5000084
S31A00E8FE22B60B60B60B61D438000000003FFA0000AAAAAAAAAA03
S31A00E8FE37AAAB5EBF0000002D7C00000000FF5C60082D7C000041
S31A00E8FE4C0001FF5CF2104800F22E6800FF842210322800040270
S31A00E8FE61817FFFFFFF0C813FD780006C04600001780C81400464
S31A00E8FE76BC7E6D0460000468F2000080F23A54A3DE7E43FB01E2
S31A00E8FE8B7000000866F22E6080FF58222EFF58E981D3C1F2198F
S31A00E8FEA04828F2114428222EFF58D2AEFF5CE2990C81000000F6
S31A00E8FEB5006D000088F227E00CF22E6800FF84F2000023F23A04
S31A00E8FECA5580FED2F23A5500FED4F2000080F20004A3E29902B5
S31A00E8FEDF8180000000B3AEFF84F20005A3F2000523F23A55A264
S31A00E8FEF4FEBAF23A5522FEBCF20005A3F2000523F23A55A2FE21
S31A00E8FF09B6F23A4922FEC0F2000CA3F2000123F23A48A2FEC25D
S31A00E8FF1EF22E4823FF84F20008A2F2000423F21FD030F200908A
S31A00E8FF3300F22E4822FF8460FF00004364F227E00CF20000239E
S31A00E8FF48F23A5500FEA2F23A5580FEA4F2000080F20004A3F2F5
S31A00E8FF5D2E6800FF84E299028180000000F2000523B3AEFF840C
S31A00E8FF72028180000000F20005A300813F8000002D41FF54F2FC
S31A00E8FF873A5522FE74F23A55A2FE76F2000523F20005A3F23ADD
S31A00E8FF9C5522FE70F23A49A2FE7AF2000523F2000CA3F23A49BE
S31A00E8FFB122FE7CF23A44A2FE82F2000823F2000422F22E48235F
S31A00E8FFC6FF84F21FD030F2009000F22E4422FF5460FF000042A8
S31A00E8FFDBC80C813FFF80006EFF00000300222EFF5C0C81000068
S31A00E8FFF000006E14F2009000123C0003F22E4800FF8460FF006F
S31A00E9000500428EF23C44003F800000F2009000F23C44228080E0
S31A00E9001A000060FF0000428A60FF00004110F23C44003F8000D6
S31A00E9002F0060FF000042762D7C00000004FF5CF2104800F22E44
S31A00E900446800FF8422103228000402817FFFFFFF0C813FD7801B
S31A00E90059006C04600002400C814004BC7E6D046000027AF20047
S31A00E9006E0080F23A54A3DC9043FB017000000678F22E6080FF53
S31A00E9008358222EFF58E981D3C1F2194828F2114428222EFF58EB
S31A00E90098E2990C81000000006C000106F227E004F22E6800FF65
S31A00E900AD84F2000023F23A5480FCE8F23A5500FD32F20000A38D
S31A00E900C2F20001232F022401E29A028280000000B38202828015
S31A00E900D7000000F23A54A2FCC8F23A5522FD12F20000A3B5AE95
S31A00E900ECFF84241FF2000123E2990281800000002D7C3F80004E
S31A00E9010100FF54B3AEFF54F23A54A2FCA2F23A5522FCECF200B6
S31A00E9011600A3F2000123F22E6800FF90F23A54A2FC90B3AEFF07
S31A00E9012B90F23A5522FCD6F20000A3F2000123F23A54A2FC8082
S31A00E90140F23A5522FCCAF20000A3F2000123F23A48A2FC7CF227
S31A00E901553A4922FCC6F20000A3F2000123F23A48A2FC78F23ADE
S31A00E9016A4922FCC2F20000A3F2000823F22E48A3FF84F23A44B8
S31A00E9017F22FCBAF22E4823FF90F21FD020F2009000F22E48A2FD
S31A00E90194FF8461FF0000448EF22E4422FF5460FF000040FCF24C
S31A00E901A927E004F22E6800FF84F2000023F23A5480FC34F23ACB
S31A00E901BE5500FBDEF20000A3F22E6800FF90F2000123E29902D0
S31A00E901D38180000000F23A54A2FC1AF23A5522FBC4B3AEFF84A9
S31A00E901E8B3AEFF90F20000A300813F8000002D41FF54F200019A
S31A00E901FD23F23A54A2FBFCF23A5522FBA6F20000A3F2000123D3
S31A00E90212F23A54A2FBF0F23A5522FB9AF20000A3F2000123F206
S31A00E902273A54A2FBE4F23A5522FB8EF20000A3F2000123F23AC1
S31A00E9023C48A2FBE0F23A4922FB8AF20000A3F2000123F23A48BE
S31A00E90251A2FBDCF23A4922FB86F20000A3F2000823F23A44A254
S31A00E90266FBD4F22E4823FF84F22E48A3FF90F21FD020F200909A
S31A00E9027B00F22E44A2FF5461FF000043A2F22E4822FF8460FF75
S31A00E90290000040100C813FFF80006E000048F23C44803F800068
S31A00E902A500F2009000F23C44A80080000061FF00004372F20032
S31A00E902BAB000123C0003F22E4800FF8460FF00003FCA2F00F2CB
S31A00E902CF3C44803F80000061FF0000434E201F60FF00003E544B
S31A00E902E4F227E03C2F02F23C4480000000000C817FFEFFFF6650
S31A00E902F9523D7C7FFEFF842D7CC90FDAA2FF8842AEFF8C3D7C3E
S31A00E9030E7FDCFF902D7C85A308D3FF9442AEFF98F200003AF21D
S31A00E9032394000E002E0080FF84002E0080FF90F22E4822FF84B9
S31A00E90338F2000080F22E4822FF90F20000A8F22E48A2FF90F211
S31A00E9034D2E6800FF84322EFF842241028100007FFF04810000C7
S31A00E903623FFF0C810000001C6F0E04810000001B1D7C0000FFFB
S31A00E9037758600842811D7C0001FF58243C00003FFE94812D7CB3
S31A00E9038CA2F9836EFF882D7C4E44152AFF8C3D42FF84F2000160
S31A00E903A100F22E4923FF842409484202828000000000825F00AD
S31A00E903B600002D42FF54F22E4522FF54F22E4528FF542401069C
S31A00E903CB8200003FFF3D42FF842D7CC90FDAA2FF8842AEFF8C6D
S31A00E903E0068100003FDD3D41FF902D7C85A308D3FF9442AEFF3B
S31A00E903F598122EFF58F2000A00F22E4A23FF84F2000A80F22E2D
S31A00E9040A4AA3FF90F2001180F20015A2F2000E28F2000C28F206
S31A00E9041F001622F2000180F20010A8F20004220C0100006E00F1
S31A00E90434000EF20001A8F2000CA26000FF0CF22E6100FF582414
S31A00E904491FF21FD03C222EFF5C0C81000000046D00FA4C600024
S31A00E9045EFC363EA0B759F50F8688BEF2BAA5A8924F04BF346F6A
S31A00E9047359B39BA65F00000000000000003FF60000E073D3FC82
S31A00E90488199C4A00000000003FF90000D23CD68415D95FA100E3
S31A00E9049D000000BFFC00008895A6C5FB423BCA00000000BFFD1A
S31A00E904B20000EEF57E0DA84BC8CE000000003FFC0000A2F983F6
S31A00E904C76E4E44152A0000000040010000C90FDAA2000000005D
S31A00E904DC000000003FDF000085A308D40000000000000000C03A
S31A00E904F1040000C90FDAA22168C23521800000C0040000C2C741
S31A00E905065BCD105D7C23A0D00000C0040000BC7EDCF7FF5236F5
S31A00E9051B11A1E80000C0040000B6365E22EE46F0002148000085
S31A00E90530C0040000AFEDDF4DDD3BA9EEA1200000C0040000A95E
S31A00E90545A56078CC3063DD21FC0000C0040000A35CE1A3BB25B5
S31A00E9055A1DCB21100000C00400009D1462CEAA19D7B9A1580093
S31A00E9056F00C004000096CBE3F9990E91A821E00000C0040000E2
S31A00E905849083652488034B9620B00000C00400008A3AE64F7668
S31A00E90599F80584A1880000C004000083F2677A65ECBF7321C432
S31A00E905AE0000C0030000FB53D14AA9C2F2C220000000C003001B
S31A00E905C300EEC2D3A087AC669F21380000C0030000E231D5F6DF
S31A00E905D86595DA7BA1300000C0030000D5A0D84C437F4E589F9C
S31A00E905EDC00000C0030000C90FDAA22168C23521000000C003CF
S31A00E906020000BC7EDCF7FF523611A1680000C0030000AFEDDF08
S31A00E906174DDD3BA9EEA0A00000C0030000A35CE1A3BB251DCB95
S31A00E9062C20900000C003000096CBE3F9990E91A821600000C0F9
S31A00E906410300008A3AE64F76F80584A1080000C0020000FB5309
S31A00E90656D14AA9C2F2C21F800000C0020000E231D5F66595DA53
S31A00E9066B7BA0B00000C0020000C90FDAA22168C235208000008A
S31A00E90680C0020000AFEDDF4DDD3BA9EEA0200000C00200009625
S31A00E90695CBE3F9990E91A820E00000C0010000FB53D14AA9C245
S31A00E906AAF2C21F000000C0010000C90FDAA22168C235200000C4
S31A00E906BF00C001000096CBE3F9990E91A820600000C000000019
S31A00E906D4C90FDAA22168C2351F800000BFFF0000C90FDAA2217C
S31A00E906E968C2351F00000000000000000000000000000000008F
S31A00E906FE00003FFF0000C90FDAA22168C2359F00000040000007
S31A00E9071300C90FDAA22168C2359F8000004001000096CBE3F971
S31A00E90728990E91A8A060000040010000C90FDAA22168C235A038
S31A00E9073D00000040010000FB53D14AA9C2F2C29F00000040020E
S31A00E90752000096CBE3F9990E91A8A0E0000040020000AFEDDF49
S31A00E907674DDD3BA9EE2020000040020000C90FDAA22168C2353C
S31A00E9077CA080000040020000E231D5F66595DA7B20B0000040DA
S31A00E90791020000FB53D14AA9C2F2C29F800000400300008A3AB4
S31A00E907A6E64F76F80584210800004003000096CBE3F9990E9142
S31A00E907BBA8A160000040030000A35CE1A3BB251DCBA0900000D3
S31A00E907D040030000AFEDDF4DDD3BA9EE20A0000040030000BCAC
S31A00E907E57EDCF7FF5236112168000040030000C90FDAA221687E
S31A00E907FAC235A100000040030000D5A0D84C437F4E581FC00040
S31A00E9080F0040030000E231D5F66595DA7B2130000040030000E1
S31A00E90824EEC2D3A087AC669FA138000040030000FB53D14AA947
S31A00E90839C2F2C2A00000004004000083F2677A65ECBF73A1C423
S31A00E9084E0000400400008A3AE64F76F805842188000040040085
S31A00E90863009083652488034B96A0B000004004000096CBE3F9B8
S31A00E90878990E91A8A1E00000400400009D1462CEAA19D7B92182
S31A00E9088D58000040040000A35CE1A3BB251DCBA110000040048B
S31A00E908A20000A9A56078CC3063DDA1FC000040040000AFEDDF94
S31A00E908B74DDD3BA9EE2120000040040000B6365E22EE46F0002C
S31A00E908CCA148000040040000BC7EDCF7FF52361121E80000400D
S31A00E908E1040000C2C75BCD105D7C2320D0000040040000C90F46
S31A00E908F6DAA22168C235A1800000F21048002210322800040205
S31A00E9090B817FFFFFFF0C813FD780006C04600001340C814004F2
S31A00E90920BC7E6D0460000144F2000080F23A54A3D3D443FAFD0D
S31A00E90935BCF2016080E981D3C1F2194828F2114428EA99028141
S31A00E9094A80000000F227E00C0C81000000006D000072F20000C6
S31A00E9095F80F20004A3F23A5580FAF8F23A5500FAFAF20005A379
S31A00E90974F2000523F23A55A2FAF4F23A4922FAFEF20005A3F239
S31A00E90989000523F23A49A2FB00F23A4922FB0AF20005A3F20008
S31A00E9099E0523F23A49A2FB0CF2000123F2000CA3F2000822F24A
S31A00E909B33C44A23F800000F21FD030F2009000F200042060FF57
S31A00E909C8000038D8F2000080F2000023F23A5580FA88F23A5590
S31A00E909DD00FA8AF20001A3F2000123F23A55A2FA84F23A4922AE
S31A00E909F2FA8EF20001A3F2000123F23A49A2FA90F23A4922FA9B
S31A00E90A079AF20001A3F2000123F23A49A2FA9CF2000523F200EC
S31A00E90A1C0C23F20008A2F23C44223F800000F21FD030F2276826
S31A00E90A31800A9780000000F2009000F21F482060FF0000385E30
S31A00E90A460C813FFF80006E1CF2276800F2009000123C0003F291
S31A00E90A5B1F480060FF0000383260FF000036CEF227E03C2F029E
S31A00E90A70F23C4480000000000C817FFEFFFF66523D7C7FFEFF9B
S31A00E90A85842D7CC90FDAA2FF8842AEFF8C3D7C7FDCFF902D7C9E
S31A00E90A9A85A308D3FF9442AEFF98F200003AF294000E002E004D
S31A00E90AAF80FF84002E0080FF90F22E4822FF84F2000080F22E64
S31A00E90AC44822FF90F20000A8F22E48A2FF90F22E6800FF8432C5
S31A00E90AD92EFF842241028100007FFF048100003FFF0C810000B4
S31A00E90AEE001C6F0E04810000001B1D7C0000FF58600842811D93
S31A00E90B037C0001FF58243C00003FFE94812D7CA2F9836EFF88AC
S31A00E90B182D7C4E44152AFF8C3D42FF84F2000100F22E4923FF54
S31A00E90B2D842409484202828000000000825F0000002D42FF54E2
S31A00E90B42F22E4522FF54F22E4528FF542401068200003FFF3DCD
S31A00E90B5742FF842D7CC90FDAA2FF8842AEFF8C068100003FDD33
S31A00E90B6C3D41FF902D7C85A308D3FF9442AEFF98122EFF58F229
S31A00E90B81000A00F22E4A23FF84F2000A80F22E4AA3FF90F2004C
S31A00E90B961180F20015A2F2000E28F2000C28F2001622F20001B6
S31A00E90BAB80F20010A8F20004220C0100006E00000EF20001A8E0
S31A00E90BC0F2000CA26000FF0CF22E6100FF54241FF21FD03C22D0
S31A00E90BD52EFF54E2996000FD72BFF6687E314987D84002AC6986
S31A00E90BEA34A26DB3BFC2476F4E1DA28E3FB344447F876989BF0E
S31A00E90BFFB744EE7FAF45DB3FBC71C646940220BFC249249218F5
S31A00E90C1472F93FC9999999998FA9BFD5555555555555BFB70BBA
S31A00E90C29F398539E6A3FBC7187962D1D7DBFC24924827107B8F1
S31A00E90C3E3FC999999996263EBFD55555555555363FFF0000C96B
S31A00E90C530FDAA22168C23500000000BFFF0000C90FDAA22168F7
S31A00E90C68C2350000000000010000800000000000000000000010
S31A00E90C7D00800100008000000000000000000000003FFB000038
S31A00E90C9283D152C5060B7A51000000003FFB00008BC85445658C
S31A00E90CA7498B8B000000003FFB000093BE406017626B0D0000CE
S31A00E90CBC00003FFB00009BB3078D35AEC202000000003FFB0037
S31A00E90CD100A3A69A525DDCE7DE000000003FFB0000AB98E94343
S31A00E90CE662765619000000003FFB0000B389E502F9C5986200AE
S31A00E90CFB0000003FFB0000BB797E436B09E6FB000000003FFB37
S31A00E90D100000C367A5C739E5F446000000003FFB0000CB544C4C
S31A00E90D2561CFF7D5C6000000003FFB0000D33F62F82488533E25
S31A00E90D3A000000003FFB0000DB28DA8162404C77000000003F79
S31A00E90D4FFB0000E310A4078AD34F18000000003FFB0000EAF629
S31A00E90D64B0A8188EE1EB000000003FFB0000F2DAF1949DBE7962
S31A00E90D79D5000000003FFB0000FABD581361D47E3E0000000054
S31A00E90D8E3FFC00008346AC210959ECC4000000003FFC00008BB8
S31A00E90DA3232A08304282D8000000003FFC000092FB70B8D29ACF
S31A00E90DB8E2F9000000003FFC00009ACF476F5CCD1CB400000009
S31A00E90DCD003FFC0000A29E76304954F23F000000003FFC0000F8
S31A00E90DE2AA68C5D08AB85230000000003FFC0000B22DFFFD9DEF
S31A00E90DF7539F83000000003FFC0000B9EDEF453E900EA50000ED
S31A00E90E0C00003FFC0000C1A85F1CC75E3EA5000000003FFC0080
S31A00E90E2100C95D1BE828138DE6000000003FFC0000D10BF300EC
S31A00E90E36840D2DE4000000003FFC0000D8B4B2BA6BC05E7A00E0
S31A00E90E4B0000003FFC0000E0572A6BB42335F6000000003FFC5F
S31A00E90E600000E7F32A70EA9CAA8F000000003FFC0000EF888425
S31A00E90E753264ECEFAA000000003FFC0000F7170A28ECC066666B
S31A00E90E8A000000003FFD0000812FD288332DAD32000000003FA0
S31A00E90E9FFD000088A8D1B1218E4D64000000003FFD0000901262
S31A00E90EB4AB3F23E4AEE8000000003FFD0000976CC3D411E7F1F4
S31A00E90EC9B9000000003FFD00009EB689493889A2270000000080
S31A00E90EDE3FFD0000A5EF72C34487361B000000003FFD0000AD06
S31A00E90EF31700BAF07A7227000000003FFD0000B42CBCFAFD3721
S31A00E90F08EFB7000000003FFD0000BB303A940BA80F89000000FF
S31A00E90F1D003FFD0000C22115C6FCAEBBAF000000003FFD000086
S31A00E90F32C8FEF3E686331221000000003FFD0000CFC98330B4F5
S31A00E90F47000C70000000003FFD0000D6807AA1102C5BF90000ED
S31A00E90F5C00003FFD0000DD2399BC31252AA3000000003FFD00A1
S31A00E90F7100E3B2A8556B8FC517000000003FFD0000EA2D764FFC
S31A00E90F8664315989000000003FFD0000F3BF5BF8BAD1A21D0065
S31A00E90F9B0000003FFE0000801CE39E0D205C9A000000003FFE98
S31A00E90FB000008630A2DADA1ED066000000003FFE00008C1AD426
S31A00E90FC545F3E09B8C000000003FFE000091DB8F1664F350E212
S31A00E90FDA000000003FFE000097731420365E538C000000003FE6
S31A00E90FEFFE00009CE1C8E6A0B8CDBA000000003FFE0000A228EF
S31A00E9100432DBCADAAE09000000003FFE0000A746F2DDB760224E
S31A00E9101994000000003FFE0000AC3EC0FB997DD6A200000000CF
S31A00E9102E3FFE0000B110688AEBDC6F6A000000003FFE0000B53C
S31A00E91043BCC49059ECC4B0000000003FFE0000BA44BC7DD47028
S31A00E91058782F000000003FFE0000BEA94144FD049AAC0000007D
S31A00E9106D003FFE0000C2EB4ABB661628B6000000003FFE0000F9
S31A00E91082C70BD54CE602EE14000000003FFE0000CD000549AD88
S31A00E91097EC7159000000003FFE0000D48457D2D8EA4EA300002E
S31A00E910AC00003FFE0000DB948DA712DECE3B000000003FFE002A
S31A00E910C100E23855F969E8096A000000003FFE0000E877112929
S31A00E910D6C4353259000000003FFE0000EE57C16E0D379C0D00F4
S31A00E910EB0000003FFE0000F3E10211A87C3779000000003FFECC
S31A00E911000000F919039D758B8D41000000003FFE0000FE058BA0
S31A00E911158F64935FB3000000003FFF00008155FB497B685D04A2
S31A00E9112A000000003FFF000083889E3549D108E1000000003F63
S31A00E9113FFF0000859CFA76511D724B000000003FFF0000879597
S31A00E911542ECFFF8131E7000000003FFF000089732FD195576478
S31A00E911691B000000003FFF00008B38CAD101932A3500000000D8
S31A00E9117E3FFF00008CE7A8D8301EE6B5000000003FFF00008F86
S31A00E9119346A39E2EAE5281000000003FFF0000922DA7D791888E
S31A00E911A88487000000003FFF000094D19FCBDEDF5241000000DB
S31A00E911BD003FFF0000973AB94419D2A08B000000003FFF0000CE
S31A00E911D2996FF00E08E10B96000000003FFF00009B773F951253
S31A00E911E7321DA7000000003FFF00009D55CC320F9356240000C4
S31A00E911FC00003FFF00009F100575006CC571000000003FFF00A8
S31A00E9121100A0A9C290D97CC06C000000003FFF0000A22659EB73
S31A00E91226EBC0630A000000003FFF0000A388B4AFF6EF0EC90024
S31A00E9123B0000003FFF0000A4D35F1061D292C4000000003FFFC4
S31A00E912500000A60895DCFBE3187E000000003FFF0000A72A51A7
S31A00E91265DC7367BEAC000000003FFF0000A83A51530956168F9D
S31A00E9127A000000003FFF0000A93A20077539546E000000003F79
S31A00E9128FFF0000AA9E7245023B2605000000003FFF0000AC4CBF
S31A00E912A484BA6FE4D58F000000003FFF0000ADCE4A4A606B97A2
S31A00E912B912000000003FFF0000AF2A2DCD8D263C9C0000000083
S31A00E912CE3FFF0000B0656F81F22265C7000000003FFF0000B1AA
S31A00E912E38465150F71496A000000003FFF0000B28AAA156F9A94
S31A00E912F8DA35000000003FFF0000B37B44FF3766B8950000004A
S31A00E9130D003FFF0000B458C3DCE9630433000000003FFF000032
S31A00E91322B525529D562246BD000000003FFF0000B5E2CCA95FDA
S31A00E913379D88CC000000003FFF0000B692CADA7ACA1ADA00005F
S31A00E9134C00003FFF0000B736AEA7A6925838000000003FFF0017
S31A00E9136100B7CFAB287E9F7B36000000003FFF0000B85ECC66DB
S31A00E91376CB219835000000003FFF0000B8E4FD5A20A593DA0057
S31A00E9138B0000003FFF0000B99F41F64AFF9BB5000000003FFFBA
S31A00E913A00000BA7F1E17842BBE7B000000003FFF0000BB4712A1
S31A00E913B5857637E17D000000003FFF0000BBFABE8A4788DF6F4C
S31A00E913CA000000003FFF0000BC9D0FAD2B689D79000000003FE4
S31A00E913DFFF0000BD306A39471ECD86000000003FFF0000BDB612
S31A00E913F4C731856AF18A000000003FFF0000BE31CAC502E80DE0
S31A00E9140970000000003FFF0000BEA2D55CE33194E20000000016
S31A00E9141E3FFF0000BF0B10B7C03128F0000000003FFF0000BFF5
S31A00E914336B7A18DACB778D000000003FFF0000BFC4EA4663FAC1
S31A00E9144818F6000000003FFF0000C0181BDE8B89A45400000077
S31A00E9145D003FFF0000C065B066CFBF6439000000003FFF0000A9
S31A00E91472C0AE345F56340AE6000000003FFF0000C0F222919CBC
S31A00E91487B9E6A700000000F2104800221032280004F22E6800B9
S31A00E9149CFF8402817FFFFFFF0C813FFB80006C04600000D00CD7
S31A00E914B1814002FFFF6F046000014C02AEF8000000FF8800AE79
S31A00E914C604000000FF882D7C00000000FF8CF2000080F22E4889
S31A00E914DBA3FF84F22E4828FF84F23C44A23F800000F2000420EB
S31A00E914F02F02240102810000780002827FFF000004823FFB00E5
S31A00E9150500E282D282EE8143FAF780D3C12D59FF902D59FF9445
S31A00E9151A2D59FF98222EFF8402818000000083AEFF90241FF2E5
S31A00E9152F27E004F2000080F20004A3F23A5500F6A0F200052272
S31A00E91544F2000523F20000A3F23A5522F696F23A54A3F698F222
S31A00E915590008A3F2000422F21FD020F2009000F22E4822FF902F
S31A00E9156E60FF00002D300C813FFF80006E00008A0C813FD78057
S31A00E91583006D00006CF227E00CF2000023F2000080F20004A366
S31A00E91598F23A5500F65AF23A5580F65CF2000523F20005A3F285
S31A00E915AD3A5522F656F23A55A2F658F2000523F2000CA3F23AE5
S31A00E915C25522F652F23A54A2F654F2000123F22E4823FF84F2E4
S31A00E915D70008A2F2000423F21FD030F2009000F22E4822FF84AD
S31A00E915EC60FF00002CB2F2009000123C0003F22E4800FF8460A0
S31A00E91601FF00002C900C81406380006E00008EF227E00CF23C4B
S31A00E916164480BF800000F20000A0F2000400F2000023F22E68A8
S31A00E9162B80FF84F2000080F20004A3F23A5580F5ECF23A55004A
S31A00E91640F5EEF20005A3F2000523F23A55A2F5E8F23A5522F577
S31A00E91655EAF2000CA3F2000123F23A54A2F5E4F22E4823FF84E7
S31A00E9166AF20008A2F2000423F22E4822FF84F21FD030F2009027
S31A00E9167F004A106A0CF23A4822F5D660FF00002C24F23A4822F1
S31A00E91694F5BA60FF00002C104A106A16F23A4800F5BAF2009089
S31A00E916A900F23A4822F5C060FF00002BFEF23A4800F594F2007B
S31A00E916BE9000F23A4822F5BA60FF00002BE060FF00002A66F208
S31A00E916D310480022103228000402817FFFFFFF0C813FFF8000E1
S31A00E916E86C4E0C813FD780006D00007CF23C44803F800000F295
S31A00E916FD0000A8F227E004F23C45003F800000F2000122F2000B
S31A00E9171208A3F21FD020F2000484F2000420F227E00141D76124
S31A00E91727FFFFFFFD66DFFC0000000C60FF00002B6CF200001877
S31A00E9173CF23C44383F800000F2D2000029D4F23A4800C5A6227E
S31A00E917511002818000000000813F8000002F01F2009000F21F7E
S31A00E91766442360FF00002B36F2009000123C0003F210480060DB
S31A00E9177BFF00002B1660FF000029B2F210480022103228000416
S31A00E9179002817FFFFFFF0C813FFF80006C44F23C44803F8000AA
S31A00E917A500F20000A2F200001AF23C44223F800000F200042037
S31A00E917BAF20000042F004280F227E00141D761FFFFFFFCC4DF35
S31A00E917CFFC0000000CF21F9000F200002260FF00002ACAF20014
S31A00E917E40018F23C44383F800000F2D20000292A4A106A18F29B
S31A00E917F93A4800C4E8F2009000F23C44220080000060FF0000C9
S31A00E9180E2A9C60FF00002CE8F2009000F23A4800C4D660FF00AE
S31A00E91823002A863FDC000082E308654361C4C6000000003FA512
S31A00E91838555555554CC13FC5555555554A543F81111111174308
S31A00E9184D853FA5555555554F5A3FC5555555555555000000002F
S31A00E91862000000003EC71DE3A57746823EFA01A019D7CB683F5E
S31A00E918772A01A01A019DF33F56C16C16C170E23F811111111108
S31A00E9188C11113FA55555555555553FFC0000AAAAAAAAAAAAAA73
S31A00E918A1AB0000000048B0000000000000373000000000000039
S31A00E918B63FFF00008000000000000000000000003FFF000081B1
S31A00E918CB64D1F3BC0307749F841A9B3FFF000082CD8698AC2B5D
S31A00E918E0A1D89FC1D5B93FFF0000843A28C3ACDE4048A072830F
S31A00E918F5693FFF000085AAC367CC487B141FC5C95C3FFF000005
S31A00E9190A871F61969E8D10101EE85C9F3FFF000088980E809272
S31A00E9191FDA85289FA207293FFF00008A14D575496EFD9CA07B3B
S31A00E91934F9AF3FFF00008B95C1E3EA8BD6E8A0020DCF3FFF0016
S31A00E91949008D1ADF5B7E5BA9E4205A63DA3FFF00008EA4398B68
S31A00E9195E45CD53C01EB700513FFF00009031DC431466B1DC1FF6
S31A00E919736EB0293FFF000091C3D373AB11C338A07814943FFF9C
S31A00E919880000935A2B2F13E6E92C9EB319B03FFF000094F4EF37
S31A00E9199DA8FEF709602017457D3FFF000096942D3720185A00E9
S31A00E919B21F11D5373FFF00009837F0518DB8A9709FB952DD3F83
S31A00E919C7FF000099E0459320B7FA641FE430873FFF00009B8D77
S31A00E919DC39B9D54E55381FA2A8183FFF00009D3ED9A72CFFB769
S31A00E919F1501FDE494D3FFF00009EF5326091A111AC2050489075
S31A00E91A063FFF0000A0B0510FB9714FC4A073691C3FFF0000A239
S31A00E91A1B7043030C4968181F9B7A053FFF0000A43515AE09E63A
S31A00E91A3080A0A07971263FFF0000A5FED6A9B15138ECA071A1AA
S31A00E91A45403FFF0000A7CD93B4E9653568204F62DA3FFF000090
S31A00E91A5AA9A15AB4EA7C0EF81F283C4A3FFF0000AB7A39B5A9FD
S31A00E91A6F3ED3389F9A7FDC3FFF0000AD583EEA42A14AC8A05B3B
S31A00E91A843FAC3FFF0000AF3B78AD690A43741FDF26103FFF008A
S31A00E91A9900B123F581D2AC25909F705F903FFF0000B311C412F6
S31A00E91AAEA9112488201F678A3FFF0000B504F333F9DE64841FA3
S31A00E91AC332FB133FFF0000B6FD91E328D1779020038B303FFF5E
S31A00E91AD80000B8FBAF4762FB9EE8200DC3CC3FFF0000BAFF5A71
S31A00E91AEDB2133E45FC9F8B2AE63FFF0000BD08A39F580C36C0D8
S31A00E91B02A02BBF703FFF0000BF1799B67A731084A00BF5183F0A
S31A00E91B17FF0000C12C4CCA66709458A041DD413FFF0000C346C0
S31A00E91B2CCCDA249764089FDF137B3FFF0000C5672A115506DA02
S31A00E91B41DC201F15683FFF0000C78D74C8ABB9B15C1FC13A2E81
S31A00E91B563FFF0000C9B9BD866E2F27A4A03F8F033FFF0000CBA6
S31A00E91B6BEC14FEF2727C5C1FF4907D3FFF0000CE248C151F84A8
S31A00E91B8080E49E6E53E43FFF0000D06333DAEF2B25941FD6D4A0
S31A00E91B955C3FFF0000D2A81D91F12AE45CA076EDB93FFF000035
S31A00E91BAAD4F35AABCFEDFA209FA6DE213FFF0000D744FCCAD65C
S31A00E91BBF9D6AF41EE69A2F3FFF0000D99D15C278AFD7B4207F7E
S31A00E91BD4439F3FFF0000DBFBB797DAF23754201EC2073FFF002D
S31A00E91BE900DE60F4825E0E91249E8BE1753FFF0000E0CCDEECF0
S31A00E91BFE2A94E11020032C4B3FFF0000E33F8972BE8A5A50202D
S31A00E91C1304DFF53FFF0000E5B906E77C8348A81E72F47A3FFF01
S31A00E91C280000E8396A503C4BDC681F722F223FFF0000EAC0C682
S31A00E91C3DE7DD243930A017E9453FFF0000ED4F301ED9942B8489
S31A00E91C521F401A5B3FFF0000EFE4B99BDCDAF5CC9FB9A9E33FBB
S31A00E91C67FF0000F281773C59FFB13820744C053FFF0000F525D6
S31A00E91C7C7D152486CC2C1F773A193FFF0000F7D0DF730AD13BDA
S31A00E91C91B81FFE90D53FFF0000FA83B2DB722A033CA041ED2202
S31A00E91CA63FFF0000FD3E0C0CF486C1741F853F3A221002817FA9
S31A00E91CBBFF00000C813FBE00006C0660FF000001083228000464
S31A00E91CD00C81400CB1676D0660FF0000010CF2104800F2000004
S31A00E91CE580F23C442342B8AA3BF227E00C2D7C00000000FF5802
S31A00E91CFAF201600043FAFBB6F20140002D41FF5402810000002E
S31A00E91D0F3FE989D3C1222EFF54EC8106413FFF3D7AFB06FF54EB
S31A00E91D24F2000100F23C4423BC317218F23A4923FAF2F2000442
S31A00E91D3922F2000822F2000080F20004A3F23C45003AB60B707F
S31A00E91D4EF2000523F2000580F23C45A33C088895F23A5522FAEC
S31A00E91D63D4F23A55A2FAD6F20005233D41FF842D7C8000000071
S31A00E91D78FF8842AEFF8CF20005A3F23C45223F000000F2000104
S31A00E91D8DA3F2000523F2000C22F2194880F2000822F20004236D
S31A00E91DA2F21FD030F2114422F2000422222EFF584A816706F2DA
S31A00E91DB72E4823FF90F2009000123C0000F22E4823FF8460FFC3
S31A00E91DCC000024C6F210D080F2009000F23C44223F80000060A2
S31A00E91DE1FF000024C60C81400CB27C6E66F2104800F20000807E
S31A00E91DF6F23C442342B8AA3BF227E00C2D7C00000001FF58F27D
S31A00E91E0B01600043FAFAA6F20140002D41FF5402810000003FDF
S31A00E91E20E989D3C1222EFF54EC812D41FF54E28193AEFF5406EA
S31A00E91E35413FFF3D41FF902D7C80000000FF9442AEFF98222E8A
S31A00E91E4AFF5406413FFF6000FED24A106BFF0000237060FF00D6
S31A00E91E5F0024122F10029780000000009700800000F23C440068
S31A00E91E743F800000F2009000F21F442260FF00002426221002D5
S31A00E91E89817FFF00000C813FFD00006C0660FF0000015E322803
S31A00E91E9E00040C814004C2156F0660FF0000026CF2104800F216
S31A00E91EB3000080F23C442342B8AA3BF227E00CF201600043FAA2
S31A00E91EC8F9EEF20140002D41FF5402810000003FE989D3C12251
S31A00E91EDD2EFF54EC812D41FF54F2000100F23C4423BC31721853
S31A00E91EF2F23A4923F930F2000422F200082206413FFFF2000080
S31A00E91F0780F20004A3F23C45003950097BF2000523F2000580AC
S31A00E91F1CF23C45A33AB60B6AF23A5522F91EF23A55A2F9203D13
S31A00E91F3141FF842D7C80000000FF8842AEFF8CF2000523222E53
S31A00E91F46FF544441F20005A306413FFFF23A5522F900F23C4591
S31A00E91F5BA23F000000F2000523004180003D41FF902D7C800090
S31A00E91F700000FF9442AEFF98F2000CA3F2000123F2000422F292
S31A00E91F85000822F21FD030F2114823222EFF540C810000003F40
S31A00E91F9A6F1AF2294480000CF22E48A2FF90F2000422F21148D3
S31A00E91FAF2260FF000000340C81FFFFFFFD6C16F2294422000CE3
S31A00E91FC4F2114822F22E4822FF9060FF00000016F2194880F259
S31A00E91FD9114422F22E48A2FF90F2000422F2009000F22E4823CF
S31A00E91FEEFF8460FF000022AE0C813FBE00006C6C0C810033001B
S31A00E92003006D2C2D7C80010000FF842D7C80000000FF8842AEF3
S31A00E92018FF8CF2104800F2009000123C0002F22E4822FF8460B0
S31A00E9202DFF00002264F2104800F23A5423F86C2D7C80010000AF
S31A00E92042FF842D7C80000000FF8842AEFF8CF22E4822FF84F2ED
S31A00E92057009000123C0000F23A5423F84C60FF0000222CF21011
S31A00E9206C4800F2000023F227E00CF23C44802F30CAA8F2000059
S31A00E92081A3F23C4500310F8290F23C44A232D73220F20001236E
S31A00E92096F20000A3F23C45223493F281F23A54A2F7C0F2000116
S31A00E920AB23F20000A3F23A5522F7BAF23A54A2F7BCF20001233A
S31A00E920C0F20000A3F23A5522F7B6F23A54A2F7B8F2000123F25E
S31A00E920D50000A3F23A5522F7B2F23A48A2F7B4F2000123F2004F
S31A00E920EA00A3F2000123F21048A3F23C44233F000000F200087E
S31A00E920FFA2F21FD030F2000422F2009000F210482260FF0000C5
S31A00E92114218E22100C81000000006E00FBACF23C4400BF800093
S31A00E9212900F2009000F23C44220080000060FF0000217860FFC5
S31A00E9213E00001FF6302800000880000F04403FFFF20050006D68
S31A00E92153024E751D7C0008FF644E7561FF00007CFC444004405C
S31A00E921683FFFF20050001D7C0008FF644E753028000000407F15
S31A00E9217DFF0880000E2D680004FF882D680008FF8C3D40FF8481
S31A00E92192F22E4800FF846B024E751D7C0008FF644E7561FF0007
S31A00E921A7007CB660CA7FFB0000800000000000000000000000DE
S31A00E921BCF210480022103228000402817FFFFFFF0C81400CB1BC
S31A00E921D1676E42F20000182F004280F227E00141D761FFFFFF88
S31A00E921E6FAD2DFFC0000000CF23C44233F000000201FF23C44BD
S31A00E921FB803E800000F20000A0F2009000123C0002F200042226
S31A00E9221060FF000020800C81400CB2B36E3CF2000018F23A5459
S31A00E9222528BAAEF23A5428BAB02F004280F227E00141D761FFB0
S31A00E9223AFFFFFA7CDFFC0000000C201FF2009000123C0000F244
S31A00E9224F3A4823FF5A60FF0000203C60FF00002014F23C4400CD
S31A00E922643F800000F2009000F23C44220080000060FF000020A2
S31A00E9227932F2104800221032280004224102817FFFFFFF0C8166
S31A00E9228E400CB1676E62F200001848E78040F227E00141D742CB
S31A00E922A38061FFFFFFFBE0DFFC0000000CF23C900000000000D9
S31A00E922B84CDF0201F2000080F23C44A23F800000F2276800F23C
S31A00E922CD000420220902818000000000813F000000F21F482280
S31A00E922E22F01F2009000123C0000F21F442360FF00001FA00C56
S31A00E922F781400CB2B36EFF00001F4CF2000018F23A5428B9CAA4
S31A00E9230C2F3C000000002F3C8000000022090281800000000049
S31A00E92321817FFB00002F01F23A5428B9B02F004280F227E00191
S31A00E9233641D761FFFFFFF97CDFFC0000000C201FF200900012FE
S31A00E9234B3C0000F21F482360FF00001F3E60FF00001DDAF210C2
S31A00E923604800F22E6800FF842210322800042D41FF8402817FA3
S31A00E92375FFFFFF0C813FD780006D0000740C813FFFDDCE6E007F
S31A00E9238A006A222EFF842D41FF5C02817FFF00000681000100C0
S31A00E9239F002D41FF8402AE80000000FF5CF22E4800FF842F00A4
S31A00E923B44280F227E00141D761FFFFFFFAC8DFFC0000000C202A
S31A00E923C91FF2000080F23C44A240000000222EFF5CF22E688078
S31A00E923DEFF84B3AEFF84F2009000F22E4820FF8460FF00001E8A
S31A00E923F3B00C813FFF80006D0000880C8140048AA16E000092FA
S31A00E92408222EFF842D41FF5C02817FFF00000681000100002D7E
S31A00E9241D41FF8402AE80000000FF5C222EFF5CF22E4800FF84D6
S31A00E924322F004280F227E00141D761FFFFFFF878DFFC000000FA
S31A00E924470C201F222EFF5CF23C44223F8000000A81C0000000FD
S31A00E9245CF2014480F20000A0222EFF5C00813F800000F2014411
S31A00E9247100F2009000123C0002F200042260FF00001E20F200EE
S31A00E924869000123C0003F22E4800FF8460FF00001DFE222EFFBD
S31A00E9249B8402818000000000813F800000F2014400028180003C
S31A00E924B000000A8180800000F2009000F201442260FF00001D46
S31A00E924C5DE60FF00001C6C3FFE0000B17217F7D1CF79AC00001B
S31A00E924DA00003F800000000000007F800000BF8000003FC249B7
S31A00E924EF9AB5E4040BBFC555B5848CB7DB3FC99999987D873071
S31A00E92504BFCFFFFFFF6F7E973FD55555555555A4BFE0000000C4
S31A00E925190000083F175496ADD7DAD63F3C71C2FE80C7E03F62CE
S31A00E9252E4924928BCCFF3F899999999995EC3FB555555555550A
S31A00E925435540000000000000003F9900008000000000000000A7
S31A00E92558000000003FFE0000FE03F80FE03F80FE000000003F5E
S31A00E9256DF70000FF015358833C47E2000000003FFE0000FA2386
S31A00E925822CF252138AC0000000003FF90000BDC8D83EAD88D5AB
S31A00E9259749000000003FFE0000F6603D980F6603DA000000003D
S31A00E925AC3FFA00009CF43DCFF5EAFD48000000003FFE0000F203
S31A00E925C1B9D6480F2B9D65000000003FFA0000DA16EB88CB8D0F
S31A00E925D6F614000000003FFE0000EF2EB71FC434523800000045
S31A00E925EB003FFB00008B29B7751BD70743000000003FFE000059
S31A00E92600EBBDB2A5C1619C8C000000003FFB0000A8D839F83072
S31A00E92615C1FB49000000003FFE0000E865AC7B7603A19700005A
S31A00E9262A00003FFB0000C61A2EB18CD907AD000000003FFE005D
S31A00E9263F00E525982AF70C880E000000003FFB0000E2F2A47A06
S31A00E92654DE3A18AF000000003FFE0000E1FC780E1FC780E200BB
S31A00E926690000003FFB0000FF64898EDF55D551000000003FFE22
S31A00E9267E0000DEE95C4CA037BA57000000003FFC00008DB9562A
S31A00E92693A97B3D0148000000003FFE0000DBEB61EED19C595829
S31A00E926A8000000003FFC00009B8FE100F47BA1DE000000003FBB
S31A00E926BDFE0000D901B2036406C80E000000003FFC0000A93731
S31A00E926D22F1D0DA1BD17000000003FFE0000D62B80D62B80D621
S31A00E926E72C000000003FFC0000B6B07F38CE90E46B00000000BE
S31A00E926FC3FFE0000D3680D3680D3680D000000003FFC0000C359
S31A00E92711FD032906488481000000003FFE0000D0B69FCBD258F1
S31A00E927260D0B000000003FFC0000D11DE0FF15AB18CA000000ED
S31A00E9273B003FFE0000CE168A7725080CE1000000003FFC000023
S31A00E92750DE1433A16C66B150000000003FFE0000CB8727C06511
S31A00E92765C393E0000000003FFC0000EAE10B5A7DDC8ADD00000F
S31A00E9277A00003FFE0000C907DA4E871146AD000000003FFC0060
S31A00E9278F00F7856E5EE2C9B291000000003FFE0000C6980C6900
S31A00E927A480C6980C000000003FFD000082012CA5A68206D700B2
S31A00E927B90000003FFE0000C4372F855D824CA6000000003FFD23
S31A00E927CE0000882C5FCD7256A8C5000000003FFE0000C1E4BB55
S31A00E927E3D595F6E947000000003FFD00008E44C60B4CCFD7DEB3
S31A00E927F8000000003FFE0000BFA02FE80BFA02FF000000003FE5
S31A00E9280DFD0000944AD09EF4351AF6000000003FFE0000BD69E2
S31A00E92822104707661AA3000000003FFD00009A3EECD4C3EAA60A
S31A00E92837B2000000003FFE0000BB3EE721A54D880C0000000027
S31A00E9284C3FFD0000A0218434353F1DE8000000003FFE0000B964
S31A00E928612143FA36F5E02E000000003FFD0000A5F2FCABBBC5E2
S31A00E9287606DA000000003FFE0000B70FBB5A19BE365900000000
S31A00E9288B003FFD0000ABB3B8BA2AD362A5000000003FFE0000FC
S31A00E928A0B509E68A9B94821F000000003FFD0000B1641795CE6B
S31A00E928B53CA97B000000003FFE0000B30F63528917C80B000098
S31A00E928CA00003FFD0000B70475515D0F1C61000000003FFE0027
S31A00E928DF00B11FD3B80B11FD3C000000003FFD0000BC952AFE90
S31A00E928F4EA3D13E1000000003FFE0000AF3ADDC680AF3ADE00B5
S31A00E929090000003FFD0000C2168ED0F458BA4A000000003FFECB
S31A00E9291E0000AD602B580AD602B6000000003FFD0000C788F40E
S31A00E9293339B3163BF1000000003FFE0000AB8F69E28359CD11F6
S31A00E92948000000003FFD0000CCECAC08BF04565D000000003F2E
S31A00E9295DFE0000A9C84A47A07F5638000000003FFD0000D24279
S31A00E9297204872DD85160000000003FFE0000A80A80A80A80A8D7
S31A00E929870B000000003FFD0000D78949923BC3588A00000000EA
S31A00E9299C3FFE0000A655C4392D7B73A8000000003FFD0000DC27
S31A00E929B1C2C4B49887DACC000000003FFE0000A4A9CF1D968394
S31A00E929C63751000000003FFD0000E1EEBD3E6D6A6B9E0000009F
S31A00E929DB003FFE0000A3065E3FAE7CD0E0000000003FFD00005F
S31A00E929F0E70D785C2F9F5BDC000000003FFE0000A16B312EA8C6
S31A00E92A05FC377D000000003FFD0000EC1F392C5179F283000032
S31A00E92A1A00003FFE00009FD809FD809FD80A000000003FFD00C1
S31A00E92A2F00F12440D3E36130E6000000003FFE00009E4CAD232A
S31A00E92A44DD5F3A20000000003FFD0000F61CCE92346600BB00F5
S31A00E92A590000003FFE00009CC8E160C3FB19B9000000003FFDCB
S31A00E92A6E0000FB091FD38145630A000000003FFE00009B4C6FA8
S31A00E92A839EF03A3CAA000000003FFD0000FFE97042BFA4C2ADF9
S31A00E92A98000000003FFE000099D722DABDE58F06000000003F1B
S31A00E92AADFE0000825EFCED49369330000000003FFE00009868DF
S31A00E92AC2C809868C8098000000003FFE000084C37A7AB9A90536
S31A00E92AD7C9000000003FFE000097012E025C04B809000000000C
S31A00E92AEC3FFE000087224C2E8E645FB7000000003FFE000095AC
S31A00E92B01A02568095A0257000000003FFE0000897B8CAC9F7D52
S31A00E92B16E298000000003FFE0000944580944580944600000078
S31A00E92B2B003FFE00008BCF55DEC4CD05FE000000003FFE00000B
S31A00E92B4092F113840497889C000000003FFE00008E1DC0FB898C
S31A00E92B55E125E5000000003FFE000091A2B3C4D5E6F8090000EE
S31A00E92B6A00003FFE00009066E68C955B6C9B000000003FFE008E
S31A00E92B7F00905A38633E06C43B000000003FFE000092AADE74BF
S31A00E92B94C7BE59E0000000003FFE00008F1779D9FDC3A21900CF
S31A00E92BA90000003FFE000094E9BFF615845643000000003FFE4A
S31A00E92BBE00008DDA520237694809000000003FFE00009723A1CF
S31A00E92BD3B720134203000000003FFE00008CA29C046514E02348
S31A00E92BE8000000003FFE0000995899C890EB8990000000003F87
S31A00E92BFDFE00008B70344A139BC75A000000003FFE00009B882E
S31A00E92C12BDAA3A3DAE2F000000003FFE00008A42F8705669DBF8
S31A00E92C2746000000003FFE00009DB4224FFFE1157C00000000F3
S31A00E92C3C3FFE0000891AC73AE9819B50000000003FFE00009F82
S31A00E92C51DADC268B7A12DA000000003FFE000087F78087F78079
S31A00E92C6687F8000000003FFE0000A1FCFF17CE733BD4000000AB
S31A00E92C7B003FFE000086D905447A34ACC6000000003FFE000013
S31A00E92C90A41A9E8F5446FB9F000000003FFE000085BF37612CDC
S31A00E92CA5EE3C9B000000003FFE0000A633CD7E6771CD8B0000D5
S31A00E92CBA00003FFE000084A9F9C8084A9F9D000000003FFE0020
S31A00E92CCF00A8489E600B435A5E000000003FFE00008399305232
S31A00E92CE43FBE3368000000003FFE0000AA59233CCCA4BD49003F
S31A00E92CF90000003FFE0000828CBFBEB9A020A3000000003FFEB6
S31A00E92D0E0000AC656DAE6BCC4985000000003FFE000081848DC1
S31A00E92D23A8FAF0D277000000003FFE0000AE6D8EE360BB246861
S31A00E92D38000000003FFE00008080808080808081000000003F1A
S31A00E92D4DFE0000B07197A23C46C65400000000F21048002D7C9B
S31A00E92D6200000000FF542210322800042D50FF842D680004FFF2
S31A00E92D77882D680008FF8C0C81000000006D0001820C813FFE61
S31A00E92D8CF07D6D0A0C813FFF88416F0000E2E081E08104810033
S31A00E92DA1003FFFD2AEFF5441FAF7B2F20140802D7C3FFF00009F
S31A00E92DB6FF842D6EFF88FF9402AEFE000000FF9400AE010000F1
S31A00E92DCB00FF94222EFF9402817E000000E081E081E881D1C1D0
S31A00E92DE0F22E4800FF842D7C3FFF0000FF9042AEFF98F22E489F
S31A00E92DF528FF90F227E00CF2104823F23A48A3F6C8F2000100E9
S31A00E92E0AF2000923F22E6880FF84F2000980F2000880F23A54A6
S31A00E92E1FA3F6CCF23A5523F6CEF23A54A2F6D0F23A5522F6D28F
S31A00E92E34F2000CA3F2000D23F23A54A2F6CCF23A5522F6CEF29A
S31A00E92E49000CA3D1FC00000010F2000D23F20000A3F200082226
S31A00E92E5EF21048A2F21FD030F2000422F2009000F22E4822FF50
S31A00E92E738460FF0000142AF23C58380001F2C100001678F20048
S31A00E92E880080F23A44A8F64EF23A4422F648F20004A2F2000010
S31A00E92E9DA0F227E00CF2000400F2000023F22E6880FF84F20004
S31A00E92EB20080F20004A3F23A5580F660F23A5500F662F20005DC
S31A00E92EC7A3F2000523F23A55A2F65CF23A5522F65EF2000CA33D
S31A00E92EDCF2000123F23A54A2F658F22E4823FF84F20008A2F2D0
S31A00E92EF11FD030F2000423F2009000F22E4822FF8460FF0000B7
S31A00E92F06139C60FF000012102D7CFFFFFF9CFF5448E73F00266E
S31A00E92F1B10282800042A28000842824A84663428054285742040
S31A00E92F304286EDC46000EDACD4862D43FF842D44FF882D45FF75
S31A00E92F458C44822D42FF54F22E4800FF844CDF00FC41EEFF84B0
S31A00E92F5A6000FE0C4286EDC460002406EDAC2E05EDAD448606D0
S31A00E92F6F8600000020ECAF88872D43FF842D44FF882D45FF8C26
S31A00E92F8444822D42FF54F22E4800FF844CDF00FC41EEFF84609D
S31A00E92F9900FDCEF2104800F2000018F23A4838F5A4F292001438
S31A00E92FAEF2009000123C0003F210480060FF000012D6F2104871
S31A00E92FC3002D7C00000000FF54F2000080F23A4422F508F22EED
S31A00E92FD86800FF843D6EFF88FF86222EFF840C81000000006F84
S31A00E92FED0000DA0C813FFE80006D00FDA20C813FFFC0006E00B7
S31A00E93002FD980C813FFEF07D6D00001A0C813FFF88416E000075
S31A00E9301710F20004A2F23A4422F4BC6000FE762D6EFF88FF9442
S31A00E9302C02AEFE000000FF9400AE01000000FF940C813FFF80D2
S31A00E93041006C44F23A4400F4FC2D7C3FFF0000FF9042AEFF987E
S31A00E93056F22E4828FF90222EFF9402817E000000E081E081E8C9
S31A00E9306B81F20004A2F227E00CF200042241FAF4E2D1C1F23A5C
S31A00E930804480F4666000FD76F23A4400F4502D7C3FFF0000FFC1
S31A00E930959042AEFF98F22E4828FF90222EFF9402817E0000001D
S31A00E930AAE081E081E881F2000422F227E00C41FAF4A2D1C1F285
S31A00E930BF3A4480F41E6000FD360C81000000006D10F23A4400F0
S31A00E930D4F414F200900060FF00001014F23A4400F3FCF200900A
S31A00E930E90060FF0000102E60FF00001042221032280004028182
S31A00E930FE7FFFFFFF0C813FFF80006C56F2104818F2000080F27F
S31A00E9311300049AF2000022F23C44A23F800000F20004202210EB
S31A00E9312802818000000000813F0000002F012F004280F227E0C6
S31A00E9313D0141D761FFFFFFFE5ADFFC0000000C201FF200900017
S31A00E93152123C0000F21F442360FF00001136F2104818F23C4439
S31A00E93167383F800000F2D200000FAC60FF00000F7C60FF0000A5
S31A00E9317C0FBA3FFD0000DE5BD8A937287195000000003FFF00ED
S31A00E9319100B8AA3B295C17F0BC00000000F23C58000001F210CC
S31A00E931A64838F2C10000135022106D0000902F00428061FFFF10
S31A00E931BBFFFBA2F21F9000F23A4823FFB860FF000010D622100E
S31A00E931D06D0000702F00428061FFFFFFFD34F21F9000F23A4889
S31A00E931E523FF9860FF000010C622106D00005022280008662E22
S31A00E931FA2228000402817FFFFFFF66223210028100007FFF04B5
S31A00E9320F8100003FFF67FF000012E4F2009000F201400060FF8C
S31A00E932240000107C2F00428061FFFFFFFB2EF21F9000F23A488D
S31A00E9323923FF5460FF0000106260FF00000ED622106D00FFF673
S31A00E9324E2F00428061FFFFFFFCBAF21F9000F23A4823FF2E60B2
S31A00E93263FF0000104C406A934F0979A3713F734413509F800072
S31A00E93278BFCD0000C0219DC1DA994FD200000000400000009320
S31A00E9328D5D8DDDAAA8AC17000000003FFE0000B17217F7D1CF53
S31A00E932A279AC000000003F56C16D6F7BD0B23F811112302C7124
S31A00E932B72C3FA5555555554CC13FC5555555554A543FE000008D
S31A00E932CC0000000000000000000000003FFF0000800000000040
S31A00E932E10000003F7380003FFF00008164D1F3BC0307733FBE9A
S31A00E932F6F7CA3FFF000082CD8698AC2BA1D73FBDF8A93FFF003E
S31A00E9330B00843A28C3ACDE40463FBCD7C93FFF000085AAC367D3
S31A00E93320CC487B15BFBDE8DA3FFF0000871F61969E8D10103F62
S31A00E93335BDE85C3FFF000088980E8092DA85273FBEBBF13FFFA8
S31A00E9334A00008A14D575496EFD9A3FBB80CA3FFF00008B95C1E6
S31A00E9335FE3EA8BD6E7BFBA83733FFF00008D1ADF5B7E5BA9E65F
S31A00E93374BFBE96703FFF00008EA4398B45CD53C03FBDB7003F87
S31A00E93389FF00009031DC431466B1DC3FBEEEB03FFF000091C32D
S31A00E9339ED373AB11C3363FBBFD6D3FFF0000935A2B2F13E6E965
S31A00E933B32CBFBDB3193FFF000094F4EFA8FEF709613FBDBA2B05
S31A00E933C83FFF000096942D3720185A003FBE91D53FFF0000986A
S31A00E933DD37F0518DB8A96F3FBE8D5A3FFF000099E0459320B7CD
S31A00E933F2FA65BFBCDE7B3FFF00009B8D39B9D54E5539BFBEBA64
S31A00E93407AF3FFF00009D3ED9A72CFFB751BFBD86DA3FFF00002C
S31A00E9341C9EF5326091A111AEBFBEBEDD3FFF0000A0B0510FB9D7
S31A00E93431714FC23FBCC96E3FFF0000A27043030C496819BFBEFA
S31A00E93446C90B3FFF0000A43515AE09E6809E3FBBD1DB3FFF00E3
S31A00E9345B00A5FED6A9B15138EA3FBCE5EB3FFF0000A7CD93B463
S31A00E93470E965356ABFBEC2743FFF0000A9A15AB4EA7C0EF83F77
S31A00E93485BEA83C3FFF0000AB7A39B5A93ED3373FBECB003FFF59
S31A00E9349A0000AD583EEA42A14AC63FBE93013FFF0000AF3B78DD
S31A00E934AFAD690A4375BFBD83673FFF0000B123F581D2AC259020
S31A00E934C4BFBEF05F3FFF0000B311C412A91124893FBDFB3C3F87
S31A00E934D9FF0000B504F333F9DE64843FBEB2FB3FFF0000B6FDB7
S31A00E934EE91E328D177913FBAE2CB3FFF0000B8FBAF4762FB9EDD
S31A00E93503E93FBCDC3C3FFF0000BAFF5AB2133E45FB3FBEE9AAA4
S31A00E935183FFF0000BD08A39F580C36BFBFBEAEFD3FFF0000BFEC
S31A00E9352D1799B67A731083BFBCBF513FFF0000C12C4CCA667012
S31A00E9354294563FBEF88A3FFF0000C346CCDA249764073FBD838A
S31A00E93557B23FFF0000C5672A115506DADD3FBDF8AB3FFF00002A
S31A00E9356CC78D74C8ABB9B15DBFBDFB173FFF0000C9B9BD866E5A
S31A00E935812F27A3BFBEFE3C3FFF0000CBEC14FEF2727C5DBFBBD8
S31A00E93596B6F83FFF0000CE248C151F8480E4BFBCEE533FFF00B1
S31A00E935AB00D06333DAEF2B2595BFBDA4AE3FFF0000D2A81D91D4
S31A00E935C0F12AE45A3FBC91243FFF0000D4F35AABCFEDFA1F3FE0
S31A00E935D5BEB2433FFF0000D744FCCAD69D6AF43FBDE69A3FFF95
S31A00E935EA0000D99D15C278AFD7B6BFB8BC613FFF0000DBFBB77D
S31A00E935FF97DAF237553FBDF6103FFF0000DE60F4825E0E9124C4
S31A00E93614BFBD8BE13FFF0000E0CCDEEC2A94E1113FBACB123F51
S31A00E93629FF0000E33F8972BE8A5A513FBB9BFE3FFF0000E5B91F
S31A00E9363E06E77C8348A83FBCF2F43FFF0000E8396A503C4BDC4F
S31A00E93653683FBEF22F3FFF0000EAC0C6E7DD24392FBFBDBF4A6A
S31A00E936683FFF0000ED4F301ED9942B843FBEC01A3FFF0000EF76
S31A00E9367DE4B99BDCDAF5CB3FBE8CAC3FFF0000F281773C59FFAA
S31A00E93692B13ABFBCBB3F3FFF0000F5257D152486CC2C3FBEF754
S31A00E936A73A3FFF0000F7D0DF730AD13BB9BFB8B7953FFF0000BE
S31A00E936BCFA83B2DB722A033A3FBEF84B3FFF0000FD3E0C0CF462
S31A00E936D186C175BFBEF581F210D080221032280004F22E6800DC
S31A00E936E6FF8402817FFFFFFF0C813FB980006C04600000880CF5
S31A00E936FB81400D80C06F046000007CF2000080F23C44A3428025
S31A00E937100000F22E6080FF542F0243FAFBBCF22E4080FF5422E8
S31A00E937252EFF54240102810000003FE981D3C1EC822202E28145
S31A00E9373A9481068200003FFFF227E00CF23C44A33C8000002DAD
S31A00E9374F59FF842D59FF882D59FF8C3D59FF90F20004283D59A3
S31A00E93764FF94426EFF9642AEFF98D36EFF84F23A4823FB22D3B7
S31A00E937796EFF90600001000C813FFF80006E12F2009000F23C73
S31A00E9378E44223F80000060FF00000B12222EFF840C8100000036
S31A00E937A3006D0660FF00000AC860FF00000A1AF2009000F23C4B
S31A00E937B844003F8000002210008100800001F201442260FF001E
S31A00E937CD000ADCF210D080221032280004F22E6800FF840281A2
S31A00E937E27FFFFFFF0C813FB980006C046000FF900C81400B9B90
S31A00E937F7076F046000FF84F2000080F23A54A3FA62F22E608080
S31A00E9380CFF542F0243FAFAC6F22E4080FF54222EFF542401023A
S31A00E93821810000003FE981D3C1EC822202E28194810682000053
S31A00E938363FFFF227E00CF2000500F23A54A3FA2C2D59FF84F210
S31A00E9384B3A4923FA2A2D59FF882D59FF8CF20004283D59FF904E
S31A00E93860F20008283D59FF94426EFF9642AEFF98F23A4823FABC
S31A00E9387514D36EFF84D36EFF90F2000080F20004A3F23A55001B
S31A00E9388AFA1EF23A5580FA20F2000523F20005A3F23A5522FAB6
S31A00E9389F1AF23A55A2FA1CF2000523F20005A3F23A5522FA166B
S31A00E938B4F20001A3F2000523F2000C22F2000822F21FD030F221
S31A00E938C92E4823FF84F22E4822FF90F22E4822FF84F200900037
S31A00E938DE3D42FF84241F2D7C80000000FF8842AEFF8C123C0028
S31A00E938F300F22E4823FF8460FF00000996F2009000F23C4400D1
S31A00E939083F8000002210008100800001F201442260FF00000907
S31A00E9391D8E2F01E8082200024100030240000C48403001221F48
S31A00E939324A01671E0C01000A6F120C01000E6F3C0C01002F6FB8
S31A00E93947060C01003F6F6260FF00000BAA4A00660C41FB0170DC
S31A00E9395C000000D6600000860C000003670A41FB01700000007E
S31A00E93971D0607441FB0170000000D2606A0401000B4A00661095
S31A00E9398641FB0170000000CC0C0100026F54605A0C00000367C2
S31A00E9399B0A41FB0170000000F260E841FB01700000012460DE27
S31A00E939B0040100304A00661641FB01700000014E0C0100016F9F
S31A00E939C5220C0100076F24601A0C000003670A41FB017000008E
S31A00E939DA01F260E241FB0170000002A860D800AE00000208FF6E
S31A00E939EF64C2FC000C48404A006608F230D08010004E75484099
S31A00E93A043D701000FF902D701004FF942D701008FF982200427E
S31A00E93A198041EEFF904268000261FF000062C6F210D0804E7522
S31A00E93A2E51FC40000000C90FDAA22168C23540000000C90FDA41
S31A00E93A43A22168C23440000000C90FDAA22168C2353FFD00000E
S31A00E93A589A209A84FBCFF79840000000ADF85458A2BB4A9A3F28
S31A00E93A6DFF0000B8AA3B295C17F0BC3FFD0000DE5BD8A937281C
S31A00E93A8271950000000000000000000000003FFD00009A209AAA
S31A00E93A9784FBCFF79840000000ADF85458A2BB4A9A3FFF00003E
S31A00E93AACB8AA3B295C17F0BB3FFD0000DE5BD8A93728719500D7
S31A00E93AC100000000000000000000003FFD00009A209A84FBCF23
S31A00E93AD6F79940000000ADF85458A2BB4A9B3FFF0000B8AA3BAE
S31A00E93AEB295C17F0BC3FFD0000DE5BD8A9372871950000000034
S31A00E93B0000000000000000003FFE0000B17217F7D1CF79AC404E
S31A00E93B15000000935D8DDDAAA8AC173FFF00008000000000007F
S31A00E93B2A000040020000A00000000000000040050000C80000A8
S31A00E93B3F0000000000400C00009C400000000000004019000001
S31A00E93B54BEBC200000000000403400008E1BC9BF0400000040EA
S31A00E93B696900009DC5ADA82B70B59E40D30000C2781F49FFCFC7
S31A00E93B7EA6D541A8000093BA47C980E98CE043510000AA7EEB06
S31A00E93B93FB9DF9DE8E46A30000E319A0AEA60E91C74D4800005D
S31A00E93BA8C976758681750C175A9200009E8B3B5DC53D5DE57560
S31A00E93BBD250000C46052028A20979B3FFE0000B17217F7D1CF7D
S31A00E93BD279AB40000000935D8DDDAAA8AC163FFF00008000005F
S31A00E93BE7000000000040020000A00000000000000040050000B3
S31A00E93BFCC800000000000000400C00009C400000000000004095
S31A00E93C11190000BEBC200000000000403400008E1BC9BF040053
S31A00E93C260000406900009DC5ADA82B70B59D40D30000C2781FE1
S31A00E93C3B49FFCFA6D541A8000093BA47C980E98CDF4351000045
S31A00E93C50AA7EEBFB9DF9DE8D46A30000E319A0AEA60E91C64DD6
S31A00E93C65480000C976758681750C175A9200009E8B3B5DC53D11
S31A00E93C7A5DE475250000C46052028A20979A3FFE0000B17217A1
S31A00E93C8FF7D1CF79AC40000000935D8DDDAAA8AC173FFF000088
S31A00E93CA4800000000000000040020000A000000000000000407A
S31A00E93CB9050000C800000000000000400C00009C400000000012
S31A00E93CCE000040190000BEBC200000000000403400008E1BC919
S31A00E93CE3BF04000000406900009DC5ADA82B70B59E40D30000B9
S31A00E93CF8C2781F49FFCFA6D641A8000093BA47C980E98CE0437E
S31A00E93D0D510000AA7EEBFB9DF9DE8E46A30000E319A0AEA60E6A
S31A00E93D2291C74D480000C976758681750C185A9200009E8B3B0C
S31A00E93D375DC53D5DE575250000C46052028A20979B2F0032296F
S31A00E93D4C00005BEEFF54028100007FFF3028000002407FFF0CB2
S31A00E93D61403FFF6D0000C00C40400C6E0000A4F22848030000A4
S31A00E93D76F2006000F23C8800000000004A2900046B5E2F003D95
S31A00E93D8B690000FF842D690004FF882D690008FF8C41EEFF844C
S31A00E93DA061FF000060BA4480D09FF22ED080FF840C40C0016C06
S31A00E93DB536F21F9000223C800000000480FFFFC00144800C0042
S31A00E93DCA00206C0AE0A942A72F0142A7602804000020E0A92F70
S31A00E93DDF0142A742A7601AF229D0800000F21F900006403FFF03
S31A00E93DF4484042A72F3C800000002F00F200B000123C0000F25E
S31A00E93E091F482360FF000004CE201FC1494A2900006BFF0000D4
S31A00E93E1E038C60FF000003C44A2900046A16201FF20090001221
S31A00E93E333C0003F2294800000060FF0000049E201F204960FFE1
S31A00E93E48000002E20001000080000000000000000000000042CF
S31A00E93E5D2EFF652F00422EFF5C600C422EFF652F001D7C0001CC
S31A00E93E72FF5C48E73F00362800003D43FF58028300007FFF2823
S31A00E93E872800042A2800084A83663C263C00003FFE4A84661659
S31A00E93E9C280542850483000000204286EDC46000EDAC96866099
S31A00E93EB1224286EDC460009686EDAC2E05EDAD4486068600003A
S31A00E93EC60020ECAF88876006068300003FFE302900003D40FF2D
S31A00E93EDB5A322EFF58B1810281000080003D41FF5E0280000040
S31A00E93EF07FFF22290004242900084A80663C203C00003FFE4A5D
S31A00E93F05816616220242820480000000204286EDC16000EDA9C3
S31A00E93F1A908660224286EDC160009086EDA92E02EDAA448606F2
S31A00E93F2F8600000020ECAF82876006068000003FFE2D43FF5458
S31A00E93F442F00908342864283227C000000004A806C06201F6031
S31A00E93F5900006A588F4A866E0EB2846608B485660460000136E9
S31A00E93F6E650894859384428652834A80670ED683D482E391555E
S31A00E93F83C65289538060D4202EFF544A8166162202428204803E
S31A00E93F98000000204286EDC16000EDA99086601C4286EDC16031
S31A00E93FAD006B149086EDA92E02EDAA4486068600000020ECAF0D
S31A00E93FC282870C80000041FE6C2A3D40FF902D41FF942D42FF16
S31A00E93FD7982C2EFF543D46FF842D44FF882D45FF8CF22E48003E
S31A00E93FECFF901D7C0001FF5D60362D41FF942D42FF980480002B
S31A00E94001003FFE3D40FF902C2EFF54048600003FFE2D46FF5438
S31A00E94016F22E4800FF903D46FF842D44FF882D45FF8C422EFF45
S31A00E9402B5D4A2EFF5C67222C2EFF545386B0866D186E0EB284E5
S31A00E940406608B48566046000007A6508F22E4828FF8452833C00
S31A00E940552EFF5A6C04F200001A42863C2EFF5E7E08EEAE02832E
S31A00E9406A0000007F86861D43FF654CDF00FC201FF20090004AD1
S31A00E9407F2EFF5D6710123C0000F23A4823FDC060FF0000024CED
S31A00E94094123C0003F200000060FF0000023E52830C80000000E5
S31A00E940A9086C04E1AB60024283F23C440000000000422EFF5DAA
S31A00E940BE6000FF942C030286000000014A866700FF8652833C86
S31A00E940D32EFF5A0A86000080003D46FF5A6000FF727FFF000027
S31A00E940E8FFFFFFFFFFFFFFFF4A2800006B12F23C44007F80007C
S31A00E940FD0000AE02000410FF644E75F23C4400FF80000000AE36
S31A00E941120A000410FF644E7500AE01002080FF64F23AD080FF38
S31A00E94127BE4E7500AE00000800FF64600800AE00000A28FF644F
S31A00E9413C22482200020100C0660E4A2800006A1808EE0003FFD0
S31A00E941516460102F094A2800005BC161FF00000196225FF21056
S31A00E94166D080102EFF620200000A66024E753D690000FF842DD9
S31A00E9417B690004FF882D690008FF8C41EEFF8461FF00005CD0E5
S31A00E94190068000006000026E8000FF84816EFF84F22ED040FF31
S31A00E941A5844E7500AE00000A28FF644A105BC161FF0000013E77
S31A00E941BAF210D080F23C4480000000004E7500AE00000A28FF1B
S31A00E941CF6451C161FF00000120F210D080F23C448000000000B1
S31A00E941E44E7500AE00001048FF641200020100C0675C4A2800A1
S31A00E941F9046B243D680000FF842D680004FF882D680008FF8CBF
S31A00E9420E41EEFF8448E7C08061FF00005C444CDF01030C01004F
S31A00E9422340660E4AA8000866144A280007660E601E22280008B2
S31A00E942380281000007FF671200AE00000200FF64600800AE0057
S31A00E9424D001248FF644A2800005BC161FF00005F261D40FF647D
S31A00E94262F210D080F23C4480000000004E7500AE00001248FF4A
S31A00E942776451C161FF00005F041D40FF64F210D080F23C448006
S31A00E9428C000000004E75F3274A2F00026B2EDFFC0000000CF264
S31A00E942A194000EF2810014006E0208FF664E7500AE0800020890
S31A00E942B6FF644E751D7C0004FF64006E0208FF664E75006E02CE
S31A00E942CB08FF6661FF00000BAEDFFC0000000C4E75F3274A2F2C
S31A00E942E000026BEADFFC0000000CF200A80081AEFF644E7500AD
S31A00E942F5AE00000A28FF6402410010E8080200000F800122008B
S31A00E9430AE3091D7B000AFF6441FB16204E750404040004040471
S31A00E9431F0004040400000000000C0C080C0C0C080C0C0C080C0A
S31A00E9433400000000000000000000000000000000000000000085
S31A00E9434900000000000000000000000000000000000000000070
S31A00E9435E0000000000000000000000000000000000010000005A
S31A00E94373003F8100000000000000000000000000003F810000C6
S31A00E943880000000000000000000000003F810000000000000071
S31A00E9439D000000000000003F810000000001000000000000005B
S31A00E943B200003C0100000000000000000000000000003C01008D
S31A00E943C7000000000000000000000000003C01000000000000B5
S31A00E943DC00000000000000003C01000000000000000008000098
S31A00E943F1000000000000000000000000000000000000000000C8
S31A00E94406000000000000000000000000000000000000000000B2
S31A00E9441B0000000000000000000000000000000000000000009D
S31A00E9443000000000800000000000000000000000000000008088
S31A00E94445000000000000000000000000000000800000000000F3
S31A00E9445A000000000001000000008000000000000000000000DD
S31A00E9446F0000000000BF81000000000000000000000000000009
S31A00E94484BF810000000000000000000000000000BF81000000B4
S31A00E944990001000000000000000000BF810000000000000000DE
S31A00E944AE000000000000BC01000000000000000000000000004D
S31A00E944C300BC010000000000000000000000000000BC0100007B
S31A00E944D8000000000000080000000000BC01000000000000001B
S31A00E944ED000000000000004A2800006B10F23C4400000000006C
S31A00E945021D7C0004FF644E75F23C4400800000001D7C000CFF5C
S31A00E94517644E754A2900006BEA60D84A2800006B10F23C44001A
S31A00E9452C7F8000001D7C0002FF644E75F23C4400FF8000001DBD
S31A00E945417C000AFF644E754A2900006BEA60D84A2800006BA449
S31A00E9455660D04A2800006B00FBBC60C64A2800006B1660BE4A1C
S31A00E9456B2800006B0EF23C44003F800000422EFF644E75F23CB6
S31A00E945804400BF8000001D7C0008FF644E753FFF0000C90FDAFD
S31A00E94595A22168C235BFFF0000C90FDAA22168C2354A280000FC
S31A00E945AA6B0EF2009000F23A4800FFDA6000FCF0F2009000F205
S31A00E945BF3A4800FFD86000FCEAF23C44803F8000004A28000036
S31A00E945D46A10F23C4400800000001D7C000CFF646040F23C445D
S31A00E945E900000000001D7C0004FF646030F23A4880FAEA61FF06
S31A00E945FE000000286000FB16F2284880000061FF000000186066
S31A00E9461300030EF2284880000061FF00000008600002EE102EBA
S31A00E94628FF4302400007303B02064EFB000200100018002000FD
S31A00E9463D26002C00320038003EF22EF040FFDC4E75F22EF04041
S31A00E94652FFE84E75F20005004E75F20005804E75F20006004E80
S31A00E9466775F20006804E75F20007004E75F20007804E75122E67
S31A00E9467CFF4F67FFFFFFF7DC0C010001670000960C0100026734
S31A00E94691FFFFFFFA880C01000467FFFFFFF7C00C01000567FF02
S31A00E946A60000024060FF0000024A122EFF4F67FFFFFFFA640CC7
S31A00E946BB01000167FFFFFFFA5A0C01000267FFFFFFFA500C0177
S31A00E946D0000467FFFFFFFA460C01000367FF0000021860FF004F
S31A00E946E5000202122EFF4F67FF0000004E0C01000167FF000017
S31A00E946FA00280C01000267FFFFFFFA180C01000467FF00000098
S31A00E9470F300C01000367FF000001E060FF000001CA12280000BB
S31A00E9472410290000B101020100801D41FF654A006A00FDC4608C
S31A00E9473900FDD0422EFF652F001228000010290000B101020184
S31A00E9474E00801D41FF650C2E0004FF4F660C41E90000201F605E
S31A00E94763FFFFFFF9C6F21F9000F229480000004A2900006B02B2
S31A00E947784E751D7C0008FF644E75122EFF4F67FFFFFFF6E00CDF
S31A00E9478D0100016700FF8E0C01000267FFFFFFF9800C01000435
S31A00E947A267FFFFFFF6C40C01000367FF0000014860FF000001D6
S31A00E947B732122EFF4F67FFFFFFF95C0C01000167FFFFFFF952C8
S31A00E947CC0C01000267FFFFFFF9480C01000467FFFFFFF93E0C7D
S31A00E947E101000367FF0000011060FF000000FA122EFF4F67000B
S31A00E947F6FF460C0100016700FF220C01000267FFFFFFF9140C58
S31A00E9480B01000467FFFFFFFF2C0C01000367FF000000DC60FF64
S31A00E94820000000C6122EFF4F67FFFFFFF51E0C01000167FFFF56
S31A00E94835FFFCE60C01000267FFFFFFFD0A0C01000467FFFFFFAF
S31A00E9484AF5000C01000367FF000000A460FF0000008E122EFF2F
S31A00E9485F4F67FFFFFFF4E60C01000167FFFFFFFCAE0C0100029D
S31A00E9487467FFFFFFFCD20C01000467FFFFFFF4C80C0100036766
S31A00E94889FF0000006C60FF00000056122EFF4F67FFFFFFF880A1
S31A00E9489E0C01000367FF000000520C01000567FF00000038603E
S31A00E948B3FFFFFFF866122EFF4F0C01000367340C010005671ED6
S31A00E948C86058122EFF4F0C01000367080C010005670C6036000C
S31A00E948DDAE01004080FF646010F22948000000F200A80081AE69
S31A00E948F2FF644E75F229480000004A2900006B081D7C0001FFBA
S31A00E94907644E751D7C0009FF644E75F22848000000F200A800C1
S31A00E9491C81AEFF644E75F228480000004A2800006BDC1D7C008E
S31A00E9493101FF644E751D7C0009FF644E75122EFF4E67FFFFFFA2
S31A00E94946D9360C01000167FFFFFFFBA60C01000267FFFFFFFBDD
S31A00E9495BCA0C01000467FFFFFFD9F60C01000367FFFFFFFFB621
S31A00E9497060FFFFFFFFA0122EFF4E67FFFFFFE6200C01000167DB
S31A00E94985FFFFFFFB6E0C01000267FFFFFFFBC80C01000467FF1B
S31A00E9499AFFFFE7560C01000367FFFFFFFF7E60FFFFFFFF681217
S31A00E949AF2EFF4E67FFFFFFD4D20C01000167FFFFFFFB360C01CF
S31A00E949C4000267FFFFFFFB9A0C01000467FFFFFFD76A0C010031
S31A00E949D90367FFFFFFFF4660FFFFFFFF30122EFF4E67FFFFFFB1
S31A00E949EED9720C01000167FFFFFFFAFE0C01000267FFFFFFFBA2
S31A00E94A036A0C01000467FFFFFFDABC0C01000367FFFFFFFF0EB9
S31A00E94A1860FFFFFFFEF8122EFF4E67FFFFFFCA6A0C01000167AD
S31A00E94A2DFFFFFFFAC60C01000267FFFFFFFB6E0C01000467FF75
S31A00E94A42FFFFCC8A0C01000367FFFFFFFED660FFFFFFFEC012A7
S31A00E94A572EFF4E67FFFFFFCC760C01000167FFFFFFFA8E0C0133
S31A00E94A6C000267FFFFFFF6AA0C01000467FFFFFFCD060C0100EB
S31A00E94A810367FFFFFFFE9E60FFFFFFFE88122EFF4E67FFFFFF5A
S31A00E94A96E6620C01000167FFFFFFFA560C01000267FFFFFFF6A9
S31A00E94AAB720C01000467FFFFFFE6C60C01000367FFFFFFFE669C
S31A00E94AC060FFFFFFFE50122EFF4E67FFFFFFB3720C01000167BC
S31A00E94AD5FFFFFFFA1E0C01000267FFFFFFF63A0C01000467FFAE
S31A00E94AEAFFFFB5380C01000367FFFFFFFE2E60FFFFFFFE1812B8
S31A00E94AFF2EFF4E67FFFFFFBDFC0C01000167FFFFFFF9E60C01BD
S31A00E94B14000267FFFFFFF6020C01000467FFFFFFBF420C0100BC
S31A00E94B290367FFFFFFFDF660FFFFFFFDE0122EFF4E67FFFFFF03
S31A00E94B3ED17A0C01000167FFFFFFFA2A0C01000267FFFFFFFA25
S31A00E94B53000C01000467FFFFFFD3080C01000367FFFFFFFDBEDF
S31A00E94B6860FFFFFFFDA8122EFF4E67FFFFFFEB640C0100016792
S31A00E94B7DFFFFFFF9F20C01000267FFFFFFF9C80C01000467FFA1
S31A00E94B92FFFFEC200C01000367FFFFFFFD8660FFFFFFFD701242
S31A00E94BA72EFF4E67FFFFFFEC240C01000167FFFFFFF9BA0C01E9
S31A00E94BBC000267FFFFFFF9900C01000467FFFFFFED360C010061
S31A00E94BD10367FFFFFFFD4E60FFFFFFFD38122EFF4E67FFFFFFAB
S31A00E94BE6E1780C01000167FFFFFFF51A0C01000267FFFFFFF985
S31A00E94BFB600C01000467FFFFFFE30C0C01000367FFFFFFFD166B
S31A00E94C1060FFFFFFFD00122EFF4E67FFFFFFE5820C0100016779
S31A00E94C25FFFFFFF4E20C01000267FFFFFFF9280C01000467FFAD
S31A00E94C3AFFFFE5940C01000367FFFFFFFCDE60FFFFFFFCC8127E
S31A00E94C4F2EFF4E67FFFFFFE59A0C01000167FFFFFFF4AA0C01E6
S31A00E94C64000267FFFFFFF8F00C01000467FFFFFFE5D60C0100C1
S31A00E94C790367FFFFFFFCA660FFFFFFFC90122EFF4E67FFFFFF54
S31A00E94C8ED5300C01000167FFFFFFF8DA0C01000267FFFFFFF86E
S31A00E94CA3880C01000467FFFFFFD5B60C01000367FFFFFFFC6EA7
S31A00E94CB860FFFFFFFC58122EFF4E67FFFFFFCAC20C0100016755
S31A00E94CCDFFFFFFF8DE0C01000267FFFFFFF4420C01000467FFF0
S31A00E94CE2FFFFCB340C01000367FFFFFFFC3660FFFFFFFC2012A0
S31A00E94CF72EFF4E67FFFFFFB14C0C01000167FFFFFFF86A0C01FC
S31A00E94D0C000267FFFFFFF40A0C01000467FFFFFFB30E0C0100FC
S31A00E94D210367FFFFFFFBFE60FFFFFFFBE8122EFF4E67FFFFFFFD
S31A00E94D36D40E0C01000167FFFFFFF7B60C01000267FFFFFFF312
S31A00E94D4BD20C01000467FFFFFFD40C0C01000367FFFFFFFBC608
S31A00E94D6060FFFFFFFBB0122EFF4E67FFFFFFD40A0C0100016703
S31A00E94D75FFFFFFF77E0C01000267FFFFFFF39A0C01000467FF51
S31A00E94D8AFFFFD41A0C01000367FFFFFFFB8E60FFFFFFFB78125A
S31A00E94D9F2EFF4E67FFFFFFB2920C01000167FFFFFFF81A0C015C
S31A00E94DB4000267FFFFFFF83E0C01000467FFFFFFB50A0C01001E
S31A00E94DC90367FFFFFFF83A60FFFFFFF844122EFF4E67FFFFFFC3
S31A00E94DDEF89E0C01000167FFFFFFF8CA0C01000267FFFFFFF89C
S31A00E94DF3F80C01000467FFFFFFF8800C01000367FFFFFFFAB4B5
S31A00E94E0860FFFFFFFAC0122EFF4E67FFFFFFF96E0C01000167C2
S31A00E94E1DFFFFFFF99A0C01000267FFFFFFF9C80C01000467FF56
S31A00E94E32FFFFF9500C01000367FFFFFFFA7C60FFFFFFFA88125A
S31A00E94E472EFF4E67FFFFFFF9D80C01000167FFFFFFFA060C0138
S31A00E94E5C000267FFFFFFFA340C01000467FFFFFFF9BA0C010089
S31A00E94E710367FFFFFFFA4460FFFFFFFA500C2F00070003673E07
S31A00E94E861D7C0000FF4E1D7C0000FF4FF22EF080FF7841EF0024
S31A00E94E9B0443EEFF780C01000367160C010002670861FF0000FC
S31A00E94EB002004E7561FF00001B9E4E7561FF000005E44E751D34
S31A00E94EC57C0004FF4E60C04AFC006D000005D200000FC8FFFF9D
S31A00E94EDAFA6E0000106C0000231400000000FFFFFAA60000001B
S31A00E94EEF00FFFFFADEFFFFFB16FFFFFB4E00000000FFFFFB8614
S31A00E94F04FFFFFBBEFFFFFBF6FFFFFC2EFFFFFC66FFFFFC9EFFE4
S31A00E94F19FFFCD600000000FFFFFD0EFFFFFD46FFFFFD7E000000
S31A00E94F2E000000001112FFFFFDB600000CA800000000FFFFFDFC
S31A00E94F43EEFFFFFE26FFFFFE5EFFFFFE960000089EFFFFFF06C5
S31A00E94F5800001B84000001DE00001854FFFFFF3EFFFFFF7600BD
S31A00E94F6D00151200001F4C0000000000000000000000000000AE
S31A00E94F820000000000000000000000000000FFFFFECEFFFFFE65
S31A00E94F97CEFFFFFECEFFFFFECEFFFFFECEFFFFFECEFFFFFECE56
S31A00E94FACFFFFFECE000013B00000000000000F5600000000000F
S31A00E94FC1000000000000000000000000000000000005C0000027
S31A00E94FD623020000000000000000000005CA0000230C000000B4
S31A00E94FEB000000000000000000000000000000000000000000C2
S31A00E95000000000000000000000000000000000000000000000AC
S31A00E9501500000000000000000000000000000000000000000097
S31A00E9502A000000000000000011000000000000000C96000000CF
S31A00E9503F000000110A0000000000000CA0000000000000088C12
S31A00E950540000000000001B72000001CC00000896000000000060
S31A00E95069001B7C000001D600001F3A000000000000000000007C
S31A00E9507E000000001F44FFFFC001FFFFFF81FFFFFC0100004053
S31A00E95093000000007F000003FF020000300000004060080200BC
S31A00E950A80030000000802D40FF5C4241122EFF4FE709822EFFDC
S31A00E950BD4E660002E43D690000FF902D690004FF942D69000855
S31A00E950D2FF983D680000FF842D680004FF882D680008FF8C6172
S31A00E950E7FF000024CE2F0061FF00002572D197322EFF5EEC0994
S31A00E950FC201FB0BB14846700011E6D000062B0BB1484670002AD
S31A00E951111A6E00014AF22ED080FF90F22E9000FF5CF23C880007
S31A00E9512600000000F22E4823FF84F201A800F23C90000000001E
S31A00E9513B0083AEFF64F22EF080FF842F02322EFF84240102810D
S31A00E9515000007FFF02428000928082423D41FF84241FF22ED00F
S31A00E9516580FF844E75F22ED080FF90F22E9000FF5CF23C8800C0
S31A00E9517A00000000F22E4823FF84F201A800F23C9000000000CA
S31A00E9518F0083AEFF6400AE00001048FF64122EFF620201001368
S31A00E951A4661C082E0003FF6456C1202EFF5C61FF00004FCC812D
S31A00E951B92EFF64F210D0804E75222EFF5C020100C06634F22E24
S31A00E951CEF080FF842F02322EFF843401028100007FFF9280048A
S31A00E951E3810000600002417FFF0242800082423D41FF84241F5A
S31A00E951F8F22ED040FF8460A6F22ED080FF90222EFF5C0201004D
S31A00E9520D30F2019000F22E4823FF84F23C90000000000060AA14
S31A00E95222F22ED080FF90F22E9000FF5CF23C880000000000F2D6
S31A00E952372E4823FF84F201A800F23C90000000000083AEFF646A
S31A00E9524CF2000098F23C58B80002F293FF3C6000FEE408EE009C
S31A00E9526103FF66F22ED080FF90F23C900000000010F23C88005E
S31A00E9527600000000F22E4823FF84F201A800F23C9000000000CD
S31A00E9528B0083AEFF64122EFF620201000B6620F22EF080FF8443
S31A00E952A041EEFF84222EFF5C61FF00004DD8812EFF64F22ED026
S31A00E952B580FF844E75F22ED040FF90222EFF5C020100C066524A
S31A00E952CAF22E9000FF5CF23C880000000000F22E48A3FF84F29F
S31A00E952DF3C900000000000F22EF040FF842F02322EFF842401F3
S31A00E952F4028100007FFF02428000928006810000600002417F36
S31A00E95309FF82423D41FF84241FF22ED040FF846000FF80222EB7
S31A00E9531EFF5C02010030F201900060A6F22ED080FF90F22E90C5
S31A00E9533300FF5CF23C880000000000F22E4823FF84F201A800BC
S31A00E95348F23C90000000000083AEFF64F2000098F23C58B80047
S31A00E9535D02F292FDE0F294FEFAF22ED040FF90222EFF5C0201FE
S31A00E9537200C000010010F2019000F23C880000000000F22E48C5
S31A00E95387A3FF84F23C900000000000F2000498F23C58B8000270
S31A00E9539CF293FDA26000FEBC323B120A4EFB10064AFC0030FD74
S31A00E953B112007200CC006CFD1200660000000000720072006083
S31A00E953C6006C0072006600000000009E0060009E006C009E00F9
S31A00E953DB6600000000006C006C006C006C006C006600000000E6
S31A00E953F0FD12007200CC006CFD120066000000000066006600BF
S31A00E95405660066006600660000000060FF0000230E60FF00001C
S31A00E9541A228460FF0000227E1028000012290000B1016A10F258
S31A00E9542F3C4400800000001D7C000CFF644E75F23C440000003C
S31A00E9544400001D7C0004FF644E75F229D08000001028000012EC
S31A00E95459290000B1016A10F2000018F200001A1D7C000AFF64DE
S31A00E9546E4E75F20000181D7C0002FF644E75F228D08000001032
S31A00E9548328000012290000B1016AE260D0020000300000004022
S31A00E95498600802000030000000802D40FF5C122EFF4E66000239
S31A00E954AD62020000C06600007C4A2800006A0608EE0003FF64B7
S31A00E954C2F228D08000004E75020000C06600006008EE0003FF39
S31A00E954D7664A2800006A0608EE0003FF64F228D0800000082E8D
S31A00E954EC0003FF6266024E753D680000FF842D680004FF882DB8
S31A00E95501680008FF8C41EEFF8461FF00004950444006406000D6
S31A00E95516322EFF840241800002407FFF80413D40FF84F22ED07A
S31A00E9552B40FF844E750C000040667E3D680000FF842D68000405
S31A00E95540FF882D680008FF8C61FF0000206C0C800000007F6C55
S31A00E955550000920C80FFFFFF81670001786D0000F4F23C8800BF
S31A00E9556A00000000F22E9000FF5CF22E4800FF84F201A800F2BA
S31A00E9557F3C90000000000083AEFF642F02F22EF080FF84322E24
S31A00E95594FF843401028100007FFF92800242800084413D42FF41
S31A00E955A984241FF22ED080FF844E753D680000FF842D680004C0
S31A00E955BEFF882D680008FF8C61FF00001FEE0C80000003FF6CD3
S31A00E955D30000140C80FFFFFC01670000FA6D0000766000FF8016
S31A00E955E808EE0003FF664A2EFF846A0608EE0003FF64122EFF5B
S31A00E955FD620201000B661A41EEFF84222EFF5C61FF00004A743F
S31A00E95612812EFF64F22ED080FF844E752D6EFF88FF942D6EFF7D
S31A00E956278CFF98322EFF842F023401028100007FFF92800242BC
S31A00E9563C800006810000600002417FFF84413D42FF90F22ED07F
S31A00E9565140FF90241F60ACF23C880000000000F22E9000FF5C76
S31A00E95666F22E4800FF84F23C900000000000F201A80083AEFFCC
S31A00E9567B6400AE00001048FF64122EFF6202010013661C082EEF
S31A00E956900003FF6456C1202EFF5C61FF00004AE4812EFF64F25E
S31A00E956A510D0804E752F02322EFF842401028100007FFF024260
S31A00E956BA8000928004810000600002417FFF82423D41FF8424CB
S31A00E956CF1FF22ED040FF8460B6F23C880000000000F22E900089
S31A00E956E4FF5CF22E4800FF84F201A800F23C90000000000083A0
S31A00E956F9AEFF64F2000098F23C58B80002F293FF746000FE7EFE
S31A00E9570E0C0100046700FDB60C01000567FF00001F980C010030
S31A00E957230367FF00001FA2F22848000000F200A800E1981D4086
S31A00E95738FF644E7551FC51FC51FC51FC00003FFF0000007E0057
S31A00E9574D0003FEFFFFC001FFFFFF81FFFFFC01020000300000ED
S31A00E957620040600802000030000000802D40FF5C4241122EFF5F
S31A00E957774FE709822EFF4E660002D63D690000FF902D690004E5
S31A00E9578CFF942D690008FF983D680000FF842D680004FF882DDC
S31A00E957A1680008FF8C61FF00001E0E2F0061FF00001EB2449743
S31A00E957B6D197322EFF5EEC09201FB0BB148E6F000074B0BB1526
S31A00E957CB20FF7A6700020C6E00013CF22ED080FF90F22E900072
S31A00E957E0FF5CF23C880000000000F22E4820FF84F201A800F21C
S31A00E957F53C90000000000083AEFF64F22EF080FF842F02322EAC
S31A00E9580AFF842401028100007FFF02428000928082423D41FFDA
S31A00E9581F84241FF22ED080FF844E7500007FFF0000407F0000CB
S31A00E9583443FF201F60C62F00F22ED080FF90F22E9000FF5CF29E
S31A00E958493C880000000000F22E4820FF84F200A800F23C900034
S31A00E9585E0000000081AEFF64F227E0013017DFFC0000000C028A
S31A00E958738000007FFF9097B0BB14AE6DB6201F00AE0000104877
S31A00E95888FF64122EFF6202010013661C082E0003FF6456C120AD
S31A00E9589D2EFF5C61FF000048DE812EFF64F210D0804E75222E81
S31A00E958B2FF5C020100C06634F22EF080FF842F02322EFF8434DF
S31A00E958C701028100007FFF928004810000600002417FFF0242DF
S31A00E958DC800082423D41FF84241FF22ED040FF8460A6F22ED097
S31A00E958F180FF90222EFF5C02010030F2019000F22E4820FF8438
S31A00E95906F23C90000000000060AA08EE0003FF66F22ED080FF08
S31A00E9591B90F23C900000000010F23C880000000000F22E4820EC
S31A00E95930FF84F201A800F23C90000000000083AEFF64122EFFC4
S31A00E95945620201000B6620F22EF080FF8441EEFF84222EFF5CF8
S31A00E9595A61FF00004726812EFF64F22ED080FF844E75F22ED0C4
S31A00E9596F40FF90222EFF5C020100C06652F22E9000FF5CF23C06
S31A00E95984880000000000F22E48A0FF84F23C900000000000F25C
S31A00E959992EF040FF842F02322EFF842401028100007FFF0242AB
S31A00E959AE8000928006810000600002417FFF82423D41FF8424D2
S31A00E959C31FF22ED040FF846000FF80222EFF5C02010030F2015E
S31A00E959D8900060A6F22ED080FF90F22E9000FF5CF23C88000075
S31A00E959ED000000F22E4820FF84F201A800F23C90000000000052
S31A00E95A0283AEFF64F2000098F23C58B80001F292FDEEF294FE50
S31A00E95A17FAF22ED040FF90222EFF5C020100C000010010F20160
S31A00E95A2C9000F23C880000000000F22E48A0FF84F23C900000E7
S31A00E95A41000000F2000498F23C58B80001F293FDB06000FEBC48
S31A00E95A56323B120A4EFB10064AFC0030FD20009E00720060FD64
S31A00E95A6B200066000000000072006C0072006000720066000029
S31A00E95A80000000D000D0006C006000D000660000000000600020
S31A00E95A9560006000600060006600000000FD20009E007200609A
S31A00E95AAAFD200066000000000066006600660066006600660011
S31A00E95ABF00000060FF00001BD860FF00001BD260FF00001C507A
S31A00E95AD41028000012290000B1016A10F23C4400800000001D20
S31A00E95AE97C000CFF644E75F23C4400000000001D7C0004FF6499
S31A00E95AFE4E75006E0410FF661028000012290000B1016A10F269
S31A00E95B133C4400FF8000001D7C000AFF644E75F23C44007F8055
S31A00E95B2800001D7C0002FF644E751029000012280000B1016A29
S31A00E95B3D16F229D0800000F2000018F200001A1D7C000AFF64C7
S31A00E95B524E75F229D0800000F20000181D7C0002FF644E750254
S31A00E95B6700003000000040600802000030000000802D40FF5CE8
S31A00E95B7C122EFF4E66000276020000C0660000902D680004FF6A
S31A00E95B91882D680008FF8C302800000A4080006A061D7C00082D
S31A00E95BA6FF643D40FF84F22ED080FF844E75020000C066600852
S31A00E95BBBEE0003FF662D680004FF882D680008FF8C30280000F0
S31A00E95BD00A4080006A061D7C0008FF643D40FF84F22ED080FF24
S31A00E95BE584082E0003FF6266024E7541EEFF8461FF00004266B9
S31A00E95BFA444006406000322EFF840241800002407FFF80413D19
S31A00E95C0F40FF84F22ED040FF844E750C000040667E3D68000083
S31A00E95C24FF842D680004FF882D680008FF8C61FF000019820CAA
S31A00E95C39800000007F6C0000900C80FFFFFF81670001786D0015
S31A00E95C4E00F4F23C880000000000F22E9000FF5CF22E481AFF1C
S31A00E95C6384F201A800F23C90000000000083AEFF642F02F22E7B
S31A00E95C78F080FF84322EFF843401028100007FFF928002428046
S31A00E95C8D0084413D42FF84241FF22ED080FF844E753D680000AE
S31A00E95CA2FF842D680004FF882D680008FF8C61FF000019040CAA
S31A00E95CB780000003FF6C120C80FFFFFC01670000FC6D0000781A
S31A00E95CCC6000FF8208EE0003FF660A2E0080FF846A0608EE00F4
S31A00E95CE103FF64122EFF620201000B661A41EEFF84222EFF5CCD
S31A00E95CF661FF0000438A812EFF64F22ED080FF844E752D6EFF1B
S31A00E95D0B88FF942D6EFF8CFF98322EFF842F0224010281000000
S31A00E95D207FFF02428000928006810000600002417FFF82423D82
S31A00E95D3541FF90F22ED040FF90241F60ACF23C880000000000D6
S31A00E95D4AF22E9000FF5CF22E481AFF84F23C900000000000F295
S31A00E95D5F01A80083AEFF6400AE00001048FF64122EFF620201F6
S31A00E95D740013661C082E0003FF6456C1202EFF5C61FF00004397
S31A00E95D89FA812EFF64F210D0804E752F02322EFF842401028139
S31A00E95D9E00007FFF02428000928004810000600002417FFF8285
S31A00E95DB3423D41FF84F22ED040FF84241F60B6F23C88000000E7
S31A00E95DC80000F22E9000FF5CF22E481AFF84F201A800F23C906E
S31A00E95DDD000000000083AEFF64F2000098F23C58B80002F293DF
S31A00E95DF2FF746000FE7E0C0100046700FDB60C01000567FF00BB
S31A00E95E070018AE0C01000367FF000018B8F228481A0000F2001D
S31A00E95E1CA800E1981D40FF644E75122EFF4E66104A2800006BFE
S31A00E95E31024E751D7C0008FF644E750C01000167400C0100021D
S31A00E95E4667240C01000567FF000018660C01000367FF00001849
S31A00E95E5B704A2800006B024E751D7C0008FF644E754A280000F8
S31A00E95E706B081D7C0002FF644E751D7C000AFF644E754A2800BF
S31A00E95E85006B081D7C0004FF644E751D7C000CFF644E75122ED8
S31A00E95E9AFF4E662802000030F2009000F23C880000000000F2CD
S31A00E95EAF2848010000F23C900000000000F200A80081AEFF6494
S31A00E95EC44E750C010001672E0C010002674E0C01000467100C1C
S31A00E95ED901000567FF000017D660FF000017E43D680000FF84EA
S31A00E95EEE1D7C0080FF8841EEFF8460A44A2800006B10F23C44FB
S31A00E95F0300000000001D7C0004FF644E75F23C440080000000E5
S31A00E95F181D7C000CFF644E75F228D08000004A2800006B081D4E
S31A00E95F2D7C0002FF644E751D7C000AFF644E75122EFF4E6618F8
S31A00E95F42F23C880000000000F22848030000F200A80081AEFF78
S31A00E95F57644E750C010001672E0C010002674E0C010004671030
S31A00E95F6C0C01000567FF0000174260FF000017503D680000FFF6
S31A00E95F81841D7C0080FF8841EEFF8460B44A2800006B10F23C17
S31A00E95F964400000000001D7C0004FF644E75F23C44008000000E
S31A00E95FAB001D7C000CFF644E75F228D08000004A2800006B08D8
S31A00E95FC01D7C0002FF644E751D7C000AFF644E75020000300021
S31A00E95FD5000040600802000030000000802D40FF5C122EFF4E19
S31A00E95FEA6600025C020000C0667E2D680004FF882D680008FF8D
S31A00E95FFF8C322800000881000F3D41FF84F22ED080FF844E7569
S31A00E96014020000C0665808EE0003FF662D680004FF882D6800F5
S31A00E9602908FF8C302800000880000F3D40FF84F22ED080FF84FE
S31A00E9603E082E0003FF6266024E7541EEFF8461FF00003E0E44F7
S31A00E960534006406000322EFF840241800002407FFF80413D40BF
S31A00E96068FF84F22ED040FF844E750C000040667E3D680000FF67
S31A00E9607D842D680004FF882D680008FF8C61FF0000152A0C8028
S31A00E960920000007F6C0000900C80FFFFFF81670001706D000040
S31A00E960A7ECF23C880000000000F22E9000FF5CF22E4818FF8445
S31A00E960BCF201A800F23C90000000000083AEFF642F02F22EF0B2
S31A00E960D180FF84322EFF842401028100007FFF928002428000E9
S31A00E960E684413D42FF84241FF22ED080FF844E753D680000FF52
S31A00E960FB842D680004FF882D680008FF8C61FF000014AC0C8029
S31A00E96110000003FF6C120C80FFFFFC01670000F46D00007060EC
S31A00E9612500FF8208EE0003FF6608AE0007FF84122EFF620201B3
S31A00E9613A000B661A41EEFF84222EFF5C61FF00003F3A812EFFF2
S31A00E9614F64F22ED080FF844E752D6EFF88FF942D6EFF8CFF98C0
S31A00E96164322EFF842F022401028100007FFF0242800092800621
S31A00E96179810000600002417FFF82423D41FF90F22ED040FF90F0
S31A00E9618E241F60ACF23C880000000000F22E9000FF5CF22E4895
S31A00E961A318FF84F23C900000000000F201A80083AEFF6400AEC2
S31A00E961B800001048FF64122EFF6202010013661C082E0003FFB7
S31A00E961CD6456C1202EFF5C61FF00003FAA812EFF64F210D080FD
S31A00E961E24E752F02322EFF842401028100007FFF024280009266
S31A00E961F78004810000600002417FFF82423D41FF84F22ED04089
S31A00E9620CFF84241F60B6F23C880000000000F22E9000FF5CF2FF
S31A00E962212E4818FF84F201A800F23C90000000000083AEFF647B
S31A00E96236F2000098F23C58B80002F293FF746000FE860C0100B1
S31A00E9624B046700FDC60C01000567FF0000145E0C01000367FFC1
S31A00E9626000001468F228481800000C01000267081D7C0004FF2A
S31A00E96275644E751D7C0002FF644E754241122EFF4FE709822E8C
S31A00E9628AFF4E6618F229D0800000F22848380000F200A800E1C5
S31A00E9629F981D40FF644E75323B120A4EFB10064AFC0030FFDCA7
S31A00E962B4FFDCFFDC006000F8006E00000000FFDCFFDCFFDC00D9
S31A00E962C960007C006E00000000FFDCFFDCFFDC0060007C006EAC
S31A00E962DE0000000000600060006000600060006E00000000016D
S31A00E962F314009C009C006000BC006E00000000006E006E006E87
S31A00E96308006E006E006E0000000061FF00001388022E00F7FF26
S31A00E9631D644E7561FF0000137A022E00F7FF644E753D68000076
S31A00E96332FF842028000408C0001F2D40FF882D680008FF8C4154
S31A00E96347EEFF846000FF422D690000FF842029000408C0001FF3
S31A00E9635C2D40FF882D690008FF8C43EEFF846000FF223D690045
S31A00E9637100FF903D680000FF842029000408C0001F2D40FF943D
S31A00E963862028000408C0001F2D40FF882D690008FF982D680022
S31A00E9639B08FF8C43EEFF9041EEFF846000FEE610280000122942
S31A00E963B00000B1016B00FF784A006B024E751D7C0008FF644E89
S31A00E963C5751028000012290000B1016B00FF7C4A006A024E75DB
S31A00E963DA1D7C0008FF644E752D40FF5C4241122EFF4FE70982AD
S31A00E963EF2EFF4E660002A03D690000FF902D690004FF942D692F
S31A00E964040008FF983D680000FF842D680004FF882D680008FF11
S31A00E964198C61FF0000119A2F0061FF0000123ED09F0C80FFFF10
S31A00E9642EC001670000F86D0000640C8000004000670001DA6EFD
S31A00E96443000122F22ED080FF90F22E9000FF5CF23C8800000072
S31A00E964580000F22E4827FF84F201A800F23C9000000000008352
S31A00E9646DAEFF64F22EF080FF842F02322EFF842401028100004B
S31A00E964827FFF02428000928082423D41FF84241FF22ED080FF4B
S31A00E96497844E75F22ED080FF90F22E9000FF5CF23C88000000FA
S31A00E964AC0000F22E4827FF84F201A800F23C90000000000083FE
S31A00E964C1AEFF6400AE00001048FF64122EFF6202010013662020
S31A00E964D6082E0003FF6456C1202EFF5C0200003061FF00003C98
S31A00E964EB98812EFF64F210D0804E75F22EF080FF842F02322E4A
S31A00E96500FF842401028100007FFF928004810000600002417F35
S31A00E96515FF0242800082423D41FF84241FF22ED040FF8460ACF8
S31A00E9652AF22ED080FF90F22E9000FF5CF23C880000000000F2BB
S31A00E9653F2E4827FF84F201A800F23C90000000000083AEFF644B
S31A00E96554F2000098F23C58B80002F293FF646000FF0C08EE0030
S31A00E9656903FF66F22ED080FF90F23C900000000010F23C880043
S31A00E9657E00000000F22E4827FF84F201A800F23C9000000000AE
S31A00E965930083AEFF64122EFF620201000B6620F22EF080FF8428
S31A00E965A841EEFF84222EFF5C61FF00003B56812EFF64F22ED09F
S31A00E965BD80FF844E75F22ED040FF90F22E9000FF5CF23C880094
S31A00E965D200000000F22E48A7FF84F23C900000000000F22EF065
S31A00E965E740FF842F02322EFF842401028100007FFF02428000EF
S31A00E965FC928006810000600002417FFF82423D41FF84241FF2E7
S31A00E966112ED040FF846000FF8AF22ED080FF90F22E9000FF5CD1
S31A00E96626F23C880000000000F22E4827FF84F201A800F23C904F
S31A00E9663B000000000083AEFF64F2000098F23C58B80002F29279
S31A00E96650FE20F294FF12F22ED040FF90222EFF5C020100C00064
S31A00E96665010010F2019000F23C880000000000F22E48A7FF8455
S31A00E9667AF23C900000000000F2000498F23C58B80002F293FD0E
S31A00E9668FE26000FED4323B120A4EFB10064AFC0030FD560072D0
S31A00E966A40078006CFD56006600000000007200720060006C00A5
S31A00E966B972006600000000007E0060007E006C007E0066000059
S31A00E966CE0000006C006C006C006C006C006600000000FD5600F3
S31A00E966E3720078006CFD5600660000000000660066006600660C
S31A00E966F8006600660000000060FF0000101E60FF00000F9460E3
S31A00E9670DFF00000F8E60FFFFFFED0E60FFFFFFED6260FFFFFF8B
S31A00E96722ED2E2D40FF5C4241122EFF4FE709822EFF4E6600022A
S31A00E967377C3D690000FF902D690004FF942D690008FF983D68A6
S31A00E9674C0000FF842D680004FF882D680008FF8C61FF00000E10
S31A00E96761582F0061FF00000EFC4497D197322EFF5EEC09201F0F
S31A00E967760C80FFFFC0016F0000640C8000003FFF670001B66EAB
S31A00E9678B000100F22ED080FF90F22E9000FF5CF23C8800000049
S31A00E967A00000F22E4824FF84F201A800F23C900000000000830A
S31A00E967B5AEFF64F22EF080FF842F02322EFF8424010281000000
S31A00E967CA7FFF02428000928082423D41FF84241FF22ED080FF00
S31A00E967DF844E75F22ED080FF90F22E9000FF5CF23C88000000AF
S31A00E967F40000F22E4824FF84F201A800F23C90000000000083B6
S31A00E96809AEFF64F227E0013217DFFC0000000C028100007FFF4F
S31A00E9681E92800C8100007FFF6D90006E1048FF66122EFF62028E
S31A00E968330100136620082E0003FF6456C1202EFF5C0200003039
S31A00E9684861FF00003936812EFF64F210D0804E75F22EF080FFC7
S31A00E9685D842F02322EFF842401028100007FFF024280009280A3
S31A00E9687204810000600002417FFF82423D41FF84241FF22ED084
S31A00E9688740FF8460AC08EE0003FF66F22ED080FF90F23C900023
S31A00E9689C00000010F23C880000000000F22E4824FF84F201A888
S31A00E968B100F23C90000000000083AEFF64122EFF620201000BE2
S31A00E968C66620F22EF080FF8441EEFF84222EFF5C61FF00003840
S31A00E968DB30812EFF64F22ED080FF844E75F22ED040FF90F22EE2
S31A00E968F09000FF5CF23C880000000000F22E48A4FF84F23C90B6
S31A00E969050000000000F22EF040FF842F02322EFF8424010281FF
S31A00E9691A00007FFF02428000928006810000600002417FFF82FB
S31A00E9692F423D41FF84241FF22ED040FF84608AF22ED080FF9042
S31A00E96944F22E9000FF5CF23C880000000000F22E4824FF84F28D
S31A00E9695901A800F23C90000000000083AEFF64F2000098F23C87
S31A00E9696E58B80001F292FE44F294FF14F22ED040FF9042810033
S31A00E96983010010F2019000F23C880000000000F22E48A4FF8437
S31A00E96998F23C900000000000F2000498F23C58B80001F293FEED
S31A00E969AD0C6000FEDC323B120A4EFB10064AFC0030FD7A007259
S31A00E969C200780060FD7A0066000000000078006C007800600060
S31A00E969D778006600000000007E007E006C0060007E0066000032
S31A00E969EC000000600060006000600060006600000000FD7A00EA
S31A00E96A017200780060FD7A0066000000000066006600660066D2
S31A00E96A16006600660000000060FF00000C7C60FF00000C766088
S31A00E96A2BFF00000CF460FFFFFFF0CE60FFFFFFF09C60FFFFFF07
S31A00E96A40F0F40200003000000040600802000030000000802DB5
S31A00E96A5540FF5C4241122EFF4FE709822EFF4E6600024C61FF90
S31A00E96A6A00000A5CF22ED080FF90F23C880000000000F22E905D
S31A00E96A7F00FF5CF22E4822FF84F23C900000000000F201A80052
S31A00E96A9483AEFF64F281003C2F02F227E001322EFF5EEC0934AA
S31A00E96AA917028200007FFF9480B4BB14246C38B4BB142A6D0057
S31A00E96ABE00B86700018432170241800082423E81F21FD080241C
S31A00E96AD31F4E754E7500007FFF0000407F000043FF000000009B
S31A00E96AE800003F8100003C0100AE00001048FF64122EFF6202A1
S31A00E96AFD0100136624DFFC0000000C082E0003FF6456C1202E0F
S31A00E96B12FF5C61FF0000366A812EFF64F210D080241F4E7512A8
S31A00E96B272EFF5C020100C0661A321702418000048200006000AC
S31A00E96B3C02427FFF82423E81F21FD04060BEF22ED080FF9022B0
S31A00E96B512EFF5C02010030F2019000F22E4822FF84F23C900036
S31A00E96B6600000000DFFC0000000CF227E00160BA08EE0003FF38
S31A00E96B7B66DFFC0000000CF22ED080FF90F23C900000000010FC
S31A00E96B90F23C880000000000F22E4822FF84F23C900000000080
S31A00E96BA500F201A80083AEFF64122EFF620201000B6622F22E66
S31A00E96BBAF080FF8441EEFF84222EFF5C61FF000034BA812EFF8B
S31A00E96BCF64F22ED080FF84241F4E75F22ED040FF90222EFF5CFB
S31A00E96BE4020100C0664EF22E9000FF5CF23C880000000000F283
S31A00E96BF92E48A2FF84F23C900000000000F22EF040FF84322E0C
S31A00E96C0EFF842401028100007FFF02428000928006810000601C
S31A00E96C230002417FFF82423D41FF84F22ED040FF846000FF8253
S31A00E96C38222EFF5C02010030F201900060AA222EFF5C0201003F
S31A00E96C4DC06700FE74222F00040C81800000006600FE664AAF85
S31A00E96C6200086600FE5E082E0001FF666700FE54F22ED040FFE0
S31A00E96C7790222EFF5C020100C000010010F2019000F23C8800D1
S31A00E96C8C00000000F22E48A2FF84F23C900000000000F20000C7
S31A00E96CA118F2000498F2000438F292FECA6000FE14323B120AD4
S31A00E96CB64EFB10064AFC0030FDAA00E4011C0060FDAA006600F0
S31A00E96CCB00000000BC006C011C006000BC0066000000000130CD
S31A00E96CE00130010C00600130006600000000006000600060005B
S31A00E96CF5600060006600000000FDAA00E4011C0060FDAA006660
S31A00E96D0A000000000066006600660066006600660000000060C1
S31A00E96D1FFF0000097C60FF000009761028000012290000B101E9
S31A00E96D346B0000164A006B2EF23C4400000000001D7C0004FFE9
S31A00E96D49644E75122EFF5F020100300C0100206710F23C440038
S31A00E96D5E000000001D7C0004FF644E75F23C4400800000001D5F
S31A00E96D737C000CFF644E753D680000FF842D680004FF882D6891
S31A00E96D880008FF8C61FF00000828426EFF9042AEFF9442AEFF33
S31A00E96D9D986000FCCE3D690000FF902D690004FF942D69000830
S31A00E96DB2FF9861FF000008AC426EFF8442AEFF8842AEFF8C60AD
S31A00E96DC700FCA61028000012290000B3006BFF0000094AF22829
S31A00E96DDCD08000004A2800006A1C1D7C000AFF644E75F229D0B7
S31A00E96DF18000004A2900006A081D7C000AFF644E751D7C0002D5
S31A00E96E06FF644E75020000300000004060080200003000000056
S31A00E96E1B802D40FF5C4241122EFF4FE709822EFF4E6600024C79
S31A00E96E3061FF00000694F22ED080FF90F23C880000000000F2BD
S31A00E96E452E9000FF5CF22E4828FF84F23C900000000000F2016C
S31A00E96E5AA80083AEFF64F281003C2F02F227E001322EFF5EEC75
S31A00E96E6F093417028200007FFF9480B4BB14246C38B4BB142ABD
S31A00E96E846D0000B86700018432170241800082423E81F21FD089
S31A00E96E9980241F4E754E7500007FFF0000407F000043FF00002D
S31A00E96EAE000000003F8100003C0100AE00001048FF64122EFF3B
S31A00E96EC362020100136624DFFC0000000C082E0003FF6456C12F
S31A00E96ED8202EFF5C61FF000032A2812EFF64F210D080241F4EE4
S31A00E96EED75122EFF5C020100C0661A32170241800004820000BC
S31A00E96F02600002427FFF82423E81F21FD04060BEF22ED080FF38
S31A00E96F1790222EFF5C02010030F2019000F22E4828FF84F23C44
S31A00E96F2C900000000000DFFC0000000CF227E00160BA08EE00E0
S31A00E96F4103FF66DFFC0000000CF22ED080FF90F23C9000000040
S31A00E96F560010F23C880000000000F22E4828FF84F23C900000A0
S31A00E96F6B000000F201A80083AEFF64122EFF620201000B6622BC
S31A00E96F80F22EF080FF8441EEFF84222EFF5C61FF000030F2819A
S31A00E96F952EFF64F22ED080FF84241F4E75F22ED040FF90222E5F
S31A00E96FAAFF5C020100C0664EF22E9000FF5CF23C880000000050
S31A00E96FBF00F22E48A8FF84F23C900000000000F22EF040FF84AA
S31A00E96FD4322EFF842401028100007FFF02428000928006810053
S31A00E96FE900600002417FFF82423D41FF84F22ED040FF846000AB
S31A00E96FFEFF82222EFF5C02010030F201900060AA222EFF5C02F6
S31A00E970130100C06700FE74222F00040C81800000006600FE66B3
S31A00E970284AAF00086600FE5E082E0001FF666700FE54F22ED05C
S31A00E9703D40FF90222EFF5C020100C000010010F2019000F23C50
S31A00E97052880000000000F22E48A8FF84F23C900000000000F26F
S31A00E97067000018F2000498F2000438F292FECA6000FE14323B26
S31A00E9707C120A4EFB10064AFC0030FDAA00E2011A0060FDAA0074
S31A00E97091660000000000BA006C011A006000BA006600000000D4
S31A00E970A601300130010A006001300066000000000060006000C2
S31A00E970BB6000600060006600000000FDAA00E2011A0060FDAAA0
S31A00E970D0006600000000006600660066006600660066000000F2
S31A00E970E50060FF000005B460FF000005AE10280000122900000A
S31A00E970FAB3006A144A006B2EF23C4400000000001D7C0004FF70
S31A00E9710F644E75122EFF5F020100300C0100206710F23C44006E
S31A00E97124000000001D7C0004FF644E75F23C4400800000001D95
S31A00E971397C000CFF644E753D680000FF842D680004FF882D68C7
S31A00E9714E0008FF8C61FF00000462426EFF9042AEFF9442AEFF33
S31A00E97163986000FCD03D690000FF902D690004FF942D69000864
S31A00E97178FF9861FF000004E6426EFF8442AEFF8842AEFF8C60AD
S31A00E9718D00FCA81028000012290000B3006AFF00000584F22828
S31A00E971A2D0800000F200001AF293001E1D7C000AFF644E75F22F
S31A00E971B729D08000004A2900006A081D7C000AFF644E751D7C14
S31A00E971CC0002FF644E750200003000000040600802000030008B
S31A00E971E10000802D40FF5C4241122EFF4E660002744A28000004
S31A00E971F66BFF00000528020000C06648F22E9000FF5CF23C88CD
S31A00E9720B0000000000F2104804F201A80083AEFF644E754A28CD
S31A00E9722000006BFF000004FC020000C0661C3D680000FF842D67
S31A00E97235680004FF882D680008FF8C61FF000003AE6000003E8B
S31A00E9724A0C000040660000843D680000FF842D680004FF882D95
S31A00E9725F680008FF8C61FF0000038A0C800000007E670000983A
S31A00E972746E00009E0C80FFFFFF80670001A46D000120F23C88B1
S31A00E972890000000000F22E9000FF5CF22E4804FF84F201A8006C
S31A00E9729EF23C90000000000083AEFF642F02F22EF080FF843224
S31A00E972B32EFF842401028100007FFF92800242800084413D42E6
S31A00E972C8FF84241FF22ED080FF844E753D680000FF842D680089
S31A00E972DD04FF882D680008FF8C61FF000003080C80000003FE02
S31A00E972F2670000166E1C0C80FFFFFC00670001246D0000A06012
S31A00E9730700FF7E082E0000FF856600FF7408EE0003FF66F23CE6
S31A00E9731C900000000010F23C880000000000F22E4804FF84F236
S31A00E9733101A800F23C90000000000083AEFF64122EFF620201B9
S31A00E97346000B6620F22EF080FF8441EEFF84222EFF5C61FF00E2
S31A00E9735B002D28812EFF64F22ED080FF844E752D6EFF88FF945C
S31A00E973702D6EFF8CFF98322EFF842F022401028100007FFF0220
S31A00E97385428000928006810000600002417FFF82423D41FF90B7
S31A00E9739AF22ED040FF90241F60A6F23C880000000000F22E9081
S31A00E973AF00FF5CF22E4804FF84F23C900000000000F201A80037
S31A00E973C483AEFF6400AE00001048FF64122EFF620201001366AB
S31A00E973D91C082E0003FF6456C1202EFF5C61FF00002D98812E64
S31A00E973EEFF64F210D0804E752F02322EFF842401028100007FE8
S31A00E97403FF02428000928004810000600002417FFF82423D41C8
S31A00E97418FF84F22ED040FF84241F60B6082E0000FF856600FFC2
S31A00E9742D78F23C880000000000F22E9000FF5CF22E4804FF8433
S31A00E97442F201A800F23C90000000000083AEFF64F2000080F2F5
S31A00E974573C58B80001F293FF6A6000FE480C0100046700FDB427
S31A00E9746C0C01000167160C01000267360C01000567FF0000026B
S31A00E974813660FF000002444A2800006B10F23C440000000000CD
S31A00E974961D7C0004FF644E75F23C4400800000001D7C000CFF99
S31A00E974AB644E754A2800006BFF0000026CF228D08000001D7C69
S31A00E974C00002FF644E752D680004FF882D690004FF942D6800BE
S31A00E974D508FF8C2D690008FF9830280000322900003D40FF8438
S31A00E974EA3D41FF9002407FFF02417FFF3D40FF543D41FF56B0BD
S31A00E974FF416CFF0000005C61FF0000015A2F000C2E0004FF4E0C
S31A00E97514661041EEFF8461FF0000294044403D40FF54302EFFD1
S31A00E975295604400042B06EFF546C1A302EFF54D06F0002322E39
S31A00E9753EFF840241800080413D40FF84201F4E75026E8000FF51
S31A00E975538408EE0000FF85201F4E7561FF000000562F000C2E15
S31A00E975680004FF4F661041EEFF9061FF000028E844403D40FF29
S31A00E9757D56302EFF5404400042B06EFF566C1A302EFF56D06F92
S31A00E975920002322EFF900241800080413D40FF90201F4E750270
S31A00E975A76E8000FF9008EE0000FF91201F4E75322EFF843001C7
S31A00E975BC028100007FFF0240800000403FFF3D40FF840C2E0050
S31A00E975D104FF4E670A203C00003FFF90814E7541EEFF8461FF74
S31A00E975E6000028764480220060E60C2E0004FF4E673A322EFF4C
S31A00E975FB84028100007FFF026E8000FF84080100006712006EA4
S31A00E976103FFFFF84203C00003FFF9081E2804E75006E3FFEFF3B
S31A00E9762584203C00003FFE9081E2804E7541EEFF8461FF0000FC
S31A00E9763A2824080000006710006E3FFFFF84068000003FFFE2AC
S31A00E9764F804E75006E3FFEFF84068000003FFEE2804E75322E7E
S31A00E97664FF903001028100007FFF0240800000403FFF3D40FFA5
S31A00E97679900C2E0004FF4F670A203C00003FFF90814E7541EEE3
S31A00E9768EFF9061FF000027CA4480220060E60C2E0005FF4F67F8
S31A00E976A3320C2E0003FF4F673E0C2E0003FF4E671408EE000680
S31A00E976B8FF7000AE01004080FF6441EEFF6C604200AE010000A2
S31A00E976CD00FF6441EEFF6C603400AE01004080FF6408EE00065A
S31A00E976E2FF7C41EEFF78602041EEFF780C2E0005FF4E66FF006C
S31A00E976F700000C00AE00004080FF6400AE01000000FF64082870
S31A00E9770C00070000670800AE08000000FF64F210D0804E7500D5
S31A00E97721AE01002080FF64F23BD0800170000000084E757FFF7B
S31A00E977360000FFFFFFFFFFFFFFFF2D40FF54302EFF4242811223
S31A00E9774B2EFF64E099F2018800323B02064EFB1002023400406F
S31A00E9776002F8030C032003340348035C03660352033E032A03E9
S31A00E97775160302004A0238023A02760054009E0102014C01B2C8
S31A00E9778A01FC021801D8018C012800DE007A02B6025AF2810076
S31A00E9779F066000032A4E75F28E0006600003204E75F29200221E
S31A00E977B4082E0000FF646700031000AE00008080FF64082E0077
S31A00E977C907FF626600032C600002FA4E75F29D0006600002F0B9
S31A00E977DE082E0000FF64671200AE00008080FF64082E0007FF48
S31A00E977F362660003044E75F2930022082E0000FF64670002C691
S31A00E9780800AE00008080FF64082E0007FF62660002E260000221
S31A00E9781DB0082E0000FF64671200AE00008080FF64082E000757
S31A00E97832FF62660002C44E75F29C00066000028C082E0000FF4B
S31A00E9784764671200AE00008080FF64082E0007FF62660002A0A9
S31A00E9785C4E75F2940022082E0000FF646700026200AE0000802B
S31A00E9787180FF64082E0007FF626600027E6000024C4E75F29BAE
S31A00E97886000660000242082E0000FF64671200AE00008080FF95
S31A00E9789B64082E0007FF62660002564E75F2950022082E000087
S31A00E978B0FF646700021800AE00008080FF64082E0007FF6266DB
S31A00E978C500023460000202082E0000FF64671200AE0000808065
S31A00E978DAFF64082E0007FF62660002164E75F29A000660000175
S31A00E978EFDE082E0000FF646700001400AE00008080FF64082E5C
S31A00E979040007FF62660001F04E75F2960022082E0000FF646753
S31A00E979190001B200AE00008080FF64082E0007FF62660001CED3
S31A00E9792E6000019C4E75F299000660000192082E0000FF646711
S31A00E979431200AE00008080FF64082E0007FF62660001A64E75AF
S31A00E97958F297001800AE00008080FF64082E0007FF6266000174
S31A00E9796D8E6000015C4E75F29800066000015200AE0000808017
S31A00E97982FF64082E0007FF626600016E4E756000013A4E750802
S31A00E979972E0000FF646700012E00AE00008080FF64082E000777
S31A00E979ACFF626600014A60000118082E0000FF64671200AE008C
S31A00E979C1008080FF64082E0007FF626600012C4E75F2910022C6
S31A00E979D6082E0000FF64670000EE00AE00008080FF64082E0078
S31A00E979EB07FF626600010A600000D8082E0000FF64671200AEC7
S31A00E97A0000008080FF64082E0007FF62660000EC4E75F29E00DC
S31A00E97A1522082E0000FF64670000AE00AE00008080FF64082E56
S31A00E97A2A0007FF62660000CA60000098082E0000FF64670000C8
S31A00E97A3F1400AE00008080FF64082E0007FF62660000AA4E75AD
S31A00E97A54F2820006600000724E75F28D0006600000684E75F21D
S31A00E97A698300066000005E4E75F28C0006600000544E75F2849E
S31A00E97A7E00066000004A4E75F28B0006600000404E75F2850034
S31A00E97A9306600000364E75F28A00066000002C4E75F286000641
S31A00E97AA8600000224E75F2890006600000184E75F287000660FA
S31A00E97ABD00000E4E75F2880006600000044E75122EFF4102418A
S31A00E97AD2000761FF00001D66534061FF00001DD00C40FFFF6636
S31A00E97AE7024E75202EFF54D0AEFF6858802D4000064E751D7CA9
S31A00E97AFC0002FF4A4E75302EFF424281122EFF64E099F201887F
S31A00E97B1100323B02064EFB1002021E004002E402F002FC03085F
S31A00E97B26031403200326031A030E030202F602EA004602200277
S31A00E97B3B240260004C009200F8013E01A401EA020201C4017ED3
S31A00E97B50011800D2006C02A20240F28102EA4E75F28E02E44E1E
S31A00E97B6575F29202DE082E0000FF64671200AE00008080FF6420
S31A00E97B7A082E0007FF62660002CC4E75F29D00044E75082E00E6
S31A00E97B8F00FF64670002B200AE00008080FF64082E0007FF62C5
S31A00E97BA4660002A86000029CF293001E082E0000FF646712001A
S31A00E97BB9AE00008080FF64082E0007FF62660002864E75082E32
S31A00E97BCE0000FF646700027200AE00008080FF64082E0007FF28
S31A00E97BE362660002686000025CF29C00044E75082E0000FF64C0
S31A00E97BF86700024C00AE00008080FF64082E0007FF62660002BD
S31A00E97C0D4260000236F2940232082E0000FF64671200AE00001F
S31A00E97C228080FF64082E0007FF62660002204E75F29B00044E33
S31A00E97C3775082E0000FF646700020600AE00008080FF64082E85
S31A00E97C4C0007FF62660001FC600001F0F295001E082E0000FF3E
S31A00E97C6164671200AE00008080FF64082E0007FF62660001DA52
S31A00E97C764E75082E0000FF64670001C600AE00008080FF640867
S31A00E97C8B2E0007FF62660001BC600001B0F29A00044E75082EA2
S31A00E97CA00000FF64670001A000AE00008080FF64082E0007FF28
S31A00E97CB562660001966000018AF2960186082E0000FF64671260
S31A00E97CCA00AE00008080FF64082E0007FF62660001744E75F277
S31A00E97CDF9900044E75082E0000FF646700015A00AE0000808038
S31A00E97CF4FF64082E0007FF626600015060000144F29701400065
S31A00E97D09AE00008080FF64082E0007FF62660001364E75F298DD
S31A00E97D1E00044E7500AE00008080FF64082E0007FF6266000184
S31A00E97D331C600001104E756000010A082E0000FF64671200AED1
S31A00E97D4800008080FF64082E0007FF62660000F84E75082E00DF
S31A00E97D5D00FF64670000E400AE00008080FF64082E0007FF62C5
S31A00E97D72660000DA600000CEF2910020082E0000FF64670000FC
S31A00E97D871400AE00008080FF64082E0007FF62660000B64E7556
S31A00E97D9C082E0000FF64670000A200AE00008080FF64082E00FA
S31A00E97DB107FF62660000986000008CF29E0020082E0000FF6433
S31A00E97DC66700001400AE00008080FF64082E0007FF6266000029
S31A00E97DDB744E75082E0000FF646700006000AE00008080FF64FC
S31A00E97DF0082E0007FF62660000566000004AF28200464E75F21C
S31A00E97E058D00404E75F283003A4E75F28C00344E75F284002E5E
S31A00E97E1A4E75F28B00284E75F28500224E75F28A001C4E75F290
S31A00E97E2F8600164E75F28900104E75F287000A4E75F2880004DE
S31A00E97E444E751D7C0001FF4A4E751D7C0002FF4A4E75302EFFCD
S31A00E97E59424281122EFF64E099F2018800323B02064EFB1002B9
S31A00E97E6E0208004002AC02CC02EC030C032C034C035C033C032E
S31A00E97E831C02FC02DC02BC0050020E02140244006000A400FA8B
S31A00E97E98013E019401D801F001B60172011C00D800820278022B
S31A00E97EAD2CF281000842006000032E50C060000328F28E000834
S31A00E97EC242006000031E50C060000318F292001A4200082E0058
S31A00E97ED700FF646700030800AE00008080FF64600002F250C05D
S31A00E97EEC600002F6F29D00084200600002EC50C0082E0000FFCE
S31A00E97F0164670002E000AE00008080FF64600002CAF293001AF3
S31A00E97F164200082E0000FF64670002C400AE00008080FF6460EE
S31A00E97F2B0002AE50C0082E0000FF64670002AC00AE0000808036
S31A00E97F40FF6460000296F29C000842006000029650C0082E00CC
S31A00E97F5500FF646700028A00AE00008080FF6460000274F29465
S31A00E97F6A001A4200082E0000FF646700026E00AE00008080FF9A
S31A00E97F7F646000025850C06000025CF29B000842006000025287
S31A00E97F9450C0082E0000FF646700024600AE00008080FF646020
S31A00E97FA9000230F295001A4200082E0000FF646700022A00AEE5
S31A00E97FBE00008080FF646000021450C0082E0000FF64670002D4
S31A00E97FD31200AE00008080FF64600001FCF29A000842006000F4
S31A00E97FE801FC50C0082E0000FF64670001F000AE00008080FFEA
S31A00E97FFD64600001DAF296001A4200082E0000FF64670001D428
S31A00E9801200AE00008080FF64600001BE50C0600001C2F299007C
S31A00E98027084200600001B850C0082E0000FF64670001AC00AE87
S31A00E9803C00008080FF6460000196F2970010420000AE000080DD
S31A00E9805180FF646000018450C060000188F29800084200600036
S31A00E98066017E50C000AE00008080FF646000016642006000010C
S31A00E9807B6A50C0600001644200082E0000FF646700015800AE79
S31A00E9809000008080FF646000014250C0082E0000FF64670001D5
S31A00E980A54000AE00008080FF646000012AF291001A4200082EE6
S31A00E980BA0000FF646700012400AE00008080FF646000010E5003
S31A00E980CFC0082E0000FF646700010C00AE00008080FF6460006F
S31A00E980E400F6F29E001A4200082E0000FF64670000F000AE0018
S31A00E980F9008080FF64600000DA50C0082E0000FF64670000D8FE
S31A00E9810E00AE00008080FF64600000C2F282000842006000001C
S31A00E98123C250C0600000BCF28D00084200600000B250C060001F
S31A00E9813800ACF28300084200600000A250C06000009CF28C004C
S31A00E9814D0842006000009250C06000008CF284000842006000D6
S31A00E98162008250C06000007CF28B000842006000007250C060A2
S31A00E9817700006CF285000842006000006250C06000005CF28ACD
S31A00E9818C000842006000005250C06000004CF286000842006015
S31A00E981A100004250C06000003CF289000842006000003250C085
S31A00E981B66000002CF287000842006000002250C06000001CF276
S31A00E981CB88000842006000001250C06000000C082E0007FF6252
S31A00E981E0660000882040122EFF412001020100386610220002D7
S31A00E981F5410007200861FF0000172A4E750C010018671A0C01FF
S31A00E9820A002067382008206E000C61FFFFFF5A7C4A816600008A
S31A00E9821F544E752008206E000C61FFFFFF5A684A8166000040F1
S31A00E98234122EFF4102410007700161FF000017224E7520082067
S31A00E982496E000C61FFFFFF5A444A816600001C122EFF410241AB
S31A00E9825E0007700161FF0000174E4E751D7C0002FF4A4E753D38
S31A00E982737C00A1000A60FF00002B86122EFF4302410070E809AA
S31A00E9828861FF000015B20280000000FF2F00103B092001482F2F
S31A00E9829D0061FF00000340201F221F67000134082E0005FF42A2
S31A00E982B2670000B8082E0004FF426600001A123B1120021E0808
S31A00E982C72E00050004670A0C2E0008FF4A66024E7522489FC08C
S31A00E982DC41D74A016A0C20EEFFDC20EEFFE020EEFFE4E3096AA8
S31A00E982F10C20EEFFE820EEFFEC20EEFFF0E3096A0AF210F02020
S31A00E98306D1FC0000000CE3096A0AF210F010D1FC0000000CE37C
S31A00E9831B096A0AF210F008D1FC0000000CE3096A0AF210F004B8
S31A00E98330D1FC0000000CE3096A0AF210F002D1FC0000000CE360
S31A00E98345096A0AF210F001D1FC0000000C2D49FF5441D72F00DB
S31A00E9835A61FFFFFF58B2201FDFC04A816600071E4E752D48FF4C
S31A00E9836F549FC043D72F012F0061FFFFFF587E201F4A8166003A
S31A00E98384070E221F41D74A016A0C2D58FFDC2D58FFE02D58FF7E
S31A00E98399E4E3096A0C2D58FFE82D58FFEC2D58FFF0E3096A04F0
S31A00E983AEF218D020E3096A04F218D010E3096A04F218D008E36E
S31A00E983C3096A04F218D004E3096A04F218D002E3096A04F218C7
S31A00E983D8D001DFC04E754E75000C0C180C1818240C18182418A3
S31A00E983ED2424300C18182418242430182424302430303C0C18B0
S31A00E98402182418242430182424302430303C1824243024303046
S31A00E984173C2430303C303C3C480C1818241824243018242430F5
S31A00E9842C2430303C182424302430303C2430303C303C3C481874
S31A00E984412424302430303C2430303C303C3C482430303C303C23
S31A00E984563C48303C3C483C4848540C181824182424301824243E
S31A00E9846B302430303C182424302430303C2430303C303C3C481D
S31A00E98480182424302430303C2430303C303C3C482430303C3008
S31A00E984953C3C48303C3C483C484854182424302430303C24306F
S31A00E984AA303C303C3C482430303C303C3C48303C3C483C484806
S31A00E984BF542430303C303C3C48303C3C483C484854303C3C48B5
S31A00E984D43C4848543C48485448545460008040C020A060E01084
S31A00E984E99050D030B070F0088848C828A868E8189858D838B80F
S31A00E984FE78F8048444C424A464E4149454D434B474F40C8C4C66
S31A00E98513CC2CAC6CEC1C9C5CDC3CBC7CFC028242C222A262E278
S31A00E98528129252D232B272F20A8A4ACA2AAA6AEA1A9A5ADA3A4D
S31A00E9853DBA7AFA068646C626A666E6169656D636B676F60E8E90
S31A00E985524ECE2EAE6EEE1E9E5EDE3EBE7EFE018141C121A161BA
S31A00E98567E1119151D131B171F1098949C929A969E9199959D97B
S31A00E9857C39B979F9058545C525A565E5159555D535B575F50DBA
S31A00E985918D4DCD2DAD6DED1D9D5DDD3DBD7DFD038343C323A351
S31A00E985A663E3139353D333B373F30B8B4BCB2BAB6BEB1B9B5B8A
S31A00E985BBDB3BBB7BFB078747C727A767E7179757D737B777F785
S31A00E985D00F8F4FCF2FAF6FEF1F9F5FDF3FBF7FFF2040302EFF7A
S31A00E985E54032000240003F028100000007303B020A4EFB00064F
S31A00E985FA4AFC00400000000000000000000000000000000000F7
S31A00E9860F00000000000000000000000000000000800086008CD5
S31A00E98624009000940098009C00A000A600B600C600D200DE0088
S31A00E98639EA00F60102011801260134013E01480152015C016646
S31A00E9864E017A019801B601D201EE020A0226024202600260025D
S31A00E98663600260026002600260026002C002DA02F4031400001E
S31A00E98678000000000000206EFFA44E75206EFFA84E75204A4E5A
S31A00E9868D75204B4E75204C4E75204D4E7520564E75206EFFD849
S31A00E986A24E75202EFFA42200D2882D41FFA420404E75202EFF23
S31A00E986B7A82200D2882D41FFA820404E75200A2200D288244158
S31A00E986CC20404E75200B2200D288264120404E75200C2200D236
S31A00E986E188284120404E75200D2200D2882A4120404E75201614
S31A00E986F62200D2882C8120404E751D7C0004FF4A202EFFD82207
S31A00E9870B00D2882D41FFD820404E75202EFFA490882D40FFA48F
S31A00E9872020404E75202EFFA890882D40FFA820404E75200A9034
S31A00E9873588244020404E75200B9088264020404E75200C908821
S31A00E9874A284020404E75200D90882A4020404E75201690882C54
S31A00E9875F8020404E751D7C0008FF4A202EFFD890882D40FFD808
S31A00E9877420404E75206EFF4454AEFF4461FFFFFF54A24A816643
S31A00E98789FFFFFF68203040D1EEFFA44E75206EFF4454AEFF44BC
S31A00E9879E61FFFFFF54844A8166FFFFFF68023040D1EEFFA84EE5
S31A00E987B375206EFF4454AEFF4461FFFFFF54664A8166FFFFFFF1
S31A00E987C867E43040D1CA4E75206EFF4454AEFF4461FFFFFF54CC
S31A00E987DD4A4A8166FFFFFF67C83040D1CB4E75206EFF4454AE4F
S31A00E987F2FF4461FFFFFF542E4A8166FFFFFF67AC3040D1CC4EC4
S31A00E9880775206EFF4454AEFF4461FFFFFF54124A8166FFFFFFF0
S31A00E9881C67903040D1CD4E75206EFF4454AEFF4461FFFFFF53C9
S31A00E98831F64A8166FFFFFF67743040D1D64E75206EFF4454AE97
S31A00E98846FF4461FFFFFF53DA4A8166FFFFFF67583040D1EEFF45
S31A00E9885BD84E75508161FF00000FDA2F00206EFF4454AEFF441F
S31A00E9887061FFFFFF53B24A8166FFFFFF6730205F0800000866E7
S31A00E988850000E62D40FF542200E9590241000F61FF00000FA67E
S31A00E9889A2F02242EFF540802000B660248C02202EF5902810090
S31A00E988AF000003E3A849C2D082D1C0241F4E75206EFF4454AE70
S31A00E988C4FF4461FFFFFF535C4A8166FFFFFF66DA30404E75209F
S31A00E988D96EFF4458AEFF4461FFFFFF53584A8166FFFFFF66C044
S31A00E988EE20404E75206EFF4454AEFF4461FFFFFF53284A816643
S31A00E98903FFFFFF66A63040D1EEFF4455884E75206EFF4454AE82
S31A00E98918FF4461FFFFFF53084A8166FFFFFF6686206EFF44551F
S31A00E9892D8808000008660000382D40FF542200E9590241000F9A
S31A00E9894261FF00000EF82F02242EFF540802000B660248C0224E
S31A00E9895702EF59028100000003E3A849C2D082D1C0241F4E75CD
S31A00E9896C08000006670C48E73C002A002608428260282D40FF0B
S31A00E9898154E9C0140461FF00000EB448E73C0024002A2EFF5481
S31A00E9899626080805000B660248C2E9C50542E1AA08050007672A
S31A00E989AB024283E9C506820C0000026D346718206EFF4458AEC6
S31A00E989C0FF4461FFFFFF52764A8166FF000000B06018206EFF65
S31A00E989D54454AEFF4461FFFFFF52484A8166FF0000009848C04D
S31A00E989EAD680E9C507826700006E0C0000026D346718206EFF6C
S31A00E989FF4458AEFF4461FFFFFF52344A8166FF0000006E601CE9
S31A00E98A14206EFF4454AEFF4461FFFFFF52064A8166FF00000062
S31A00E98A295648C0600242802800080500026714204361FFFFFF54
S31A00E98A3E52404A8166000028D082D0846018D682204361FFFF11
S31A00E98A53FF522A4A8166000012D0846004D682200320404CDFA3
S31A00E98A68003C4E7520434CDF003C303C010160FFFFFF65824C43
S31A00E98A7DDF003C60FFFFFF652861FF000023C6303C00E1600AF0
S31A00E98A9261FF000023BA303C0161206EFF5460FFFFFF655810CA
S31A00E98AA72EFF420C00009C670000B20C000098670000740C0010
S31A00E98ABC00946736206EFF4458AEFF4461FFFFFF51704A81661B
S31A00E98AD1FFFFFF64D82D40FF64206EFF4458AEFF4461FFFFFF20
S31A00E98AE651564A8166FFFFFF64BE2D40FF684E75206EFF4458D5
S31A00E98AFBAEFF4461FFFFFF513A4A8166FFFFFF64A22D40FF609D
S31A00E98B10206EFF4458AEFF4461FFFFFF51204A8166FFFFFF64E6
S31A00E98B25882D40FF684E75206EFF4458AEFF4461FFFFFF510460
S31A00E98B3A4A8166FFFFFF646C2D40FF60206EFF4458AEFF4461F2
S31A00E98B4FFFFFFF50EA4A8166FFFFFF64522D40FF644E75206EE6
S31A00E98B64FF4458AEFF4461FFFFFF50CE4A8166FFFFFF64362D10
S31A00E98B7940FF60206EFF4458AEFF4461FFFFFF50B44A8166FFAD
S31A00E98B8EFFFF641C2D40FF64206EFF4458AEFF4461FFFFFF50CD
S31A00E98BA39A4A8166FFFFFF64022D40FF684E752040102EFF412B
S31A00E98BB82200024000380281000000070C00001867240C0000D8
S31A00E98BCD20672C80410C00003C6706206E000C4E751D7C008005
S31A00E98BE2FF4A41F60162FF6800044E75200861FF00000D702059
S31A00E98BF76E000C4E75200861FF00000DB2206E000C0C00000C44
S31A00E98C0C67024E7551882D48000C4E75102EFF41220002400039
S31A00E98C21380281000000070C000018670E0C00002067000076EB
S31A00E98C36206E000C4E75323B120E206E000C4EFB10064AFC0011
S31A00E98C4B080010001A0024002C0034003C0044004E06AE0000ED
S31A00E98C60000CFFA44E7506AE0000000CFFA84E75D5FC000000A3
S31A00E98C750C4E75D7FC0000000C4E75D9FC0000000C4E75DBFC0F
S31A00E98C8A0000000C4E7506AE0000000CFFD44E751D7C0004FF25
S31A00E98C9F4A06AE0000000CFFD84E75323B1214206E000C518827
S31A00E98CB451AE000C4EFB10064AFC000800100016001C002000A2
S31A00E98CC9240028002C00322D48FFA44E752D48FFA84E752448D7
S31A00E98CDE4E7526484E7528484E752A484E752D48FFD44E752DFE
S31A00E98CF348FFD81D7C0008FF4A4E75082E0006FF426664102E2C
S31A00E98D08FF4308000005672C08000004670A0240007F0C4000FB
S31A00E98D1D38661CE9EE0183FF4261FF00000D6A61FF00001206AD
S31A00E98D320C00000667221D40FF4FE9EE00C3FF4261FF00000CB0
S31A00E98D47BE61FF000011EA0C000006670E1D40FF4E4E7561FFBB
S31A00E98D5C0000114860D661FF0000114060EA302EFF42080000E2
S31A00E98D7105672C08000004670A0240007F0C400038661CE9EE4B
S31A00E98D860183FF4261FF00000D0661FF000011A20C0000066725
S31A00E98D9B261D40FF4FE9EE00C3FF42E9EE1283FF40660000BE59
S31A00E98DB0422EFF4EE9EE1343FF40303B02124EFB000E61FF0060
S31A00E98DC50010E060D24AFC00080010006A00000000002E000092
S31A00E98DDA004C000061FF00000A5CF2004000F22EF080FF6CF264
S31A00E98DEF8100044E751D7C0001FF4E4E7561FF00000A3EF200F4
S31A00E98E045000F22EF080FF6CF28100044E751D7C0001FF4E4EB0
S31A00E98E197561FF00000A20F2005800F22EF080FF6CF28100049A
S31A00E98E2E4E751D7C0001FF4E4E7561FF00000A022D40FF544166
S31A00E98E43EEFF5461FF000011DE1D40FF4E0C000005670001A4D4
S31A00E98E580C0000046700015EF2104400F22EF080FF6C4E7542FA
S31A00E98E6D2EFF4E303B020A4EFB00064AFC0008001000E202720C
S31A00E98E8202B0005601A0009C0000700461FFFFFFFD220C2E007C
S31A00E98E9780FF4A672661FFFFFF4DDE4A8166FF00001EECF200CC
S31A00E98EAC4000F22EF080FF6CF28100044E751D7C0001FF4E4E18
S31A00E98EC17561FFFFFF4D764A8166FFFFFF6E8A60D8700261FFE7
S31A00E98ED6FFFFFCDC0C2E0080FF4A672661FFFFFF4D824A8166D4
S31A00E98EEBFF00001E98F2005000F22EF080FF6CF28100044E7557
S31A00E98F001D7C0001FF4E4E7561FFFFFF4D1A4A8166FFFFFF6E62
S31A00E98F154460D8700161FFFFFFFC960C2E0080FF4A672661FF8B
S31A00E98F2AFFFF4D264A8166FF00001E42F2005800F22EF080FF69
S31A00E98F3F6CF28100044E751D7C0001FF4E4E7561FFFFFF4CD460
S31A00E98F544A8166FFFFFF6DFE60D8700461FFFFFFFC500C2E00F0
S31A00E98F6980FF4A673E61FFFFFF4D0C2D40FF544A8166FF0000EF
S31A00E98F7E1E1641EEFF5461FF000010A01D40FF4E0C0000046708
S31A00E98F930000280C0000056700005EF22E4400FF54F22EF08095
S31A00E98FA8FF6C4E7561FFFFFF4C8C4A8166FFFFFF6DA060C442C0
S31A00E98FBD6EFF6CE9D00257E1882D40FF7042AEFF74426EFF6C02
S31A00E98FD208100007670608EE0007FF6C41EEFF6C61FF00000E9F
S31A00E98FE778323C3F819240836EFF6C1D7C0000FF4E4E753D7C50
S31A00E98FFC7FFFFF6CE9D00257E1882D40FF7042AEFF74081000B6
S31A00E9901107670608EE0007FF6C4E75700861FFFFFFFB920C2E1F
S31A00E990260080FF4A674043EEFF54700861FFFFFF4BC44A81663C
S31A00E9903BFF00001D6441EEFF5461FF00000F701D40FF4E0C009A
S31A00E9905000046700002E0C00000567000068F22E5400FF54F2EA
S31A00E990652EF080FF6C4E7543EEFF54700861FFFFFF4B6E4A815D
S31A00E9907A66FFFFFF6CDA60BE426EFF6CE9D0031F2D40FF70E970
S31A00E9908FE802D50004720BE3A82D40FF7408100007670608EEB0
S31A00E990A40007FF6C41EEFF6C61FF00000DAE323C3C01924083A1
S31A00E990B96EFF6C1D7C0000FF4E4E753D7C7FFFFF6CE9D0031FB4
S31A00E990CE2D40FF70E9E802D50004720BE3A82D40FF7408100016
S31A00E990E307670608EE0007FF6C4E75700C61FFFFFFFAC043EE25
S31A00E990F8FF6C700C61FFFFFF4AFA4A8166FF00001CA841EEFFC9
S31A00E9910D6C61FF00000E240C00000667061D40FF4E4E7561FF14
S31A00E9912200000D821D40FF4E4E7561FF0000125441EEFF6C618C
S31A00E99137FF00000DFC0C00000667061D40FF4E4E7561FF0000E0
S31A00E9914C0D5A1D40FF4E4E75E9EE10C3FF42327B120A4EFB98B6
S31A00E99161064AFC000800E001E0014806200078041A00100620BA
S31A00E991764A2EFF4E664CF228D0800000F2009000F2007800F236
S31A00E9918B3C900000000000F201A800836EFF66122EFF410201A0
S31A00E991A000386714206E000C61FFFFFF4AE84A8166FF00001CA2
S31A00E991B50A4E75122EFF410241000761FF000007644E75222847
S31A00E991CA0000028180000000008100800000F201440060A44A18
S31A00E991DF2EFF4E664CF228D0800000F2009000F2007000F23CE3
S31A00E991F4900000000000F201A800836EFF66122EFF4102010073
S31A00E99209386714206E000C61FFFFFF4A964A8166FF00001BB0DB
S31A00E9921E4E75122EFF410241000761FF000006C04E752228008C
S31A00E9923300028180000000008100800000F201440060A44A2E80
S31A00E99248FF4E664CF228D0800000F2009000F2006000F23C9027
S31A00E9925D0000000000F201A800836EFF66122EFF410201003861
S31A00E992726714206E000C61FFFFFF4A444A8166FF00001B564E08
S31A00E9928775122EFF410241000761FF0000061C4E752228000015
S31A00E9929C028180000000008100800000F201440060A43D6800EA
S31A00E992B100FF84426EFF862D680004FF882D680008FF8CF2289F
S31A00E992C6D080000061FFFFFFF94C224841EEFF84700C0C2E00DF
S31A00E992DB08FF4A672661FFFFFF492C4A81660000524A2EFF4E96
S31A00E992F066024E7508EE0003FF66102EFF620200000A66164E7C
S31A00E993057561FFFFFF57884A816600002C4A2EFF4E66DC4E758B
S31A00E9931A41EEFF8461FF00000B3C444002407FFF026E8000FFC3
S31A00E9932F84816EFF84F22ED040FF844E752CAEFFD460FF0000C2
S31A00E993441AB202000030000000402D40FF5C3028000002407F06
S31A00E99359FF0C40407E6E0000E6670001520C403F816D00005828
S31A00E9936EF228D0800000F22E9000FF5CF23C880000000000F2DE
S31A00E99383006400F23C900000000000F201A800836EFF66122E93
S31A00E99398FF41020100386714206E000C61FFFFFF49184A816651
S31A00E993ADFF00001A2A4E75122EFF410241000761FF000004F098
S31A00E993C24E7508EE0003FF663D680000FF842D680004FF882D11
S31A00E993D7680008FF8C2F0842800C2E0004FF4E660A41EEFF84F1
S31A00E993EC61FF00000A6E41EEFF84222EFF5C61FF00000C864115
S31A00E99401EEFF8461FF0000034C122EFF41020100386714206E83
S31A00E99416000C61FFFFFF48A44A8166FF000019B6600E122EFF50
S31A00E9942B410241000761FF0000047C122EFF620201000A6600BE
S31A00E9944000B8588F4E754A280007660E4AA800086608006E10F3
S31A00E9945548FF666006006E1248FF662F084A2800005BC1202EC0
S31A00E9946AFF5C61FF00000D12F210D080F2006400122EFF4102FA
S31A00E9947F0100386714206E000C61FFFFFF48344A8166FF000091
S31A00E994941946600E122EFF410241000761FF0000040C122EFF8E
S31A00E994A9620201000A6600007C588F4E753228000002418000A7
S31A00E994BE00413FFF3D41FF842D680004FF882D680008FF8CF2F0
S31A00E994D32E9000FF5CF22E4800FF84F23C900000000000F200E1
S31A00E994E80018F23C58380002F294FE7C6000FF50205F3D6800D5
S31A00E994FD00FF842D680004FF882D680008FF8C0C2E0004FF4E15
S31A00E99512662C41EEFF8461FF00000942448002407FFFEFEE0005
S31A00E995274FFF846014205F3D680000FF842D680004FF882D689E
S31A00E9953C0008FF8C08AE0007FF8456EEFF8641EEFF84122EFF9E
S31A00E995515FE8090241000C4841122EFF5FE80902410003428057
S31A00E9956661FF000007824A2EFF86670608EE0007FF84F22ED03E
S31A00E9957B40FF844E7502000030000000802D40FF5C3028000094
S31A00E9959002407FFF0C4043FE6E0000C8670001200C403C016DD6
S31A00E995A5000046F228D0800000F22E9000FF5CF23C8800000051
S31A00E995BA0000F22E7400FF54F23C900000000000F200A80081ED
S31A00E995CF6EFF66226E000C41EEFF54700861FFFFFF46304A8190
S31A00E995E466FF000018004E7508EE0003FF663D680000FF842D90
S31A00E995F9680004FF882D680008FF8C2F0842800C2E0004FF4ECF
S31A00E9960E660A41EEFF8461FF0000084641EEFF84222EFF5C61CA
S31A00E99623FF00000A5E41EEFF8461FF000000D22D40FF542D41CA
S31A00E99638FF58226E000C41EEFF54700861FFFFFF45C84A8166A5
S31A00E9964DFF00001798122EFF620201000A6600FE9C588F4E7513
S31A00E996623028000A024007FF6608006E1048FF666006006E12DB
S31A00E9967748FF662F084A2800005BC1202EFF5C61FF00000AF872
S31A00E9968CF210D080F22E7400FF54226E000C41EEFF54700861AA
S31A00E996A1FFFFFF456C4A8166FF0000173C122EFF620201000AE6
S31A00E996B66600FE74588F4E75322800000241800000413FFF3D55
S31A00E996CB41FF842D680004FF882D680008FF8CF22E9000FF5C84
S31A00E996E0F22E4800FF84F23C900000000000F2000018F23C584D
S31A00E996F5380002F294FEAE6000FF6442803028000004403FFFA6
S31A00E9970A064003FF4A2800046B0253404840E9884A2800006AC8
S31A00E9971F0408C0001F22280004E9C1105480812D40FF542228F4
S31A00E9973400047015E1A92D41FF5822280008E9C10015222EFFF9
S31A00E99749588280202EFF544E7542803028000004403FFF06407C
S31A00E9975E007F4A2800046B0253404840EF884A2800006A04082B
S31A00E99773C0001F2228000402817FFFFF00E08980814E7561FF38
S31A00E99788FFFFF4902F08102EFF4E66000082082E0004FF4267CF
S31A00E9979D12122EFF43E8090241000761FF000000926004102E65
S31A00E997B2FF43EBC006472F0041EEFF6C61FF00000ED002AECFF3
S31A00E997C7FFF00FFF84201F4A2EFF8766164AAEFF8866104AAE77
S31A00E997DCFF8C660A4A806606026EF000FF8441EEFF84225F70D2
S31A00E997F10C0C2E0008FF4A670E61FFFFFF44124A816600FB3850
S31A00E998064E7561FFFFFF52864A816600FB2A4E750C00000467D5
S31A00E9981B00FF7A41EEFF6C426EFF6E0C000005670260C0006E11
S31A00E998304080FF6608EE0006FF7060B2303B12064EFB000200C4
S31A00E99845200026002C003000340038003C00400044004A0050B7
S31A00E9985A00540058005C00600064202EFF9C4E75202EFFA04E57
S31A00E9986F7520024E7520034E7520044E7520054E7520064E75FD
S31A00E9988420074E75202EFFA44E75202EFFA84E75200A4E75207D
S31A00E998990B4E75200C4E75200D4E7520164E75202EFFD84E753D
S31A00E998AE323B12064EFB100200100016001C0020002400280028
S31A00E998C32C00302D40FF9C4E752D40FFA04E7524004E7526009E
S31A00E998D84E7528004E752A004E752C004E752E004E75323B1292
S31A00E998ED064EFB100200100016001C002000240028002C00300C
S31A00E999023D40FF9E4E753D40FFA24E7534004E7536004E75387B
S31A00E99917004E753A004E753C004E753E004E75323B12064EFBBE
S31A00E9992C100200100016001C002000240028002C00301D40FFBF
S31A00E999419F4E751D40FFA34E7514004E7516004E7518004E7573
S31A00E999561A004E751C004E751E004E75323B12064EFB10020090
S31A00E9996B100016001C002000240028002C0030D1AEFFA44E7509
S31A00E99980D1AEFFA84E75D5C04E75D7C04E75D9C04E75DBC04E03
S31A00E9999575D1964E751D7C0004FF4A0C0000016706D1AEFFD879
S31A00E999AA4E7554AEFFD84E75323B12064EFB1002001000160054
S31A00E999BF1C002000240028002C003091AEFFA44E7591AEFFA835
S31A00E999D44E7595C04E7597C04E7599C04E759BC04E7591964EEB
S31A00E999E9751D7C0008FF4A0C000001670691AEFFD84E7555AEC5
S31A00E999FEFFD84E75303B02064EFB0002001000280040004C0049
S31A00E99A135800640070007C2D6EFFDCFF6C2D6EFFE0FF702D6E42
S31A00E99A28FFE4FF7441EEFF6C4E752D6EFFE8FF6C2D6EFFECFF15
S31A00E99A3D702D6EFFF0FF7441EEFF6C4E75F22EF020FF6C41EE91
S31A00E99A52FF6C4E75F22EF010FF6C41EEFF6C4E75F22EF008FFE3
S31A00E99A676C41EEFF6C4E75F22EF004FF6C41EEFF6C4E75F22E36
S31A00E99A7CF002FF6C41EEFF6C4E75F22EF001FF6C41EEFF6C4EC8
S31A00E99A9175303B02064EFB0002001000280040004C005800641E
S31A00E99AA60070007C2D6EFFDCFF782D6EFFE0FF7C2D6EFFE4FF71
S31A00E99ABB8041EEFF784E752D6EFFE8FF782D6EFFECFF7C2D6E29
S31A00E99AD0FFF0FF8041EEFF784E75F22EF020FF7841EEFF784E20
S31A00E99AE575F22EF010FF7841EEFF784E75F22EF008FF7841EE4A
S31A00E99AFAFF784E75F22EF004FF7841EEFF784E75F22EF002FF29
S31A00E99B0F7841EEFF784E75F22EF001FF7841EEFF784E75303B15
S31A00E99B2402064EFB0002001000180020002A0034003E004800BE
S31A00E99B3952F22EF080FFDC4E75F22EF080FFE84E75F227E00174
S31A00E99B4EF21FD0204E75F227E001F21FD0104E75F227E001F2B5
S31A00E99B631FD0084E75F227E001F21FD0044E75F227E001F21F97
S31A00E99B78D0024E75F227E001F21FD0014E7500003F813C01E4D4
S31A00E99B8D08323B02F63001906800000C4000426A164280082E38
S31A00E99BA20001FF66670408C0001D61FF0000001A4E75203C2050
S31A00E99BB70000003141000042A8000442A800084E752D680008F8
S31A00E99BCCFF542D40FF582001926800006F100C4100206D100CEE
S31A00E99BE14100406D506000009A202EFF584E752F02314000003E
S31A00E99BF6702090410C41001D6D08142EFF58852EFF57E9E82098
S31A00E99C0B200004E9E818000004E9EE0800FF5421420004214149
S31A00E99C200008E8C0009E670408C0001D0280E0000000241F4EAF
S31A00E99C35752F02314000000441002070209041142EFF58852E02
S31A00E99C4AFF57E9E820200004E9E818000004E8C1009E660CE81D
S31A00E99C5FEE081FFF54660420016006200108C0001D42A80004B4
S31A00E99C74214200080280E0000000241F4E75314000000C41005B
S31A00E99C89416D12672442A8000442A80008203C200000004E756D
S31A00E99C9E2028000422000280C000000002813FFFFFFF601220C1
S31A00E99CB3280004028080000000E28802817FFFFFFF66164AA8A8
S31A00E99CC8000866104A2EFF58660A42A8000442A800084E750830
S31A00E99CDDC0001D42A8000442A800084E7561FF000001104A80C8
S31A00E99CF2670000FA006E0208FF66327B12064EFB980200400048
S31A00E99D07EA002400084A2800026B0000DC70FF48410C0100047E
S31A00E99D1C6700003E6E000094600000644A2800026A0000C070CA
S31A00E99D31FF48410C010004670000226E00007860000048E3801B
S31A00E99D46640000A648410C0100046700000A6E000060600000D6
S31A00E99D5B3006A8000001000004640CE4E80004E4E80006526855
S31A00E99D7000004A8066060268FE00000602A8FFFFFF000004425E
S31A00E99D85A800084E7552A80008641A52A800046414E4E80004A1
S31A00E99D9AE4E80006E4E80008E4E8000A526800004A8066060257
S31A00E99DAF2800FE000B4E7506A8000008000008641A52A8000482
S31A00E99DC46414E4E80004E4E80006E4E80008E4E8000A5268001D
S31A00E99DD9004A8066060268F000000A02A8FFFFF80000084E7581
S31A00E99DEE48410C0100046700FF866EEA4E7548414A016604484A
S31A00E99E03414E7548E730000C0100046622E9E836020004741EC0
S31A00E99E18E5AB2428000402820000003F66284AA8000866224A49
S31A00E99E2D80661E6020E9E835420008741EE5AB24280008028263
S31A00E99E42000001FF66064A806602600408C3001D20034CDF00E4
S31A00E99E570C48414E752F022F032028000422280008EDC02000E1
S31A00E99E6C671AE5A8E9C130228083E5A921400004214100082068
S31A00E99E8102261F241F4E75EDC12000E5A906820000002021412A
S31A00E99E96000442A800082002261F241F4E75EDE8000000046626
S31A00E99EAB0EEDE80000000867000074064000204281322800006A
S31A00E99EC002417FFFB0416E1C9240302800000240800082403183
S31A00E99ED541000061FFFFFFFF82103C00004E750C0100206E209F
S31A00E99EEAE9E8084000042140000420280008E3A82140000802AC
S31A00E99EFF6880000000103C00044E750441002020280008E3A824
S31A00E99F142140000442A80008026880000000103C00044E7502F3
S31A00E99F296880000000103C00014E753028000002407FFF0C40D8
S31A00E99F3E7FFF67480828000700046706103C00004E754A40664B
S31A00E99F53184AA80004660C4AA800086606103C00014E75103CC8
S31A00E99F6800044E754AA8000466124AA80008660C02688000006A
S31A00E99F7D00103C00014E75103C00064E754AA800086612202801
S31A00E99F92000402807FFFFFFF6606103C00024E75082800060016
S31A00E99FA7046706103C00034E75103C00054E75202800002200B5
S31A00E99FBC02807FF00000670E0C807FF000006728103C00004E17
S31A00E99FD1750281000FFFFF66FF000000144AA8000466FF0000B3
S31A00E99FE6000A103C00014E75103C00044E750281000FFFFF6654
S31A00E99FFBFF000000144AA8000466FF0000000A103C00024E75D9
S31A00E9A0100801001366FF0000000A103C00054E75103C00034E10
S31A00E9A0257520280000220002807F800000670E0C807F800000D7
S31A00E9A03A671E103C00004E750281007FFFFF66FF0000000A100F
S31A00E9A04F3C00014E75103C00044E750281007FFFFF66FF000095
S31A00E9A064000A103C00024E750801001666FF0000000A103C0003
S31A00E9A079054E75103C00034E752F0108280007000056E8000262
S31A00E9A08E3228000002417FFF9240314100002F08202F000402E3
S31A00E9A0A34000C0E84861FFFFFFFAE22057322F0006024100C06E
S31A00E9A0B8E8494841322F000602410030E84961FFFFFFFC222043
S31A00E9A0CD5F08A8000700004A280002670A08E800070000422833
S31A00E9A0E2000242804AA80004660A4AA80008660408C00002081A
S31A00E9A0F72E0001FF66670608EE0005FF67588F4E752F010828F9
S31A00E9A10C0007000056E800023228000002417FFF9240314100A9
S31A00E9A121002F08428061FFFFFFFA642057323C00044841322FB2
S31A00E9A136000602410030E84961FFFFFFFBAA205F08A800070042
S31A00E9A14B004A280002670A08E8000700004228000242804AA814
S31A00E9A1600004660A4AA80008660408C00002082E0001FF666756
S31A00E9A1750608EE0005FF67588F4E7502410010E80882003001DF
S31A00E9A18AE309600E024100108200484082003001E309103B0030
S31A00E9A19F0841FB16204E75020000020200000202000002000073
S31A00E9A1B400000A080A080A080A080A080A087FFF0000000000BD
S31A00E9A1C90000000000000000007FFE0000FFFFFFFFFFFFFFFF1D
S31A00E9A1DE000000007FFE0000FFFFFFFFFFFFFFFF000000007F89
S31A00E9A1F3FF00000000000000000000000000007FFF00000000EB
S31A00E9A20800000000000000000000407E0000FFFFFF0000000097
S31A00E9A21D0000000000407E0000FFFFFF00000000000000000082
S31A00E9A2327FFF00000000000000000000000000007FFF0000002C
S31A00E9A247000000000000000000000043FE0000FFFFFFFFFFFFD8
S31A00E9A25CF8000000000043FE0000FFFFFFFFFFFFF800000000D3
S31A00E9A271007FFF0000000000000000000000000000000000006B
S31A00E9A286000000000000000000000000000000000000000000D4
S31A00E9A29B000000000000000000000000000000000000000000BF
S31A00E9A2B0000000000000000000000000000000000000FFFF00AC
S31A00E9A2C500000000000000000000000000FFFE0000FFFFFFFF9C
S31A00E9A2DAFFFFFFFF00000000FFFF000000000000000000000086
S31A00E9A2EF000000FFFE0000FFFFFFFFFFFFFFFF00000000FFFF78
S31A00E9A3040000000000000000000000000000C07E0000FFFFFF1A
S31A00E9A319000000000000000000FFFF0000000000000000000042
S31A00E9A32E00000000C07E0000FFFFFF000000000000000000FFF1
S31A00E9A343FF0000000000000000000000000000C3FE0000FFFF58
S31A00E9A358FFFFFFFFF80000000000FFFF0000000000000000000F
S31A00E9A36D0000000000C3FE0000FFFFFFFFFFFFF8000000000039
S31A00E9A382700C61FFFFFFE82C43EEFF6C700C61FFFFFF38664A8B
S31A00E9A3978166FF00000A14E9EE004FFF6C0C407FFF66024E7538
S31A00E9A3AC102EFF6F0200000F660E4AAEFF7066084AAEFF7466D6
S31A00E9A3C1024E7541EEFF6C61FF0000001CF22EF080FF6C4E75FF
S31A00E9A3D6000000000203020302030302030202032D680000FFD1
S31A00E9A3EB842D680004FF882D680008FF8C41EEFF8448E73C0085
S31A00E9A400F227E00174027604281042814C3C10010000000AE9E7
S31A00E9A415C408C4D280580351CAFFEE0804001E67024481048121
S31A00E9A42A000000106C0E44810084400000000090400000002F1C
S31A00E9A43F017201F23C440000000000E9D00704F20058222830AB
S31A00E9A4541C0076007407F23C442341200000E9C408C4F200583E
S31A00E9A46922580351CAFFEC52810C81000000026FD80810001F8C
S31A00E9A47E6704F200001A22170C810000001B6F0000E408100017
S31A00E9A4931E667442812810E9C40704662452817A0128305C008E
S31A00E9A4A866085081528528305C0042837407E9C408C466085867
S31A00E9A4BD83528151CAFFF42001221792806C10448128100084CE
S31A00E9A4D24000000000904000000043FB0170000006664283F2A4
S31A00E9A4E73C44803F8000007403E2806406F23148A338000683A0
S31A00E9A4FC0000000C4A8066ECF2000423606842817A0228305C60
S31A00E9A5110066085385508128305C00761C7407E9C408C4660887
S31A00E9A5265983528151CAFFF42001221792806E1044812810028B
S31A00E9A53B84BFFFFFFF0290BFFFFFFF43FB0170000005FC428319
S31A00E9A550F23C44803F8000007403E2806406F23148A3380006C7
S31A00E9A565830000000C4A8066ECF2000420262EFF60E9C326822A
S31A00E9A57A2810E582E9C40002D48043FAFE50103128004283EF93
S31A00E9A58FC30682F2039000E280640A43FB0170000006446016B9
S31A00E9A5A4E280640A43FB0170000006D2600843FB017000000540
S31A00E9A5B99020016A0844800090400000004283F23C44803F8071
S31A00E9A5CE0000E2806406F23148A3380006830000000C4A8066B2
S31A00E9A5E3EC0810001E6706F20004206004F2000423F200A800B8
S31A00E9A5F8088000096706006E0108FF66588FF21FD0404CDF0052
S31A00E9A60D3CF23C900000000000F23C8800000000004E753FFD9A
S31A00E9A62200009A209A84FBCFF798000000003FFD00009A209A73
S31A00E9A63784FBCFF799000000003F800000000000000000000082
S31A00E9A64C00000000400000000000000000000000000000004189
S31A00E9A661200000000000000000000000000000459A28000000CE
S31A00E9A676000000000000000000000000000003030202030202CF
S31A00E9A68B030203030248E73F20F227E007F23C90000000002052
S31A00E9A6A02D50FF582E00422EFF500C2E0004FF4E6600003030A4
S31A00E9A6B51002407FFF22280004242800085340E38AE3914A81F0
S31A00E9A6CA6CF64A406E0450EEFF5002407FFF30802141000421AA
S31A00E9A6DF4200082D50FF902D680004FF942D680008FF9802AE11
S31A00E9A6F47FFFFFFFFF904A2EFF5067082C3CFFFFECBB6038304C
S31A00E9A7092EFF903D7C3FFFFF90F22E4800FF9004403FFFF2009E
S31A00E9A71E5022F23A4428FF1CF293000EF23A4823FF02F206608F
S31A00E9A73300600AF23A4823FEE6F2066000F23C8800000000002F
S31A00E9A74842454A876F04280760062806988752844A846F180C29
S31A00E9A75D84000000116F1278114A876F0C00AE00002080FF645C
S31A00E9A772600278014A876E06BE866D022C072006528090844889
S31A00E9A78745424542424A806C1452450C80FFFFECD46E08068057
S31A00E9A79C0000001874184480F23A4480FE98E9EE1682FF60E31A
S31A00E9A7B149D245E3494AAEFF586C02528145FAFEC0163218002B
S31A00E9A7C6E98BF2039000E88B4A03660A43FB01700000037060E4
S31A00E9A7DB16E20B640A43FB0170000003FE600843FB0170000042
S31A00E9A7F004904283E2886406F23148A3380006830000000C4A13
S31A00E9A8058066ECF23C880000000000F23C900000000010F210F7
S31A00E9A81A4800F20000184A456608F20004206000008E4A2EFF70
S31A00E9A82F5067000072F227E002361702437FFF00508000D650FB
S31A00E9A84404433FFFD669002404433FFFD669003004433FFF6B44
S31A00E9A85900004802578000875702507FFF2F2800082F28000472
S31A00E9A86E2F3C3FFF0000F21FD080F21F48232F29002C2F290084
S31A00E9A883282F3C3FFF00002F2900382F2900342F3C3FFF00003B
S31A00E9A898F21F4823F21F4823601660FE4A42670CF2294823006B
S31A00E9A8AD24F22948230030F2000423F200A800F22E6800FF9003
S31A00E9A8C245EEFF9008000009670E00AA000000010008F22E482F
S31A00E9A8D700FF902D6EFF60FF5402AE00000030FF6048E7C0C0B3
S31A00E9A8EC2F2EFF542F2EFF5841EEFF90F21068004AAEFF586C21
S31A00E9A901060090800000002F2EFF64F22E9000FF60F23C8800B7
S31A00E9A91600000000F22E4801FF90F200A800816EFF661D57FFE4
S31A00E9A92B64588F2D5FFF582D5FFF544CDF03032D6EFF58FF9069
S31A00E9A9402D6EFF54FF6048454A4566FF00000086F23A4500FC52
S31A00E9A955EC200453804283E2886406F231492338000683000032
S31A00E9A96A000C4A8066EC4A2EFF50670AF200001860FF00000020
S31A00E9A97F28F2000018F2000838F293001A53863A3C0001F23C53
S31A00E9A994900000000020F23A4523FCC26000FDA8F23A4523FC28
S31A00E9A9A9B8F2000838F294005CF292000CF23A4420FCA6528644
S31A00E9A9BE604C52863A3C0001F23C9000000000206000FD7AF2F3
S31A00E9A9D33A4500FC6A20044283E2886406F2314923380006838E
S31A00E9A9E80000000C4A8066ECF2000018F2000838F28E0012F283
S31A00E9A9FD3A4420FC6052865284F23A4523FC56F23C900000000A
S31A00E9AA120010F200082041EEFF84F2106800242800042628005C
S31A00E9AA270842A8000442A80008201048406714048000003FFD50
S31A00E9AA3C4A806E0A4480E28AE29351C8FFFA4A8266044A8367B3
S31A00E9AA51104281068300000080D5810283FFFFFF8020045688CB
S31A00E9AA6661FF000002B04A2EFF506728F200003AF281000CF2E7
S31A00E9AA7B064000F2000018602E4A876D08F23A4400FBE46022E2
S31A00E9AA90F2064000F20000186018F200003AF28E000AF23A44E2
S31A00E9AAA500FB9A6008F2064000F2000018F22948200018F22EB3
S31A00E9AABA6800FF90242A0004262A00083012670E04403FFD447C
S31A00E9AACF40E28AE29351C8FFFA4281068300000080D5810283A9
S31A00E9AAE4FFFFFF80700441EEFF5461FF00000228202EFF54725E
S31A00E9AAF90CE2A8EFEE010CFF84E2A8EFEE0404FF844A006708AB
S31A00E9AB0E00AE00002080FF644280022E000FFF844AAEFF586C53
S31A00E9AB230270024A866C025280EFEE0002FF84F23C8800000092
S31A00E9AB380000F21FD0E04CDF04FC4E7540020000A00000000088
S31A00E9AB4D00000040050000C800000000000000400C00009C40CF
S31A00E9AB6200000000000040190000BEBC20000000000040340088
S31A00E9AB77008E1BC9BF04000000406900009DC5ADA82B70B59E57
S31A00E9AB8C40D30000C2781F49FFCFA6D541A8000093BA47C98001
S31A00E9ABA1E98CE043510000AA7EEBFB9DF9DE8E46A30000E319D2
S31A00E9ABB6A0AEA60E91C74D480000C976758681750C175A92006D
S31A00E9ABCB009E8B3B5DC53D5DE575250000C46052028A20979B93
S31A00E9ABE040020000A00000000000000040050000C80000000082
S31A00E9ABF5000000400C00009C4000000000000040190000BEBC61
S31A00E9AC0A200000000000403400008E1BC9BF04000000406900D4
S31A00E9AC1F009DC5ADA82B70B59E40D30000C2781F49FFCFA6D68D
S31A00E9AC3441A8000093BA47C980E98CE043510000AA7EEBFB9DC2
S31A00E9AC49F9DE8E46A30000E319A0AEA60E91C74D480000C9768F
S31A00E9AC5E758681750C185A9200009E8B3B5DC53D5DE575250052
S31A00E9AC7300C46052028A20979B40020000A000000000000000A7
S31A00E9AC8840050000C800000000000000400C00009C4000000093
S31A00E9AC9D00000040190000BEBC200000000000403400008E1BA3
S31A00E9ACB2C9BF04000000406900009DC5ADA82B70B59D40D300B2
S31A00E9ACC700C2781F49FFCFA6D541A8000093BA47C980E98CDF84
S31A00E9ACDC43510000AA7EEBFB9DF9DE8D46A30000E319A0AEA6F8
S31A00E9ACF10E91C64D480000C976758681750C175A9200009E8BFD
S31A00E9AD063B5DC53D5DE475250000C46052028A20979A48E7FF53
S31A00E9AD1B007E01538028022A03E9C21003E782E9C36003E783EB
S31A00E9AD308486E385E3944846D346D6854E71D5844E71D34648FC
S31A00E9AD45464A4767124847E947DE4110C74847424751C8FFC80D
S31A00E9AD5A601248473E014847524751C8FFBA4847E94F10C74CD1
S31A00E9AD6FDF00FF4E757001610000D63D7C0121000A6000007ED4
S31A00E9AD847002610000C63D7C0141000A606E7004610000B83D95
S31A00E9AD997C0101000A60607008610000AA3D7C0161000A605214
S31A00E9ADAE700C6100009C3D7C0161000A604470016100008E3DC2
S31A00E9ADC37C00A1000A60367002610000803D7C00C1000A602870
S31A00E9ADD87004610000723D7C0081000A601A7008610000643DF8
S31A00E9ADED7C00E1000A600C700C610000563D7C00E1000A2D6E1D
S31A00E9AE02FF680006F22ED0C0FFDCF22E9C00FF604CEE0303FFFA
S31A00E9AE179C4E5E2F172F6F000800042F6F000C00082F7C0000A2
S31A00E9AE2C0001000C3F6F0006000C3F7C400800060817000567C1
S31A00E9AE410608EF0002000D60FFFFFF2D82122EFF41020100383A
S31A00E9AE560C0100186700000C0C010020670000604E75122EFF6A
S31A00E9AE6B4102410007323B12064EFB100200100016001C002016
S31A00E9AE8000240028002C003091AEFFA44E7591AEFFA84E759543
S31A00E9AE95C04E7597C04E7599C04E759BC04E7591964E750C2EBE
S31A00E9AEAA0030000A6612082E00050004660A4E7A880091C04E54
S31A00E9AEBF7B88004E75448060A000000000000000000000000005
S31A00E9AED442B8042041FA04836100038052413E017000300780BD
S31A00E9AEE9FC000A024000076708004000306100034648400040C5
S31A00E9AEFE00306100033C703A6100033670206100033041FA05D8
S31A00E9AF137A3007610002E0700D61000320700A6100031A41FA12
S31A00E9AF28044D61000332207803C03010610002E841FA04556163
S31A00E9AF3D000320207803C034100242B71F43FA0708720F030262
S31A00E9AF5267267000103118003600024300F80C430030660A3F04
S31A00E9AF67007049610002D2301F610002CC7020610002C651C9A7
S31A00E9AF7CFFD441FA041D610002DA207803C0202800026100025D
S31A00E9AF918641FA04A0610002C620386EE46100027641FA041359
S31A00E9AFA6610002B64E7A0002610002660C47000267140C4700D8
S31A00E9AFBB03670E0C47000567080C4700096600009E41FA0404B0
S31A00E9AFD06100028C207803C020280008610002380C470002668D
S31A00E9AFE500008241FA03FB61000270207803C02028000C6100CA
S31A00E9AFFA021C41FA03916100025C700D61000236700A610002B4
S31A00E9B00F30207803C02428000C02820BFFFFFD43FA064445FA0A
S31A00E9B024066047FA067C721F7600030267307000103138006112
S31A00E9B0390002047000103238000C0000206714610001F47000B6
S31A00E9B04E103338000C0000206704610001E47020610001DE5284
S31A00E9B0634351C9FFC841FA0398610001F0203803C0610001A080
S31A00E9B07841FA03A4610001E0203803C86100019043F803844594
S31A00E9B08DE900207207700D610001A8700A610001A27044610023
S31A00E9B0A2019C70079041004000303F00610001362011610001EB
S31A00E9B0B7607020610001824A4167187041610001783017610084
S31A00E9B0CC011A201261000144702061000166548F5889588A513E
S31A00E9B0E1C9FFB0700D610001563F3C00023F3C00024E4D588F42
S31A00E9B0F648C02F00203C5F50434941F900ED0000B090671E415B
S31A00E9B10BF900EC0000B090671441F900EB0000B090670A41F990
S31A00E9B12000EA0000B090660E4EA800282E8066000006588F600E
S31A00E9B135B4201F0C00006D67080C00007067184E7541FA02FA46
S31A00E9B14A61000112610001222040610001AE6000FF9041FA026D
S31A00E9B15FFB610000FC6100010C224041FA0305610000EE6100D1
S31A00E9B17400FE0C80000001006420128041FA01D8610000D820C9
S31A00E9B189096100008A7020610000AC10116100008E6000FF4E74
S31A00E9B19E0C80000100006420328041FA01B0610000B020096163
S31A00E9B1B300006270206100008430116100005E6000FF2622809A
S31A00E9B1C841FA0190610000902009610000427020610000642085
S31A00E9B1DD11610000366000FF0661000056703A610000507024BB
S31A00E9B1F26100004A4E753F0070000C10FFFF6710B05767084AEB
S31A00E9B2071866FC524060EE6100004E548F4E752F00484061027A
S31A00E9B21C201F3F00E0486102301F3F00E8086102301F020000F3
S31A00E9B2310F000000300C00003A65025E000280000000FF4FEF10
S31A00E9B246FFC448D77FFF2200207804A84E904CD77FFF4FEF0081
S31A00E9B25B3C4E7548E78080101867066100FFD660F64CDF010173
S31A00E9B2704E7548E77FFC4E56FFF87E003F3C00023F3C00024E0C
S31A00E9B2854D588F0C00000D67580C000008660C4A476FE46100EE
S31A00E9B29AFFA4534760DC0C00003065D60C00003963260C0000E6
S31A00E9B2AF4165CA0C000046630C0C00006165BE0C00006662B84E
S31A00E9B2C46100FF780200000F0600000960086100FF6A0200005A
S31A00E9B2D90F1D8078F852470C4700086596700053476B0E7C0067
S31A00E9B2EEE980803668F8524651CFFFF64A804E5E4CDF3FFE4E04
S31A00E9B3037548E7E0C02248720341FA004C6100FF4C2009610066
S31A00E9B318FEFE70206100FF20740F10196100FF0070206100FF29
S31A00E9B32D1251CAFFF243E9FFF0740F10190C00002065060C0094
S31A00E9B342007F6502702E6100FEF451CAFFEA51C9FFBA4CDF032B
S31A00E9B357074E750D0A000D0A455843455054494F4E2050524F3A
S31A00E9B36C43455353494E4720000D0A53746174757320526567D8
S31A00E9B381697374657220285352293A2024002C206269747320EF
S31A00E9B396746F20313A20000D0A50726F6772616D20436F756E81
S31A00E9B3AB74657220285043293A2024000D0A4361636865205274
S31A00E9B3C065676973746572202843414352293A2024000D0A4136
S31A00E9B3D5646472657373204661756C743A2024000D0A46617522
S31A00E9B3EA6C742053746174757320576F7264202846534C572972
S31A00E9B3FF3A20000D0A53757065727669736F7220537461636B81
S31A00E9B4142028535350293A2024000D0A557365722053746163EE
S31A00E9B4296B2028555350293A2024000D0A42617365706167659E
S31A00E9B43E3A2024000D0A4D656D6F72792064756D702028686511
S31A00E9B4537829203F20000D0A5061746368206D656D6F727920F5
S31A00E9B4682868657829203F20000D0A56616C756520286865782A
S31A00E9B47D29203F20000D0A507465726D0D0A0000004163636581
S31A00E9B4927373204661756C740041646472657373204572726F36
S31A00E9B4A77200496C6C6567616C20496E737472756374696F6EB3
S31A00E9B4BC00496E7465676572205A65726F204469766964650089
S31A00E9B4D1000050726976696C6567652056696F6C6174696F6EFB
S31A00E9B4E6005472616365004C696E652041004C696E652046009C
S31A00E9B4FB456D756C61746F7220496E74657272757074000046D1
S31A00E9B5106F726D6174204572726F7200556E696E697469616C3D
S31A00E9B5256973656420496E746572727570740000000000000090
S31A00E9B53A000053707572696F757320496E7465727275707400B6
S31A00E9B54F496E74657272757074206C6576656C203100496E7477
S31A00E9B564657272757074206C6576656C203200496E7465727243
S31A00E9B579757074206C6576656C203300496E746572727570741D
S31A00E9B58E206C6576656C203400496E74657272757074206C656F
S31A00E9B5A376656C203500496E74657272757074206C6576656C03
S31A00E9B5B8203600496E74657272757074206C6576656C203700DD
S31A00E9B5CD547261702023300054726170202331005472617020AE
S31A00E9B5E22332005472617020233300547261702023340054722F
S31A00E9B5F7617020233500547261702023360054726170202337E6
S31A00E9B60C0054726170202338005472617020233900547261707E
S31A00E9B6212023313000547261702023313100547261702023313A
S31A00E9B6363200547261702023313300547261702023313400540D
S31A00E9B64B7261702023313500FF43565A4E582020203031322064
S31A00E9B6604D532054202020204D204C525753535454545454495D
S31A00E9B67550535050495053575452575442205320202020412064
S31A00E9B68A4B20205A5A54544D4D4D4F424254544C4650505745A5
S31A00E9B69F455450205320202020202020202031303130323130D6
S31A00E9B6B42045454142202020204520205245204548E7FFFE2C0C
S31A00E9B6C9012E0242672F3C000025A83F3C00444E41504F2A4014
S31A00E9B6DE4A806700012442672F3CFFFFFFFF3F3C00444E415064
S31A00E9B6F34FE2882B401DA06700010A42672F003F3C00444E41DA
S31A00E9B708504F4A80670000F82B401DA42F3C00000800486D1D04
S31A00E9B71DA861003C10504F2B461D982B471D9C70012B40000007
S31A00E9B7322B40000842AD008442AD008842AD008C42AD0090427A
S31A00E9B747AD009470FF2B40009841ED009C43FA51AF20C9700CDF
S31A00E9B75C429851C8FFFC41ED00D443FA51A220C920FC00008044
S31A00E9B7710043FA23F820C943FA244820C943FA245A20C943FA20
S31A00E9B786246A20C97007429851C8FFFC41ED010C43FA51772083
S31A00E9B79BC920FC0000800043FA245820C943FA259020C94298EE
S31A00E9B7B043FA259A20C97007429851C8FFFC42AD014442AD0127
S31A00E9B7C54842AD014C42AD015070FF2B4001542B40015842ADDA
S31A00E9B7DA015C42AD016042AD016C41FA4E362B48016442AD01DB
S31A00E9B7EF6842AD1C8C42AD1C882F2D1C8C2F2D1C88610000421D
S31A00E9B804504F200D671C4AAD1DA0670C2F2D1DA43F3C00494E9B
S31A00E9B819415C4F2F0D3F3C00494E415C4F4CDF7FFF4E75487AD7
S31A00E9B82E4AEF61003D8A584F4E75487A4CCF61003D7E584F4E5D
S31A00E9B843754E560000487A4D2161003D6E487A4D5161003D6648
S31A00E9B858504F486E000C486E00086100042E504F4AAE000C6730
S31A00E9B86D000262487A50C261003D46584F487A4D782F2E000C24
S31A00E9B8822F2E000861003F762040504F584F76FFB68867000285
S31A00E9B89752D0FCFFC17635B68865000226303B8A064EFB08020B
S31A00E9B8AC01F8021C021C021C021C021C021C021C021C021C028F
S31A00E9B8C11C021C021C021C021C021C021C021C021C021C00DE7B
S31A00E9B8D60094021C01A0021C021C021C021C021C021C021C0247
S31A00E9B8EB1C021C021C021C021C021C006C021C021C021C01F8E8
S31A00E9B900021C021C0114021C0160FFCE021C021C021C013A0011
S31A00E9B915CA008076012B430148487A501F61003C98584F600049
S31A00E9B92AFF5076012B43014C487A501A61003C84584F6000FF45
S31A00E9B93F3C2F2D0004610002D6584F0C80FFFFFFFF6700017622
S31A00E9B9542B400158487A503861003C5E202D015861003D184842
S31A00E9B9697A4E6261003C4E504F6000FF0676012B430150487AC9
S31A00E9B97E4FE261003C3A584F6000FEF22F2D00046100028C581F
S31A00E9B9934F0C80FFFFFFFF6700012C2B400154487A4FD661003D
S31A00E9B9A83C14202D015461003CCE487A4E1861003C04504F6076
S31A00E9B9BD00FEBC2B6D00040164487A500B61003BF02F2D016461
S31A00E9B9D261003BE8487A4DF461003BE0504F584F6000FE962B09
S31A00E9B9E76D00040168487A4FF561003BCA2F2D016861003BC2F3
S31A00E9B9FC487A4DCE61003BBA504F584F6000FE702F2D0004613F
S31A00E9BA11000192584F4A806B0000AE487A4F8C61003B9A202DF4
S31A00E9BA26015C61003C54487A4F9161003B8A202D016061003CBB
S31A00E9BA3B44487A4D8E61003B7A504F584F6000FE302F2D0004DC
S31A00E9BA50610001CA584F0C80FFFFFFFF6700006A2B40016C48A6
S31A00E9BA657A4F8E61003B52202D016C61003C14487A4F9C61001F
S31A00E9BA7A3B42202D1D9861003B52487A4FA661003B32202D1D6C
S31A00E9BA8F9C61003B42487A4FB161003B22504F504F6000FDD846
S31A00E9BAA46100FD864AAD016C660000103F3C00074E41544F70BC
S31A00E9BAB900600000E4610012E67000600000DA6100FD6E600016
S31A00E9BACE000C487A47AC61003AE6584F3F3C00074E41544F7067
S31A00E9BAE301600000BA202D0000226E000893C02D490008206E00
S31A00E9BAF8000C41F00C002D48000C428241ED1C98421049E9FF57
S31A00E9BB0DFF2D4C00084A89670000842648206E000C2450204A10
S31A00E9BB224A186600FFFC91CAD1C2B1FC000000FE623A204A4A73
S31A00E9BB37186600FFFC91CAD4884A136714224B41FA4ABF4A19EE
S31A00E9BB4C6600FFFC538912D86600FFFC58AE000C224B4A196625
S31A00E9BB6100FFFC538912DA6600FFFC601A2F0A487A3DC66100E3
S31A00E9BB763A46584F61003A40487A3DD761003A38504F206E00F3
S31A00E9BB8B0849E8FFFF2D4C00084A886600FF82610001FC700176
S31A00E9BBA04E5E4E754E56FFFC2F02242E000842A7486EFFFC2F3F
S31A00E9BBB50261003B022B40015C202EFFFC504F584FB480661CDF
S31A00E9BBCA2F00487A3EE7610039EA584F610039E4487A4BF0615A
S31A00E9BBDF0039DC504F6014206EFFFC0C10003A670E487A3EE8FE
S31A00E9BBF4610039C6584F70FF601A222EFFFC52812F0161145842
S31A00E9BC094F0C80FFFFFFFF6BE82B40016070004E5E4E754E56BE
S31A00E9BC1EFFFC48E73000242E000842A7486EFFFC2F0261003A08
S31A00E9BC33882600202EFFFC504F584FB480661E2F00487A3EB831
S31A00E9BC4861003972584F6100396C487A4B7861003964504F76A7
S31A00E9BC5DFF6028206EFFFC4280101041FA4FAC10300800020071
S31A00E9BC7200080C00006B6604720A60080C00006D66047214E3B5
S31A00E9BC87A320034CDF000C4E5E4E754E56FF0048E73E30266E79
S31A00E9BC9C0008246E000C42A7487A4963610035DA2A00504F6B03
S31A00E9BCB10000DE7C01268641FA495843ED000C22882489428255
S31A00E9BCC6428345EEFF0042844E56FFFE70012F00486EFFFE2F9A
S31A00E9BCDB05610035C6504F584F4A806F067000102EFFFE4E5E28
S31A00E9BCF04A806F00006E4A826618180041FA4F18083000044821
S31A00E9BD05006606740145EEFF004A8267BC4A8366107C27BC8016
S31A00E9BD1A67067C22BC80660C260060A8B6806632428360A04269
S31A00E9BD2F81120041FA4EE2083000041800671E4212486EFF0030
S31A00E9BD4461003582221341ED000C21801C0052934282584F6007
S31A00E9BD5900FF7414C06000FF6E4A8267184212486EFF0061001D
S31A00E9BD6E355A221341ED000C21801C005293584F2F05610034C1
S31A00E9BD83C4201341ED000C42B00C00584F4CDF0C7C4E5E4E75C4
S31A00E9BD984E56FFA048E73F3899CC42AEFFA02B7805A0185066B4
S31A00E9BDAD12487A3D5F61003808584F487800016100347A7E028A
S31A00E9BDC22B47017047ED01AC41ED1C98224B12D86600FFFC24FB
S31A00E9BDD76D016441FA48487006224A22007000740053816B00A4
S31A00E9BDEC0016101914186700000EB00256C9FFF4660000042025
S31A00E9BE010290824A8066025C4A204A4A186600FFFC91CA504831
S31A00E9BE165648B1FC000000FE623A4A13671441FA47E1224B4A51
S31A00E9BE2B196600FFFC538912D86600FFFC41FA47F1224B4A192F
S31A00E9BE406600FFFC538912D86600FFFC4A1B6600FFFC538B16BC
S31A00E9BE55DA6600FFFC487A47DB6100375C486D01AC6100375488
S31A00E9BE6A487A49606100374C6100074861000854504F584F7E54
S31A00E9BE7F03BEAD02B0662041FAFF1020080280FF0000006712AD
S31A00E9BE94487A3CA561003722584F487800016100339442A7488C
S31A00E9BEA97A47A661000EC2504F7EFFBE80672041FAFEDE2008DD
S31A00E9BEBE0280FF0000006712487A3CAD610036F0584F487800ED
S31A00E9BED301610033626100098C2C2D01842A2D01884AAD016860
S31A00E9BEE8670000CE4282610016D6486D00D4610016E02F2D01D3
S31A00E9BEFD68610016F8504F4A806C24487A3C9F610036AE2F2D33
S31A00E9BF120168610036A6487A48B26100369E504F584F4878008E
S31A00E9BF27016100330E2002E5802040486800042F2EFFA061007B
S31A00E9BF3C355E2D40FFA0504F67162F3C00020000610035202003
S31A00E9BF516EFFA021802C00584F6616487A3C686100365A610037
S31A00E9BF661ADA584F48780001610032C82F3C00020000206EFF26
S31A00E9BF7BA02F302C006100176C504F4A806C16487A3C5C61000D
S31A00E9BF90362C61001AAC584F487800016100329A4A806700025C
S31A00E9BFA504D9C052820C80000200006700FF7A61001A8A2B4C3D
S31A00E9BFBA01A861001608486D00D461001612486D010C61001610
S31A00E9BFCF0A2F2D016461001622504F584F4A806C24487A3C2A42
S31A00E9BFE4610035D62F2D0164610035CE487A47DA610035C65039
S31A00E9BFF94F584F487800016100323648780034486EFFCC6100EE
S31A00E9C00E16E0504F7E34BE806716487A3C0E6100359E61001A71
S31A00E9C0231E584F487800016100320C41FA463E43EEFFCCB3087E
S31A00E9C038660000C4B308660000BEB308660000B8B30866000001
S31A00E9C04DB20CAE00020004FFDC66087E01BEAEFFE06716487A2B
S31A00E9C0623BEF61003556610019D6584F48780001610031C43086
S31A00E9C0772EFFF8EB800280001FFFE02F00610033E82640584FFD
S31A00E9C08C4A8B6616487A3BE761003526610019A6584F48780038
S31A00E9C0A1016100319442A72F2EFFE8610017A4302EFFF8EB806B
S31A00E9C0B60280001FFFE02F002F0B6100162C4281322EFFF8EBF5
S31A00E9C0CB81504F504FB28067000040487A3BD1610034E02F2D3A
S31A00E9C0E00164610034D8487A46E4610034D061001950504F5878
S31A00E9C0F54F487800016100313C487A3BCE610034B8610019389F
S31A00E9C10A584F48780001610031260686000010000685FFFFF0FC
S31A00E9C11F0074FF91C8302EFFF842834A406724324042842203C4
S31A00E9C134EB8120331808B08264022400D0B31814B08863022000
S31A00E9C1494052833809B8836EE04A826626243C0000100006AB9A
S31A00E9C15E00001000000806AB00001000000406ABFFFFF0000061
S31A00E9C1731006ABFFFFF000001491C22D48FFA44A8C673E2248B5
S31A00E9C188D3CC2045D1FCFFF80000B1C964247E01BEAD01806C12
S31A00E9C19D1C202D018CD0AD01906016206EFFA02F302C0061000B
S31A00E9C1B23342584F6000FDFC2006D085908C2B4001A461000EFE
S31A00E9C1C7164A806616487A3B24610033EA6100186A584F48782F
S31A00E9C1DC000161003058202D0848206EFFA4D1C02D48FFA80CEE
S31A00E9C1F1800000058D620C206EFFA4D0FC058E2D48FFA8202ED0
S31A00E9C206FFA856807EFCC08741F408002D48FFA82F08610032D3
S31A00E9C21B542A00584F6616487A3AE96100339461001814584F3D
S31A00E9C23048780001610030027E03BEAD02B0662020050280FFEC
S31A00E9C2450000006716487A3AE86100336C610017EC584F4878C9
S31A00E9C25A000161002FDA42A7487A43EC61000B08504F7EFFBE4D
S31A00E9C26F80672020050280FF0000006716487A3B006100333AD6
S31A00E9C284610017BA584F4878000161002FA8206EFFA891CC2F23
S31A00E9C2990842A72F05610030A2504F584F4A8C67000068246ECC
S31A00E9C2AEFFA0206EFFA8D1C52608968C240CB9FC000200006388
S31A00E9C2C32C2F3C000200002F122F036100311C504F2E9A6100F5
S31A00E9C2D8321C584F0683000200000682FFFE00000C82000200CD
S31A00E9C2ED0062D44A8267142F022F122F03610030F0504F2E924C
S31A00E9C302610031F0584F2F2EFFA0610031E6584F42834A6EFF77
S31A00E9C317F86700008A95CA42A72F33A8046100152C504F7EFF25
S31A00E9C32CBE806624487A3A9061003286200361003298487A444C
S31A00E9C3418C61003278610016F8504F4878000161002EE62F33BB
S31A00E9C356A8102045D1F3A8084868F0006100138A504FB0B3A80A
S31A00E9C36B106724487A3A6D6100324820036100325A487A444E8B
S31A00E9C3806100323A610016BA504F4878000161002EA8D4FC0054
S31A00E9C3952052834280302EFFF8B0836E00FF7C6100169A61000A
S31A00E9C3AA09FC2F0561000B40584F7E01BE8067107E02BE8066AB
S31A00E9C3BF00003241ED08506000003C61000DC24A806612487AF2
S31A00E9C3D43A21610031E4584F4878000161002E5641ED02B82B34
S31A00E9C3E97C0000058E08486012487A3A23610031C4584F4878A3
S31A00E9C3FE000161002E362F2D08482F08206EFFA44870580061F0
S31A00E9C413002FD8504F584F4AAD01486700011C4A8C675C2E0548
S31A00E9C4289E8C487A42476100318C200761003248487A424B61CB
S31A00E9C43D00317E202D01A86100318E487A43826100316E487AED
S31A00E9C452423E61003166206D01A4487488FF20086100321A48DC
S31A00E9C4677A423B61003150584F201F6100320A487A43546100BB
S31A00E9C47C3140DEFC0014487A4227610031342005610031F0487D
S31A00E9C4917A422A61003126202EFFA861003136487A432A6100BC
S31A00E9C4A63116504F584F42834A6EFFF867564282487A420F619C
S31A00E9C4BB003100200361003112487A4211610030F22003EB805F
S31A00E9C4D02046D1F3080841E8F0002008610031A0487A41FC615B
S31A00E9C4E50030D62003EB8020330814610030E2487A42D66100A2
S31A00E9C4FA30C2504F504F5283342EFFF8B4836EAC206EFFA44816
S31A00E9C50F706800487A41D2610030A4584F201F6100315E487AAE
S31A00E9C52442A861003094487A41CD6100308C504F3F3C00074EA8
S31A00E9C53941544F487A41E66100307A584F007C0700222D017438
S31A00E9C54E08010003671E4E7A08080880000108C000004E7B085E
S31A00E9C56308F47870004E7B0002F4D8F518600670004E7B0002AB
S31A00E9C57842B8042641FA0D4843FA0D5A93C82F092F08487804D9
S31A00E9C58D0061002E5C4FF81000282D01A4D88C262EFFA8D685B4
S31A00E9C5A2242EFFA4D4AD08484DF80400204622452444264320C8
S31A00E9C5B702220C4ED6DEFCFF2448E7383861000D162640781E10
S31A00E9C5CCB88B67000038650E4A8B671A7814B88B672660000004
S31A00E9C5E13C7828B88B6724783CB88B67226000002C487A384D59
S31A00E9C5F661002FC4584F4878000161002C367801600A78026005
S31A00E9C60B067804600278082B4401742B44017C6012487A385536
S31A00E9C62061002F9A584F4878000161002C0C487A410761002F51
S31A00E9C63588287C000109A0D9CB200C61002F92487A40F76100DF
S31A00E9C64A2F72487A40F261002F6A504F584F7828B88B6708784D
S31A00E9C65F3CB88B670E601878042B440178487A40D8604278080B
S31A00E9C6742B440178487A40D2603661000C604A806706487A406A
S31A00E9C689CA6028F280000041EF0018F3100C2F00180019670CBF
S31A00E9C69E78022B440178487A40C7600A78012B440178487A40A0
S31A00E9C6B3C161002F06487A411261002EFE504F4CDF1C1CDEFCAE
S31A00E9C6C800DC4E754E56FFFC48E73030486EFFFC487A3F80610E
S31A00E9C6DD0006922B6EFFFC02AC47ED02B0429342A7487A3F607A
S31A00E9C6F26100067C504F504F76FFB6806600009A2078000822B6
S31A00E9C7074F40C2007C07001238000045FA002C21CA0008700042
S31A00E9C71C423800004E71700111C100004E714A3900FF82FE4E8E
S31A00E9C7317170024E714A39B00000004E7170032E4921C8000895
S31A00E9C74646C27602B68067166D087601B680670A60147603B686
S31A00E9C75B80670A600C76036006760160027602268345ED02B0C0
S31A00E9C7704A92662642A7487A3EE7610005F4504F76FFB6806683
S31A00E9C785100C6D000302AC660C7604B6AD017466047603248328
S31A00E9C79A487A3FDD61002E1C584F222D02AC20014240484076CD
S31A00E9C7AF01B680671862107602B68067207603B6806742600071
S31A00E9C7C40086487A3FB960304A416706487A3FB26026487A3F6F
S31A00E9C7D9B56020202D02B07601B6806606487A3FA9601076027D
S31A00E9C7EEB6806606487A3FA46004487A3FA461002DBE584F60A4
S31A00E9C80358487A3F9B61002DB2584F42A7487A3E436100055A6A
S31A00E9C818504F76FFB680670C487A3F9D61002D96584F6012760E
S31A00E9C82D03B6AD02B0660A487A3F7261002D82584F487A3F8CC8
S31A00E9C84261002D78584F6012487A364E61002D6C202D02AC6137
S31A00E9C857002E26584F4CEE0C0CFFEC4E5E4E754E56FFE048E784
S31A00E9C86C3E38428495CA0CAD0003FFFF015462122B7C000400FF
S31A00E9C881000154487A30F461002D32584F202D02B07A01BA805D
S31A00E9C89666000158486EFFF8486EFFFC61000A6C2638042E0218
S31A00E9C8AB83FFF0000097AEFFFC504F4AAD0150670A487A30EE9F
S31A00E9C8C061002CFA584F2003222D01546D0220014A8067264256
S31A00E9C8D5AD01842B4001882440487A3EEF61002CD82F0A6100E7
S31A00E9C8EA0430487A3F8261002CCA7801504F584F202D01586D6A
S31A00E9C8FF0E222EFFFC2400B28264062401600274FF4AAD014CDC
S31A00E9C914665A202EFFFC675406832000000022000281FFFC0012
S31A00E9C929004A826D0222024A81673C2004E78041ED017021836F
S31A00E9C93E081421810818D5C1487A3EAA61002C702F0161000346
S31A00E9C953C8487A3F4D61002C62200361002D1E487A3E68610043
S31A00E9C9682C545284504F504F202D01586D10222EFFFC4282B253
S31A00E9C97D80640824009481600274FF4AAD014C665A202EFFF873
S31A00E9C9926754263C2400000022000281FFFC00004A826D022263
S31A00E9C9A7024A81673C2004E78041ED0170218308142181081870
S31A00E9C9BCD5C1487A3E4261002BF82F0161000350487A3ED56101
S31A00E9C9D1002BEA200361002CA6487A3DF061002BDC5284504F2B
S31A00E9C9E6504F2B4401806000021A7C03BC80660000D2486EFF9A
S31A00E9C9FBE84878000261000A702600504F4AAD014C660001FA49
S31A00E9CA104A836F4E242EFFE8202EFFEC0280FFFC0000222D0159
S31A00E9CA25586D0220014A8067342B4201842B4001882440487AB4
S31A00E9CA3A3DD861002B7E2F0A610002D6487A3E5B61002B7020F0
S31A00E9CA4F0261002C2C487A3D7661002B62504F504F78014AAD17
S31A00E9CA64014C660001A07A01BA836C0001984AAD01586C000100
S31A00E9CA7990242EFFF0222EFFF40281FFFC00006700017E20041D
S31A00E9CA8EE78041ED01702182081421810818D5C1487A3D8361A4
S31A00E9CAA3002B182F0161000270487A3DF561002B0A200261003C
S31A00E9CAB82BC6487A3D1061002AFC52846000013E4AAD014C66D4
S31A00E9CACD00013A47F805A44A936700008242A7487A3B726100C3
S31A00E9CAE2028E504F7CFFBC806734243C0400000020130680FFB3
S31A00E9CAF70000000280FFFC0000222D01586D0220014A80670055
S31A00E9CB0C00FC2B4201842B4001882440487A3D1A600000C4247E
S31A00E9CB213C0100000020130680FF0000000680001FFFFF0280F6
S31A00E9CB36FFE00000222D01586D0220014A80670000C22B420183
S31A00E9CB4B842B4001882440487A3CE06000008A486EFFE4487AE7
S31A00E9CB603B046100020C504F7AFFBA806730206EFFE42428007D
S31A00E9CB7502202800060280FFFC0000222D01586D0220014A80ED
S31A00E9CB8A6700007C2B4201842B4001882440487A3CA3604448ED
S31A00E9CB9F6EFFFE487A3AC5610001C8504F7CFFBC806756206E9B
S31A00E9CBB4FFE04A88674E24280004202800080280FFFC000022D8
S31A00E9CBC92D01586D0220014A8067342B4201842B4001882440A3
S31A00E9CBDE487A3C74610029D82F0A61000130487A3CB561002977
S31A00E9CBF3CA200261002A86487A3BD0610029BC7801504F504F77
S31A00E9CC087A01BAAD02B0670000802238042E06810003FFFF0297
S31A00E9CC1D81FFFC0000202D01546D0222004A81672E2004E78079
S31A00E9CC3241ED017042B0081421810818D5C1487A3C256100294C
S31A00E9CC47762F01610000CE487A3C20610029685284504F584FE8
S31A00E9CC5C2B4401804AAD0150672A7C01BC846C2443ED017C20F1
S31A00E9CC71314E0022314E0441ED01842A102C28000423854E0060
S31A00E9CC8623864E04208021410004242D015C674A202D01606735
S31A00E9CC9B4422000281FFFC0000673A2004E78041ED0170218243
S31A00E9CCB0081421810818D5C1487A3BCA610028FE2F016100002D
S31A00E9CCC556487A3BDB610028F02002610029AC487A3AF6610019
S31A00E9CCDA28E2504F504F7C02BC8A6512487A31C9610028D05866
S31A00E9CCEF4F4878000161002542487A3BB3610028BE2F0A6116C2
S31A00E9CD04487A3BAE610028B2504F584F4CEE1C7CFFC04E5E4E74
S31A00E9CD19752F0A2F02242F000C20027214E2A8610028AAE8C2C9
S31A00E9CD2E03146738702E61002970720AE2AA204243F08A00206C
S31A00E9CD430941F00E002008E580068000000200E2A80C80000079
S31A00E9CD58000A640A2F00703061002944201F6100286C241F2427
S31A00E9CD6D5F4E752F0A246F0008226F000C4280206D18504A909E
S31A00E9CD82671C22300C00B292660C4A89670422B00C0470016025
S31A00E9CD970A54804AB00C0066E470FF245F4E7548E7E0E04AADCF
S31A00E9CDAC016C6700013A3F3CFFFF3F3C00584E4E584F3F002086
S31A00E9CDC12D016C0CB801000000044E6400003A0080FFFF0000A1
S31A00E9CDD6222D1D98242D1D9C4EB900EA0D1C321F4A406A760C6A
S31A00E9CDEB40FFFE66300CAD000000281D986526202D016C008016
S31A00E9CE00FFFF80003F0160CE3F003F3C000342A742A73F3C0038
S31A00E9CE15054E4E4FEF000E321F60403F003F013F3C000342A755
S31A00E9CE2A42A73F3C00054E4E4FEF000E301F0C40FFFF67140C93
S31A00E9CE3F40FFFE661C487A345361002772584F6000009A487A8A
S31A00E9CE54348261002764584F6000008C3F00487A3BEB610027F6
S31A00E9CE69542038044E6100280E487A3BE861002744A00074006B
S31A00E9CE7E30100C4000106302701801C270003028FD4C5280720F
S31A00E9CE93003228FD4E528161002738487A3BBF610027182001E6
S31A00E9CEA86100272A487A3BB56100270A20026100271C487A3BCD
S31A00E9CEBDAC610026FC4FEF00147000301F41FA3BAA0CB801004C
S31A00E9CED20000044E6400000A610026F841FA3B924850610026F6
S31A00E9CEE7D6584F4CDF07074E7548E73C20246F00184283487A11
S31A00E9CEFC38D0610026BC584F0CAA4249561A0002661C4AAA0017
S31A00E9CF11066716428120017A02BAB208066700007650814AB215
S31A00E9CF26180666EC4A83660A487A2A9B61002688584F240342B4
S31A00E9CF3B42484202830000FFFF7802487A397261002670487A03
S31A00E9CF50398E6100266820026100267A702E6100274620036114
S31A00E9CF6500266E487A38626100264E504F584F7A01BA8267247B
S31A00E9CF7AB882662CBA836C52487A2A7B61002634487A2AAF61CE
S31A00E9CF8F00262C504F603E2632180A6000FF8E487A2AC5610096
S31A00E9CFA42618584F602A41FA3955B4846F0441FA39492F08486A
S31A00E9CFB97A2F13610025FE584F610025F8487A2F1E610025F08A
S31A00E9CFCE4280504F600220024CDF043C4E7548E7302042AD08D6
S31A00E9CFE348486D017048780004487800016100010C504F584FA3
S31A00E9CFF84A80670000FA486D01744878000448780002610000F9
S31A00E9D00DF2504F584F4A80670000E0486D017848780004487824
S31A00E9D0220003610000D8504F584F4A80670000C6486D017C4817
S31A00E9D03778000448780004610000BE504F584F4A80670000AC73
S31A00E9D04C4282B4AD01806C2841ED018426082F03487800084883
S31A00E9D06178000561000098504F584F4A806700008650835282B1
S31A00E9D076B4AD01806DDE4AAD01A86718486D01A4487800084800
S31A00E9D08B7800066100006E504F584F4A80675C486D01AC48785F
S31A00E9D0A00007610000C4504F4A80674A486D02AC487800042FF0
S31A00E9D0B53C0000800061000042504F584F4A806730486D02B00A
S31A00E9D0CA487800042F3C0000800161000028504F584F4A8067B2
S31A00E9D0DF16226D084841ED0850D1C9425054492B4908487001D4
S31A00E9D0F4600242804CDF040C4E7548E73020362F0012326F007F
S31A00E9D1091630095E4032000241FFFC240102820000FFFC206D94
S31A00E9D11E084845F02802200A0C8000001000630E487A2DCA610D
S31A00E9D1330024884280584F602645ED0850D1CA30833141000211
S31A00E9D1483F0942672F2F001C4868000461002296504F584FD590
S31A00E9D15DAD084870014CDF040C4E75206F0008302F00062F082F
S31A00E9D17222484A196600FFFC93C83F0942673F0042676100FFF7
S31A00E9D18778504F584F4E7548E720302B6D017002B8202D01741F
S31A00E9D19C080000006704740160240800000167047402601A08B7
S31A00E9D1B10000026704740460100800000366082F00487A2D6D21
S31A00E9D1C6604474082B4202BC202D0178080000006708742085C4
S31A00E9D1DBAD02BC604E080000016708744085AD02BC6040080073
S31A00E9D1F000026708006D008002BE60320800000366264A8067C3
S31A00E9D205282F00487A2D4E610023AE584F201F61002468487ACA
S31A00E9D21A2D236100239E4280584F6000009A006D010002BE45C8
S31A00E9D22FED02E047ED018024937404B4936C0C487A284C6100F2
S31A00E9D24423782482584F4281B292641E43EAFFD841EBFFF02036
S31A00E9D25901E78023B00814080823B00818080C5281B29265EAFD
S31A00E9D26E202D01A8672041ED01A422100241FC002081068000D4
S31A00E9D2830003FF740AE4A82B4002E42B4102E8600842AD02E4B7
S31A00E9D29842AD02E848780100486D01AC486D02EC6100204C42E4
S31A00E9D2AD2D03EB42AD03EC2B6D02AC03F07001504F584F4CDF69
S31A00E9D2C20C044E75284820D9598064FA4A81670000082523591A
S31A00E9D2D78164FA4ED4703C4E7548E720202078002C224F40C23D
S31A00E9D2EC007C070045FA001021CA002C7001F28000004E717043
S31A00E9D301002E4921C8002C46C24CDF04044E75DEFCFFBC48E7DA
S31A00E9D316303045FAFFF6200A246F0058266F005C0280007FFF79
S31A00E9D32BFF08C0001D22404293429240C2007C070042834E7BFC
S31A00E9D3403002082D00030177670E764048434E7B300270004E98
S31A00E9D3557B0808263C200FE0404E7A10064E7B30064E7142803A
S31A00E9D36A20492F900C10D1FC008000005280760FB6806CEE70D7
S31A00E9D37F0F207C07800000D1C94290D1FCFF80000051C8FFF6B2
S31A00E9D3944240538064EE22BC12345678207C00800000203098F8
S31A00E9D3A9000C80123456786724207C01000000203098000C8044
S31A00E9D3BE123456786712207C02000000203098000C8012345630
S31A00E9D3D37866042488600624BC04000000247C04000000203288
S31A00E9D3E8980067044293605A25BC123456789800207C04800002
S31A00E9D3FD00203098006722207C05000000203098000C80123460
S31A00E9D4125678660826BC00800000602C26BC0200000060242163
S31A00E9D427BC123456789800207C05000000203098000C8012343E
S31A00E9D43C5678660826BC010000006002268A4280204920B70CAD
S31A00E9D45110D1FC008000005280760FB6806CEE4E7B10064E71F5
S31A00E9D46646C24CDF0C0CDEFC00444E75DEFCFFBC48E73F30283B
S31A00E9D47B2F0068246F006C428540C6007C070036464E71F5187F
S31A00E9D4904E71207C05000000327C0010D1FCFFC00000200802C4
S31A00E9D4A580FF0000000040E0404E7A10064E7B00064E712E10FA
S31A00E9D4BA4E714E7B10062F879C1C2E084E7A60064E7B00064EE1
S31A00E9D4CF7120874E714E7B600653494A8966BE4E71F5184E7135
S31A00E9D4E4207C01000000327C0010240820080280FF0000000014
S31A00E9D4F940E0404E7A60064E7B00064E7122104E714E7B6006F3
S31A00E9D50E5349D1FC00400000B48166582602240820080280FF80
S31A00E9D5230000000040E0404E7A70064E7B00064E7122104E71E7
S31A00E9D5384E7B70065349D1FC00400000B48166044A8966D0203F
S31A00E9D54D084A8967022002220092830C81000FFFFF631220040A
S31A00E9D56253844A806F0824C324C15285600293C94A896600FF14
S31A00E9D57778207C05000000327C0010D1FCFFC0000020379C1C3E
S31A00E9D58C22080281FF0000000041E0404E7A60064E7B10064E33
S31A00E9D5A17120804E714E7B600653494A8966D24E71F5184E7155
S31A00E9D5B63E0B46C720054CDF0CFCDEFC00444E7541ED009C2BED
S31A00E9D5CB481C9042A8003042A800344E75206F000443ED009C0E
S31A00E9D5E0216900300030214900342348003022680030234800FF
S31A00E9D5F5344E752F0252AD0144206D1C90202800302B401C90FE
S31A00E9D60A661E487A295661001FAA2F1061001FA4487A296C6112
S31A00E9D61F001F9C4878000161001C10206D1C902F2F00082068D7
S31A00E9D63400084E902400584F6F28226D1C9020290030671A2055
S31A00E9D64969003421400030206900302169003400342B69003040
S31A00E9D65E1C90605674FF60524A82664E206D1C9042A800284234
S31A00E9D673A8002042A8002472FF2141002C2F28000461001DE81D
S31A00E9D688206D1C9021400018584F66202F10487A290661001F0F
S31A00E9D69D20584F61001F1A487A312661001F124878000161005B
S31A00E9D6B21B862140001C206D1C90202800342B401C90661E48BE
S31A00E9D6C77A28F761001EF02F1061001EEA487A290961001EE25A
S31A00E9D6DC4878000161001B5653AD01442002241F4E7548E73EDD
S31A00E9D6F100282F0018262F001C2A04206D1C90202800302B400B
S31A00E9D7061C90661E487A285861001EAC2F1061001EA6487A2834
S31A00E9D71B6E61001E9E4878000161001B12206D1C904AA80028DD
S31A00E9D730670642806000011620280020675CB6806C0220032439
S31A00E9D745002F022F28001C2F0461001C9C504F584FD882968238
S31A00E9D75A206D1C90D5A80024D5A8001C95A80020602A2F04201E
S31A00E9D76F68000C4E902400584F6C062202600000A04A826606CB
S31A00E9D784206D1C90604CD8829682206D1C90D5A800246100030C
S31A00E9D79938206D1C90B6A800046CC84A8367000072206D1C90A6
S31A00E9D7AE2F2800182068000C4E90206D1C902140002021680053
S31A00E9D7C318001C584F202800206C042200604C4A8066087C012C
S31A00E9D7D821460028603C206D1C9020280020B6806C0220032496
S31A00E9D7ED002F022F2800182F0461001BF4504F584FD88296823D
S31A00E9D802206D1C90D5A80024D5A8001C95A80020610002BC4AE9
S31A00E9D81783669022049285206D1C90202800342B401C90661E07
S31A00E9D82C487A279161001D8A2F1061001D84487A27A361001D2B
S31A00E9D8417C48780001610019F020014CDF007C4E752F032F024E
S31A00E9D856242F000C222F0010206D1C90202800302B401C9066E0
S31A00E9D86B1E487A26F661001D4A2F1061001D44487A270C61009E
S31A00E9D8801D3C48780001610019B07601B68167086D104A816695
S31A00E9D8950C602E206D1C90D4A800246024206D1C902F10487A5E
S31A00E9D8AA274961001D0E584F61001D08487A2F1461001D00507E
S31A00E9D8BF4F72FF60000148206D1C9022280024B2826700013287
S31A00E9D8D46F00007C2028001C90A80018224193C022280020672A
S31A00E9D8E904B3C26F4A70FF4A81670220092F00487A27206100A4
S31A00E9D8FE1CBE584F2F1061001CB6584F487A273361001CAC58EF
S31A00E9D9134F201F61001CBC487A272F61001C9C200261001CAECB
S31A00E9D928487A272B61001C8E504F72FF600000D6206D1C90203D
S31A00E9D93D280024908291A8001CD1A8002021420024600000B4FF
S31A00E9D952202800206722D081B0826D1420029081D1A8001C9183
S31A00E9D967A80020D1A80024600000942140002442A80020206D47
S31A00E9D97C1C90226800104A896718260296A800242F034E91581C
S31A00E9D9914F4A806D32206D1C9021400024206D1C90B4A8002463
S31A00E9D9A66F582F2800182068000C4E90206D1C902140002021FA
S31A00E9D9BB680018001C584F202800206C04220060404A80660853
S31A00E9D9D0760121430028602C206D1C90220292A80024202800C1
S31A00E9D9E520B2806C022001D1A8001C91A80020D0A80024214072
S31A00E9D9FA0024B4806EA8610000CE206D1C9022280024206D1C3C
S31A00E9DA0F90202800342B401C90661E487A25A361001B9C2F108B
S31A00E9DA2461001B96487A25B561001B8E487800016100180220EA
S31A00E9DA3901241F261F4E752F026100008C487A2D8461001B7020
S31A00E9DA4E52AD0144584F206D1C90202800302B401C90661E4855
S31A00E9DA637A250061001B542F1061001B4E487A251661001B4688
S31A00E9DA7848780001610017BA206D1C90206800144E90240020C0
S31A00E9DA8D6D1C902F28001861001A5E584F206D1C9020280034D8
S31A00E9DAA22B401C90661E487A251561001B0E2F1061001B084854
S31A00E9DAB77A252761001B00487800016100177453AD0144200215
S31A00E9DACC241F4E7548E730204282206D1C9020280024760DE6FF
S31A00E9DAE1A04AAD01446600007EB0A8002C670000762140002C93
S31A00E9DAF6700D61001BAC246D00CC4A8A67624AAA002466064ABF
S31A00E9DB0B82665860027401223C00002000202A0004B2806F0290
S31A00E9DB202001222A00244C4018017603C28341FA31E612301861
S31A00E9DB3500702061001B6C200161001B66702061001B60202ABB
S31A00E9DB4A002461001A86702061001B522F1261001A62584F246B
S31A00E9DB5F6A00304A8A669E4CDF040C4E752F0A2F02246F000C49
S31A00E9DB7441FA2AAE7006224A22007000740053816B000016104D
S31A00E9DB891914186700000EB00256C9FFF466000004200290827C
S31A00E9DB9E4A8066025C4A42A72F0A610016DA2B401854504F4280
S31A00E9DBB3814A806C0272FF2001241F245F4E752F3C00008000AF
S31A00E9DBC82F2F00082F2D1854610016D2504F584F4E7548780019
S31A00E9DBDD012F2F00082F2D185461001678504F584F4E752F2DC1
S31A00E9DBF2185461001650584F4E754E56FFFC48E73838246E00C2
S31A00E9DC0708260F204A4A186600FFFC91CA2008588078FEC0849A
S31A00E9DC1C9FC0264F224F204A12D86600FFFC2F0F6100F9CA5850
S31A00E9DC314F4A806C5C41FA2CDE224B4A196600FFFC538912D8D2
S31A00E9DC466600FFFC2F0B6100F9AA584F4A806C3C41FA29C4708A
S31A00E9DC5B007200101A12186700000AB0016700FFF490814A80A8
S31A00E9DC70661841FA2CA6224B12D86600FFFC2F0B6100F976580B
S31A00E9DC854F4A806C082E4370FF600000A048780002486EFFFEB9
S31A00E9DC9A6100FA52240042A742A76100FBAC504F504F7801B86C
S31A00E9DCAF826D06487A23A5604E0C2E001FFFFE6610102EFFFF3C
S31A00E9DCC40C00008B670C0C00009E67062E437001605A487810CF
S31A00E9DCD900610017922B401858584F6606487A23A2601A42AD5F
S31A00E9DCEE185C2F3C00008000610017762B40186C584F660E4893
S31A00E9DD037A23A8610018B42E4370FF601E2F0B487A2C0E6100B5
S31A00E9DD1818A4584F6100189E487A2AAA61001896584F2E43428E
S31A00E9DD2D80584F4CEE1C1CFFE44E5E4E752B6D187018742B6FC1
S31A00E9DD4200041870610013DE4E752F0A2F2D1858610017A02FF0
S31A00E9DD572D186C610017986100FCE04280504F245F4E754E567F
S31A00E9DD6CFA9C48E73F3C594F2A2E00082C2E00204878004442AB
S31A00E9DD81A7486EFFBC610015BA504F584F2445282E000C201A0B
S31A00E9DD9652B60CBC538466F6262E000CB6AEFFBC6610266E00FD
S31A00E9DDAB1C4293264642934280600002F626462E9374014AB686
S31A00E9DDC02CBC660852827610B68264F22842B9D763022E8C7890
S31A00E9DDD5104AB64CBC6604538466F62D44FAAEB89764022E8415
S31A00E9DDEA264626977001E5A02D40FAAAB4AEFAAE641A26362CF5
S31A00E9DDFFBC97AEFAAA6B1A5282262EFAAAD6832D43FAAAB88283
S31A00E9DE1462E620364CBC91AEFAAA6A06700260000288D0AEFA3D
S31A00E9DE29AA2D804CBC428242AEFAB645EEFFC041EEFABA6004F9
S31A00E9DE3ED49A20C2538466F824454284241A671443F62C0020EE
S31A00E9DE5369FAB241F68C002144FAF652A9FAB25284B8AE000CAF
S31A00E9DE6865E0428442AEFAB245EEFAF67EFF2A17448542AEFF76
S31A00E9DE7D7693C94286B9EEFAAE6E0002122676CCBC534B2D4BFC
S31A00E9DE92FAA276FFB68B670001F647F67C002D4BFAA62005D016
S31A00E9DEA797B08C6C0000F847F67C002D4BFA9E58AEFA9E58AED3
S31A00E9DEBCFAA652872A002C2EFAAE9C852006B097650220172C65
S31A00E9DED100240C94857201E5A1206EFAA25248B1C1642220012E
S31A00E9DEE65380220092AEFAA241F6CCBC600CD28158482010B069
S31A00E9DEFB81640892805282BC8262EE7C01E5A6264647F36A03A7
S31A00E9DF10200BD0802F0061001556584F22404A8966144A876709
S31A00E9DF250A2F2EFF766100018C584F700360000178202D188056
S31A00E9DF3A5280D0862B40188041E90006266E001C268854492D60
S31A00E9DF4F49001C42912248266EFA9E2749FF764A876738274440
S31A00E9DF64FAB21D6F0003FFB7060200101D42FFB62D49FFB8204F
S31A00E9DF790590972404E0AA206BFF72264247F32A00200BD08083
S31A00E9DF8E21AEFFB6080031AEFFBA08042005D097B08C6D00FF2B
S31A00E9DFA314360C96051D43FFB741EEFAF6266E000C47F0BC00C1
S31A00E9DFB8200BB08A62081D7C0063FFB660422012B0AE0010643F
S31A00E9DFCD1C123C000F0C80000000FF6204123C00101D41FFB675
S31A00E9DFE2201A3D40FFB8601E90AE0010266E00181D730A01FFBB
S31A00E9DFF7B6201A90AE0010266E00143D730A00FFB8200C90858E
S31A00E9E00C7201E1A12404EAAABC826326264241F32A002008D0DA
S31A00E9E0218023AEFFB6080033AEFFBA0804264147F31A00200B61
S31A00E9E036D1C0D481BC8262E0200C53807401E1A26004B584E20A
S31A00E9E04B8A2004C08266F6B5847001EBA05380C0842207E581AA
S31A00E9E060266EFAA6B0ABFAB2671E740141F61800594859AEFA96
S31A00E9E075A653879A972002EBA05380C084B0A8FAB266E853AEDF
S31A00E9E08AFAA26400FE16524CB9EEFAAE6F00FDF242804AAEFA7F
S31A00E9E09FAA670A7601B6AEFAAE67027001584F4CEE3CFCFA747E
S31A00E9E0B44E5E4E752F02206F00084A8867145D48242800022FC2
S31A00E9E0C908610014282042584F4A8866EC4280241F4E75DEFCDF
S31A00E9E0DEFFEC48E73F3E282D1878262D187C286D008C41FA2A55
S31A00E9E0F3CA2E2F004C3E307A0002870000FFFF2F4700382E2F3C
S31A00E9E10800503E307A0002870000FFFF2F47003442AF002C2C61
S31A00E9E11D4842AF0030B6AF004C64384282226D0088B3ED008449
S31A00E9E1326414206D186C143188002002E7A0888052AD008860FB
S31A00E9E14710610010261F40002F202F002CE7A088805083B6AF5D
S31A00E9E15C004C65CA202F0038C0842E00D080D087266F0044D7F4
S31A00E9E171C0D7C042871E1324477E10BE8A6400007842857E6394
S31A00E9E186BE8A670001601A2B0001EAAC9685514A514AB5C3637D
S31A00E9E19B344282226D0088B3ED00846414206D186C14318800F7
S31A00E9E1B02002E7A0888052AD0088600E61000FB2028000000021
S31A00E9E1C5FFE7A088805083B5C362CE3F76AA000032202F00303D
S31A00E9E1DAC0842E00D080D087206B000247F00A0042871E13243C
S31A00E9E1EF477E10BE8A6500FF8E4280102B0001E0AC96807E10EF
S31A00E9E204BE8A6624206D187019AB00038800524CB9FC0000800D
S31A00E9E219006600FF062B4C008C61000F7C99CC6000FEF87E0F5F
S31A00E9E22EBE8A67000214B5C363344282226D0088B3ED008464B5
S31A00E9E24314206D186C143188002002E7A0888052AD0088600E3F
S31A00E9E25861000F160280000000FFE7A088805083B5C362CE426F
S31A00E9E26D81322B000242803036AA00C0842C01DC802E0AEEAC5C
S31A00E9E282968AB6AF005064364282226D0088B3ED008464142092
S31A00E9E2976D186C143188002002E7A0888052AD0088600E6100BE
S31A00E9E2AC0EC40280000000FFE7A088805083B6AF005065CC20B3
S31A00E9E2C12F0034C0842E00D080D087266F0048D7C0D7C0428709
S31A00E9E2D61E1324477E10BE8A6400007842857E63BE8A6606702A
S31A00E9E2EB01600001661A2B0001EAAC9685514A514AB5C363342B
S31A00E9E3004282226D0088B3ED00846414206D186C1431880020A4
S31A00E9E31502E7A0888052AD0088600E61000E4E0280000000FF40
S31A00E9E32AE7A088805083B5C362CE42803036AA00C0842E00D0D1
S31A00E9E33F80D087206B000247F00A0042871E1324477E10BE8AFA
S31A00E9E3546500FF8E4280102B0001E0AC9680B5C363344282223E
S31A00E9E3696D0088B3ED00846414206D186C143188002002E7A098
S31A00E9E37E888052AD0088600E61000DE80280000000FFE7A088B8
S31A00E9E393805083B5C362CE4280302B0002220C92804280303604
S31A00E9E3A8AA00C084240194802E0AEEAC968A028200007FFFB99D
S31A00E9E3BDC2640A247C0000800095C26008247C0000800095CCCC
S31A00E9E3D2200ABC806402200624409C8A200C9082B5C06230B9CD
S31A00E9E3E7C2640A266D187497ED1870600297CB206D187043F0CB
S31A00E9E3FC28002F0A487398004874880061000FE2504F584FD9B4
S31A00E9E411CAD48A6014206D187019B0280088005282524C534ACE
S31A00E9E4264A8A66ECB9FC00008000660A2B4C008C61000D6899B5
S31A00E9E43BCC4A866600FF766000FCDE2B4C008C2B4418782B43BC
S31A00E9E450187C42804CDF7CFCDEFC00144E7548E73E20262D1826
S31A00E9E46578242D187C246D008C7C07CC82ECAB9486720FB28202
S31A00E9E47A65364284226D0088B3ED00846414206D186C183188A8
S31A00E9E48F002004E5A0868052AD0088600E61000CD20280000024
S31A00E9E4A400FFE5A086805082720FB28264CC2C0302860000FF7D
S31A00E9E4B9FF4243484372F0D481720FB28265364284226D00886C
S31A00E9E4CEB3ED00846414206D186C183188002004E5A0868052CB
S31A00E9E4E3AD0088600E61000C860280000000FFE5A086805082C1
S31A00E9E4F8720FB28264CC2003468002800000FFFFB086670670BF
S31A00E9E50D01600000864243484372F0D481538672FFB28667660D
S31A00E9E52242857207B28265344284226D0088B3ED00846414204F
S31A00E9E5376D186C183188002004E5A0868052AD0088600C61001B
S31A00E9E54C0C241A002005E5A0868050827207B28264CE206D187B
S31A00E9E5617015838800524AB5FC00008000660A2B4A008C610087
S31A00E9E5760C2A95CAE08B518251CEFFA442465386649C2B4A0036
S31A00E9E58B8C2B4318782B42187C42804CDF047C4E754E56FB70C2
S31A00E9E5A02F0A2F02243C0000008F41EE023C72082141FB805901
S31A00E9E5B54851CAFFF64242538264EE243C0000009041EE0240FE
S31A00E9E5CA72092141FB80584852820C82000000FF6FEE0C820009
S31A00E9E5DF0001176E1641F62C0072072141FB80584852820C82E1
S31A00E9E5F4000001176FEE0C820000011F6E1641F62C007208217E
S31A00E9E60941FB80584852820C820000011F6FEE72072D41FB7878
S31A00E9E61E486EFB78486EFB7C487A24DE487A249C487801014852
S31A00E9E633780120486EFB806100F72E2400DEFC001C660000868D
S31A00E9E648204E72052141FB8058485282721DB2826CF072052DD5
S31A00E9E65D41FB70486EFB70486EFB74487A2516487A24D642A725
S31A00E9E6724878001E486EFB806100F6EE2400DEFC001C7201B211
S31A00E9E687826C0E2F2EFB7C6100FA282002584F60342F2EFB7017
S31A00E9E69C2F2EFB782F2EFB742F2EFB7C6100FA32504F504F4AF5
S31A00E9E6B18066162F2EFB7C6100F9FE2F2EFB746100F9F642805F
S31A00E9E6C6504F60027001242EFB68246EFB6C4E5E4E754E56FA23
S31A00E9E6DBF448E73F38282D1878262D187C7E04BE8365364282B3
S31A00E9E6F0226D0088B3ED00846414206D186C143188002002E78C
S31A00E9E705A0888052AD0088600E61000A600280000000FFE7A0A0
S31A00E9E71A888050837E04BE8364CC701FC0840680000001012DA5
S31A00E9E72F40FAF8EA8C5B837E04BE8365364282226D0088B3ED87
S31A00E9E74400846414206D186C143188002002E7A0888052AD0047
S31A00E9E75988600E61000A120280000000FFE7A0888050837E04E4
S31A00E9E76EBE8364CC701FC08452802D40FAFCEA8C5B837E03BE9B
S31A00E9E7838365364282226D0088B3ED00846414206D186C1431A7
S31A00E9E79888002002E7A0888052AD0088600E610009C80280009B
S31A00E9E7AD0000FFE7A0888050837E03BE8364CC700FC0842440EE
S31A00E9E7C2584AE88C59830CAE0000011EFAF8620003E07E1EBEF7
S31A00E9E7D7AEFAFC650003D64282B5C2635A42867E02BE83653442
S31A00E9E7EC4285226D0088B3ED00846414206D186C1A31880020AB
S31A00E9E80105E7A0888052AD0088600C610009621C002006E7A0F7
S31A00E9E816888050837E02BE8364CE41FA225A20702C0041F68CFA
S31A00E9E82B007E07CE842147FB10E68C57835282B5C262A87E126E
S31A00E9E840BE82651C2002E58043FA2232D3C0205941F68C0042EA
S31A00E9E855A8FB1052827E12BE8264EE7E072D47FB08486EFB0861
S31A00E9E86A486EFB0C42A742A74878001348780013486EFB106153
S31A00E9E87F00F4EA2440DEFC001C4A8A67167E01BE8A6600028E4F
S31A00E9E8942F2EFB0C6100F81E584F600002802C2EFAFCDCAEFA48
S31A00E9E8A9F82D46FAF4202EFB0841FA230830300A00028000006F
S31A00E9E8BEFFFF28404285BC8A630001FC4286264EB6AEFB08647C
S31A00E9E8D3344282226D0088B3ED00846414206D186C14318800B8
S31A00E9E8E82002E7A0888052AD0088600C6100087A1C002006E77C
S31A00E9E8FDA088805083B6AEFB0865CE2E0CCE84204741F08A0054
S31A00E9E912226EFB0C41F18A002D48FB04428214280001E4AC9613
S31A00E9E927824282342800027E0FBE82650E2A022745FB10584BC2
S31A00E9E93C524A6000017C7E10BE826600007C7E01BE8365364211
S31A00E9E95182226D0088B3ED00846414206D186C1431880020028D
S31A00E9E966E7A0888052AD0088600E610007FE0280000000FFE75B
S31A00E9E97BA0888050837E01BE8364CC7203C284E48C55837003B7
S31A00E9E990D08AD081B0AEFAF462000218240154827EFFBE8267F1
S31A00E9E9A500011641F6AC002145FB105848584B524A51CAFFF416
S31A00E9E9BA4242538264EC600000FA7E11BE826600007C7E02BE67
S31A00E9E9CF8365364282226D0088B3ED00846414206D186C143159
S31A00E9E9E488002002E7A0888052AD0088600E6100077C0280009B
S31A00E9E9F90000FFE7A0888050837E02BE8364CC7207C284E68C97
S31A00E9EA0E57837003D08AD081B0AEFAF462000196240154827E4E
S31A00E9EA23FFBE826700009241F6AC0042A8FB105848584B524A00
S31A00E9EA3851CAFFF44242538264EC600000767E06BE83653642AB
S31A00E9EA4D82226D0088B3ED00846414206D186C14318800200290
S31A00E9EA62E7A0888052AD0088600E610007020280000000FFE75A
S31A00E9EA77A0888050837E06BE8364CC727FC284EE8C5F83700B1D
S31A00E9EA8CD08AD081B0AEFAF46200011C740AD4817EFFBE826719
S31A00E9EAA11841F6AC0042A8FB105848584B524A51CAFFF4424210
S31A00E9EAB6538264EC4285B5EEFAF46500FE0C2F2EFB0C6100F5B6
S31A00E9EACBEE2B4418782B43187C2D7C00000009FB08486EFB08EA
S31A00E9EAE0486EFB0C487A2020487A1FDE487801012F2EFAF8475C
S31A00E9EAF5EEFB102F0B6100F26E2440DEFC00204A8A671E7E01F3
S31A00E9EB0ABE8A6612487A15C5610006FA2F2EFB0C6100F59C50A4
S31A00E9EB1F4F200A600000902D7C00000006FB00486EFB00486E78
S31A00E9EB34FB04487A2048487A200842A72F2EFAFC206EFAF848C6
S31A00E9EB49738C006100F21C2440DEFC001C4A8A67267E01BE8AD8
S31A00E9EB5E6612487A158E610006A82F2EFB046100F54A504F2FFD
S31A00E9EB732EFB0C6100F540200A584F60342F2EFB002F2EFB08B6
S31A00E9EB882F2EFB042F2EFB0C6100F54A504F504F4A8066162F76
S31A00E9EB9D2EFB0C6100F5162F2EFB046100F50E4280504F600250
S31A00E9EBB270014CEE1CFCFACC4E5E4E7548E73820246F00142613
S31A00E9EBC72D1878242D187C66324284226D0088B3ED0084641497
S31A00E9EBDC206D186C183188002004E5A0868052AD0088600E614E
S31A00E9EBF100057E0280000000FFE5A08680508267D07201C283D0
S31A00E9EC062481E28B53827201B28265364284226D0088B3ED0064
S31A00E9EC1B846414206D186C183188002004E5A0868052AD0088E1
S31A00E9EC30600E6100053C0280000000FFE5A0868050827201B2CD
S31A00E9EC458264CC7003C083E48B2B43187855822B42187C7202AA
S31A00E9EC5AB28066066100FA7860184A8066066100F7F4600E726B
S31A00E9EC6F01B2806704700260046100F9224CDF041C4E754E56FF
S31A00E9EC84FFF848E7302042AD008C42AD187C42AD18784283458F
S31A00E9EC99EEFFFC42AD18802F0A6100047E486EFFF86100FF12CC
S31A00E9ECAE2400504F670C2F0A6100046C2002584F60342F0A612B
S31A00E9ECC3000460202D1880584FB680640226004AAEFFF867C481
S31A00E9ECD8202D187C600A51802B40187C53AD00887207B2806585
S31A00E9ECEDF0610004B042804CEE040CFFEC4E5E4E7548E73C004D
S31A00E9ED024284740141FA1F0E220841FA1ED0701F90982A02E153
S31A00E9ED17A520058880B28864F041ED188842987601428124038F
S31A00E9ED2C0042010060182001E288080100006702B980220008C8
S31A00E9ED410200006702B981E2827A01BA8266E220C152830C8381
S31A00E9ED56000000FF6FCC4CDF003C4E75DEFCFFF848E7380022FB
S31A00E9ED6B6D0088B3ED0084640E206D186C1031880052AD0088B8
S31A00E9ED806004610003EC1F40000E226D0088B3ED0084640E20A1
S31A00E9ED956D186C1031880052AD00886004610003CC1F40000F37
S31A00E9EDAA226D0088B3ED0084640E206D186C1031880052AD00DF
S31A00E9EDBF886004610003AC0C2F001F000E6610122F000F0C0119
S31A00E9EDD4008B670E0C01009E6708487A132C6000032A0C000087
S31A00E9EDE9086708487A13356000031C226D0088B3ED0084640E79
S31A00E9EDFE206D186C1631880052AD008860066100036216000860
S31A00E9EE130300056708487A1328600002F0080300016708487AF8
S31A00E9EE28132F600002E21003020000C06708487A1332600002B3
S31A00E9EE3DD2282D0088B8AD0084640652AD008860046100032060
S31A00E9EE52282D0088B8AD0084640652AD008860046100030C2809
S31A00E9EE672D0088B8AD0084640652AD00886004610002F8282D04
S31A00E9EE7C0088B8AD0084640652AD00886004610002E4282D0030
S31A00E9EE9188B8AD0084640652AD00886004610002D0282D0088A7
S31A00E9EEA6B8AD0084640652AD00886004610002BC080300026797
S31A00E9EEBB00006E226D0088B3ED00846410206D186C428214311C
S31A00E9EED0880052AD00886006610002962400226D0088B3ED00F5
S31A00E9EEE5846414206D186C428010318800E180848052AD0088A5
S31A00E9EEFA600861000272E1808480538278FFB882671E282D0012
S31A00E9EF0F88B8AD0084640652AD008860046100025251CAFFEA7F
S31A00E9EF244242538264E208030003672460086100023C4A806779
S31A00E9EF391A226D0088B3ED008464EE206D186C1031880052AD54
S31A00E9EF4E00884A0066E60803000467246008610002124A8067F9
S31A00E9EF631A226D0088B3ED008464EE206D186C1031880052AD2A
S31A00E9EF7800884A0066E66100FD024A80673E7801B88067166D0D
S31A00E9EF8D064A80672C60207802B880670E7803B880670E6012DC
S31A00E9EFA2487A11E06010487A11FC600A487A12186004487A12EB
S31A00E9EFB72061000254584F70FF60000158226D0088B3ED008475
S31A00E9EFCC6410206D186C42831631880052AD00886006610001D9
S31A00E9EFE1902600226D0088B3ED00846414206D186C42801031AF
S31A00E9EFF68800E180868052AD008860086100016CE180868022E2
S31A00E9F00B6D0088B3ED00846416206D186C42801031880048404A
S31A00E9F0204240868052AD0088600A61000144484042408680229B
S31A00E9F0356D0088B3ED00846414206D186C103188007818E9A053
S31A00E9F04A868052AD0088600A6100011C7818E9A08680226D009F
S31A00E9F05F88B3ED00846410206D186C42821431880052AD008864
S31A00E9F0746006610000F82400226D0088B3ED00846414206D185D
S31A00E9F0896C428010318800E180848052AD00886008610000D403
S31A00E9F09EE1808480226D0088B3ED00846416206D186C42801071
S31A00E9F0B331880048404240848052AD0088600A610000AC48400C
S31A00E9F0C842408480226D0088B3ED00846414206D186C10318831
S31A00E9F0DD007818E9A0848052AD0088600A610000847818E9A023
S31A00E9F0F28480202D00984680B0836706487A10F8600AB4AD0036
S31A00E9F10794670E487A10F6610000FE70FF584F600242804CDF6F
S31A00E9F11C001C504F4E754E754E7548E73F3842824AAD185C66B0
S31A00E9F131286100FBCA202D1858068000000FFC2B4F18642B4ECF
S31A00E9F14618682E406100FC162E6D18642C6D18682400600E2B77
S31A00E9F15B4F18642B4E1868206D18604ED020024CDF1CFC4E75A1
S31A00E9F1704AAD0090670470FF4E752F3C000080002F2D186C614B
S31A00E9F18500E5682B400084504F67E672012B410088206D186CE6
S31A00E9F19A428010104E7548E73820222D0098206D187093C926C7
S31A00E9F1AF2D008CB6896322428245ED1888101814002001B580B7
S31A00E9F1C40280000000FFE08920320C00B1815249B68962E42B82
S31A00E9F1D9410098282D008CD9AD009448E73F3A2B4F185C41FA8D
S31A00E9F1EE000E2B481860202D008C4EFAFF542E6D185C4CDF5C1A
S31A00E9F203FC42AD008C4CDF041C4E752F02242F0008487A15B669
S31A00E9F218610003A22F026100039C487A15A86100039472012BA6
S31A00E9F22D410090504F584F241F4E753F3C00074E41544F2F38A5
S31A00E9F24200044E75202F000448E720203F003F3C003E4E415860
S31A00E9F2574F4CDF040448C04E754CEF01010004222F000C48E799
S31A00E9F26C20203F013F002F083F3C00424E414FEF000A4CDF04E5
S31A00E9F281044E75202F0008206F000448E720203F0048503F3C17
S31A00E9F296003D4E41504F4CDF040448C04E7548E760E04CEF035E
S31A00E9F2AB000018202F002048512F003F083F3C003F4E414FEF42
S31A00E9F2C0000C4CDF07064E752F02242F00082042200252804A17
S31A00E9F2D51866FC91C0486800016100018E584F2200670822422D
S31A00E9F2EA204110D966FC2001241F4E752F02242F00082042223D
S31A00E9F2FF6F000C222F001053816B1010192042600653816B06AA
S31A00E9F314101910C066F653816B0C421851C9FFFC42415381642B
S31A00E9F329F42002241F4E75206F00047000222F0008670000AA57
S31A00E9F33E60000012206F0004102F000B222F000C670000962FF3
S31A00E9F35302D1C13408080200006704110053811400E14810023D
S31A00E9F36834004842340042401001E089673848E79F36200226C8
S31A00E9F37D0228022A022C022E02244226422A422C4248E0BF3611
S31A00E9F39248E0BF3648E0BF3648E0BF3648E0BF3648E0BF305399
S31A00E9F3A78166E44CDF6CF93F00E448671E32004441024100031A
S31A00E9F3BC5340E448D2414EFB1802210221022102210251C8FF74
S31A00E9F3D1F6301F08000001670231020800000067021102241F87
S31A00E9F3E6202F00044E75226F0004206F00086008206F000422C4
S31A00E9F3FB6F00083008080000006612300908000000660A202FDF
S31A00E9F410000C080000006720202F000C674EB3C8640A12D85327
S31A00E9F425806EFA60000042D1C0D3C0132053806EFA6034B3C8B8
S31A00E9F43A6418E288672CE288640232D84A80672222D853806EED
S31A00E9F44FFA6000001AD1C0D3C0E2886710E288640233204A8053
S31A00E9F4646706232053806EFA4E7548E760E0202F001858802226
S31A00E9F47900610000864A8067125981204020C12F012F08610082
S31A00E9F48EFEA2201F584F4CDF07064E7548E760E0222F001C22FB
S31A00E9F4A36F0018B2FC0000660C2F016100FFBE584F6000003831
S31A00E9F4B84A81660E2F0961000034584F7000600000262F016116
S31A00E9F4CD00FFA0584F24404A8067142F29FFFC2F0A2F09610027
S31A00E9F4E2FF146100000E504F584F200A4CDF07064E75202F00EA
S31A00E9F4F70459806100009070004E7548E77CE04A806700007ADA
S31A00E9F50C7803D880020400FC41ED1DA82248343C00FF76007A6A
S31A00E9F521002018D098671C22106608222D1DA4D2AD1DA09280C5
S31A00E9F536B283650426012248528551CAFFE04A83660A242D1D26
S31A00E9F54BA4262D1DA060082429FFF8D4A9FFFCB88362260C45D0
S31A00E9F5600100642241ED1DA8D1FC0000080045E8FFF8B5C96353
S31A00E9F575062122212260F6210421022002600270004CDF073E04
S31A00E9F58A4E7548E7C0C041ED1DA8323C00FFB098584857C9FFA4
S31A00E9F59FFA661443E8FFF853416B0822D822D851C9FFFA4299E9
S31A00E9F5B442914CDF03034E7548E7E0E0202F001C2F003F3C0088
S31A00E9F5C9094E415C4F4CDF07074E7548E760E04E54FFF0720984
S31A00E9F5DE4E56FFF041EEFFF03F0161000038321F41ECFFF043EF
S31A00E9F5F3EEFFF053416B1010190C000020670210C051C9FFF48D
S31A00E9F60842104E5E41ECFFF02F083F3C00094E415C4F4E5C4CF9
S31A00E9F61DDF07064E753F0153412F007000301780FC000A3E803C
S31A00E9F632302F000280FC000A3F400002484000400030118010D3
S31A00E9F6470051C9FFDE584F321F5341672848404A4066187000AD
S31A00E9F65C0C3000300000661811BC002000005240B04166EC609E
S31A00E9F6710A11BC003F100051C9FFF84E752F0048406102201F42
S31A00E9F6863F00E0486102301F3F00E8086102301F0200000F0075
S31A00E9F69B0000300C00003A65025E0048E7E0E03F003F3C000285
S31A00E9F6B04E41584F4CDF07074E7548E778C0206F001C78000C8E
S31A00E9F6C510003066140C280078000167080C2800580001660474
S31A00E9F6DA544878017400720970FF524016184A4467200C0300D5
S31A00E9F6EF41650A0C0300466204060300200C030061650A0C0395
S31A00E9F704006652C9FFDC600E0C030030650E0C03003952C9FF23
S31A00E9F719CC6204524052485348226F002022884A4067525340C2
S31A00E9F72E740076014A44672A760012200C010041650E0C010057
S31A00E9F743466204060100200401005702810000000FE7A1848174
S31A00E9F758584351C8FFDC601E720FC2202F002003610001A8D40D
S31A00E9F76D802003720A6100019E2600201F51C8FFE420024CDFCB
S31A00E9F782031E4E75222F00044280100141FA1486083000020860
S31A00E9F7970067040A41002020014E752F2F000C2F2F000C2F2F82
S31A00E9F7AC000C6100FE0C584F103C003A6100FEEC103C0020619D
S31A00E9F7C100FEE46100FDF6584F103C00206100FED6103C002D4D
S31A00E9F7D66100FECE103C002D6100FEC6103C00206100FEBE20BB
S31A00E9F7EB1F6100FEB8487A0FDA6100FDC6584F703F4E7548E7CD
S31A00E9F8003030262F0014266F001842AD00047201B2AD0008665B
S31A00E9F81532B6AD00006F26202D0000E580207308000C10002D2F
S31A00E9F82A66164A280001671043FA10FDB308660EB308660A527E
S31A00E9F83FAD000070FF600000A8202D0000E58020730800242D03
S31A00E9F85400081230280048813041344852AD00082073080020C6
S31A00E9F8692D00084A300800660A52AD000072012B410008723AE2
S31A00E9F87EB28A67142F0A2F2F00206100006A504F2040B0FC00A2
S31A00E9F8930066082F0A487A097560320C28003A0001664672016A
S31A00E9F8A8B28267082F0A487A096E601C7201B2AD000867082F53
S31A00E9F8BD0A487A097B600CB6AD00006E122F0A487A09942F13CE
S31A00E9F8D26100FECEDEFC000C6012202D0000E5802B7308000055
S31A00E9F8E70452AD0000200A4CDF0C0C4E75206F0004222F0008FE
S31A00E9F8FC60084A00660470004E751018B20066F2200853804E3E
S31A00E9F911752F02240048424A426610240148424A426604C0C176
S31A00E9F926600CC4C06002C4C14842C0C1D082241F4E7557617279
S31A00E9F93B6E696E673A204D757374206F6D697420706172616D0F
S31A00E9F95065746572202700272C206B65726E656C20636F6D6DFC
S31A00E9F965616E64206C696E6520746F6F206C6F6E67210D0A0029
S31A00E9F97A4E656564206174206C65617374203235366B205354F0
S31A00E9F98F2D52414D21204368616E67696E67202D5320746F2044
S31A00E9F9A43235366B2E0D0A00284E6F74653A202D732069676EFC
S31A00E9F9B96F726564206F6E204D6564757361290D0A004B6572C2
S31A00E9F9CE6E656C20686173206E6F20626F6F74696E666F207687
S31A00E9F9E3657273696F6E20696E666F2C20617373756D696E6711
S31A00E9F9F820302E300D0A005761726E696E673A20426F6F746919
S31A00E9FA0D6E666F2076657273696F6E206F6620626F6F747374DC
S31A00E9FA2272617020616E64206B65726E656C2064696666657219
S31A00E9FA37210D0A002020202020202020204365727461696E208D
S31A00E9FA4C6665617475726573206D6179206E6F7420776F726B9C
S31A00E9FA612E0D0A00287573696E67206261636B7761726473201C
S31A00E9FA76636F6D7061746962696C697479206D6F6465290D0A0D
S31A00E9FA8B005761726E696E673A207573696E67206F6E6C79201F
S31A00E9FAA03420626C6F636B73206F66206D656D6F72790D0A00CB
S31A00E9FAB5496E76616C6964206E756D62657220666F7220657879
S31A00E9FACA747261206D656D2073746172743A2000273A27206DD5
S31A00E9FADF697373696E67206166746572206578747261206D652E
S31A00E9FAF46D2073746172740D0A00496E76616C6964206E756D05
S31A00E9FB096265723A20004572726F723A204E6F20636F6F6B690F
S31A00E9FB1E656A617220666F756E642E20497320746869732061A2
S31A00E9FB336E2053543F0D0A004572726F723A20426F6F74737464
S31A00E9FB487261702063616E27742072756E20696E20466173746F
S31A00E9FB5D52414D206F6E2041667465726275726E657230343093
S31A00E9FB720D0A004572726F723A20426F6F7473747261702063D3
S31A00E9FB87616E27742072756E20696E2054542D52414D206F6ED2
S31A00E9FB9C2043656E747572626F320D0A00556E61626C652074CF
S31A00E9FBB16F206F70656E2072616D6469736B2066696C65200024
S31A00E9FBC64F7574206F66206D656D6F727920666F722072616D8E
S31A00E9FBDB6469736B20696D6167650D0A004572726F7220776838
S31A00E9FBF0696C652072656164696E672072616D6469736B206949
S31A00E9FC056D6167650D0A00556E61626C6520746F206765742070
S31A00E9FC1A6B65726E656C20696D616765200043616E6E6F74209F
S31A00E9FC2F7265616420454C4620686561646572206F66206B65D0
S31A00E9FC44726E656C20696D6167650D0A00496E76616C696420EA
S31A00E9FC59454C462068656164657220636F6E74656E7473206930
S31A00E9FC6E6E206B65726E656C0D0A00556E61626C6520746F20F2
S31A00E9FC83616C6C6F63617465206D656D6F727920666F72207088
S31A00E9FC98726F6772616D20686561646572730D0A00556E616247
S31A00E9FCAD6C6520746F20726561642070726F6772616D206865BE
S31A00E9FCC261646572732066726F6D20004B65726E656C20696DE4
S31A00E9FCD7616765206973206E6F20454C462065786563757461FD
S31A00E9FCEC626C650D0A00436F756C646E27742063726561746536
S31A00E9FD0120626F6F74696E666F0D0A00556E61626C6520746F0D
S31A00E9FD1620616C6C6F63617465206D656D6F727920666F722044
S31A00E9FD2B6B65726E656C0D0A004572726F723A20426F6F7473D1
S31A00E9FD4074726170206D6179206E6F7420616C6C6F63617465CB
S31A00E9FD55206D656D6F72792066726F6D204661737452414D206F
S31A00E9FD6A6F6E2041667465726275726E65723034300D0A004528
S31A00E9FD7F72726F723A20426F6F747374726170206D6179206EAE
S31A00E9FD946F7420616C6C6F63617465206D656D6F727920667272
S31A00E9FDA96F6D2054542D52414D206F6E2043656E747572626F46
S31A00E9FDBE320D0A004661696C656420746F207365656B20746FE5
S31A00E9FDD3207365676D656E7420004661696C656420746F20721F
S31A00E9FDE8656164207365676D656E742000436F756C646E2774BA
S31A00E9FDFD2063726561746520636F6D70617420626F6F74696E1F
S31A00E9FE12666F0D0A004B65726E656C2068617320756E737570E8
S31A00E9FE27706F7274656420626F6F74696E666F20766572736980
S31A00E9FE3C6F6E0D0A004D616368696E65207479706520637572CD
S31A00E9FE5172656E746C79206E6F7420737570706F727465642E6A
S31A00E9FE662041626F7274696E672E2E2E004572726F723A2055FF
S31A00E9FE7B6E6B6E6F776E2043505520747970652E2041626F722C
S31A00E9FE9074696E672E2E2E0D0A00756E6B6E6F776E206D6163BA
S31A00E9FEA56820636F6F6B6965203078004E6F7420656E6F756720
S31A00E9FEBA682052414D2E2041626F7274696E672E2E2E000D0AB7
S31A00E9FECF5468697320626F6F74737472617020697320746F6F2B
S31A00E9FEE4200020666F722074686973206B65726E656C210D0AE2
S31A00E9FEF90043616E27742061646420626F6F74696E666F2072FD
S31A00E9FF0E65636F72642E2041736B20612077697A6172642074AF
S31A00E9FF236F20656E6C61726765206D652E0043505520747970E8
S31A00E9FF386520307800206E6F7420737570706F7274656420629F
S31A00E9FF4D79206B65726E656C0D0A004650552074797065203062
S31A00E9FF627800496E7465726E616C206572726F723A20626F74FD
S31A00E9FF77746F6D2D6D6F7374206D6F64756C6520002063616C30
S31A00E9FF8C6C7320646F776E73747265616D73210D0A004F75744B
S31A00E9FFA1206F6620627566666572206D656D6F727920666F72AD
S31A00E9FFB6206D6F64756C652000496E7465726E616C20657272DB
S31A00E9FFCB6F723A20746F706D6F7374206D6F64756C65200020FB
S31A00E9FFE063616C6C7320757073747265616D73210D0A00556E0F
S31A00E9FFF5737570706F72746564207365656B206F7065726174AF
S31A00EA000A696F6E20666F72206D6F64756C652000556E73757063
S31A00EA001F706F72746564206261636B77617264207365656B2007
S31A00EA0034696E206D6F64756C6520002028627566737461727477
S31A00EA00493D002C20647374706F733D00290D0A0046696C65206F
S31A00EA005E73686F72746572207468616E20322062797465732C06
S31A00EA00732063616E2774207465737420666F7220677A69700D6D
S31A00EA00880A004F7574206F66206D656D6F727920666F72206795
S31A00EA009D756E7A697020737461636B210D0A004F7574206F668D
S31A00EA00B2206D656D6F727920666F722067756E7A697020696E75
S31A00EA00C770757420627566666572210D0A0020696E636F6D7063
S31A00EA00DC6C657465206C69746572616C20747265650D0A002061
S31A00EA00F1696E636F6D706C6574652064697374616E63652074DB
S31A00EA01067265650D0A0062616420677A6970206D61676963205F
S31A00EA011B6E756D6265727300696E7465726E616C206572726FAE
S31A00EA0130722C20696E76616C6964206D6574686F6400496E705D
S31A00EA0145757420697320656E637279707465640D0A004D756C9D
S31A00EA015A7469207061727420696E7075740D0A00496E70757475
S31A00EA016F2068617320696E76616C696420666C6167730D0A00E4
S31A00EA0184696E76616C696420636F6D7072657373656420666F45
S31A00EA0199726D617420286572723D312900696E76616C6964207E
S31A00EA01AE636F6D7072657373656420666F726D6174202865724F
S31A00EA01C3723D3229006F7574206F66206D656D6F727900696E50
S31A00EA01D876616C696420636F6D7072657373656420666F726DE9
S31A00EA01ED617420286F746865722900637263206572726F720023
S31A00EA02026C656E677468206572726F7200696C6C6567616C2031
S31A00EA02176F7074696F6E006F7074696F6E206D757374206E6FCA
S31A00EA022C7420626520636C75737465726564006F7074696F6EEE
S31A00EA0241206D75737420626520666F6C6C6F7765642062792051
S31A00EA02567768697465207370616365006F7074696F6E207265C6
S31A00EA026B71756972657320616E20617267756D656E74004E6FC6
S31A00EA028020626F6F74617267732066696C6520666F756E6420DC
S31A00EA0295210D0A004E6F2065787465726E616C20766964656FB5
S31A00EA02AA20636C6F636B20666F756E6420210D0A5573652074CE
S31A00EA02BF68652064656661756C742073637265656E2E2E2E0D31
S31A00EA02D40A004E6F7420656E6F756768206D656D6F7279206605
S31A00EA02E96F72206368616E6765207468652073637265656E2088
S31A00EA02FE210D0A557365207468652064656661756C742073633A
S31A00EA03137265656E2E2E2E0D0A004C696E75782F36386B204121
S31A00EA03287461726920426F6F7473747261702076657273696F8A
S31A00EA033D6E20332E33202843543630290D0A4F7074696F6E7328
S31A00EA03523A0D0A20202D6B3C66696C653E3A20557365203C661A
S31A00EA0367696C653E206173206B65726E656C20696D6167652041
S31A00EA037C2864656661756C74733A20766D6C696E75782C2076CD
S31A00EA03916D6C696E75782E677A290D0A20202D723C66696C65C0
S31A00EA03A63E3A204C6F61642072616D6469736B203C66696C6533
S31A00EA03BB3E0D0A20202D733A206C6F6164206B65726E656C204D
S31A00EA03D0746F2053542D52414D0D0A20202D743A2069676E6F72
S31A00EA03E572652054542D52414D0D0A20202D533C73697A653E5B
S31A00EA03FA3A2070726574656E642053542D52414D206861766916
S31A00EA040F6E67203C73697A653E0D0A20202D543C73697A653EB1
S31A00EA04243A2070726574656E642054542D52414D2068617669EA
S31A00EA04396E67203C73697A653E0D0A20202D6D3C737461727439
S31A00EA044E3E3A3C73697A653E3A20706173732065787472612087
S31A00EA04636D656D6F727920626C6F636B20746F206B65726E6598
S31A00EA04786C0D0A20202D563C76616C75653E3A20666F72636539
S31A00EA048D20657874656E64656420766964656F206D6F6465639A
S31A00EA04A26F6465203C76616C75653E0D0A20202D643A20707242
S31A00EA04B7696E7420646562756720696E666F732C20776169748E
S31A00EA04CC20666F72206B6579206265666F726520626F6F74698B
S31A00EA04E16E670D0A20202D682C202D3F3A207072696E74207482
S31A00EA04F66869732068656C70206D6573736167650D0A00557310
S31A00EA050B6167653A0D0A5B2D646E73745354565D205B2D6B209F
S31A00EA05206B65726E656C5F65786563757461626C655D205B2DCF
S31A00EA0535722072616D6469736B5F66696C655D205B2D6D207340
S31A00EA054A746172743A73697A655D205B6B65726E656C206F70A4
S31A00EA055F74696F6E732E2E2E5D0D0A000D0A0A1B70204C696E7D
S31A00EA057475782F36386B20417461726920426F6F74737472610E
S31A00EA0589702076657273696F6E20332E33202843543630292095
S31A00EA059E1B710D0A00436F7079726967687420313939332D39A0
S31A00EA05B3382062792041726A616E204B6E6F722C20526F626576
S31A00EA05C872742064652056726965732C20526F6D616E20486F16
S31A00EA05DD64656B2C20416E6472656173205363687761620D0A4C
S31A00EA05F20A003F68646E7473533A543A6B3A723A6D3A563A00F7
S31A00EA06072000626F6F746172677300626F6F747374726170008F
S31A00EA061C766D6C696E7578006C6F63616C3A00424F4F545F49A5
S31A00EA06314D4147453D004B65726E656C20636F6D6D616E6420ED
S31A00EA06466C696E653A200D0A20005F4354320043543630005FF2
S31A00EA065B4D43480041423430004D41474E0042504658007F45C4
S31A00EA06704C460072616D6469736B2073726320617420307800E3
S31A00EA06852C2073697A65206973200072616D6469736B20646579
S31A00EA069A737420697320307800202E2E2E203078004B65726EAE
S31A00EA06AF656C20737263206174203078002C2073697A652069C0
S31A00EA06C47320004B65726E656C207365676D656E742000206189
S31A00EA06D974203078002C2073697A652000626F6F745F696E6669
S31A00EA06EE6F20697320617420307800547970652061206B657953
S31A00EA070320746F20636F6E74696E756520746865204C696E7550
S31A00EA07187820626F6F742E2E2E0D0A00426F6F74696E67204CB1
S31A00EA072D696E75782E2E2E0D0A004350553A20003B200046502F
S31A00EA0742553A20003638303430003638303630006E6F6E65202D
S31A00EA07576F7220736F66747761726520656D756C6174696F6E43
S31A00EA076C003638383832003638383831004D6F64656C3A20001E
S31A00EA07815354004D6567612053544500535445004D656475735C
S31A00EA0796610048616465730054540046616C636F6E002028775E
S31A00EA07AB6974682041667465726275726E657230343029002087
S31A00EA07C02877697468204354363029000D0A004D656475736194
S31A00EA07D52070736575646F2053542D52414D2066726F6D206245
S31A00EA07EA616E6B20313A200054542D52414D2062616E6B203163
S31A00EA07FF3A200054542D52414D2062616E6B20323A20004661D7
S31A00EA0814737452414D2062616E6B20313A200046617374524190
S31A00EA08294D2062616E6B20323A200054542D52414D3A20004DB9
S31A00EA083E41474E554D20616C7465726E6174652052414D3A2003
S31A00EA085300465820616C7465726E6174652052414D3A20005375
S31A00EA0868542D52414D3A2000204D4220617420307830303030A4
S31A00EA087D303030300D0A00557365722D73706563696669656427
S31A00EA089220616C7465726E6174652052414D3A2000204D422058
S31A00EA08A7617420307800546F74616C2000204D420D0A00426F14
S31A00EA08BC6F747374726170277320626F6F74696E666F20766515
S31A00EA08D17273696F6E3A20322E310D0A004B65726E656C2773FA
S31A00EA08E620626F6F74696E666F2076657273696F6E2020203ACD
S31A00EA08FB20006F6C64006E657700686561640066696C650067B6
S31A00EA0910756E7A6970002E677A00766D6C696E757A004465637C
S31A00EA09256F6D7072657373696E6720002D2D004F7074696F6E93
S31A00EA093A733A0D0A002D20446562756720666C61670D0A002DC2
S31A00EA094F2049676E6F72652054542D52414D0D0A002D204C6F2B
S31A00EA09646164206B65726E656C20746F2053542D52414D0D0A3A
S31A00EA0979002D20466F7263652053542D52414D2073697A653A54
S31A00EA098E203078002D20466F7263652054542D52414D2073698F
S31A00EA09A37A653A203078002D2045787472616D656D2073746176
S31A00EA09B872743A203078002C2065787472616D656D2073697A2D
S31A00EA09CD653A203078002D204B65726E656C206E616D653A20F5
S31A00EA09E2002D2052616D6469736B206E616D653A20002D20454B
S31A00EA09F77874656E64656420766964656F206D6F6465636F64DD
S31A00EA0A0C653A203078000D0A202028696E7465726E616C20661C
S31A00EA0A2172657175656E63793A2000204D487A2C2065787465D9
S31A00EA0A36726E616C206672657175656E63793A2000204D487A93
S31A00EA0A4B290D0A0053637265656E206174203078002C200020DD
S31A00EA0A6078200020696E200020636F6C6F72732C2000204D482F
S31A00EA0A757A0D0A000000000000001000000011000000120000B8
S31A00EA0A8A00000000000800000007000000090000000600000049
S31A00EA0A9F0A000000050000000B000000040000000C0000000325
S31A00EA0AB40000000D000000020000000E000000010000000F0010
S31A00EA0AC903000400050006000700080009000A000B000D000FCD
S31A00EA0ADE001100130017001B001F0023002B0033003B0043009F
S31A00EA0AF35300630073008300A300C300E3010200000000000006
S31A00EA0B08000000000000000000000000000000010001000100E5
S31A00EA0B1D010002000200020002000300030003000300040004B6
S31A00EA0B320004000400050005000500050000006303E10001005A
S31A00EA0B470200030004000500070009000D001100190021003102
S31A00EA0B5C00410061008100C10101018102010301040106010811
S31A00EA0B71010C0110011801200130014001600100000000000053
S31A00EA0B8600000001000100020002000300030004000400050051
S31A00EA0B9B0500060006000700070008000800090009000A000A00
S31A00EA0BB0000B000B000C000C000D000D000000010003000700ED
S31A00EA0BC50F001F003F007F00FF01FF03FF07FF0FFF1FFF3FFFCE
S31A00EA0BDA7FFFFFFF000000000000000100000002000000040093
S31A00EA0BEF00000500000007000000080000000A0000000B0000D8
S31A00EA0C04000C0000001000000016000000170000001A01010185
S31A00EA0C1901010101010111111111110101010101010101010171
S31A00EA0C2E01010101010101011020202020202020202020202029
S31A00EA0C4320202042424242424242424242202020202020204494
S31A00EA0C5844444444440404040404040404040404040404040403
S31A00EA0C6D040404042020202020204848484848480808080808DA
S31A00EA0C8208080808080808080808080808080820202020010074
S31A00EA0C9700000000000000000000000000000000000000000058
S31A00EA0CAC00000000000000000000000000000000000000000043
S31A00EA0CC10000000000000000000000000000000000000000002E
S31A00EA0CD600000000000000000000000000000000000000000019
S31A00EA0CEB00000000000000000000000000000000000000000004
S31A00EA0D00000000000000000000000000000000000000000000EE
S31A00EA0D15007C2F2D5C000048E77FE04E55FFE02E003B41FFE00C
S31A00EA0D2A3B42FFE2610002123A00700030076100005A7CFF4A90
S31A00EA0D3F876A142F003F3C00154E415C4F2C006F00003A21C0FB
S31A00EA0D54044E300761000E003F3C001B3F3C00024E41584F3F1A
S31A00EA0D693C00453F3C00024E41584F20463007320561000832E2
S31A00EA0D7E6B0670003005600670FE600270FF4E5D4CDF07FE4E8C
S31A00EA0D937548E7410061000C602E0032070241000708070007E2
S31A00EA0DA867424A876B1C10388006020000C067120807000467C2
S31A00EA0DBD2E0C410004662870286000008470280807000A660C85
S31A00EA0DD2080700066600009A6000009E08070006660000967088
S31A00EA0DE738600000907014080700036702D04008070007665004
S31A00EA0DFC0807000466120807000A660808070009673E60307023
S31A00EA0E111E60260807000C660E0807000B66120807000A672671
S31A00EA0E2660100807000B6704702060080807000A670C701C08BA
S31A00EA0E3B070003670CD0406008C0FC000680FC0005E360080728
S31A00EA0E50000766260807000467120807000C661A0807000B6663
S31A00EA0E65140807000A660E080700066708C0FC000680FC000520
S31A00EA0E7A3B40FFE40807000767284A876B0A1238800602010057
S31A00EA0E8FC06646323C019008070006660A0807000A675A08C7C5
S31A00EA0EA4000608C70005605008070004672608870005323C001D
S31A00EA0EB9F00807000C6706323C0180600A0807000B6704323C70
S31A00EA0ECE013008070008662E602A323C00C808070007671A08E4
S31A00EA0EE3070004670C024700070C470004660260044A47663CE6
S31A00EA0EF8D2416038080700086702D2410807000467120807001C
S31A00EA0F0D0C66240807000B661E0807000A661808070006671286
S31A00EA0F220807000556C7024700015C47C2C782FC00053B41FF25
S31A00EA0F37E6C0C1D0804CDF00824E7548E77FF061000AB23E0095
S31A00EA0F4C41EDFFE843FA0CF074007600300702400007664A0830
S31A00EA0F61070007674412388006020100C0663A363CFFFF78288F
S31A00EA0F76367C002045FA11100807000A66100807000667000138
S31A00EA0F8BA645FA113E6000019E08070006660001965044367CD6
S31A00EA0FA0002645FA11086000018838070244000F0807000467D7
S31A00EA0FB500012206440038367C001945FA0F2A080700076718BA
S31A00EA0FCA0C4000046600016006440040367C002845FA10906068
S31A00EA0FDF0001500807000C66400807000B66420807000A6700B9
S31A00EA0FF4013C06440010367C002045FA0F0C610009BA6A0C3665
S31A00EA10097C002445FA0F1E6000011E610009BC6A000116367CFE
S31A00EA101E002845FA0F2A6000010A0807000B6600008206440076
S31A00EA103320367C002045FA0F320807000A66426100097A6A0C2B
S31A00EA1048367C002445FA0F3E600000DE0807000C670661000911
S31A00EA105D8A6B14610009706A0000CA367C002845FA0F3E6000B1
S31A00EA107200BE06440030367C003245FA0F4E600000AE06440069
S31A00EA108710367C002645FA0F5E0807000C6700009A6100094CFE
S31A00EA109C6A00009206440030367C003245FA0F6260000082065D
S31A00EA10B1440040367C002645FA0F72610009286A6E0C6D003CFF
S31A00EA10C6FFE2656606440030367C003C45FA0F78605845FA0D47
S31A00EA10DB92367C00204A40670A08070005660445FA0DC0080718
S31A00EA10F00007663C0807000A661C08070009673008070003678F
S31A00EA11050A0244000706440010602008C40003601A0644001809
S31A00EA111A367C001945FA0D6C4A40670A08070005660445FA0D88
S31A00EA112F9E08070007674230070240000766284A436736080717
S31A00EA1144000A660808070006662A600608070006672208070076
S31A00EA11590867180244FFF80044000660120C4000036508670AE4
S31A00EA116E08070004670400440007143148002212202A001C800C
S31A00EA1183C1E468E24855403080202A000480C1E4684440D0506C
S31A00EA119853403140000A202A000880C1E4684440D068000A534C
S31A00EA11AD4031400002202A000C80C1E468534031400004202A55
S31A00EA11C2001880C1E4687A0008070004661608070007661008E6
S31A00EA11D7070006670A3A008AFC0005D045E24D2C2A00148CC1D5
S31A00EA11ECE46E9C45DC680004D04690503A007001320702410066
S31A00EA12010708070004665A08070007660001B40807000A67005D
S31A00EA121601AC08070003670001A44A416600019E0807000666FD
S31A00EA122B1C317C00E80002317C009A0004317C00300006317C30
S31A00EA124000C40008600001B6317C01180002317C006A000442A1
S31A00EA1255680006317C010F00086000019C08070007670A4A4152
S31A00EA126A66247002600001520807000C660000960807000B6639
S31A00EA127F420807000A661270020C410001660001347203700156
S31A00EA1294600001280C4100016712720270FF6100072E6A000121
S31A00EA12A916564160000110720270016100071C6A000046524176
S31A00EA12BE600000FE0C410001672872000807000A660661000791
S31A00EA12D3006B1030070807000A6608610006DE6A025241700227
S31A00EA12E85C455C46600000D052455246720270010807000A66FB
S31A00EA12FD0000C0610006BC6A0000B85241600000B20807000B28
S31A00EA13126600008C0C410001675872FA70080807000A662C61E7
S31A00EA13270006BE6A1C70027207C247670672016000008672014A
S31A00EA133CD25008810000308172006076610006746A7052416060
S31A00EA13516C610006926A667207C247670670027201605A72035F
S31A00EA1366D250088100003081700472FC604A72017002080700A6
S31A00EA137B0A6616610006666A06700172046034610006326A2EFE
S31A00EA13905241602A610006506A2470007203601E0C41000167DE
S31A00EA13A50672027000601272027001610006346A08B6FC003C07
S31A00EA13BA65025250D36800029168000443FA0932720012314876
S31A00EA13CF00300190466F08303C0202D050DC409C413146000695
S31A00EA13E443FA09CC7200123148000C4100C8650248819A4131A4
S31A00EA13F94500083007610007F86A18610005CC6B120807000CBF
S31A00EA140E660C700A9150D1680002D168000841EDFFF44A43677B
S31A00EA14231643FA0D260807000A665E08070006665843FA0D0A3A
S31A00EA1438605208070004673E43FA0CC208070007671230070272
S31A00EA144D4000070C400004663643FA0CB860300807000C660C49
S31A00EA14620807000B672443FA0CB2601E43FA0CB8B6FC0032651D
S31A00EA14771443FA0CBA600E43FA0C6C08070005660443FA0C6E01
S31A00EA148C30993159000231590004321934194A43666A08070074
S31A00EA14A107673208070004675E3007024000070C400004675245
S31A00EA14B6D242E2493401303C01909240D44008C2000008C10047
S31A00EA14CB003142000231410004603208070004662C08070006E5
S31A00EA14E06726700030029041080700056702D04080FC000AD420
S31A00EA14F54092406B04B451650A944132109242E249D441314160
S31A00EA150A0006314200083159000A4A43666208070004674C08A4
S31A00EA151F07000766180807000C676AB6FC00326464080700088C
S31A00EA1534665E5368000460443007024000070C400004664C61A8
S31A00EA154900049C6A4643EDFFE822FC0189012622FC0031000018
S31A00EA155E22BC01600135367C0032602A08070007670A300702E5
S31A00EA15734000076708601A08070008671408A80000000108A850
S31A00EA15880000000708A800000009601208E80000000108E8004B
S31A00EA159D00000708E800000009300B4CDF0FFE4E7548E77FC0A5
S31A00EA15B23C0140E7007C07006100043E3E00220841F882006126
S31A00EA15C70003AE43EDFFE821590082215900862151008A43ED2F
S31A00EA15DCFFF4215900A2215900A6215100AA70004A816B5A08B7
S31A00EA15F1070004673E0807000766380807000C66320807000BC4
S31A00EA1606662C0807000A662608070006672074067000302DFFC6
S31A00EA161BE680C2C0EDFFE4D2807000302DFFE480C248C0D28074
S31A00EA1630916DFFE42F01116F00010001116F00020003116F001D
S31A00EA164503000D584F3140000E08A80000000A3407024200072A
S31A00EA165A08070007670000BC4A42660000B610388006020000DA
S31A00EA166FC0660000AA42A80084720808070008670408C1000172
S31A00EA16840807000A6608080700066634605E0807000666580892
S31A00EA169907000F6706610003326B0608E80000000A317C01809A
S31A00EA16AE00C0117C00020060316DFFE40010314100C260000261
S31A00EA16C3640807000F660C610002DE6B0608E80000000A317CD5
S31A00EA16D8018000C0117C00020060316DFFE40010314100C260B8
S31A00EA16ED0002380807000866CE0807000F660C610002AC6B0663
S31A00EA170208E80000000A314100C2317C008000C0117C00020038
S31A00EA1717606000020C316DFFE4001072000807000367025841E8
S31A00EA172C08070004670000DE584108070007670C4A4267380C07
S31A00EA17414200046732602C0807000C67200807000B67080C46BB
S31A00EA1756003C671460060C460032670C08070008661008C10024
S31A00EA176B01600A08070008670408C10000314100C2303C01869C
S31A00EA17800807000767100C420004660000F8303C0182600000D8
S31A00EA1795F00807000C66160807000B661A0807000A670000DCD2
S31A00EA17AA303C01826000001E303C01820807000B662C303C01C5
S31A00EA17BF820C460032670000BE0807000A661A0807000F6600DD
S31A00EA17D400B0610001D26B0000A808E80000000A6000009E61C0
S31A00EA17E90001E86A0A0807000F67146000008E3400300761004B
S31A00EA17FE03FAC1424A426B00007E08E80000000A607408070094
S31A00EA181305670808E80001000A600608A80001000A080700072A
S31A00EA182867064A42671660180807000A6606080700096702586F
S31A00EA183D4108070008670408C10001314100C2303C01810807E8
S31A00EA18520007661C0807000A6706303C01866022080700036794
S31A00EA18670A080700096704303C01820807000F660C61000130DE
S31A00EA187C6B0608E80000000A314000C042680066300702400042
S31A00EA1891070C4000046200008E660A317C0100006660000082A5
S31A00EA18A60C400003660A317C00100066600000720C40000266D5
S31A00EA18BB0E08070007670000644228006060120C400001662228
S31A00EA18D0117C0001006008070007670A08070004670408C10057
S31A00EA18E500316DFFE40010314100C26034317C0400006643ED5E
S31A00EA18FAFFE83029000850400807000467100807000C670A08F3
S31A00EA190F07000B6704044000103140008A6100005831690008AC
S31A00EA1924008A08280000000A673C610000466B38302DFFE20CC3
S31A00EA193940002065280C46002564080C4000206720601A0C4020
S31A00EA194E002565140C46003C64120C6D0025FFE0650AB06DFFEA
S31A00EA1963E0650470FF6002700046DF4CDF03FE4A804E7548E7E8
S31A00EA1978600040E724380466223804BA027CFBFF7000B4B804AD
S31A00EA198D666610203804BA90810C80000000146DEA70FF46DFC7
S31A00EA19A24CDF00064A804E7548E780000C6D0020FFE057C048FC
S31A00EA19B7804CDF00014E7548E780000C6D0024FFE057C04880B2
S31A00EA19CC4CDF00014E7548E780000C6D0028FFE054C048804CD0
S31A00EA19E1DF00014E7548E780000C6D0032FFE054C048804CDF1E
S31A00EA19F600014E7508000007673A3F013200024100070C41006F
S31A00EA1A0B02640608C0000360240800000467166100FFB66A1002
S31A00EA1A200C410004660A088000030880000860080240FFF0004C
S31A00EA1A35400002321F4E7548E741003E00303C02E80807000340
S31A00EA1A4A6702E24808070007673612388006020100C066100840
S31A00EA1A5F07000A6700008208070006667A6056080700046772F1
S31A00EA1A743207024100070C41000466666100FF506A60E24860C9
S31A00EA1A895C08070004673E0807000C660E0807000B661808070E
S31A00EA1A9E000A674460200807000B670AC0FC000580FC000860DE
S31A00EA1AB3320807000A660AC0FC000580FC00066022C0FC0005ED
S31A00EA1AC880FC000760180807000A660A08070009670CE2486080
S31A00EA1ADD08C0FC000280FC00034CDF00824E7548E741003E00A1
S31A00EA1AF2303C02E80C6D0186FFE66502E2480C6D030CFFE66551
S31A00EA1B0702E24808070007672012388006020100C0663A0807CE
S31A00EA1B1C000A660608070006672EC0FC000580FC0007602408D4
S31A00EA1B31070004671E0807000C66100807000B6712C0FC00043B
S31A00EA1B4680FC00056008C0FC000580FC00084CDF00824E7548B4
S31A00EA1B5BE7E1E03E00700030076100F22EA00032070241000754
S31A00EA1B70700003C03080302DFFE4E268E9403140FD4C5368FD68
S31A00EA1B854C7200322DFFE63141FD4E5368FD4E3141FFFC82E8BF
S31A00EA1B9AFFD253413141FFD63140FFF4E6483140FFD45368FF0A
S31A00EA1BAFD4C0D0314000023140FFFEC0E8FFD23140FFD83007F4
S31A00EA1BC46100FE763140FD5230076100FF1C3140FD5408070003
S31A00EA1BD9076716080700046710024700070C470004660611FCD9
S31A00EA1BEE0002044C4CDF07874E750800000766400800000467FC
S31A00EA1C033A0800000C66080800000B672E60060800000B660693
S31A00EA1C180800000A672008000003670C024000070C40000365B3
S31A00EA1C2D10600A024000070C400004650470FF600270004E7532
S31A00EA1C420204020202000004010401010100000401040101007A
S31A00EA1C5700000001040101010000000104010100000000040075
S31A00EA1C6C0000000004040400000000000000010401010100005F
S31A00EA1C8104010401010000000401040101010000000104010140
S31A00EA1C9600000000010401010100000001040101000000000139
S31A00EA1CAB0401010100000001040101000000000104010101001E
S31A00EA1CC000010104010100000000010401010100000001040109
S31A00EA1CD5010000000001040101010000000104010100000000FA
S31A00EA1CEA010401010100000101040101000000009E1940301EA0
S31A00EA1CFF000011AC104C3C28000010620C322A25000000B011A3
S31A00EA1D145343310000006A0D38302B0000001500000000000FD5
S31A00EA1D29131500000000000000B21155453300000D6C0D3C3407
S31A00EA1D3E2F00000DAF12524230000000690E39312C000000B81A
S31A00EA1D53135B4B39000000720F423A35000000B8135B4B3900BD
S31A00EA1D680000720F423A35000000B0125343310000316A0E3AD8
S31A00EA1D7D322D000000B2125545330000006C0E3C342F00000058
S31A00EA1D92B4115545330000006E0D3C342F000000B01253433117
S31A00EA1DA70000316A0E3A322D0000004C122111FF00000A6508EF
S31A00EA1DBC1D0DF900000826050B03FE000000670524140200001A
S31A00EA1DD10028061109000000000D0000000000040709000000A4
S31A00EA1DE600000000800A2616000000064106150D080000068134
S31A00EA1DFB0B2313FD0000004207120A050000008A0C2C1C060057
S31A00EA1E1000004B081B130E0000008A0C2C1C060000004B081BEC
S31A00EA1E25130E000000820B2414FE0000004307130B060000FE68
S31A00EA1E3A800B2616000000004107150D08000000820A261600A2
S31A00EA1E4F0000004306150D08000000820B2414FE00000043070E
S31A00EA1E64130B060000FE000000000C3500072BF0000249F000B9
S31A00EA1E7907D9C4000A279C000927C0003D09000061A8000000B4
S31A00EA1E8E0F8400072BF0000249F00007D9C4000B14AE000B14CF
S31A00EA1EA3AE003A2F000061A80000000C20000706D40002A9A4BE
S31A00EA1EB80007D9C40009DEF4000927C0003CA000006130F00059
S31A00EA1ECD000F8400072BF0000249F00007D9C4000A9D9E000B2C
S31A00EA1EE214AE003A2F00006130F000000F840005D0480000FAA5
S31A00EA1EF7000002EA1800000000000000000026CA0000307E1034
S31A00EA1F0C00000C350001C13800005DC0000582280000000000C9
S31A00EA1F21000000002AB98000325AA000000AD90005D04800012B
S31A00EA1F36ADB00003089800000000000000000025F78000307E5C
S31A00EA1F4B10000009C40005D048000347D8000537F00000000049
S31A00EA1F600000000000222E0000307E1000000C350001C1380033
S31A00EA1F75005DC00005F758000000000000000000249F00002C07
S31A00EA1F8AB55000000AD90001C13800017D60000716F80000007D
S31A00EA1F9F000000000000208B00002AE090000009C40001C13831
S31A00EA1FB400031CE00008B6780000000000000000001D4C00008A
S31A00EA1FC92AE090000007D00002A10C000180C400039B0C000004
S31A00EA1FDE00000000000000177000001F2CDC00000A490001C13B
S31A00EA1FF33800005DC00005F75800000000000000000023FF809E
S31A00EA2008002C15D0000007D00001C138000105B8000445C0002A
S31A00EA201D00000000000000001B5800002264B000000A490001C1
S31A00EA2032C13800005DC00005F7580000000000000000002924F2
S31A00EA20470000313A50000006820002A10C000180C40003012435
S31A00EA205C0000000000000000001A080000212AF4000009C40051
S31A00EA20710186A0000000000003D09000000000000000000030B0
S31A00EA2086D40000362B3000000C350003D09000030D40000557A0
S31A00EA209B300000000000000000001E8480002AB98000000A4938
S31A00EA20B00003D090000298100004E540000000000000000000F5
S31A00EA20C523FF80002F4D6000000C350003D090000249F00004B5
S31A00EA20DA93E0000000000000000000249F00002F4D600271027A
S31A00EA20EF65002F007F020F026B020D02010016004D01DD0207FF
S31A00EA2104041903FF003F003F03FF04150379035F003F003F03BF
S31A00EA21195F037504DB04D50015001504D504D7031D031300130B
S31A00EA212E001303130315066B0641004100410641065F03E90099
S31A00EA21430000000043036303E704DB00000000001B047B04D9AE
S31A00EA215848E7FFFE2A044A8056C448844A8356C4484442444A35
S31A00EA216D8167160C8100000020630E4A82670A0C820000002066
S31A00EA218257C448844A8556C441FA085661000782207804F22057
S31A00EA21976800247003C0100C400003670007684267487A09EFEC
S31A00EA21AC3F3C003D4E41504F3E006A1441FA0A10610007543F3C
S31A00EA21C13C00074E41544F600007423F3C00023F0742A73F3CD4
S31A00EA21D600424E414FEF000A2C006F00072A42673F0742A73F08
S31A00EA21EB3C00424E414FEF000A4A806B0007143F3C00032F0697
S31A00EA22003F3C00444E41504F4A806F0007002C4048562F063F2E
S31A00EA2215073F3C003F4E414FEF000C2F003F073F3C003E4E416D
S31A00EA222A584FBC9F660006DC4A806B0006D60C56601A6600060C
S31A00EA223FCE206E003041F6881C0C9887654321660006BC2A5895
S31A00EA225458880C904D414758660006AE21FC01000000049E0CF6
S31A00EA2269B81357BD1305A866100CB80108000005A465062A7CD4
S31A00EA227E010000003D7C0400001E3F3C00194E41544F206E002B
S31A00EA22933041F6881C41E8007A0C905F5F5F5F661206000041C1
S31A00EA22A810C010FC003A43FA08E810D966FC202E0002D0AE00D5
S31A00EA22BD062A00D0AE000E47F6081C45F66800B7CA642241EE26
S31A00EA22D2001C201BD1C0200DD190B7CA62127000101B670C0C82
S31A00EA22E700000166EA41E800FE60EA41EE001C43F058007000EA
S31A00EA22FCD098B3C865FA21C0048643EE001C2205E289740020BD
S31A00EA2311110C80203C000066520CA908084E7B000467260CA942
S31A00EA232631114E7B0004663E22BC203CA080237C80004E7B00BD
S31A00EA233B0441FA06BC610005D05242600004E222BC70004E7B75
S31A00EA2350237C00024E710004337CF4F8000841FA06AA61000530
S31A00EA2365AE5242600004C00C804E7A0002663C0CA908C0000395
S31A00EA237A000466320CA94E7B0002000866280CA970021238003B
S31A00EA238F0C661E203C4E714E712280234000042340000841FA30
S31A00EA23A406766100056A52426000047C0C8003C8000066380C73
S31A00EA23B9A903C800080004662E0CA903C800100008662422BC0B
S31A00EA23CE72E84230237C101854810004237C66F84E7100084199
S31A00EA23E3FA06466100052A52426000043C0C80203C0088664EC7
S31A00EA23F80CA9010501C8000466440C6900260008663C22BC4249
S31A00EA240D280026237C117C00880004237C0028117C0008237CC9
S31A00EA24220001002A000C237C117C00050010237C002C603800DA
S31A00EA24371441FA0600610004D45242600003E60C80204F7000CA
S31A00EA244C661C0C6921FC0004661422BC703C4E7541FA05EC611F
S31A00EA24610004B05242600003C20C8041F80008661E0CA9703D56
S31A00EA247643FA00046614337C7008000441FA05D76100048A5223
S31A00EA248B426000039C0C80703D20C9661C0CA9D3C151C8000401
S31A00EA24A0661232BC700841FA05C5610004665242600003780C0E
S31A00EA24B58021C8001066200CA921C8002C00046616237C4E717B
S31A00EA24CA4E71000441FA05AF6100043E5242600003500C804E97
S31A00EA24DF700CB866180CA93141592600046600033C41FA059F18
S31A00EA24F46100041C5242601C0C804E7021F8661C0CA9000400B4
S31A00EA250908000466CE41FA0591610003FE524232BC4E716000B9
S31A00EA251E030C0C804E7B000266300CA90C380004000466260C23
S31A00EA253369665E000A661E0C696100000C6616237C4E714E716D
S31A00EA2548000C41FA0565610003C25242600002D40C80610008F8
S31A00EA255DA666280CA961000AF20004661E0CA93CBC0180000875
S31A00EA25726614237C610008BA000441FA053F610003906000024F
S31A00EA2587A40C805441544166320CA954415441000466280C6977
S31A00EA259C50F800086620337C7210000641FA05226100036452B1
S31A00EA25B1424A846B000274337C720000066000026A0C80F3279B
S31A00EA25C64A17662A0CA9670CF227000466200CA9E0FFF22700A7
S31A00EA25DB086616237C4E714E71000241FA056361000326524297
S31A00EA25F0600002384A846B180C80F3790100661022BC4E714EA1
S31A00EA260571337C4E7100046000021C0C80703F20D9661E0CA902
S31A00EA261A51C8FFFC00046614337C4E71000241FA04B561000262
S31A00EA262FE45242600001F64A446A0000500C80720211C1662235
S31A00EA26440C69820A0004661A22BC4E714E71337C4E71000441FD
S31A00EA2659FA049B610002B45242600001C60C8031D8820A661C6E
S31A00EA266E0C694E750004661422BC4E714E7141FA04A261000211
S31A00EA26839052426000FFAE0804001767240C8046FC2300661C00
S31A00EA26980C69700100046614337C4E40000441FA04CB6100022B
S31A00EA26AD665242600001784A046A440C8070102078663C0C699E
S31A00EA26C204C60004663432BC701141FA04B361000240524270A3
S31A00EA26D731204954880C907810610057C8FFF66600014230BC5A
S31A00EA26EC781141FA04916100021E5242600001300C8040C1005D
S31A00EA27017C660001260CA9070043F800046600011A0CA9880011
S31A00EA271645E900086600010E0CA9000212BC000C660001020C0D
S31A00EA272BA9000710110010660000F60CA9000000C0001466007D
S31A00EA274000EA0CA9148012BC0018660000DE0CA9000F149800C7
S31A00EA27551C660000D20CA912BC000E0020660000C60CA9101178
S31A00EA276A02000024660000BA0CA900DF14800028660000AE0CB4
S31A00EA277FA914800000002C660000A20CA90020148000306600E5
S31A00EA279400960CA946C170FF00346600008A0C694E7500386685
S31A00EA27A900008022BC40E7007C237C070043F80004237C88001E
S31A00EA27BE45E90008237C0002720F000C237C1018611C0010233B
S31A00EA27D37C720E61120014237C088000050018237C611208C060
S31A00EA27E8001C237C0005610C0020237C46DF70FF0024237C4E5B
S31A00EA27FD7512810028237C10114E75002C237C12811480003002
S31A00EA2812237C4E754E710034337C4E71003841FA033D610000EA
S31A00EA2827EC5242544953816E00FAE076130804001767025243C9
S31A00EA283C4A446A0256434A046A025643B4436700002A41FA03EB
S31A00EA285153610000BE2002610000E4702F610000C6200361005F
S31A00EA286600D87029610000BA3F3C00074E41544F007C07004367
S31A00EA287BFA002C41F8060045F80064200AE488534020D951C817
S31A00EA2890FFFC21F80436042EF47870004E7B0002F4D84E714E43
S31A00EA28A5F80600204D43EE001C2005E6885380B3C862106716A6
S31A00EA28BAD3C5D1C52121212151C8FFFA600820D920D951C8FFE3
S31A00EA28CFFA21FC5555AAAA051A21FC31415926042621CD042A7C
S31A00EA28E4BBFC010000006606DBB8049E6012DBAD000C206D0003
S31A00EA28F9140C98876543216602DB9042B804BA4ED54E714CDF3A
S31A00EA290E7FFF4E7548E7E0E02F083F3C00094E415C8F4CDF072D
S31A00EA2923074E7548E7E0E03F003F3C00023F3C00034E4D5C8F36
S31A00EA29384CDF07074E7548E7C0804E54FFF072094E56FFF0414F
S31A00EA294DEEFFF03F0161000032321F41ECFFF043EEFFF05341B4
S31A00EA29626B1010190C000020670210C051C9FFF442104E5E411B
S31A00EA2977ECFFF06100FF964E5C4CDF01034E753F0153412F00EB
S31A00EA298C7000301780FC000A3E80302F000280FC000A3F4000E5
S31A00EA29A1024840004000301180100051C9FFDE584F321F534113
S31A00EA29B6672848404A40661870000C3000300000661811BC00D6
S31A00EA29CB2000005240B04166EC600A11BC003F100051C9FFF87B
S31A00EA29E04E750D0A0A1B70204D616769432D424F4F544552208A
S31A00EA29F51B710D0A000D0A5061746368206361636865203100CE
S31A00EA2A0A0D0A50617463682063616368652032000D0A5061741E
S31A00EA2A1F63682063616368652033000D0A5061746368206D6F7D
S31A00EA2A347665702031000D0A5061746368206D6F766570203261
S31A00EA2A49000D0A5061746368204350552074797065000D0A5030
S31A00EA2A5E6174636820766563746F72732031000D0A50617463BD
S31A00EA2A736820766563746F72732032000D0A50617463682076E1
S31A00EA2A886563746F72732033000D0A5061746368207265736590
S31A00EA2A9D742031000D0A50617463682072657365742032000DC6
S31A00EA2AB20A506174636820445350000D0A506174636820666C25
S31A00EA2AC76F707079000D0A50617463682046505520636F6F6B64
S31A00EA2ADC6965000D0A506174636820504D4D552030333020747A
S31A00EA2AF1726565000D0A50617463682065787465726E616C20FA
S31A00EA2B06636C6F636B2033324D487A20524742206D6F6E6974E8
S31A00EA2B1B6F722031000D0A50617463682065787465726E616CF9
S31A00EA2B3020636C6F636B2033324D487A20524742206D6F6E6912
S31A00EA2B45746F722032000D0A506174636820636F6E74657874B8
S31A00EA2B5A20465055000D0A506174636820505347207072696E81
S31A00EA2B6F746572000D0A5061746368204354504349000D0A5015
S31A00EA2B846174636820626F6F742049444520736C617665005C4F
S31A00EA2B996D616769632E72616D000D0A0A5741524E494E472071
S31A00EA2BAE2120412070617274206973206E6F742070617463682C
S31A00EA2BC3656420212028000D0A6D616769632E72616D20666946
S31A00EA2BD86C65206E6F7420666F756E642021000D0A0000004FD3
S31A00EA2BEDEFFFC048E73F3E266F0074327C042E2851307C05A4D2
S31A00EA2C022A10670006C020050680FFF000002F40003824404A77
S31A00EA2C17AF00706700067A22050681FFE800002F4100382081D4
S31A00EA2C2C2E050687FFFB00002F012F3C00E000004EB900E8047B
S31A00EA2C4150202F00780680FF180000E888508F670000E2224AD6
S31A00EA2C562200207C00E8000022902368000400042368000800FB
S31A00EA2C6B0843E900102368000CFFFC538141E8001066E0E988CA
S31A00EA2C80D5C04AAF0070660000AC307C05A424100682FFFB7FB5
S31A00EA2C95FF0242E0002C020686000480002F4200402602068377
S31A00EA2CAA000002002F4300502202068100002400208242AF00FF
S31A00EA2CBF5C282F003842AF003C42AF005858AF00407610B6AF7D
S31A00EA2CD4003C6400011C206F004042A8FFFC52AF003C0CAF0092
S31A00EA2CE9000080003C66DC40E7007C0700F4F8F5184E7B28064E
S31A00EA2CFE4E7B2807203C403FE0404E7B00054E7B0007203C8064
S31A00EA2D137FE0404E7B00044E7B0006203C0000C2104E7B000386
S31A00EA2D2846DF4CDF7CFC4FEF00404E75203C00F0000090AF0012
S31A00EA2D3D70B7C062000494700FD08BE888672AE988D08A207C6E
S31A00EA2D5201000000249025680004000425680008000845EA0066
S31A00EA2D67102568000CFFFC41E80010B08A66E0202F00380680FD
S31A00EA2D7C00100000908AE888671CE988D08A72FF2481254100EE
S31A00EA2D91042541000845EA00102541FFFCB5C066E8307C05A413
S31A00EA2DA620100680FFFB7FFF24000242E0002C02068600048074
S31A00EA2DBB002F42004022020681000002002F410050068100006E
S31A00EA2DD022000280FFF800000680FFF800002F40005C20802853
S31A00EA2DE52F003842AF003C42AF00586000FEDA246F0050200AC7
S31A00EA2DFA5680206F00402140FFFC264147EB4000202F003C76F9
S31A00EA2E0F19E7A8206F005891C02F480034327C0021D3C82F4951
S31A00EA2E240060D1FC00F100C12F4800482A6F0034DBFC00F10076
S31A00EA2E39452F4D0054262F0034068300F10041307C0041D1EF8E
S31A00EA2E4E005891C02F480044204143E8000324C9B08C644C4A69
S31A00EA2E63856600009EB0AF0038650000964BE800804298BBC83F
S31A00EA2E7866FA2240D3FC00040000220D2009B7CD66CC06AF02FB
S31A00EA2E8D000000005806AF00000200005052AF003C0CAF0000E9
S31A00EA2EA20080003C6600FE246000FE440C8000DFFFFF63000079
S31A00EA2EB7B82240D3FCFF200000B3FC000FFFFF630000CE2240BF
S31A00EA2ECCD3FCFF100000B3FC000FFFFF6300016E4A856700005F
S31A00EA2EE1E8B085640000FAB0AF00386500023E4BE800804298A8
S31A00EA2EF6BBC867804298BBC866F46000FF782240D3FC000400AA
S31A00EA2F0B0020412A6F0034528D2F4D004C2A6F00344DED0045A0
S31A00EA2F202F4A00642A6F004CB480622EBC80632A45F6080020FA
S31A00EA2F358A5888068000002000B3C066E6246F00642A414BED2E
S31A00EA2F4A0080220D2009B7CD6600FF026000FF3245F5080020CC
S31A00EA2F5F8A5888068000002000B3C066BC60D4206F0044D1C030
S31A00EA2F742A414BED0080224122C841E82000BBC96700FEF422A0
S31A00EA2F89C841E82000BBC966EA6000FEE620445A882A414BED31
S31A00EA2F9E0080224122C841E82000BBC966F60684000400002288
S31A00EA2FB340D3FC00040000220D2009B7CD6600FE946000FEC410
S31A00EA2FC82A414BED00804298BBC86700FEA64298BBC866F26064
S31A00EA2FDD00FE9C2240D3FCDF000000B3FC0004FFFF62D82A40F0
S31A00EA2FF2DBFCDF0400002F40004CB3FC0004FFFF62367021D0BB
S31A00EA3007872080068700002000588843E92000BBC966E2202FA9
S31A00EA301C004C2A414BED00802240D3FC00040000220D2009B7FC
S31A00EA3031CD6600FE226000FE524290588843E92000BBC966B6F9
S31A00EA304660D22040D1FCFF0F00002A40DBFCFF13000022412F33
S31A00EA305B47004C2F4A00642C6F0054B1FC0008FFFF623445F093
S31A00EA30703800228A588941E82000B1CD66E82E2F004C246F0045
S31A00EA3085642A414BED00802240D3FC00040000220D2009B7CDAE
S31A00EA309A6600FDBA6000FDEA2E080687FFF700000C870001FF81
S31A00EA30AFFF621245F68800228A588941E82000B1CD66A460BA6E
S31A00EA30C42E080687FFF500000C870002FFFF621E4A8567422E97
S31A00EA30D9045A872287068400002000588941E82000B1CD6600AC
S31A00EA30EEFF78608C2E080687FFF200000C8700007FFF63182E0C
S31A00EA31032F0048DE882287588941E82000B1CD6600FF52600082
S31A00EA3118FF664291588941E82000B1CD6600FF406000FF542258
S31A00EA312D40D3FC000400002A6F00344DED00413A7C0045DBEF7D
S31A00EA314200342F44004C2F4700642F410068222F005C2F4A00BD
S31A00EA315730282F00702E2F00602F43002CB480623EBC80633A74
S31A00EA316C45F50800208A5888068000002000B3C066E6282F00D6
S31A00EA31814C2E2F0064222F0068246F0030262F002C2A414BED9C
S31A00EA31960080220D2009B7CD6600FCB66000FCE64A846718B081
S31A00EA31AB81651445F60800208A5888068000002000B3C066A435
S31A00EA31C060BC2607D68020835888068000002000B3C066906079
S31A00EA31D5A8D7FCFF10000FE8886736E988220AD280207C0100C3
S31A00EA31EA0000249025680004000425680008000845EA00102596
S31A00EA31FF68000CFFFC41E80010B5C166E02040D1FC0100000039
S31A00EA32146006207C01000000202F0070D08BE8886724E988D05C
S31A00EA32298A249025680004000425680008000841E8001045EAC8
S31A00EA323E00102568FFFCFFFCB5C066E0202F003806800013001D
S31A00EA325300908AE8886700FB48E988D08A76FF248325430004EF
S31A00EA32682543000845EA00102543FFFCB5C06700FB2A76FF24B5
S31A00EA327D83254300042543000845EA00102543FFFCB5C066CEA2
S31A00EA32926000FB0E26050683FFEFE00020832F2F00382F3C00A8
S31A00EA32A7E000004EB900E804502445D5FCFFF80000508F428726
S31A00EA32BC203C000080006000F990207CFFEFE000D1CC22882275
S31A00EA32D17CFFF00000D3CC2F4900382F092F3C00E000004EB9B4
S31A00EA32E600E80450508F207C00E80000200C0680FF1000004340
S31A00EA32FBF0080022902368000400042368000800082368000C5F
S31A00EA3310000C43E80010B1FC00EFFFF06726204943F008002293
S31A00EA3325902368000400042368000800082368000C000C43E817
S31A00EA333A0010B1FC00EFFFF066DA307C042E24100682FFFB7FA0
S31A00EA334FFF0242E0002C020686000480002F42004020020680BF
S31A00EA3364000002002F4000502202068100002400208242874227
S31A00EA3379AF005C282F003842AF003C42AF00586000F94248E775
S31A00EA338E7FFC4E56FFC04A816B0000860C810000000F640000A0
S31A00EA33A37C5281E58145F9FFEF000076FF283C000003FF7C00ED
S31A00EA33B8B692671845EA004006860000004051CCFFF07C004541
S31A00EA33CDEAFFC07EFF601847EA00047A0EB69B56CDFFFC66DAF1
S31A00EA33E27E004A86670445EAFFC0024000016700002620321805
S31A00EA33F700B4806700002447EEFFC0588A429B700E26DA51C8C8
S31A00EA340CFFFC2D8218C061000014600820321800600270FB4ED7
S31A00EA34215E4CDF3FFE4E7576034E7B30004E7B30012F0241F946
S31A00EA3436FFEF0AAA43F9FFEF055445F9FFEF0000363C00AA38EC
S31A00EA344B3C00553A3C0090323C00F00E5038000E5148000E50EC
S31A00EA3460580020120E52180047FA00C64A936700000AB0936766
S31A00EA34750C508B60F2588F70F1600000AE43FA00ACD3EB000418
S31A00EA348A4CD11C00D5C64A47673C3A3C00803C3C00300E5338FE
S31A00EA349F000E5448000E5358000E5338000E5448000E526800BA
S31A00EA34B430120800000766140800000567F2301208000007662B
S31A00EA34C906588F70F6604E41EEFFC03A3C00A07C1F7E0F0E5370
S31A00EA34DE38000E5448000E53580030100E5208000200008032F2
S31A00EA34F312B1016A160801000567F43212B1016A0A51CFFFD6C8
S31A00EA3508588F70F660103212B25066F0548A548851CEFFC020AD
S31A00EA351D1F3A3C00F00E5338000E5448000E5358004E75000461
S31A00EA353222AB000000240004225800000030000122580000007A
S31A00EA354730002022580000003000000000FFEF0000FFEF0AAAF5
S31A00EA355CFFEF0554FFEF0000FFEF0AAAFFEF05547E0E74FF222B
S31A00EA35710770016100FE160C80FFFFFFFF5DCFFFEE4EF900E0A0
S31A00EA3586398C48E7E0E0203C534353494EB900E8B018660000E1
S31A00EA359BF03F3C00032F3C0000004A3F3C00444E41508F4A8011
S31A00EA35B0670000D82440224032FC010141FA00D222C841FA05AA
S31A00EA35C52622C841FA06D222C841FA075E22C841FA07C022C87E
S31A00EA35DA41FA083822C841FA085C22C841FA08B822C841FA08D6
S31A00EA35EFB622C841FA08C022C841FA08BA22C841FA08B422C882
S31A00EA360441FA08AE22C841FA08A822C841FA08A222C841FA08FF
S31A00EA36199C22C841FA089622C82078042E303C000231407F9C9F
S31A00EA362E31407F9E31407FA031407FA242A87F7A2F083F3C0052
S31A00EA3643032F3C000004003F3C00444E41508F205F21407F7E06
S31A00EA36586730203C5343534921407F7A41E87F8222C82038057D
S31A00EA366DA0671A20404A906704508860F821680004000C20FCAD
S31A00EA36825343534920CA42904CDF07074E7548E77CF840C07A3C
S31A00EA3697F8246F002C202A0012670C20404298429842984298E0
S31A00EA36AC425028122278042E41E97F9C9888E2846B00042461C2
S31A00EA36C100103E56C00280000000025480B88064000410266A08
S31A00EA36D600047000302A00080C8000000006650003FC700010A3
S31A00EA36EB130C8000000012670002F64A3149207F986600024027
S31A00EA3700203C53435349B0A97F7A660003D620297F7E670003F5
S31A00EA3715CE2040286A000A222A000E4E56FFF870001013662CCB
S31A00EA372A43EEFFF812BC00E57003C044E9401340000142690020
S31A00EA373F024269000442290006700061000CA66B0001E860002C
S31A00EA375401E20C8000000003663A202A0012670001D222401254
S31A00EA3769BC007242290001137C0002000242A90003137C000AA7
S31A00EA377E0007337C020600084269000A137C0080000C42A900C5
S31A00EA37930E600001A00C800000000866147400142B00010282DC
S31A00EA37A80000001F4842342B0002600E0C80000000286600008A
S31A00EA37BD8C242B00020681000001FFE089E2896700016A0C8170
S31A00EA37D2000001006200016043EEFFF8204C7003C044E94000FA
S31A00EA37E70000402F0020024840E08802800000000F809F134059
S31A00EA37FC0001200213400004E08833400002134100050C82107A
S31A00EA3811000000640A12BC002042290006600E12BC0024200263
S31A00EA38264840E0881340000670003001D080E18061000BBA6B71
S31A00EA383B0000FC670000F67AF3600000F20C800000001A660064
S31A00EA385000960C8100000014650000DE703FC02B00020C8000D1
S31A00EA3865000008660000CE43EEFFF812BC00EC7003C044E940A0
S31A00EA387A13400001426900024269000442290006203C000002CA
S31A00EA388F0061000B606B0000A26600FFA818BC0008197C000CD1
S31A00EA38A400010828000500AB56C0028000000004194000024205
S31A00EA38B92C000342AC0006426C000A0828000600AB57C00280B5
S31A00EA38CE000000201940000C422C000D426C000E42AC001060DB
S31A00EA38E30000520C8000000025664A0C8100000004654243EEC4
S31A00EA38F8FFF812BC00EC7003C044E94013400001426900024237
S31A00EA390D69000442290006203C0000020061000AD66B000018B5
S31A00EA39226600FF1E2028007848402880297C0000020000047A08
S31A00EA3937004E5E600001A67AF84E56FFEC43EEFFEC12BC00A04D
S31A00EA394C7003C084E98013400001323C0800334100024269006B
S31A00EA39610470041340000623530008236B0004000C236B0008DE
S31A00EA39760010206A000A202A000E222A001661000A6C6B5AE86A
S31A00EA398B8866047A0060524AAA0012674C12BC00A07003C0843B
S31A00EA39A0E98013400001323C0800334100024269000470041343
S31A00EA39B5400006203C030000002340000870121340000C4229B1
S31A00EA39CA000D4269000E42A90010206A0012222A001661000ACE
S31A00EA39DF146B027A024E5E600000FA2278042E203C5343534986
S31A00EA39F4B0A97F7A660000E820297F7E670000E02040286A00AF
S31A00EA3A090A222A000E4E56FFF80C8100000020650000C643EEB0
S31A00EA3A1EFFF812BC00A17003C084E980134000014269000242DA
S31A00EA3A3369000442290006203C000002002F01610009AE72FF99
S31A00EA3A482278042E138149207F98221F4A80674043EEFFF812AD
S31A00EA3A5DBC00EC7003C084E980134000014269000242690004EC
S31A00EA3A7242290006203C000002002F0161000972221F4A806603
S31A00EA3A87000058021000E02278042E423149207F98701FC010D2
S31A00EA3A9CE180670408C000073880197C00030002422C000319AE
S31A00EA3AB17C00200004422C0005426C00060C810000002465062D
S31A00EA3AC62968002E0020700F41E8003643EC0008701712D85343
S31A00EA3ADB806AFA7A004E5E20054CDF1F3E4E7548E77CF840C0C9
S31A00EA3AF07AF8246F002C202A0012670C204042984298429842A1
S31A00EA3B0598425028122278042E41E97F9C9888E2846B00017CD8
S31A00EA3B1A61000BE456C00280000000025480B8806400016826BD
S31A00EA3B2F6A00047000302A00080C8000000006650001544E5661
S31A00EA3B44FFEC2278042E4A3149207F98660000A2286A000A2204
S31A00EA3B592A000E700010130C80000000156600012A0C810000DD
S31A00EA3B6E001465000120703FC02B00020C800000000866000121
S31A00EA3B83107402082C000200026604343C008276550829000522
S31A00EA3B98000C6604363C00AA43EEFFF812BC00EF7007C044E94D
S31A00EA3BAD401340000142690002426900041342000670006100F7
S31A00EA3BC208306B0000CC43EEFFF812BC00EF7003C044E94013F7
S31A00EA3BD74000014269000242690004134300067000610008080F
S31A00EA3BEC6B0000A46000004A43EEFFEC12BC00A07003C084E9F1
S31A00EA3C018013400001323C0800334100024269000442290006DE
S31A00EA3C1623530008236B0004000C236B00080010206A000A2033
S31A00EA3C2B2A000E222A0016610007BE6B5AE88866047A00605209
S31A00EA3C404AAA0012674C12BC00A07003C084E9801340000132B2
S31A00EA3C553C08003341000242690004700413400006203C0300D5
S31A00EA3C6A00002340000870121340000C4229000D4269000E4296
S31A00EA3C7FA90010206A0012222A0016610007666B027A024E5E26
S31A00EA3C9420054CDF1F3E4E752F092F08206F000E2278042E4A99
S31A00EA3CA96F000C663842697F7642984298429842984298429841
S31A00EA3CBE4298429820FC49444500429842984298429830FC00CB
S31A00EA3CD30242697F9430E97F9C20FC0001000070006042610068
S31A00EA3CE80A18673A30297F766634528033407F764298429842FC
S31A00EA3CFD984298429842984298429820FC494445324298429814
S31A00EA3D124298429830FC0003700133407F9430E97FA060B67014
S31A00EA3D27FF205F225F4E752F087000302F000A0C800000000237
S31A00EA3D3C6714610009C0674C7000302F000A0C8000000003665C
S31A00EA3D513E206F000C42984298429842984298429842984298C4
S31A00EA3D6642982278042E4A6F0008660842697F78429860107027
S31A00EA3D7B0030297F78660E528033407F7820C07000205F4E75B1
S31A00EA3D9070FF205F4E752F092F082278042E206F000E2028005D
S31A00EA3DA5040C8000000002645E7000302F000C0C80000000025C
S31A00EA3DBA661E206F001220FC4944450042984298429842982069
S31A00EA3DCF6F001630E97F9C7000603461000924672C7000302F42
S31A00EA3DE4000C0C8000000003661E206F001220FC4944453242B8
S31A00EA3DF998429842984298206F001630E97F9E7000600270F191
S31A00EA3E0E205F225F4E757000302F00040C8000000002671461AF
S31A00EA3E230008DC67127000302F00040C80000000036604700001
S31A00EA3E384E7570F14E7548E740C02278042E206F0012202800BA
S31A00EA3E4D040C800000000264427200322F00100C8100000002C6
S31A00EA3E62661A206F001620BC00010000423109207F98D0804115
S31A00EA3E77E97F9CD088601C610008806710202800040C81000035
S31A00EA3E8C00036604548060D070DD600270F14CDF03024E75704D
S31A00EA3EA1004E75202F0004302F0008302F000A70004E7570FF94
S31A00EA3EB64E7548E7E080600E343C00FF3210E05930C151CAFF52
S31A00EA3ECBF851C8FFF04CDF01074E7548E778F82848280036018E
S31A00EA3EE008040004670000704E56FFF8204C43EEFFF87003C094
S31A00EA3EF584E9800080000000402F0020024840E0880280000058
S31A00EA3F0A000F809F13400001200213400004E0883340000213C7
S31A00EA3F1F4100050C8210000000640A12BC002042290006600E7E
S31A00EA3F3412BC002420024840E0881340000670003001D080E159
S31A00EA3F4980610004A64E5E6F1870F560143F042F0C3F012F02ED
S31A00EA3F5E3F3C002A4E4E4FEF000E48C04A806B104A846A0C2F11
S31A00EA3F7300204C30036100FF3E201F4A804CDF1F1E4E7548E7A9
S31A00EA3F8878F82848360128006A08204C30036100FF2008040058
S31A00EA3F9D04670000704E56FFF8204C43EEFFF87003C084E980F5
S31A00EA3FB20080000000402F0020024840E08802800000000F80F8
S31A00EA3FC79F13400001200213400004E088334000021341000553
S31A00EA3FDC0C8210000000640A12BC003042290006600E12BC0029
S31A00EA3FF13420024840E0881340000670003001D080E180610079
S31A00EA400603EC4E5E6F1870F660143F042F0C3F012F023F3C004F
S31A00EA401B2B4E4E4FEF000E48C04A846A0C2F00204C3003610012
S31A00EA4030FE88201F4A804CDF1F1E4E7508F80007043E670672A9
S31A00EA40450070FF4E7548E730807600610001706B0000B431FCD1
S31A00EA405A0089860631FC0000860431FC008B860631FC0001869D
S31A00EA406F0431FC008F86063038860431FC008A860631FC00029C
S31A00EA408486042F0811EF0003860D11EF0002860B11EF000186C6
S31A00EA409909588F31FC019086066100025831FC00908606610083
S31A00EA40AE024E2001024101FFE088E2884A416702524031C0868A
S31A00EA40C30408380003860F66F831FC008F860631FC00008604BF
S31A00EA40D831FC00008606610005FA2600610002706B2002410003
S31A00EA40ED0F670631FC00208606610005E2908326006100003265
S31A00EA4102F4780280000000FF31FC008F86063238860431FC0161
S31A00EA4117808606610001E031FC008086064278043E22034A8031
S31A00EA412C4CDF010C4E752F0131FC008B860631FC000386043134
S31A00EA4141FC008F86063038860431FC008C8606223804BA3038AB
S31A00EA41568604080000056610203804BA90810C80000000C86D6F
S31A00EA416BE8603A31FC00888606303886040280000000FF2F00EA
S31A00EA41806100015A31FC008C8606223804BA3038860408000027
S31A00EA4195056614203804BA90810C80000000C86DE8588F70FF80
S31A00EA41AA601031FC008886063038860461000124201F221F4A1D
S31A00EA41BF804E7548E7704031FC008C8606223804BA3638860484
S31A00EA41D4080300066712263804BA96810C83000000C86DE8601D
S31A00EA41E900008E31FC008B860631FC0000860431FC008C860603
S31A00EA41FE31FC0000860431FC0089860631FC000C86047200028C
S31A00EA421340000701C131FC0088860631C1860431FC008986069E
S31A00EA422831FC0005860431FC008A860630388604020000FE316F
S31A00EA423DC0860431FC0089860630388604024000F731C086044A
S31A00EA4252610000A831FC008C8606223804BA3038860408000007
S31A00EA4267066620203804BA90810C80000000C86DE831FC008940
S31A00EA427C860631FC0000860470FF6000004E31FC00898606316A
S31A00EA4291FC0000860431FC008B860631FC0002860431FC0089EF
S31A00EA42A6860631FC0001860453426B22203C000000C861000028
S31A00EA42BB6C6B187000101931FC0088860631C086046100000E4B
S31A00EA42D051CAFFE070004CDF020E4E753F0031FC0089860630D0
S31A00EA42E53886040000001131C08604020000EF31C08604301FCB
S31A00EA42FA4E754A38FA014A38FA014A38FA014A38FA014E7548FD
S31A00EA430FE76000223804BA243804BA9481B4806DF64CDF000653
S31A00EA43244E7548E76000240031FC008C8606223804BA303886D3
S31A00EA43390408000005660E203804BA9081B0826DEC70FF600277
S31A00EA434E70004CDF00064E75203C000003200C420006670620A6
S31A00EA43633C000007D0223804BA08380005FA01670000582438CF
S31A00EA437804BA9481B4806DEC08380003860F66F831FC01908666
S31A00EA438D066100FF6C31FC009086066100FF6231FC008986060C
S31A00EA43A231FC00808604203C000000C86100FF5E31FC008986C1
S31A00EA43B70631FC00008604203C000000C86100FF4870FF602485
S31A00EA43CC31FC008F86063038860431FC008A860631FC000086BC
S31A00EA43E10431FC0089860631FC0000860470004E7548E738E060
S31A00EA43F62400280145F8043E08D200076708720070FF60000263
S31A00EA440BA245F9FFF000001629000108030005670645F9FEF0F4
S31A00EA4420000016290001000300A0154300197624B611670676FF
S31A00EA443534B611661C422A0015422A001115690006000D26024E
S31A00EA444A4843E28B154300094229000615690002001515690090
S31A00EA445F03001115690004000D1569000500097200163C00A1C4
S31A00EA4474B6116728163C00ECB61167202002671C320002810007
S31A00EA44890001FFE088E2884A816702528072001200670000C4A7
S31A00EA449E5381156900060005422A00391551001D6100022A26E1
S31A00EA44B300700010110C80000000A0670000A60C80000000307E
S31A00EA44C86600004C102A001D0800000367F643D2700F2298220E
S31A00EA44DD9822982298229822982298229851C8FFEE203C000084
S31A00EA44F200C8610001BE6B0001A6102A001D02800000000908E1
S31A00EA45070000036700019451C9FFC660000044203C000000C809
S31A00EA451C610001966B00017E4A8267000160102A001D0280004B
S31A00EA4531000009080000036700016643D2700F20D120D120D13C
S31A00EA454620D120D120D120D120D151C8FFEE51C9FFC06100017A
S31A00EA455B809083260070006000013C223804BA4A2A001D6A1072
S31A00EA4570203804BA9081B0846DF070FF60000122102A001D0243
S31A00EA4585800000000908000000660000E8080000036610203879
S31A00EA459A04BA9081B0846DDE70FF600000FA720030311808E032
S31A00EA45AF58348054810C810000000C65EE1029000643D20800DE
S31A00EA45C4000266582004610000E86B0000D0102A001D028000B1
S31A00EA45D900000908000003670000967200122A0015E181122A6B
S31A00EA45EE0011E28908010000671053816BCC3018E0583280513E
S31A00EA4603C9FFF860C0E28953816BBA2018E0584840E0584840B6
S31A00EA4618228051C9FFF260A82004610000906B000078102A00B6
S31A00EA462D1D028000000009080000036700003E7200122A00156D
S31A00EA4642E181122A0011E28908010000671053816BCC3011E0AD
S31A00EA46575830C051C9FFF860C0E28953816BBA2011E058484090
S31A00EA466CE058484020C051C9FFF260A8082A0000001D6700FEE2
S31A00EA4681D8102A00056018082A0000001D6700FEC8102A0005EA
S31A00EA469602800000006E600270FF157C000200394278043E2274
S31A00EA46AB034CDF071C4A804E752F012F02223804BA083800056E
S31A00EA46C0FA01670E243804BA9481B4806DEE70FF600270002462
S31A00EA46D51F221F4E752F0140E7007C0700203804BAE1807200FA
S31A00EA46EA1238FA235301E18182FC00C04601100146DF221F4E64
S31A00EA46FF7548E700FC40E7007C070043FA00182A78000821C983
S31A00EA47140008284F700041F9FEF000004A50200821CD00082EA3
S31A00EA47294C46DF4CDF3F004A804E7548E778F0280048443601A1
S31A00EA473E264840E7007C070041FA00DC2278000821C800082490
S31A00EA47534F41F8FA234A38FA1B662608B80000FA1308B800000C
S31A00EA4768FA0708B80000FA0B08B80000FA0F41F8FA2110BC009D
S31A00EA477D0211FC0003FA1B6100046621C900082E4A3004610046
S31A00EA479203787000610003F06100038C080000006600007848C5
S31A00EA47A7447000D804D1006100040074067000D804D10061004F
S31A00EA47BC03CC51CAFFF4610003646654610004444844300461CF
S31A00EA47D10003387001610003B06100034C080000006638534337
S31A00EA47E66A027600720061000360E288D341740661000330E248
S31A00EA47FB88D34151CAFFF616C14A4357C0024000016100037A71
S31A00EA481051CBFFD861000432700060106100042A70FF60087063
S31A00EA4825FF21C900082E4A43F8FA21B3C866044238FA1B46DF36
S31A00EA483A4A804CDF0F1E4E7548E778F028004844360126484064
S31A00EA484FE7007C070041FA00BA2278000821C80008244F41F8C6
S31A00EA4864FA234A38FA1B662608B80000FA1308B80000FA070879
S31A00EA4879B80000FA0B08B80000FA0F41F8FA2110BC000211FC85
S31A00EA488E0003FA1B6100035821C900082E4A30046100026A7076
S31A00EA48A300610002E26100027E0800000066000056484470002A
S31A00EA48B8D804D100610002F274067000D804D100610002BE51F0
S31A00EA48CDCAFFF461000256663253436B26121B7000D201D10070
S31A00EA48E2610002CC74067000D201D1006100029851CAFFF461AA
S31A00EA48F700023056CBFFDE660861000346700060106100033EF2
S31A00EA490C70FF600870FF21C900082E4A43F8FA21B3C866044279
S31A00EA492138FA1B46DF4A804CDF0F1E4E7548E770E0260048430A
S31A00EA493640E7007C070041FA00CA2278000821C80008244F4186
S31A00EA494BF8FA234A38FA1B662608B80000FA1308B80000FA07A1
S31A00EA496008B80000FA0B08B80000FA0F41F8FA2110BC00021191
S31A00EA4975FC0003FA1B32006100026E21C900082E4A3003610028
S31A00EA498A01807000610001F861000194080000006600006470A5
S31A00EA499F00D201D1006100020A74067000D201D100610001D63C
S31A00EA49B451CAFFF46100016E66426100024E300361000144707E
S31A00EA49C901610001BC6100015808000000662872006100017234
S31A00EA49DEE288D341740661000142E288D34151CAFFF6700161D8
S31A00EA49F3000194610002507000300160106100024670FF6008E6
S31A00EA4A0870FF21C900082E4A43F8FA21B3C866044238FA1B46C0
S31A00EA4A1DDF4A804CDF070E4E7548E778E026004843380140E750
S31A00EA4A32007C070041FA00B42278000821C80008244F41F8FAD4
S31A00EA4A47234A38FA1B662608B80000FA1308B80000FA0708B8D6
S31A00EA4A5C0000FA0B08B80000FA0F41F8FA2110BC000211FC0058
S31A00EA4A7103FA1B32006100017421C900082E4A3003610000869C
S31A00EA4A867000610000FE6100009A080000006600004E7000D263
S31A00EA4A9B01D1006100011074067000D201D100610000DC51CAEC
S31A00EA4AB0FFF461000074662C32047000D201D100610000EE749A
S31A00EA4AC5067000D201D100610000BA51CAFFF461000052660A86
S31A00EA4ADA6100016C7000300160106100016270FF600870FF21CD
S31A00EA4AEFC900082E4A43F8FA21B3C866044238FA1B46DF4A80C0
S31A00EA4B044CDF071E4E7548E7E0003200D20174067000D201D1F7
S31A00EA4B19006100006C51CAFFF44CDF00074E7542B9F0C000001C
S31A00EA4B2E6100013842B9F04000006100012E2039F000000042A2
S31A00EA4B43B9F0000000080000004E752F0142B9F0C000006100BD
S31A00EA4B58011042B9F0400000721F610001042039F000000008D4
S31A00EA4B6D00000156C9FFF02039F000000042B9F0000000221FBF
S31A00EA4B82080000004E754A40660842B9F0800000600642B9F0AF
S31A00EA4B97C00000610000CC42B9F0400000610000C242B9F000F3
S31A00EA4BAC00004E752F014A40660842B9F0800000600642B9F05D
S31A00EA4BC1C00000610000A242B9F0400000721F61000096203920
S31A00EA4BD6F00000000800000156C9FFF042B9F0000000221F4E59
S31A00EA4BEB7542B9F0C0000042B9F04000006100006E42B9F08040
S31A00EA4C0000006100006442B9F00000004E752F0142B9F0C00061
S31A00EA4C15006100005042B9F0400000721F610000442039F0003F
S31A00EA4C2A00000800000156C9FFF042B9F08000006100002C4234
S31A00EA4C3FB9F0000000221F4E7542B9F08000006100001842B9E4
S31A00EA4C54F04000006100000E42B9F0C00000610000044E7510D9
S31A00EA4C6910B01067FC4E7548E770E040E7007C070041FA0118D3
S31A00EA4C7E2278000821C80008244F41F8FA234A38FA1B660000D8
S31A00EA4C932808B80000FA1308B80000FA0708B80000FA0B08B8E1
S31A00EA4CA80000FA0F41F8FA2110BC000211FC0001FA1B42B9F1CD
S31A00EA4CBD4000001010B01067FC42B9F1C000001010B01067FC80
S31A00EA4CD242B9F18000001010B01067FC42B9F1C000001010B0B2
S31A00EA4CE71067FC42B9F18000001010B01067FC21C900082E4A3C
S31A00EA4CFC46D77600740742B9F1C000002239F1000000E289D76B
S31A00EA4D11431010B01067FC42B9F18000001010B01067FC51CA4D
S31A00EA4D26FFDC42B9F10000000C4300FF675C7400720A700061EF
S31A00EA4D3B00E650D0836B4A0C4000C565440C4000D064100440A7
S31A00EA4D5000C5C0FC001980FC000B48C0603E0C4000DA641404F5
S31A00EA4D654000D0C0FC001980FC000A0640001948C060240440AF
S31A00EA4D7A00DAC0FC003280FC00120640003248C060107000601E
S31A00EA4D8F0C70FF600870FF21C900082E4A43F8FA21B3C8660428
S31A00EA4DA44238FA1B46DF4A804CDF070E4E75000048E7E0E0207A
S31A00EA4DB978042E42687FCA217804BA7FCC487A00563F3C0043E0
S31A00EA4DCE3F3C00054E4D508F3F3C00033F3C001B4E4E588F202F
S31A00EA4DE33804BA068000000064223804BAB2806DF82078042E72
S31A00EA4DF80C6800057FCA640C3F3C00033F3C001A4E4E588F4CA2
S31A00EA4E0DDF07074E7558425241435436300000000048E7808097
S31A00EA4E222078042E52687FCA203804BA90A87FCC0C8000000396
S31A00EA4E37E8653E217804BA7FCC203805A0673220404A90672CE6
S31A00EA4E4C0C9043543630662020280004671E2078042E3F287FC1
S31A00EA4E61CA42687FCA2040301FC0FC000631400006600450886B
S31A00EA4E7660D04CDF010108B80003FA114E7348E73F30246F001A
S31A00EA4E8B24266F0028282F002C673A1A12428072012041528881
S31A00EA4EA014321800B40567121782080052802208B88162E84C11
S31A00EA4EB5DF0CFC4E7543F28800141166161785080054815280A5
S31A00EA4ECAB88162CE60E442804CDF0CFC4E7542814283EF8B7C00
S31A00EA4EDF7FCC82868652814A026C1214311800EF8B7C7FCC8238
S31A00EA4EF4868652814A026DEED28843F2180041F8000042821C73
S31A00EA4F09318800EF8A7E7FCE86848752884A066DEED2884A8369
S31A00EA4F1E679043F308002C03DC894482204212F18800B3C66633
S31A00EA4F33F8D083B8816200FF626000FF76206F0004226F000831
S31A00EA4F4810110C00FFE0624842A800080C00002C631472012278
S31A00EA4F5D410600FFD352810C00002C62F22149000842A8000477
S31A00EA4F720C0000086314720122410600FFF752810C0000086294
S31A00EA4F87F2214900040280000000FF208042804E7570014E75EB
S31A00EA4F9C4FEFFFC848E73F3E226F00682C69000C26290008224C
S31A00EA4FB12900042F510034206F00744290246F00804292204EF0
S31A00EA4FC6242F0034D4A90004203C00000600E5A843F609200E7F
S31A00EA4FDB6C30FC0400B1C966F8242F006CD4AF0070B4AF006CDC
S31A00EA4FF0670002DC206F006C5288226F006C428010115A89B12E
S31A00EA5005C2670002C6E1888018B3C866F24AAF007C670001BA4A
S31A00EA501A78012A04E7AD260553832F43003CE3AC53842F4400CE
S31A00EA502F4072FF7C012F4600507E012F47004476012F43004C1B
S31A00EA504478012F44003849F8000042044BF8000043EE06442FCF
S31A00EA505949006045EE0A682F4A005843EE06642F49005476084E
S31A00EA506E96AF00342F4300481F44002F2E0D2F4C0030284E28F4
S31A00EA50832F003CC88722442A2F0030E98DDA84DA8547F45800B9
S31A00EA50980C8100FFFFFF620EB1C26700022AE189E1888010525E
S31A00EA50AD88345342863C0A2601780BE8AB4C063800B680630081
S31A00EA50C2012E2A3C000008009A862C05EA86D4C6368A222F00E0
S31A00EA50D740C2872C2F0034EDA94284182F002F2A2F0048EAA4BB
S31A00EA50ECD8814C3C4800000006004BF449200E6C7C06BCAF0081
S31A00EA5101306C0001D6220792AF0038226F0078123118000281AD
S31A00EA5116000000FF2441720126472E03260A2442D68324030207
S31A00EA512B82000001002C4143F6292001002809D88443F54800FF
S31A00EA51400C8700FFFFFF620EB5C867000182E18FE18880105248
S31A00EA5155883C1142853A062C4528077A0BEAAC2A0E4C054800ED
S31A00EA516AB880630004A02A3C000008009A8EEA85DC453286D251
S31A00EA517F814A826600068C2E040C81000000FF6F9626072E0BBD
S31A00EA5194240A1F41002F2C6F00781D817800528722037609B6FD
S31A00EA51A9AF00306D0005CC57AF0030BEAF007C6500FEC80C810D
S31A00EA51BE00FFFFFF6200071EB4886700010452882F47007C9163
S31A00EA51D3EF006C226F00742288246F008024AF007C42804CDF7E
S31A00EA51E87CFC4FEF00384E7592839083360AEA4B94C3368A2835
S31A00EA51FD2F00300684000000C0D88447F448000C8100FFFFFF9B
S31A00EA5212620EB488670000B6E189E18880105288345342863C06
S31A00EA52270A2A4626017C0BECAB2C0D4C063800B6806200011E49
S31A00EA523C92839083360AEA4B94C3368A47F448180C8100FFFF93
S31A00EA5251FF620CB4886776E189E18880105288345342863C0A00
S31A00EA52662A4626017C0BECAB2C0D4C063800B680630003D62C2D
S31A00EA527B3C000008009C8DEA86D4C6368A45F4592001E00C83D5
S31A00EA529000FFFFFF620CB4886734E18BE188801052883812420C
S31A00EA52A5853A0422037C0BECA94C051800B280630004D4263CC8
S31A00EA52BA0000080096852A03EA85D84534844A87660005C470EB
S31A00EA52CF014CDF7CFC4FEF00384E7572012447D28143F518007C
S31A00EA52E40C8300FFFFFF620CB1C267DEE18BE188801052883C98
S31A00EA52F91142853A0628037E0BEEAC4C054800B880630002E62E
S31A00EA530E263C0000080096852A03EA85DC45328626040C8100E9
S31A00EA53230000FF6FB62E0A1F41002F43EA0001246F00781581CB
S31A00EA533878007203B2AF00306D0004D822032E0942AF0030BE6E
S31A00EA534DAF007C6500FD306000FE662C3C000008009C8DEA86D1
S31A00EA5362D4C6368A7206B2AF00306D0002CC42AF0030266F00F2
S31A00EA5377542F6F0038005C0C8300FFFFFF620EB4886700FF44C9
S31A00EA538CE18BE188801052883A134284380522037C0BECA94C00
S31A00EA53A1041800B28062000370968190813205EA499A413685BC
S31A00EA53B60C8300FFFFFF620EB4886700FF0CE18BE18880105291
S31A00EA53CB883A2B00024284380522037C0BECA94C041800B28010
S31A00EA53E063000362263C0000080096842803EA84DA4437450049
S31A00EA53F5022809E98C47F3492001043C7C00083A7C0003224D7B
S31A00EA540A78012F470050D88445F348000C8100FFFFFF620EB4D4
S31A00EA541F886700FEACE189E188801052883C1242853A06260136
S31A00EA54347E0BEEAB4C053800B6806300028C223C0000080092A9
S31A00EA5449852A01EA85DC453486220353894A8966B62E2F0050C7
S31A00EA545E76012A0DEBAB9883DDC47C03BCAF00306D0001222679
S31A00EA54730EBC8E6C027603EF8B264347EB0360347C0006760150
S31A00EA54882A47D68343F3380043F498000C8100FFFFFF620EB46A
S31A00EA549D886700FE2EE189E188801052883C1142853A06280135
S31A00EA54B27E0BEEAC4C054800B88063000228223C00000800927C
S31A00EA54C7852A01EA85DC4532862204538A4A8A66B22E0D78C086
S31A00EA54DCD6847A03BA836C0000A02A03E2857801C8837C02884D
S31A00EA54F1867C0DBC836D00032A5385EBAC2C3C000002AF9C8327
S31A00EA55062606D684D68347F4380026047C013A7C000124432663
S31A00EA551B05224D2A472F4C0038284B26422E09DC8643F46800E0
S31A00EA55300C8100FFFFFF620EB7C86700FD92E189E18880105252
S31A00EA5545883411428438022F44005028017A0BEAAC4C2F4800CA
S31A00EA555A0050B880630001982A3C000008009AAF0050EA85D47E
S31A00EA556F4532822204DE87538366B02E0D260A286F0038240B5E
S31A00EA558452832F4300386700FC305EAF0030548EBEAF003865E7
S31A00EA559900FD34226F0078D3C7262F003844832443262F007CAD
S31A00EA55AE1831A800538E528712C44A8E6714BE836400FBFC1870
S31A00EA55C331A800538E528712C44A8E66EC1F44002F2F6F0044DC
S31A00EA55D800502F6F004C00442F6F005C004CBEAF007C6500FAC2
S31A00EA55ED966000FBCC968490843806EA4C9C44328652810C8162
S31A00EA5602000000FF6F00FCD66000FD1C9E8490843806EA4C9CA4
S31A00EA5617443286D28152814A826600FB6626072E0B240A0C81B8
S31A00EA562C000000FF6E00FB6424476000FCA678032F44003026FC
S31A00EA56416F00542F6F0038005C6000FD3292839083360AEA4B43
S31A00EA565694C3368A45F448300C8100FFFFFF620EB4886700FCEE
S31A00EA566B64E189E188801052883C1242833606264326017A0B35
S31A00EA5680EAAB2A0B4C053800B680630001202A3C000008009A10
S31A00EA56958BEA85DC4534862F6F0038005C2F6F004C00382F6F49
S31A00EA56AA0044004C2F6F005000447806B8AF00306D0000B07A8D
S31A00EA56BF082F450030266F00586000FCB4928390833606EA4BA4
S31A00EA56D49C433486528453894A896600FD306000FD76928490A7
S31A00EA56E9843806EA4C9C44328652836000FDDC928490843802BA
S31A00EA56FEEA4C944432825286240A84872442DE8753836600FECF
S31A00EA5713186000FE64263C0000080096842803EA84DA443685C1
S31A00EA57282809E98C47F348044DF800003A7C0003224D78012F3B
S31A00EA573D4700506000FCCE90813805EA4C9A443745000247EB94
S31A00EA57520204968122033C7C00103A7C0008224D78012F47002C
S31A00EA5767506000FCA67C0B2F460030266F00586000FC065DAF64
S31A00EA577C0030BEAF007C6500F8FE6000FA34968190813204EADE
S31A00EA579149984134842F6F004C005C2F6F0044004C2F6F0050D7
S31A00EA57A600446000FF0A928390833606EA4B9C43348645F4489E
S31A00EA57BB480C8100FFFFFF620EB4886700FB06E189E1888010A0
S31A00EA57D052883A124283360528017C0BECAC4C034800B8806334
S31A00EA57E500008C223C0000080092832601EA83DA433485260424
S31A00EA57FA2F6F0038005C2F6F004400382F6F005000446000FECE
S31A00EA580FA62E0B240A26046000FE122E0922036000F9865B85D2
S31A00EA58240C8100FFFFFF620EB4886700FA9EE189E18880105295
S31A00EA583988E289D884B2806206908176018883538566D8266F43
S31A00EA584E00602604E98B7A047C013A7C000124432605224D2A7A
S31A00EA5863472F4C0038284B26422E096000FCBA260196849084C9
S31A00EA58783205EA499A4134852F6F0038005C2F6F005000386075
S31A00EA588D00FE267806B8AF00306D2A7A092F450030224793EF34
S31A00EA58A20038246F00781F729800002F15AF002F78005287BE64
S31A00EA58B7AF007C6500F7C66000F8FC7C0B2F460030224793EF34
S31A00EA58CC0038246F00781F729800002F15AF002F780052876098
S31A00EA58E1D42F47007C91EF006C226F00742288246F008024AF7B
S31A00EA58F6007C42806000F8EA000046FC23006100000A610002FA
S31A00EA590BAE70004E752F013038184C024001FF12388006EC4973
S31A00EA5920088000040C410002660408C000047207C240080000EE
S31A00EA5935076746088000060C41000365060880000760364A41C0
S31A00EA594A661408C000030880000808000004662408C0000860BD
S31A00EA595F1E0C410001660608C0000360040880000308C00008E1
S31A00EA5974080000046604088000080800000467040880000631F2
S31A00EA5989C0184C221F4E7548E7F8F043FA0DCC0C5100016646BA
S31A00EA599E0C690140000C663E0C6900F0000E66360C690010000A
S31A00EA59B304662E2F3C000258003F3C01403F29000E3F29000CEC
S31A00EA59C83F2900063F290004485030290002D0404871080061DB
S31A00EA59DD00006CDEFC001643FA07982648D7FC0001DB007231CD
S31A00EA59F2244B740E3019760F0700670434BCF800544A51CBFFDE
S31A00EA5A07F451CAFFECD6FC028051C9FFE043FA05A82648D7FC28
S31A00EA5A1C000002007237244B74033019760F0700670434BC00C4
S31A00EA5A311F544A51CBFFF451CAFFECD6FC028051C9FFE04CDF26
S31A00EA5A460F1F4E754E56000048E77FFC536E00166B0000365351
S31A00EA5A5B6E00126B00002E7C003C2E00140C6E00100010660033
S31A00EA5A70001E43FA00FADC86382E0016246E0008202E000C28E2
S31A00EA5A85402640D1AE001A600670FF600000D4204B7600700083
S31A00EA5A9A7A014A1266164A2A000166100C2AFFFF000266081015
S31A00EA5AAF2A00035340584AB7EE001A640000A83E2E001402073C
S31A00EA5AC400F0342E00140242000F6704064700107400B6476C7F
S31A00EA5AD900004E7200121A671A0C01008067300881000756C28F
S31A00EA5AEE53416BC41E024E9151C9FFFA60BA141A2A4A53426B22
S31A00EA5B03B2244D322E00121E1A4E9151C9FFFA51CAFFF0609ED6
S31A00EA5B18141A53426B981E1A4E9151CAFFFA608E342E0018D45B
S31A00EA5B2D82D5AE000C286E000C264C53406B1C2A4832065341F6
S31A00EA5B4216DD51C9FFFCD9C2264C53445BC8FFEC6B102D4C00B0
S31A00EA5B570CB7EE001A640653446A00FF3270004CDF3FFE4E5E5E
S31A00EA5B6C4E7553456F0EB66E0014640216C77A0152434E75B658
S31A00EA5B816E0014640216C74E75207804F220680024101002003B
S31A00EA5B96000F0C00000F66180CB9FA52235F00ED0000660C4D23
S31A00EA5BABF900E000304EF900ED00044E7548E7FFFE41F900018A
S31A00EA5BC000007E001E388006EC4F670001302248303C95FF4207
S31A00EA5BD59951C8FFFC40E7007C07002F0841F88200323C01E033
S31A00EA5BEA43FA039A0C470002660643FA0374D241215900822137
S31A00EA5BFF5900862159008A315900A24C91003C504930059044D7
S31A00EA5C149041E248D044D2400C47000266043600340148A80050
S31A00EA5C290C00A448A8000300A8315900AC116F00010001116FF3
S31A00EA5C3E00020003116F0003000D584F4268000E08A8000000BD
S31A00EA5C530A317C014000100C470002671608380005184D670859
S31A00EA5C6808E80001000A600608A80001000A315900C23151004D
S31A00EA5C7DC0317C0100006642B8980046DF610000EE41F900040A
S31A00EA5C9200000CB958494D4700ED000066262F0841F882001197
S31A00EA5CA76F00010001116F00020003116F0003000D205F4EB9EC
S31A00EA5CBC00ED000441F88200601E6100FCC82F0841F882001191
S31A00EA5CD16F00010001116F00020003116F0003000D584F243845
S31A00EA5CE604BA0682000001906100FE9A223804BAB2826DF460DC
S31A00EA5CFB722248303C1F3F429951C8FFFC40E7007C07002F082E
S31A00EA5D1041F8820043FA028C21590082215900862159008A31D7
S31A00EA5D255900A2215900A4215900A8315900AC116F0001000186
S31A00EA5D3A116F00020003116F0003000D584F4268000E08A80040
S31A00EA5D4F00000A3169000200C0117C00020060317C0028001015
S31A00EA5D64315900C246DF6100000E08A80000000A4CDF7FFF4EA9
S31A00EA5D797548E7E0C041F88200302800C03400088000023140DF
S31A00EA5D8E00C008A80000000A61000062223805A06700005022FB
S31A00EA5DA3414A916704504960F823690004000C22FC5F46525181
S31A00EA5DB822C03200429108E80000000A610000342369000400E0
S31A00EA5DCD0C22FC5F46524522C042910C470002670C0C41002081
S31A00EA5DE263060C400020670608A80000000A314200C04CDF035F
S31A00EA5DF7074E7548E77FFE42B803EC42B803F042B803F44278B0
S31A00EA5E0C03F840E7007C070041FA006A2878007021C80070419D
S31A00EA5E21FA01302A78012021C8012041FA01302C78011421C876
S31A00EA5E36011446DF7200243804BA6100FD48203804BA90820CC7
S31A00EA5E4B80000000646C06223803F467E821CC007021CD0120F0
S31A00EA5E6021CE011470004A816710203C000186A080C148C05269
S31A00EA5E7540088000004CDF7FFE4E7548E7E08040E7007C0700BC
S31A00EA5E8A4A7803F8663A41F8FA0108A80000000608A80000001C
S31A00EA5E9F0A08A80000000E4228001A117C000A0020117C00016D
S31A00EA5EB4001A08E80000000608E800000012427803FA600000C0
S31A00EA5EC97A303803FA674EC0FC3F9321C003EC323882A2E24929
S31A00EA5EDE80C1C0FC006421C003F0E2883238828254410C4100D0
S31A00EA5EF3806404E9416014343882C208020002660808020003ED
S31A00EA5F086602D241D24180C148404A4067060680000100004877
S31A00EA5F1D4031C003F641F8FA0108A80000001208A800000006A9
S31A00EA5F3208A80000000A08A80000000E4228001A527803F84663
S31A00EA5F47DF4CDF010752B804664E73527803FA08B80000FA0F7E
S31A00EA5F5C4E7352B804BA08B80005FA114E7300C6008D001502BC
S31A00EA5F71AC00910096041903FF003F003F03FF04150005018614
S31A00EA5F8600FE00CB0027003A009B00D802710265002F00570217
S31A00EA5F9B37026B00000181001A00000000020F000C001403E9A4
S31A00EA5FB0000000000043036302E7000801800000000038000099
S31A00EA5FC5000000000FFFF000000000007FFFFE0000000001FC60
S31A00EA5FDA003F8000000007C00007E00000000F000001F0000055
S31A00EA5FEF003C1000107C000000781800181C000000E018001801
S31A00EA60040F000001C0380018070000038038003C0380000700EF
S31A00EA60193C003C01C00007007C003C00E0000E007C007E007032
S31A00EA602E001C007E007E0070001C00FE007E0038001800FE00FF
S31A00EA6043FE0038003800FF00FF001C003000FF00FF001C007016
S31A00EA605801FF00FF000C007001FF01FF800E006001FF81FF80DA
S31A00EA606D0E006003FF81FF800600E003FF83FFC00600E003FFAC
S31A00EA6082C3FFC00600C003FFC3FFC00700C007FFC7FFC00700F3
S31A00EA6097C007FFE7FFE00700C007FFE7FFE00700C00F83E7C3E2
S31A00EA60ACE00700C00F00EF00F00700E00E00FE00F00600E01E73
S31A00EA60C1007E00700600601C003C00780600601C003C00380EB2
S31A00EA60D6006038001800380E0070380018001C0C00303800106F
S31A00EA60EB001C1C0038300000001C1C0038700000000C38001CD0
S31A00EA6100700000000E38001C700000000E70000E0000000000CC
S31A00EA61157000070000000000E000030000000001C000038000E7
S31A00EA612A000003800001C000000007000000F00000000E000027
S31A00EA613F00780000001C0000003C000000780000000F00000103
S31A00EA6154F000000007C00007C000000001F8003F800000000010
S31A00EA61697FFFFE00000000000FFFF0000000000000FC000000BB
S31A00EA617E000000000000000000000001FC27FFFF000E03E00009
S31A00EA619300000000000000000000000000000000000000000FF8
S31A00EA61A807E78F8F00780E380000000000000000000000000028
S31A00EA61BD00000000000000001C01E70F8703E01E3C0000000006
S31A00EA61D200000000000000000000000000000000003800E60F9B
S31A00EA61E78307801C1C0000000000000000000000000000000071
S31A00EA61FC00000000007800640F810F003C1E00000000000000C9
S31A00EA62110000000000000000000000000000F800640F811F007D
S31A00EA62263C1E0000000000000000000000000000000000000019
S31A00EA623B0000F000200F801E007C1F0000000000000000000006
S31A00EA62500000000000000000000001F000000F803FF07C1F00FF
S31A00EA62650000000000000000000000000000000000000001F043
S31A00EA627A00000F803C787C1F0000000000000000000000000041
S31A00EA628F0000000000000001F000000F807C7C7C1F00000000F7
S31A00EA62A40000000000000000000000000000000001F000000FF5
S31A00EA62B9807C3E7C1F000000000000000000000000000000000B
S31A00EA62CE0000000001F000000F807C3E7C1F00000000000000F6
S31A00EA62E30000000000000000000000000001F000000F807C3E7C
S31A00EA62F87C1F0000000000000000000000000000000000000006
S31A00EA630D0000F000000F807C3E7C1F00000000000000000000B7
S31A00EA63220000000000000000000000F800000F807C3E3C1E00DB
S31A00EA6337000000000000000000000000000000000000000078E9
S31A00EA634C00200F803C3E3C1E00000000000000000000000000C9
S31A00EA636100000000000000003C00600F803C3C1C1C000000005C
S31A00EA637600000000000000000000000000000000001E00C00F35
S31A00EA638B801E381E3C00000000000000000000000000000000DD
S31A00EA63A000000000000F03001FC00E700E380000000000000043
S31A00EA63B5000000000000000000000000000001FC007FF003E094
S31A00EA63CA03E000000000000000000000000000000000000000EB
S31A00EA63DF000000000000000000000000000000000000000000B9
S31A00EA63F4000000000000000000000000000000000000000000A4
S31A00EA64090000000000000000000000000000000000000000008E
S31A00EA641E00000000000000000000000000000000000000000079
S31A00EA643300000000000000000000000000000000000000000064
S31A00EA64480000000000000000000000000000000000000000004F
S31A00EA645D0000000000000000000000000000000000000000003A
S31A00EA647200000000000000000000000000000000000000000025
S31A00EA648700000000000000000000000000000000000000000010
S31A00EA649C000000000000000000000000000000000000000000FB
S31A00EA64B1000000000000000000000000000000000000000000E6
S31A00EA64C6000000000000000000000000000000000000000000D1
S31A00EA64DB000000000000000000000000000000000000000000BC
S31A00EA64F0000000000000000000000000000000000000000000A7
S31A00EA650500000000000000000000000000000000000000000091
S31A00EA651A0000000000000000000000000000000000000000007C
S31A00EA652F000000000000000000000000000000003FFE000F001B
S31A00EA654400000000007C800000000000007FF0000000000000E7
S31A00EA6559000000000F0E0007000000000000C7800000000000D2
S31A00EA656E001E38000000000200000000000F02000700000000B8
S31A00EA6583000181800000000000001E1C000000000600000000D1
S31A00EA6598000F12000700000000000180800000000000001E1C9B
S31A00EA65AD000000000E00000000000F103F0703E0F079E001C089
S31A00EA65C28F1E7BC0787BC01E1C0F00F01F9F83C3DE00000F30DF
S31A00EA65D7E18706739C3BF001F8070E3CE1CC3FC01E3839C39C33
S31A00EA65EC618E0E61FE00000FF0E1C70C730C3C7000FF070E3824
S31A00EA6601618639C01FF030C30C608E0C31CE00000F30E1C71CAA
S31A00EA6616770E3870007F870E3873FE38001E3C70E70E7C0E1FF5
S31A00EA662BF1C000000F1007C71C070E3870000FC70E3873BE386E
S31A00EA6640001E1E70E70E3F0E1DF1C000000F1039C71C070E3811
S31A00EA6655700103C70E38738038001E1E70E70E0F8E1C01C00079
S31A00EA666A000F0061C71C070E38700181C70E38738038001E1E25
S31A00EA667F70E70E438E1C01C000000F00E1C70E130C38700181F5
S31A00EA6694C71E3861C238001E1E30C30C618E4E11C000000F0031
S31A00EA66A9E3C70F239C387001C383EE3CE1FC38001E3C39C39C54
S31A00EA66BE710F8FE1C000003FC07DCF83C0F07CF8013E03CF3BE9
S31A00EA66D3C0787E007FF00F00F05E0703C3F00000000000000083
S31A00EA66E800000000000000003800000000000000000000000075
S31A00EA66FD00000000000000000000000000000000003800000060
S31A00EA671200000000000000000000000000000000000000000082
S31A00EA672700000000003800000000000000000000000000000035
S31A00EA673C00000000000000000000000000007E000000000000DA
S31A00EA67510000000000000000004245475F58494D4700010008D8
S31A00EA67660010000201740174014000F000114986000349C6000F
S31A00EA677B0449C7800249C6000D49C7000751C8000352080003D7
S31A00EA67905207000D52088001520010485A0009885A80018800CB
S31A00EA67A506628700026A8800026A8700066AC7000672C60004A0
S31A00EA67BA730600027B0600047B05000683050004830400028BB4
S31A00EA67CF0400028AC4800392C48A0007C4920003849200048410
S31A00EA67E49A0004449A000544A2000503A2800403A1C4A1000909
S31A00EA67F9C4A9000484A9000C84A1000C44A18001450003A1442D
S31A00EA680E000299450004A145000AA1050006A1060004A90700AA
S31A00EA682302A8C70004A8C80002A9080006A8C80006B0C90002E1
S31A00EA6838B0CA0004B8CA0010B0CA0004A8CA0004A8C90002A044
S31A00EA684DC90008A0C8000A98C8000A90C7000688C7001149860D
S31A00EA6862000349C6000449C7800249C6000D49C7000751C8003D
S31A00EA687703520800035207000D52088001520010485A000289EC
S31A00EA688C5A0006885A00048862000287620002C7620002886ACD
S31A00EA68A18003C76AC800066AC7000672C60004730600067B05FE
S31A00EA68B6000683050002830400048B0400028AC4000892C40085
S31A00EA68CB04928400049A8400049A448002A2440003A243000654
S31A00EA68E0A2030002A9C30008A9C40006A984000AA184000CA11C
S31A00EA68F5448002A1450003A1440004A145000CA1050004A106C3
S31A00EA690A0002A9060004A9070002A8C70004A8C80004A9080089
S31A00EA691F02A8C80002B0C80006B0C90002B0CA0006B8CA000EF6
S31A00EA6934B0CA0004A8CA0004A8C90002A0C90008A0C8000A987C
S31A00EA6949C8000A90C7000688C700114986000349C6000449C7C5
S31A00EA695E800249C6000D49C7000751C8000352080003520700AD
S31A00EA69730D52088001520010485A0002895A0005885A000588DA
S31A00EA69886280098762C762C762C86A8800036AC800066AC700BE
S31A00EA699D0672C60004730680047B057B0600037B0500078305A3
S31A00EA69B20002830400068B04000892C40002928480039A849219
S31A00EA69C70005849A8006449A44A2449A000344A2000243A200B0
S31A00EA69DC0403A2800704A203AA03A9C30008A9C40007A984001B
S31A00EA69F109A184000CA1448002A1450003A1440004A145000642
S31A00EA6A06A105000AA1060002A9060004A9070002A8C70004A8B2
S31A00EA6A1BC80004A9080002A8C80002B0C80004B0C90004B0CA12
S31A00EA6A300006B8CA000EB0CA0004A8CA0004A8C90002A0C900FB
S31A00EA6A4508A0C8000A98C8000A90C7000688C7001149860003D9
S31A00EA6A5A49C6000449C7800249C6000D49C7000751C8000352F1
S31A00EA6A6F0800035207000D520800055248000B5A4800025A8926
S31A00EA6A8400095A8880026288000762C880026AC800066AC7801A
S31A00EA6A99016A0003C6728001C60006730600027B0600047B0585
S31A00EA6AAE0006830500088B0400029304000692C480029AC400E9
S31A00EA6AC3079A8400029A440006A2440003AA03800AA203AA0351
S31A00EA6AD8AA03A9C3A9C30009A9C4000CA9840003A1840003A9B1
S31A00EA6AED440009A1448002A1450003A144000AA1050004A106C7
S31A00EA6B020008A9060004A9070002A8C70002A8C80006B0C800C2
S31A00EA6B1706B0C90004B0CA000CB8CA000AB0CA0004A8CA0004F0
S31A00EA6B2CA8C90002A0C90008A0C8000A98C8000A90C7000688BF
S31A00EA6B41C700114986000349C6000449C7800249C6000D49C7D4
S31A00EA6B56000751C80003520800035207000D520800055248005B
S31A00EA6B6B0B5A4800025A8900075A8800026288000762C800028B
S31A00EA6B806AC800066AC7000372C60007730600027B0600027BEC
S31A00EA6B95050008830500068B0400049304000692C400029AC47A
S31A00EA6BAA00069A840008A2440002AA038002AA040003AA030045
S31A00EA6BBF02AA04000AA9C4000CA9840002A1840004A944000851
S31A00EA6BD4A1448002A1450003A144000AA1050004A1060006A97D
S31A00EA6BE9060006A9070002A9080002A8C80006B0C80006B0C9C9
S31A00EA6BFE0004B0CA000CB8CA000AB0CA0004A8CA0004A8C90017
S31A00EA6C1302A0C90008A0C8000A98C8000A90C7000688C7001170
S31A00EA6C284986000349C6000449C7800249C6000D49C70007516C
S31A00EA6C3DC80013520800055248000B5A4800045A8980045A8884
S31A00EA6C525A8900045A8800025AC8000862C800066AC780036AFA
S31A00EA6C67C66B0008067380010600067B05000483050002834513
S31A00EA6C7C00068B0400049304000292C480019A0003C492000413
S31A00EA6C91C49A0002849A000584A2000344A2000243A2800143C1
S31A00EA6CA60008AA030002A9C48003B1C4A90004C4B18001C30067
S31A00EA6CBB10A984000BA9448004A144A1450003A1440008A105BA
S31A00EA6CD00002A905000AA9060004A9070002B107000AB0C80066
S31A00EA6CE504B0C90002B8C90006B8CA0008B8CB0008B8CA000607
S31A00EA6CFAB0CA0002A8CA0006A8C90002A8C80006A0C8000A98AE
S31A00EA6D0FC8000A90C7000688C700114986000349C6000449C7FB
S31A00EA6D24800249C6000D49C7000751C800135208000552480090
S31A00EA6D390B5A4800045A8980045A885A8900035A8800035AC86E
S31A00EA6D4E000862C800066AC700026B060008730680047B057B64
S31A00EA6D630600037B05000583050002834500068B04000593041A
S31A00EA6D788001920003C49A8002C4920005C49A8002849A0005C2
S31A00EA6D8D84A2000344A2000243A28001430008AA030002A9C423
S31A00EA6DA28003B1C4A90005C4B1001084A9000A44A9000244A1B6
S31A00EA6DB78001450003A1440008A1050002A905000AA90600040E
S31A00EA6DCCA9070002B107000AB0C80004B0C90002B8C90006B818
S31A00EA6DE1CA0008B8CB0008B8CA0006B0CA0002A8CA0006A8C963
S31A00EA6DF60002A8C80006A0C8000A98C8000A90C7000688C70098
S31A00EA6E0B104986000849C6001049C7000551C8001352080002DF
S31A00EA6E205248000452490002524800055A48800A5A885A895A48
S31A00EA6E35895A495A4900045A8900055A8880015A0009C862802D
S31A00EA6E4A05C76AC86AC700036B0780046B066B07000673068039
S31A00EA6E5F0E730573067B057B067B457B45830500078345000651
S31A00EA6E748B040004930480049B04930400089AC400029A8400AF
S31A00EA6E8904A2840002A2440002A2430002AA430006AA03000267
S31A00EA6E9EA9C30002B1C38002B1C40003B1C30002B1C40002B175
S31A00EA6EB3840002B1838001B1000384A98001830006A984000E79
S31A00EA6EC8A9440004A9450004A1050006A905000AA9060002B11C
S31A00EA6EDD070004B0C70006B0C80002B8C80006B8C90004B8CA21
S31A00EA6EF20002C0CA0007C0CB0009B8CB0002B8CA0008B0CA00EB
S31A00EA6F0708A8C90006A0C8000898C800029888000A90C70005AE
S31A00EA6F1C88C7800288C600104986000849C6001049C7000551E5
S31A00EA6F31C80013520800025248000452490002524800055A48A8
S31A00EA6F46800A5A885A895A895A495A4900045A8900055A888080
S31A00EA6F5B015A0009C8628003C76AC800066B0700067306800BA5
S31A00EA6F70730573067B057B467B457B000845838005458B448BBB
S31A00EA6F854400048B040004930400039B0400079AC48003A284E5
S31A00EA6F9A9A000584A2000244A2800243A2000343AA000503AA3C
S31A00EA6FAF800403B1C3A90003C3B18001C40003B1C30002B1C48F
S31A00EA6FC40003B1848003B183B1000A84A9000E44A9000345A905
S31A00EA6FD98001450004A1050006A905000AA9060002B107000418
S31A00EA6FEEB0C70006B0C88002B8C80007B8C90004B8CA0002C0D7
S31A00EA7003CA0008C0CB0008B8CB0002B8CA0008B0CA0008A8C921
S31A00EA70180006A0C8000898C800029888000A90C7000588C78046
S31A00EA702D0288C600104986000849C6001049C7000551C8000ECC
S31A00EA7042520800055209000A524900025A4900045A898001528B
S31A00EA7057000A895A0002C85A0003C8628001C9000462C88005F9
S31A00EA706C62C76308630006076B8002066B0003067300020573C7
S31A00EA7081800206730003467B0003457B000645838001450004F0
S31A00EA70968B440006930400069B040004A2C40006A2840002A2AA
S31A00EA70AB448002AA440003AA430002AA030004B203000AB1C356
S31A00EA70C00006B1830002B1840002B1838006B184B183A9840008
S31A00EA70D503A9448001B1000C44A9000445A9000A05A9000506E6
S31A00EA70EAA9000406B18001060006B0C70003B0C80003B8C8003B
S31A00EA70FF06B8C90006C0CA000EC0CB0006B8CB0008B0CA0002CF
S31A00EA7114B0C90006A8C90006A0C8000898C800029888000A90F4
S31A00EA7129C7000588C7800288C600104986000849C6001049C760
S31A00EA713E000551C8000E520800055209000A524900025A49001C
S31A00EA71530E5A8900035AC8000262C8800262C9000562C8800297
S31A00EA7168630800066B0780046B066B07000373060002734600A1
S31A00EA717D037B4600027B450008834500048B4400069304000641
S31A00EA71929B040004A2C40006A2848003AA44A2000344AA80033C
S31A00EA71A743AA430006B2030006B1C38002B1C40003B1C300040C
S31A00EA71BCB183800CB184B183B184B184B183B1830003B184801B
S31A00EA71D109A984A944A944B144B1000B44A9000445A9000A050A
S31A00EA71E6A9000506A9000506B1800307B1070004B0C70002B01C
S31A00EA71FBC80004B8C80006B8C90004C0CA0010C0CB0006B8CB0A
S31A00EA72100008B0CA0002B0C90006A8C90006A0C8000898C8002F
S31A00EA7225029888000A90C7000588C7800288C6001049860008D6
S31A00EA723A49C6001049C7000551C8000E520800055209000A52DE
S31A00EA724F4900025A4900045A890003528900075A89800C5AC8EF
S31A00EA72645AC95AC85AC95AC85AC9000362C80003630800026378
S31A00EA72790700046B0780076B066B476B466B00044673000446C6
S31A00EA728E7B8001460008834500048B4400029344000293048024
S31A00EA72A3029B0500079B040004A2C40006A2848002AA44000593
S31A00EA72B8AA430006B2030006B1C3800CB9C3B1C3B9C3B9C3B18A
S31A00EA72CD84B1840006B1838004B184B1830003B1848006B183EA
S31A00EA72E2B143B1430007B1440005A9440004A9450008A9050029
S31A00EA72F704A9060006B1060004B1070004B0C78001B00006C8EC
S31A00EA730CB80002C9B80003C9C00005CAC00003CBC00005CBC800
S31A00EA7321000ACBC00003CBB88001CB0008B0CA0002B0C90006FD
S31A00EA7336A8C90006A0C8000898C800029888000A90C7000588FB
S31A00EA734BC7800288C600104986000849C6001049C7000551C872
S31A00EA7360000E520800055209000A524900025A4900045A8980AF
S31A00EA73750152000A895A800BC85AC95AC85AC95AC85AC90003D0
S31A00EA738A62C8000363088001630007076B8005476B46734700D2
S31A00EA739F03734600057B460008834500028B4400069344800663
S31A00EA73B49B459B059B0500059B040004A2C40006A2848004AA4C
S31A00EA73C984AA440004AA430008B2030002B1C38003B9C4B10078
S31A00EA73DE04C3B98001C30003B1840003B1838004B184B183008A
S31A00EA73F307B1848008B183B144B144B1450003B1448003B1454C
S31A00EA7408B1000544A9000445A9000405A9000706A9000706B1C4
S31A00EA741D000307B1800807B0C7B0C7B0C8B00007C8B88002C938
S31A00EA7432B80003C9C00004CAC08002CBC00007CBC80003CCC845
S31A00EA74478002CBC80009CBC00002CBB88001CB0008B0CA000242
S31A00EA745CB0C90006A8C90006A0C8000898C800029888000A90A9
S31A00EA7471C7000588C7800288C600104986000849C6001049C715
S31A00EA7486000551C8000E520800055209000B5249000352890097
S31A00EA749B0C5A8980105AC85AC95AC85AC95AC85AC962C862C84A
S31A00EA74B00004630800066B0700026B47000273470002734600C5
S31A00EA74C5057B46800283460006834500028B4500028B4400063A
S31A00EA74DA934400029B4400069B040005A2C40003A2840004AA0E
S31A00EA74EF848002AA440003AA430006B2030004B1C30006B9C3FF
S31A00EA75040002B1830002B1840002B1830005B1848002B18300EF
S31A00EA751904B1840002B1448002B1450003B1440002B1450004D1
S31A00EA752EA9040008A9050006A9060008B1060004B1070002B013
S31A00EA7543C78001B00007C8B80004C9C00004CAC08001CA000658
S31A00EA7558C8CB0008C8CC0002C0CC0008C0CB0002B8CA0006B0A4
S31A00EA756DCA0002B0C90006A8C90006A0C8000898C80002988865
S31A00EA7582000A90C7000588C7800288C600104986000849C60089
S31A00EA75971049C7000551C8000E520800055209000B5249000340
S31A00EA75AC5289000C5A89800E5AC85AC95AC85AC95AC85AC96251
S31A00EA75C1C80005630880046B076B0800046B0700026B470002F8
S31A00EA75D673470002734600047B46000283460005834500038B50
S31A00EA75EB4500028B440006934400029B4500069B040005A2C4B6
S31A00EA76000003A2840004AA848002AA440003AA430007B203000E
S31A00EA761503B1C30007B9C3800AB183B184B184B183B183000ADC
S31A00EA762AB1840002B1440002B1450002B1440002B1450004A99B
S31A00EA763F040008A9050006A9060008B1060006B1070006B8C8D4
S31A00EA76540002B8C90003C0C90005C0CA0006C8CB0008C8CC005E
S31A00EA766902C0CC0008C0CB0002B8CA0006B0CA0002B0C9000676
S31A00EA767EA8C90006A0C8000898C800029888000A90C7000588B0
S31A00EA7693C7800288C60004418600064986000A4987001149C7C0
S31A00EA76A8000949C8000451C80006520800065209000F5249003B
S31A00EA76BD02528A80025A8A00085A8900075AC980045B0962C85D
S31A00EA76D20007630800026B0800026B0700046B470004734600E5
S31A00EA76E7047B4680017B000345830002458B0002858B80018528
S31A00EA76FC000493840002934400069B4400049B030002A3040065
S31A00EA771102A2C40002A2C30002AA830002AA840002AA83000412
S31A00EA7726AA430004B2030002BA030005B9C3000BB9830002B976
S31A00EA773B840007B1840009B1440004B1450004B1050002A90527
S31A00EA77500004B1050008B1060004B1078008B0C7B107B8C7B910
S31A00EA7765070004B8C88001B80004C9C00002CAC00002C9C08037
S31A00EA777A0BCAC0CAC8CBC8CBD08CD0CC0006D08D0002D0CD008B
S31A00EA778F02D08E0004D08D0002C8CD0002C8CC0003C0CC8001F7
S31A00EA77A4C00003CBB88002CAB80006CAB08001CA0008A8C90052
S31A00EA77B906A0C8000298C8000498C7000990C7000390C680015E
S31A00EA77CE900003C7880004C6888001C60004418600064986009B
S31A00EA77E30A4987001149C7000949C8000451C800065208000609
S31A00EA77F85209000F52490002528A80025A8A00085A8900075AF7
S31A00EA780DC980045B0962C80007630800026B0800026B0700043C
S31A00EA78226B470004734600037B4680027B860004834500048B50
S31A00EA783785000493850002934500069B4480039B049B00030329
S31A00EA784CA3801704A304A2C4A2C4AAC3A2C3AA83AA83AA84AA82
S31A00EA786184AA83AA830004AA430004B2030002BA030004B9C35B
S31A00EA78768004C1C3B9C3000AB9830002B9840007B1840009B10E
S31A00EA788B440004B145000AB1050008B1060004B1078008B0C780
S31A00EA78A0B107B8C7B9070004B8C88001B80004C9C00002CAC016
S31A00EA78B58001C90003C0CA0002C8CB0002D0CC0004D08D00045F
S31A00EA78CAD0CD0002D08E0004D08D0002C8CD0002C8CC0003C06B
S31A00EA78DFCC8001C00003CBB88002CAB80006CAB08001CA00083A
S31A00EA78F4A8C90006A0C8000298C8000498C7000990C7000390F8
S31A00EA7909C68001900003C7880004C6888001C6000441860006E6
S31A00EA791E4986000A4987001149C7000949C8000451C80006520B
S31A00EA79330800065209000A52490006524A0002528A00025A89DC
S31A00EA79488001520003895A800389528900085AC980035B095B2D
S31A00EA795D000708630003086B80010700056B470004734600043D
S31A00EA79727B86000383450002838500038B850004938500029376
S31A00EA79878400069B440002A3430002A3030003A3048014A2C35F
S31A00EA799CAAC4A2C3AAC4AAC4AA83AA83B284AA83B2440003B2CF
S31A00EA79B1430004B2030002BA030002B9C30003C1C38001C100CF
S31A00EA79C60C83B98001830006B184000CB1440002B145000CB17F
S31A00EA79DB050006B1060002B9070004B1078004B8C7B9070004A0
S31A00EA79F0B8C80004C0C90006C0CA8008C8CBC8CCD08CD0CC004E
S31A00EA7A0505D08D0003D0CD0004D08E0002D08D0002C8CD000220
S31A00EA7A1AC8CC0003C0CC0002C0CB8005B8CBB8CAB80006CAB0F5
S31A00EA7A2F8001CA0008A8C90006A0C8000298C8000498C7000952
S31A00EA7A4490C7000390C68001900003C7880004C6888001C60091
S31A00EA7A5904418600064986000A4987001149C7000949C800046F
S31A00EA7A6E51C80006520800065209000A52490006524A0002529E
S31A00EA7A838A00025A898001520003895A800389528900085AC9C4
S31A00EA7A9880035B095B000708630003086B80010700046B478001
S31A00EA7AAD0273470004734600047B860004838500048B85000630
S31A00EA7AC2938500049B448003A3449B000444A38001440003AB61
S31A00EA7AD7048002A3040004AAC4800AAA84AA83B284AA83B244CD
S31A00EA7AEC0003B2430004B2030002BA030002B9C30004C1C3809F
S31A00EA7B0102B9C3000BB9830006B184000CB1440002B145000A7C
S31A00EA7B16B1050008B1060002B9070004B1070002B9070002B8FB
S31A00EA7B2BC80002B8C90004C0C90005C0CA800AC8CBC8CCC8CCA9
S31A00EA7B40D0CCD0CD0003D08D0005D0CD0004D08E0002D08D0044
S31A00EA7B5502C8CD0002C8CC0004C0CC0002C0CB0002B8CA000657
S31A00EA7B6AB0CA0008A8C90006A0C8000298C8000498C700099057
S31A00EA7B7FC7000390C68001900003C7880004C6888001C60004E1
S31A00EA7B94418600064986000A4987001149C7000949C8000451E6
S31A00EA7BA9C80006520800065209000A52490005524A0003528A29
S31A00EA7BBE000452890002528A80025289000452C9800A5AC95A82
S31A00EA7BD3CA5ACA5B0A5B0A00045B090004630800026348800CE5
S31A00EA7BE86B476B486B476B486B476B470005738600037B8680E8
S31A00EA7BFD017B000385830004858B00038593000384930004842B
S31A00EA7C129B8001840004A3440002A3430004AB04800BAAC4AAA4
S31A00EA7C27C3AAC4AAC4AA84AA000384B2000443B2800203B20078
S31A00EA7C3C0403BA8001030006C1C30007C1830007B9838004B9A9
S31A00EA7C5184B184000CB1440002B104000CB1050004B10600043C
S31A00EA7C66B9060002B8C60002B907800CB8C7B907B8C7B907B856
S31A00EA7C7BC8B8C80006C0C90002C8CA0002C0CA0002C8CB000276
S31A00EA7C90D0CC0002D0CD0002D88D0002D88E0004D8CE0004D85F
S31A00EA7CA58E800DD0CDD08DD0CDD0CDC8CDC8CCC80004CCC0808A
S31A00EA7CBA06CBC0CBB8CAB80006CAB08001CA0008A8C90006A045
S31A00EA7CCFC8000298C8000498C7000990C7000390C68001900059
S31A00EA7CE403C7880004C6888001C60004418600064986000A49BD
S31A00EA7CF987001149C7000949C8000451C80006520800065209E6
S31A00EA7D0E000A52490005524A0003528A000452890002528A800E
S31A00EA7D23025289000452C9800A5AC95ACA5ACA5B0A5B0A00049C
S31A00EA7D385B090004630800026348800C6B476B486B476B486B05
S31A00EA7D4D476B480004738600047B86000283860002838500041C
S31A00EA7D628B850006938500049B840006A3440004AB040004AA7D
S31A00EA7D77C40002AA840002B2840004B2430002B2030004BA036A
S31A00EA7D8C0006C1C30007C1830007B9838004B984B1840004B12F
S31A00EA7DA1440002B9440006B1440002B104000CB1050004B1066B
S31A00EA7DB60004B9060002B8C60006B9070002B8C80005C0C9802F
S31A00EA7DCB01C00005CAC8800DCBC8CBD0CCD0CCD0CDD0CDD8CD59
S31A00EA7DE0000BD8CE8002D0CE0003D0CD0002C8CD0002C8CC0000
S31A00EA7DF502C0CC0002C0CB0002B8CA0006B0CA0008A8C90006EB
S31A00EA7E0AA0C8000298C8000498C7000990C7000390C68001907C
S31A00EA7E1F0003C7880004C6888001C60004418600064986000AC9
S31A00EA7E344987001149C7000949C8000451C80006520800065269
S31A00EA7E4909000752490007524A000B528A000752CA0002530A7D
S31A00EA7E5E00065B09000263080004634800026B4800026B470030
S31A00EA7E73026B860004738600027B8600027B8500038385000307
S31A00EA7E888BC500028BC4000293C40002938400049B840002A31A
S31A00EA7E9D840004A3440005AB04800EAAC4B2C4AAC4B283B28373
S31A00EA7EB2B284B2830004B2430004BA038002C2030006C1C300D5
S31A00EA7EC70BC1830002B9830002B943000EB9440004B104000A5D
S31A00EA7EDCB1050002B9050004B9060004B8C60002B907800CB8E0
S31A00EA7EF1C7B907B8C7B907C0C8C0C80004C0C90004C8CA000390
S31A00EA7F06C8CB0003D0CC0002D8CD0002D88E000AD8CE0002D0B3
S31A00EA7F1BCE0002D0CD0002C8CD0002C8CC0002C0CC0002C0CBAC
S31A00EA7F300002B8CA0006B0CA0008A8C90006A0C8000298C800FF
S31A00EA7F450498C7000990C7000390C68001900003C7880004C6EE
S31A00EA7F5A888001C60004418600064986000A4987001149C700B8
S31A00EA7F6F0949C8000451C800065208000652090007524900076C
S31A00EA7F84524A000B528A000752CA0002530A00065B0900026324
S31A00EA7F99080004634800026B4880076B476B876B866B00048666
S31A00EA7FAE730003867B8002857B0003858380018500038BC50071
S31A00EA7FC30493C40002938400049B840002A3840002A34400020E
S31A00EA7FD8AB440005AB048001AA0003C4B2000283B2800384B26D
S31A00EA7FED830004B2430004BA030002C2030005C1C3000BC183B3
S31A00EA80020002B9830002B943000EB9440004B104000AB10500B9
S31A00EA801702B9050004B9060004B8C60004B9078008B8C7B908D3
S31A00EA802CC0C8C0C80004C0C90004C8CA0002C8CB0003D0CC8068
S31A00EA804101D00003CDD80002CED88002CEE00005CED80002CF6D
S31A00EA8056D88002CED80003CED08002CDD00003CDC88002CCC8B7
S31A00EA806B0003CCC08006CBC0CBB8CAB80006CAB08001CA000898
S31A00EA8080A8C90006A0C8000298C8000498C7000990C700039064
S31A00EA8095C68001900003C7880004C6888001C6000D4986000741
S31A00EA80AA4987001149C7000949C8000451C800065208000652F1
S31A00EA80BF0900025249000C524A0007528A8014528B528A52CB21
S31A00EA80D452CA52CA52CB52CB52CA52CB52CA0003530B00025B22
S31A00EA80E90A80065B095B0A5B0900035B4900046348800163009B
S31A00EA80FE04886B0002866B000286730003C6738004C67BC57B57
S31A00EA81130006C5838001C500038BC4000393C400029BC40004C2
S31A00EA8128A3840002A3830002AB430002AB440004AB040002B2BB
S31A00EA813DC40004B2830004BA430002BA030002C2030004C1C331
S31A00EA81520002C9C30008C9830005C1830004C1438002B9430077
S31A00EA816706B9440002B9430006B944000EB9050006B90600027C
S31A00EA817CC1070004B8C78002C0C70003C0C80002C0C90002C8CA
S31A00EA8191C90004C8CA0002D0CB0002D0CC0002D8CD0002E08E38
S31A00EA81A60009E0CF8002D8CF0003D8CE8006D08ED0CDD0CD002C
S31A00EA81BB04C8CC0002C0CC8006C0CBC08BB8CB0003B8CA000431
S31A00EA81D0B0CA0006A8C90005A0C8800AA088A0C8A08898C89812
S31A00EA81E5C8000498C7000990C7000390C6000888C6000D49867F
S31A00EA81FA00074987001149C7000949C8000451C80006520800F1
S31A00EA820F06520900025249000C524A0007528A8014528B528A94
S31A00EA822452CB52CA52CA52CB52CB52CA52CB52CA0003530B0010
S31A00EA8239025B0A80065B095B0A5B0900035B490004634880014F
S31A00EA824E630004886B8002866B000386730002C6730002C67BE4
S31A00EA82638002C57B0005C5830002C58B8002C48B0004C4930089
S31A00EA827802C49B0002C4A3000284A3800D84AB83A383AB43AB10
S31A00EA828D43AB44AB440004AB040002B2C40004B2830004BA4366
S31A00EA82A20002BA030002C2030004C1C30002C9C30008C98300E7
S31A00EA82B705C1830003C1438004C144C1430007B9448002B94363
S31A00EA82CC0006B944000EB9050006B9060002C1070003B8C7804D
S31A00EA82E104B907C0C70003C0C80002C0C90002C8C90004C8CA0E
S31A00EA82F60002D0CB0002D0CC0002D8CD0002E08E0009E0CF80F9
S31A00EA830B02D8CF0003D8CE8006D08ED0CDD0CD0004C8CC000263
S31A00EA8320C0CC8004C0CBC08B0004B8CA0004B0CA0006A8C900F7
S31A00EA833505A0C8800AA088A0C8A08898C898C8000498C7000968
S31A00EA834A90C7000390C6000888C6000D4986000749870011491B
S31A00EA835FC7000949C8000451C8000652080006520900025249BD
S31A00EA8374000B524A0005528A00034A8B0002528B000852CB00A0
S31A00EA838903530B0004530A80095B495B4A5B495B495B0003486D
S31A00EA839E63000388630002886B0003C66B0004C6730003C67BDF
S31A00EA83B30005C5838001C500038BC4000393C400029BC4000223
S31A00EA83C8A3C4800CAB84A384AB83AB83AB43AB430003AB44003D
S31A00EA83DD02AB048009AB03B2C4B2C3B283B2000383BA0003435B
S31A00EA83F2BA8001430004C2038003C9C3C10004C3C98002C3D1C9
S31A00EA8407000A83C98001830007C1430004C1440002B943800E76
S31A00EA841CB944B943B944B944B904B904B9440003B904000CB96C
S31A00EA8431050002B9060006C1060002B8C70002C0C70004C0C81D
S31A00EA84460004C8C90004C8CA0003D0CC800AD8CCD88DD8CDE04F
S31A00EA845B8EE08E0004E08F0006E0CF0003D8CE8016D08ED08DFE
S31A00EA8470D08DC8CCC88CC8CCC8CCC0CCC08CC0CBC08B0004B830
S31A00EA8485CA0004B0CA0006A8C90005A0C8800AA088A0C8A08884
S31A00EA849A98C898C8000498C7000990C7000390C6000888C600AB
S31A00EA84AF0D498600074987001149C7000949C8000451C80006B7
S31A00EA84C452080006520900025249000B524A0005528A00034A86
S31A00EA84D98B0002528B000852CB0003530B0004530A800C5B491D
S31A00EA84EE5B4A5B495B495B4863490004638800026B8800046BFA
S31A00EA8503C6000473C600027BC6000383C50003840500028C04C4
S31A00EA8518801093C4940493C493C49BC49BC4A3C4A3C40003ABF7
S31A00EA852D840003AB830004AB440002AB040002B2C40002B28341
S31A00EA85420002BA830004BA430004C2038003C9C3C10004C3C9CB
S31A00EA85578002C3D1000A83C98001830007C1430004C144000299
S31A00EA856CB9430008B9448004B905B904000CB9050002B906007F
S31A00EA858106C1060004C0C70004C0C80004C8C90002C8CA0002E6
S31A00EA8596D0CA0002D0CC0002D8CC0002D8CD0002E08E0004E8FF
S31A00EA85AB8F0006E0CF0003D8CE8016D08ED08DD08DC8CCC88C48
S31A00EA85C0C8CCC8CCC0CCC08CC0CBC08B0003B8CA0005B0CA00DC
S31A00EA85D506A8C90005A0C8800AA088A0C8A08898C898C80004B7
S31A00EA85EA98C7000990C7000390C6000888C6000D4986000749F2
S31A00EA85FF87001149C7000949C8000451C80006520800065209D7
S31A00EA861400025249000B524A0002528A0003528B00054A8B8005
S31A00EA8629054ACB52CB520003CB4A0002CB528007CB530B530C7D
S31A00EA863E530C0003530A0002534A800A5B4A5B495B495B885B24
S31A00EA86538900046388000263C800046BC6000473C680077BC643
S31A00EA86687C067C057C0004058480010500038C0400039404004D
S31A00EA867D029BC40002A3C40002ABC48002AB840003AB830004D7
S31A00EA8692AB44800AB304AB04B2C4B2C4BAC30003BA830004BA9D
S31A00EA86A7430002C203800CCA03C203C9C3C9C2C9C3C9C2000672
S31A00EA86BCD1830006C9830004C9430004C1430004C1440004C12D
S31A00EA86D143800CB944B943B944B944C144C1440004B90400080F
S31A00EA86E6B9050004C1050002C1060004C0C60004C0C70002C067
S31A00EA86FBC80002C8C80004C8C98001C80004CAD0800FCCD0CCAD
S31A00EA8710D8CDD8CDE08EE08EE08FE08F0008E8900002E0CF002F
S31A00EA872502D8CE0002D88E0002D08D8010C8CCC88CC8CCC8CC40
S31A00EA873AC0CCC08CC08BC08B0003B8CA0005B0CA0006A8C90051
S31A00EA874F05A0C8800AA088A0C8A08898C898C8000498C700094A
S31A00EA876490C7000390C6000888C6000D498600074987001149FD
S31A00EA8779C7000949C8000451C80006520800065209000252499F
S31A00EA878E000B524A0002528A0003528B00054A8B80054ACB52BB
S31A00EA87A3CB520003CB4A0002CB528007CB530B530C530C00030C
S31A00EA87B8530A0002534A800A5B4A5B495B495B895B890004631A
S31A00EA87CD88800463C86BC800046BC6800773C6740673C6740021
S31A00EA87E203067C000505848004058C048C000304940003049C9C
S31A00EA87F7800404A3C4A30003C4AB000284AB000283AB8007444D
S31A00EA880CAB44B344AB440003B304800BB2C4BAC4BAC3BA84BAE4
S31A00EA882183C2000343BA801143C203C203CA03C203C9C3C9C206
S31A00EA8836C9C3C9C30006D1830006C9830006C9438004C144C11D
S31A00EA884B430004C1440002C143800BC144C143C144C144B9443B
S31A00EA8860B9000344C1800744B904B905B9040008B9050004C1C4
S31A00EA8875050002C1060004C0C60004C0C70002C0C80002C8C8FF
S31A00EA888A0003C8C98001C80004CAD08011CAD8CCD8CCD8CDD84E
S31A00EA889FCDE08EE0CEE08FE08F0006E8900002E8D00002E0CF24
S31A00EA88B40002D8CE0002D88E0002D08D8013C8CCC88CC8CCC879
S31A00EA88C9CCC0CCC08CC08BC08BB8CAB80006CAB00006C9A880BF
S31A00EA88DE01C90005A0C8800AA088A0C8A08898C898C8000498C0
S31A00EA88F3C7000990C7000390C6000888C6000D498600074987F7
S31A00EA8908001149C7000949C8000451C800065208000652090051
S31A00EA891D0252490008524A00024A4A8006524A528A528A0003A1
S31A00EA8932528B00044A8B80024A8C00034ACC00034ACB8004522B
S31A00EA8947CB4ACC0003530C0003530A0003534A00025B49000240
S31A00EA895C5B8980015B000388630002C8638009C86BC66BC76B1C
S31A00EA8971C66C070004740600027C0680047C057C0600048405B2
S31A00EA898600028C040004940400029C048003A404A30003C4ABDC
S31A00EA899B800F84AB84B383B383AB44AB44B344AB440004B304AA
S31A00EA89B00002BAC48005BA84BA83C2000343BA8001430004CAEE
S31A00EA89C5030002C9C30002D1C30006D1830004C9838002C9820F
S31A00EA89DA0003C9420004C9438001C9000644C1000243C180039C
S31A00EA89EF44C1430003C1448001B9000444C18001440008B90565
S31A00EA8A040006C1050002C1060004C0C60004C0C70004C8C8002F
S31A00EA8A1903C8C90005D0CA0002D8CC0002D8CD8008E08EE0CE34
S31A00EA8A2EE08FE88F0008E8900002E0CF8002D8CE0003D88E009B
S31A00EA8A4302D08D0002D08C800FC8CCC88CC0CCC08CC08BC08B8C
S31A00EA8A58B8CAB80004CAB080058AB0C9B0890006A8C90005A084
S31A00EA8A6DC8800AA088A0C8A08898C898C8000498C7000990C777
S31A00EA8A82000390C6000888C6000D498600074987001149C7006C
S31A00EA8A970949C8000451C800065208000652090002524900083D
S31A00EA8AAC524A00024A4A8006524A528A528A0003528B00044A8B
S31A00EA8AC18B80024A8C00034ACC00034ACB800452CB4ACC0003E2
S31A00EA8AD6530C0003530A0003534A00025B4900025B890003634A
S31A00EA8AEB88000363C800026BC780046BC66C07000474060002F4
S31A00EA8B007C0680047C0584060004840580048C048C0500039496
S31A00EA8B150400039C048018AC04A404ABC4ABC4B3C4AB84B3830A
S31A00EA8B2AB383B344AB44B344AB440004B3040002BAC48005C2C2
S31A00EA8B3F84BA83C2000343BA8001430004CA030002C9C3000289
S31A00EA8B54D1C30006D1830004C9838002C9820003C9420004C936
S31A00EA8B69438001C9000644C1000243C1000844C1800345C1448F
S31A00EA8B7E0008B9050006C1050002C1060004C0C60004C0C70082
S31A00EA8B9304C8C80002C8C98001C80005CAD08011CAD8CCD8CC2B
S31A00EA8BA8D8CDD8CDE08EE0CEE88FE88F0006E8900002E8D0003C
S31A00EA8BBD02E0CF8002D8CE0003D88E0002D08D0002D08C800F25
S31A00EA8BD2C8CCC88CC0CCC08CC08BC08BB8CAB80004CAB080050B
S31A00EA8BE78AB089B0890006A8C90005A0C8800AA088A0C8A08867
S31A00EA8BFC98C898C8000498C7000990C7000390C6000888C60042
S31A00EA8C1108418600054986000B4987001049C7000649C80002A7
S31A00EA8C2651C8000349C800034A08000A4A0900024A4A00025280
S31A00EA8C3B4A80034A4A5200034A4A00044B4A00038B4A80048B6A
S31A00EA8C50528C5200058C4A0005CC4A8001CC00044B0C00034B03
S31A00EA8C650B80014B00034B53800B4A534A5B895B895B885B8991
S31A00EA8C7A00045BC800046C0780116C066C076C066C067406740F
S31A00EA8C8F067C057C457C000305848021058C458C459445944596
S31A00EA8CA49C449C44A444A444AC03AC03B403B403B3C3B3C3B3D0
S31A00EA8CB983B3830003BB448002BB430004BB038002BAC30003B7
S31A00EA8CCEBA830004BA430002C2030002CA020002C9C20002D16E
S31A00EA8CE3820003D9820003D9420002E1420004D9430002D14333
S31A00EA8CF88001D1000744C9800D43C903C903C943C143C144C1D3
S31A00EA8D0D44000AC104000AC1050002C1060004C0C60002C0C7A2
S31A00EA8D220004C8C70002C8C80004D0C90002D0CA0002D0CB0051
S31A00EA8D3702D8CB0002D8CD800CE0CDE0CEE08EE08EE88FE88F3A
S31A00EA8D4C0004E890800BE8D0E890E88FE88FE0CEE00003CED8C6
S31A00EA8D61800DCDD08DD0CDD0CDC8CCC8CCC0CC0003C0CB0002D8
S31A00EA8D76B8CB0003B8CA0003B0CA0002B0C90004A8C98001A85A
S31A00EA8D8B0003C8A00005C8980005C7980003C7900007C69000F8
S31A00EA8DA00CC6888001C60008418600054986000B498700104956
S31A00EA8DB5C7000649C8000251C8000349C800034A08000A4A09FA
S31A00EA8DCA00034A4A80015200054A4A00044B4A00048B4A8002AD
S31A00EA8DDF8C5200068C4A0004CC4A8001CC00044B0C00034B0BBA
S31A00EA8DF480014B00034B53800B4A534A5B895B895B885BC900CC
S31A00EA8E09035BC8800263C800066C0700026C0600027406802C7C
S31A00EA8E1E7C057C4584058445840584458C458C45944594459C79
S31A00EA8E33449C44A444A444AC03AC03B404B403B3C4B3C3B3C316
S31A00EA8E48B3830003BB448002BB430004BB038002BAC30003BAEF
S31A00EA8E5D830004BA430002C2030002CA020002C9C20002D18215
S31A00EA8E720002D9820004D9420002E1420004D9430002D14380A4
S31A00EA8E8701D1000844C9800B43C903C943C943C144C14400083B
S31A00EA8E9CC104000CC1050002C1060004C0C60002C0C70004C892
S31A00EA8EB1C70002C8C80004D0C90002D0CA0002D0CB0002D8CBE8
S31A00EA8EC60002D8CD800CE0CDE0CEE08EE08EE88FE88F0006E861
S31A00EA8EDB900002E88F0002E0CE0002D8CE800CD8CDD08DD0CD06
S31A00EA8EF0D0CDC8CCC8CC0003C0CB0003B8CB0003B8CA0003B06C
S31A00EA8F05CA0002B0C90004A8C98001A80003C8A00005C89800B4
S31A00EA8F1A05C7980003C7900007C690000CC6888001C60008414D
S31A00EA8F2F8600054986000B4987001049C7000649C8000251C8B6
S31A00EA8F44000349C800034A08000A4A0900084A4A00044A4B002D
S31A00EA8F59044A8B00084A8C00054ACC80064B0C4B0D4B0D0003B1
S31A00EA8F6E4B0C80124B4C4B4B534B534A534A538953895BC85BDA
S31A00EA8F83C900045BC80004640780026C0600036C46800974459F
S31A00EA8F98744674457C457C000345840002458C8015459444943F
S31A00EA8FAD459C449C44A444A444AC03AC43B403B4030004B3C364
S31A00EA8FC20003B3840003B3440002B3048008BAC4BAC3BA84BA42
S31A00EA8FD7840004BA440002C2038002CA030003C9C38008D1838E
S31A00EA8FECD182D983D9830006D9430002D9428004D943D942007B
S31A00EA900104D1430004C9430003C9440003C9430002C944000212
S31A00EA9016C9040006C104000AC1050004C1060006C0C60004C8CA
S31A00EA902BC70002C8C80002D0C80002D0C90003D0CA8001D000C4
S31A00EA904003CBD8800FCDD8CDE08DE0CEE08EE08EE88FE88F009F
S31A00EA905504E8900004E88F0002E0CE0002D8CE800CD8CDD08D39
S31A00EA906AD0CDD0CDC8CCC8CC0003C0CB0003B8CB0002B8CA0007
S31A00EA907F04B0CA0002B0C90002A8C90003A8C80003A0C800049E
S31A00EA909498C8000698C7000290C7000890C6000C88C6000841B8
S31A00EA90A98600054986000B4987001049C7000649C8000251C83B
S31A00EA90BE000349C800034A08000A4A0900084A4A00044A4B00B2
S31A00EA90D3044A8B00084A8C00064ACC80044B0C4B0D00034B0C38
S31A00EA90E880314B4C4B4B534B534A534A538953895BC85BC95B73
S31A00EA90FDC85BC863C8640864076C0764076C076C466C476C4619
S31A00EA91126C46744674467C457C000445840002458C000245947A
S31A00EA91278019459C449C44A444A444AC43AC43B403B403BC04C9
S31A00EA913CB3C3BBC3BBC30004B3840002B3440002B3040002BA13
S31A00EA9151C40003BA840003BA440002C2038002CA030003C9C36E
S31A00EA91668008D183D182D983D9830006D9430002D9428004D981
S31A00EA917B43D9420004D1430002C943000BC9440003C90400047F
S31A00EA9190C104000AC1050006C1060004C0C60004C8C70002C891
S31A00EA91A5C80002D0C80002D0C90003D0CA8001D00003CBD880B4
S31A00EA91BA0FCDD8CDE08DE0CEE08EE08EE88FE88F0004E89000CE
S31A00EA91CF03E88F801BE08FE0CEE0CED8CED88ED8CDD08DD0CD10
S31A00EA91E4D08DC88CC88CC0CBC08BC00003CBB80002CAB80005DC
S31A00EA91F9CAB08002C9B00003C9A80002C8A80003C8A00005C8DE
S31A00EA920E980005C7980003C7900007C690000CC6888001C60007
S31A00EA922308418600054986000B4987001049C7000649C800028F
S31A00EA923851C8000349C800034A08000A4A0900084A4A00054A67
S31A00EA924D4B00034A8B00054A8C00034A8D00084ACD801A4B0C34
S31A00EA92624B0D4B0C4B4C4B4B4B4C534B538B5389538A53C953F0
S31A00EA9277C95BC800035C0800046447804C644664476C466C466B
S31A00EA928C6C456C46744574457C457C45844584458C848C849440
S31A00EA92A18494849C449C84A443A443AC43AC43B443B443BC03D3
S31A00EA92B6BC03BBC3BBC3B3C4B3C4B384B384B344B343B304B345
S31A00EA92CB04B2C4B2C40003BA840003BA440002CA030002C9C30F
S31A00EA92E08003D1C3D1000383D9000843D9000642D9800243D95F
S31A00EA92F5000543D1000243C9000244C9000243C9800344C9435D
S31A00EA930A000AC904000AC9050006C8C60004C8C70002D0C700EF
S31A00EA931F04D0C80002D0C90002D0CA8002D8CA0003D8CB0003A9
S31A00EA9334E08D8006E0CDE88EE88E0003E88F0003E8900003E8C8
S31A00EA93498F8009E08FE0CEE0CED8CED800038DD08016CCD08CA0
S31A00EA935EC88CC88CC0CBC08BB8CBB8CBB8CAB88AB8CAB8000385
S31A00EA9373CAB0800BC9B089B0C9B089A8C9A8C90003A8C80003E4
S31A00EA9388A0C8000498C8000698C7000290C7000890C6000C8864
S31A00EA939DC60008418600054986000B4987001049C7000649C850
S31A00EA93B2000251C8000349C800034A08000A4A0900084A4A0039
S31A00EA93C7054A4B00034A8B00074A8C80024A8D00084ACD801A40
S31A00EA93DC4B0C4B0D4B0C4B4C4B4B4B4C534B538B5389538A533A
S31A00EA93F1C953C95BC800035C080006644700036C468026744642
S31A00EA9406744574457C457C45844584458C848C84948494849CEF
S31A00EA941B849C84A443A443AC43AC43B443B4430004BC03000249
S31A00EA9430B3C40002B384800CB344B343B304B304B2C4B2C400B4
S31A00EA944503BA848011BA44C244BA44CA03CA03C9C3C9C3D1C308
S31A00EA945AD1000383D9000843D9000642D9800243D9000543D1E1
S31A00EA946F800244D1000344C9000243C9000244C9000804C9005F
S31A00EA94840C05C9800306C9060004C8C60004C8C70002D0C700F3
S31A00EA949904D0C80002D0C90002D0CA8002D8CA0003D8CB00032E
S31A00EA94AEE08D8006E0CDE88EE88E0004E88F0002E8900002E84E
S31A00EA94C38F0002E08F8007E0CEE08ED8CED800038DD000038C94
S31A00EA94D8C880078CC0CBC08BB8CB0003B88A0002B8CA0002B0E0
S31A00EA94EDCA800CB0C9B089B089A889A8C9A8C90003A8C80003B0
S31A00EA9502A0C8000498C8000698C7000290C7000890C6000C88E8
S31A00EA9517C60008418600054986000B4987001049C7000649C8D4
S31A00EA952C000251C8000349C800034A08000A4A0900024A0A0003
S31A00EA9541064A4A00064A4B00024A8B00044A8C00064A8D000260
S31A00EA95564ACE8001420003CE4A8021CE430D430D4B0D4B4D4BD0
S31A00EA956B4C4B4D4B8B4B8B4B8A4B8A53C953C9540854095C086C
S31A00EA95805C4800035C4780025C870004648680106C856C867462
S31A00EA95958574857C857C858485848500038C8480149484948369
S31A00EA95AA9483A483A483AC83AC83B443B443BC430003BC0380CA
S31A00EA95BF01BB0003C3B3800D83B343B342BB03BB03BAC3BAC301
S31A00EA95D40003C2830003C2430004D1C20004D9830002D94380AD
S31A00EA95E901E1000443D9800942D942D143D143D9430005D94231
S31A00EA95FE8012D943D903D943D903D143D143D144D144D1430080
S31A00EA961303D1038007D104D103D104D1000504C9000705C9807E
S31A00EA962801050004C8C50008C8C60005D0C70003D0C88010D079
S31A00EA963D89D889D88AD8CAD88AD8CAD8CBD8CB0004E08D00027D
S31A00EA9652E88E0008E88F800BE08FE08EE0CEE08ED8CDD800031A
S31A00EA96678DD000028CC880098BC88BC08BC08BB8CA0003B88A87
S31A00EA967C0002B8CA8007B0CAB0C9B0C9B0000389A80002C9A81B
S31A00EA96910002C8A80003C8A00005C8980005C7980003C79000D4
S31A00EA96A607C690000CC6888001C60008418600054986000B49CA
S31A00EA96BB87001049C7000649C8000251C8000349C800034A0868
S31A00EA96D0000A4A0900024A0A00064A4A00064A4B00024A8B00D6
S31A00EA96E5044A8C00064A8D00024ACE8001420003CE4A8021CE62
S31A00EA96FA430D430D4B0D4B4D4B4C4B4D4B8B4B8B4B8A4B8A5303
S31A00EA970FC953C9540854095C485C4800035C47801A5C87648662
S31A00EA97246487648664866C866C86748574857C857C858485841C
S31A00EA97398500038C848011948494839C83A483A483AC83AC8308
S31A00EA974EBC43B4000343BC801703BC03BBC3B3C3BBC3B383BBA5
S31A00EA976383B342BB03BB03BAC3BAC30003C2830003C2430004BF
S31A00EA9778D1C20004D9830006D9430002D9420002D1438002D949
S31A00EA978D430005D9420003D9438019D903D143D143D144D1448E
S31A00EA97A2D143D143D103D103D104D103D104D1000504C90007CA
S31A00EA97B705C98001050004C8C50008C8C60005D0C70003D0C8FB
S31A00EA97CC8010D089D889D88AD8CAD88AD8CAD8CBD8CB0004E01C
S31A00EA97E18D0002E88E0008E88F801EE08FE08EE08ED88ED8CD0B
S31A00EA97F6D88DD08DD08DC88CC88CC88BC88BC08BC08BB8CA00E9
S31A00EA980B03B88A8004B8CAB0CA0003B0C98001B0000389A800B2
S31A00EA982002C9A80002C8A80003C8A00005C8980005C798000327
S31A00EA9835C7900007C690000CC6888001C6000C41860004498633
S31A00EA984A00084186001249C7000849C800064A0800084A09005C
S31A00EA985F064A4A00084A4B00024A4C00044A8C00024A8D000280
S31A00EA98744A8E0004428E000442CF0004430E0002434D00024BFA
S31A00EA98898C00024BCB00024C0A80085409544954485448000321
S31A00EA989E5486802D5C875CC65CC664C664C66CC56CC5748574F4
S31A00EA98B3C57C857CC57C857CC584848C848CC38CC394C394C303
S31A00EA98C8A483A483AC83AC000383BC000243BC800303BC0200EB
S31A00EA98DD03BBC28012BB82BB42BB41C302BB02BAC2BAC2C28280
S31A00EA98F2C2820004C2420002DA020002D1C20002D1820002D982
S31A00EA9907830003D9430002D142801BD943D982D942C143C98426
S31A00EA991CC943D184C902D943D902E143E102E102E1000303D979
S31A00EA9931800503D143D1430004D1038004D104D1030008D1049F
S31A00EA99460002D1050008D0C50008D0C60002D0C70002D8C700CF
S31A00EA995B04D8C80002D8890002D88A0002E0CA0002E0CB000241
S31A00EA9970E08D0002E88D0002E88E0002E88F0002F08F0004E8B0
S31A00EA99858F800FE08FE08EE0CDD88DD8CDD88DD08CD000038C0B
S31A00EA999AC880098BC88BC0CBC08BB8CA0003B88A8001B80005BE
S31A00EA99AFC9B0000389A8000288A8800BC8A888A0C8A088A0C859
S31A00EA99C4A088000498C8000898C7000890C6000888C600048073
S31A00EA99D9C6000C4186000449860008418680024987001149C7DB
S31A00EA99EE000849C800064A0800084A0900064A4A00084A4B0071
S31A00EA9A03024A4C00044A8C00024A8D00024A8E0004428E8002E3
S31A00EA9A18428F000342CF0004430E0002434D00024B8C00024B57
S31A00EA9A2DCB00024C0A8008540954495448544800035486802DCD
S31A00EA9A425CC75CC65CC664C664C66CC56CC574C574C57C857C13
S31A00EA9A57C57C857CC58C848C848CC38CC394C394C3A483A48349
S31A00EA9A6CAC83AC000383BC000243BC800703BC03BBC2BBC20094
S31A00EA9A8103BB828026BB42C342C342C2C2C2C2CAC3C283CA83CC
S31A00EA9A96C283CA43CA43D202D201D1C2D1C2D982D982D983D9B4
S31A00EA9AAB830004D9430003D9838017D942C983D1C4D143D9C56F
S31A00EA9AC0D102D943D902E143E102E102E1000303D9800503D1D4
S31A00EA9AD543D1430004D103000AD1040002D1050008D0C5000801
S31A00EA9AEAD0C60002D0C70002D8C70004D8C80002D8890002D8C6
S31A00EA9AFF8A0002E0CA0002E0CB0002E08D0002E88D0002E88E21
S31A00EA9B140002E88F0002F08F0004E88F800FE08FE08EE0CDD8E6
S31A00EA9B298DD8CDD88DD08CD000038CC880098BC88BC0CBC08BE0
S31A00EA9B3EB8CA0003B88A8001B80005C9B0000389A8000288A83E
S31A00EA9B53800BC8A888A0C8A088A0C8A088000498C8000898C79F
S31A00EA9B68000890C6000888C6000480C6000C4186000449860054
S31A00EA9B7D08418600024987001049C7000849C800064A080008A9
S31A00EA9B924A0900064A4A00084A4B00024A4C00024A8C00024A88
S31A00EA9BA78D8008428D4A8D428E428E0004428F00044290802310
S31A00EA9BBC3ACF3B0F3B0E430F434E434E438C438D4BCB4BCB4C7D
S31A00EA9BD10A4C0A4C494C494C484C894C864C0004C6540002C698
S31A00EA9BE65C8041C664C564C56CC56CC574C474C57CC47CC5846D
S31A00EA9BFBC484C48CC38CC494C394C39CC3A4C3AC83AC83BC83A9
S31A00EA9C10BC83C443BC43C443BC03C3C3C3C3BBC3BB82BB42BBC5
S31A00EA9C2542BB03BB020003BAC30002BA830003BA430002C202F8
S31A00EA9C3A802CCA03C203C9C4C1C4C984C184C985C985C185C998
S31A00EA9C4F85C9C5C1C4C183B983B9C6C207C9C6D207D144D985D5
S31A00EA9C64D902E1430004E102000AD9038004D904D9030008D812
S31A00EA9C79C40002D0C40006D0C50008D0C60006D8C70002D8C80C
S31A00EA9C8E0002D8890004E08A0002E08B0002E88C0002E88D00A6
S31A00EA9CA304E88E0002F08F0004E88F0002E08E800BD8CDD88D41
S31A00EA9CB8D8CDD88DD08CD000038CC880078BC88BC0CBC08A00E0
S31A00EA9CCD03B8CA8003B88AB80005C9B08001890004A888800C48
S31A00EA9CE2A8C8A888A0C8A087A0C7A0C7000498C8000798C78036
S31A00EA9CF70290C7000890C6000888C6000480C6000C418600043A
S31A00EA9D0C49860008418600034987000F49C7000849C800064A59
S31A00EA9D210800084A0900064A4A00084A4B00024A4C00024A8C33
S31A00EA9D3600024A8D8008428D4A8D428E428E0004428F00044266
S31A00EA9D4B9000023ACF00023B0E8021434D434E438C438D4BCBB6
S31A00EA9D604BCB4C0A4C0A4C494C494C894C894CC64CC654C654D6
S31A00EA9D75C7540003C65C8041C664C564C56CC56CC574C574C5FC
S31A00EA9D8A7CC57CC584C484C48CC38CC494C394C3A4C3A4C3ACFB
S31A00EA9D9F83B4C3BC83BC83C443BC43C443BC03C403C3C3C3C3A8
S31A00EA9DB4BB82BB83BB42BB03BB020003BAC38002BA830004BABA
S31A00EA9DC9438014CA43CA42CA03C203C9C4C9C4C9C5C9C5D1C646
S31A00EA9DDEC9850004C1848014B943B942C1C6CA08D1C7DA48D17A
S31A00EA9DF344D985D902E1430004E102000AD9030006D904000416
S31A00EA9E08D8C40008D0C50008D0C60006D8C70002D8C80002D85D
S31A00EA9E1D890004E08A0002E08B0002E88C0002E88D0004E88E75
S31A00EA9E320002F08F0003E88F8006E08FE08EE08E0004D88D00F6
S31A00EA9E4702D08C0002C88C0002C88B8004C0CBC08A0003B8CA2F
S31A00EA9E5C8003B88AB80005C9B08001890004A888800CA8C8A824
S31A00EA9E7188A0C8A087A0C7A0C7000498C8000698C7000290C7E5
S31A00EA9E86000890C6000888C6000480C6000C4186000449860033
S31A00EA9E9B08418600044987000E49C7000849C800064A08000888
S31A00EA9EB04A0900044A4A00084A4B00044A4C00024A8C00024A67
S31A00EA9EC58D800F428D4A8D428E428E428F428F429042000390ED
S31A00EA9EDA3A0002913A8026CF3ACF3B0F3B0F3B4E434E438D433D
S31A00EA9EEF8D43CB43CB440A440A4C494C494C884C884CC64CC633
S31A00EA9F044D064D000406558049065D0565056CC56CC574C474B0
S31A00EA9F19C47CC47CC484C484C48CC48CC494C394C49CC39CC362
S31A00EA9F2EAC83ACC3BC83BC83C444BC43C443BC03BBC5B3C5B39A
S31A00EA9F4384B384B385B385B346B345B306B306B2C6AAC600049F
S31A00EA9F58AA868030AA85AA44AA45A245AA47B247BA8AC28ABAFD
S31A00EA9F6D8AB208A1C7A1C7A207A1C7A1C6A206B209C24ACA0921
S31A00EA9F82D28AD186D186D903E1440004E9020002E1020008D91A
S31A00EA9F97030002D904000AD8C40008D8C50008D8C60004D8C74F
S31A00EA9FAC0002E0880004E0890004E08A0002E88C0002E88D007E
S31A00EA9FC104F08E0002F08F0002E88F8001E800038EE080018E36
S31A00EA9FD60003D88D8006D88CD08CD08C0004C88B8004C0CBC056
S31A00EA9FEB8A0003B8CA8003B88AB80005C9B0000588A8800BC8DF
S31A00EAA000A8C8A0C8A087A0C7A0C7000498C8000698C700029033
S31A00EAA015C7000890C6000888C6000480C6000C418600044986DB
S31A00EAA02A0008418600054987000D49C7000849C800064A0800FF
S31A00EAA03F084A0900044A4A00084A4B00044A4C00024A8C000218
S31A00EAA0544A8D800F428D4A8D428E428E428F428F4290420003A2
S31A00EAA069903A8099913A9132CF32CF3ACF3B0F3B4E3B4E438D7C
S31A00EAA07E438D43CB43CB440A440A4C494C494C884C894CC64C24
S31A00EAA093C64D064D07550655065D065D06650565056CC56D0568
S31A00EAA0A874C474C57CC47CC484C484C48CC48CC494C394C49C47
S31A00EAA0BDC3A4C3AC83AC83BC83BC83C443BC43C443BC03BC060A
S31A00EAA0D2BBC5B385B384B385B385AB45AB04AB05AAC5AAC5AA53
S31A00EAA0E785AA85A285AA45AA86A244A244A204A205AA47BA882E
S31A00EAA0FCCACBD30CC2CBB209A1C70003AA088016AA47B248B253
S31A00EAA11109C28ACA49D28AD185D186D903E144E9030003E902FD
S31A00EAA1260002E1028005D943D903E1000603D9000304D98001AE
S31A00EAA13B040008D8C40006D8C5000AD8C60004D8C70002E0881F
S31A00EAA1500004E0890004E08A0002E88C0002E88D0004F08E00C0
S31A00EAA16502F08F0002E88F8001E800038EE080018E0003D88DAA
S31A00EAA17A8006D88CD08CD08C0004C88B8004C0CBC08A0003B8D3
S31A00EAA18FCA8003B88AB80005C9B0000588A8800BC8A8C8A0C8A6
S31A00EAA1A4A087A0C7A0C7000498C8000698C7800290C700099086
S31A00EAA1B9C6000888C6000480C6000C41860004498600084186C6
S31A00EAA1CE8002498600054987000C49C7000849C800064A0800D9
S31A00EAA1E3084A0900024A4A000A4A4B00044A4C80014200038DFA
S31A00EAA1F84A80058D428E4A8E0004428F0002429000023A9100E8
S31A00EAA20D023A51802032CF32D032CF3B0F3B0E3B4F3B8D438D66
S31A00EAA22243CB43CC440A444A44494C894C884C8900044D0600DC
S31A00EAA23704550600025D05800B65056D0574C4750474C474009B
S31A00EAA24C03C4848072C48CC494C494C49CC39CC3AC83AC83B43C
S31A00EAA26183BC83BC43BC43BC03BC03B407ABC7AB86A386A38709
S31A00EAA276A346A3069B069AC69286928692468A468A469247923D
S31A00EAA28B4792868A468A4792479A89A2CBB30DBB4EB30EA28CAD
S31A00EAA2A0924A9A4B9A8B928A928A9A8AAA0ABA8CC24ACA8BC953
S31A00EAA2B586C986D903E144E903E903E902E9000502E100040333
S31A00EAA2CAE1000203D9800304D903000AD8C40006D8C5000AD842
S31A00EAA2DFC68003D887D80003C7E0000288E0000489E000048AEB
S31A00EAA2F4E800028CE880058DE88DF08D0003F08E0002F08F0001
S31A00EAA30902E88F8001E800038EE080018E0003D88D8006D88C9B
S31A00EAA31ED08CD08C0004C88B8004C0CAC08A0003B8CA8003B813
S31A00EAA3338AB80005C9B0800388A8C80003A8880002A8C8000441
S31A00EAA348A0C7000498C8000698C7000A90C6000888C6000480A6
S31A00EAA35DC6000C41860004498600094186800249860005498799
S31A00EAA372000B49C7000849C800064A0800084A0900024A4A0069
S31A00EAA3870A4A4B00044A4C80014200038D4A80058D428E4A8E41
S31A00EAA39C0004428F800C42903A903A913A903A513A51000332DF
S31A00EAA3B1CF80143B0F3B0E3B4E3B8D438D43CB43CC440A444A97
S31A00EAA3C6444900034C8900034D0680024D070004550600025D43
S31A00EAA3DB05800B65056D0574C4750474C4740003C4848031C4F4
S31A00EAA3F08CC494C494C49CC39CC3AC83AC83B483B483BC43BC23
S31A00EAA40543BC03BC039B459B449B059B45A387AB87AB88AB47D1
S31A00EAA41A92C69286928600038A4600029247803792879286928D
S31A00EAA42F8792879A89A2CAAACCAB0DBB4FA2CD9A4B9A8B9A8B23
S31A00EAA444924A8A498A49AA0ABA8CC24ACA8BC146C986D903E123
S31A00EAA45944E903E903E902E9000502E1000503E18001030004B5
S31A00EAA46ED9040006D8C40008D8C5000AD8C68003D887D8000360
S31A00EAA483C7E0000288E0000489E000048AE800028CE880058D58
S31A00EAA498E88DF08D0003F08E8008E88FF08FE88FE88F0004E0FC
S31A00EAA4AD8E0003D88D8006D88CD08CD08C0004C88B8004C0CAAD
S31A00EAA4C2C08A0003B8CA8003B88AB80005C9B0800388A8C80050
S31A00EAA4D703A8880002A8C80004A0C7000498C8000698C7000A9D
S31A00EAA4EC90C6000888C6000480C600184986000649870005496A
S31A00EAA501C7001349C8000249C900084A0900044A0A80024A0BCC
S31A00EAA51600054A4B00064A4C00034A4D00034A8D00024A8E00BC
S31A00EAA52B02428E0002429000023A9100023A5100023291801CCA
S31A00EAA540329032D0330F3B0F3B4D3B8E3BCB43CC444A444A4400
S31A00EAA55549448944894CC9000354C780495507550655065505B6
S31A00EAA56A55055D055D0564C5650574C574C57CC57CC584C3847C
S31A00EAA57FC38CC48CC494C494C4A4C3A4C3B4C2AC82BC83BC83D4
S31A00EAA594BC44BC45BC06AB848B0A7A8882C8934AA38BAC0CB379
S31A00EAA5A9CFA300048D8A80374D8249824982C78AC89A479A88E8
S31A00EAA5BEA248AA88B289BA8AC2CCC30DBB0FAA8CA24BA24CAA1A
S31A00EAA5D38AAA4AAA47B248B20BBA0BD24AD20AD944D144E94342
S31A00EAA5E80007E1030002E1020005E1030003E0C3000EE0C4005D
S31A00EAA5FD06E0C50004E0850006E8870002E0870002E8880002F3
S31A00EAA612E0890002E08A0002E08B0002E08D0007E88E8005E8A8
S31A00EAA6278FE88EE800038EE080068DE08DD88CD800048CD000B4
S31A00EAA63C028BC880068BC08AC08AC00003CAB80002C9B8000453
S31A00EAA651C9B08001C90004A8C80002A088800CA0C8A088A0C81F
S31A00EAA666A0C8A088A088000998C78001980005C69080038690C2
S31A00EAA67B86000C88C6000480C60018498600064987000649C7DD
S31A00EAA690001249C8000249C900084A0900044A0A80024A0B0004
S31A00EAA6A5054A4B00064A4C00034A4D00034A8D00024A8E00022A
S31A00EAA6BA428E0002429000023A9100023A510002329180AA327C
S31A00EAA6CF9032D0330F3B0F3B4D3B8E3BCB43CC440A444A444999
S31A00EAA6E4448944894CC94CC754C754C7550755065506550555B8
S31A00EAA6F9055D055D0564C5650574C574C57CC57CC584C384C37E
S31A00EAA70E8CC48CC494C494C4A4C3A4C3B4C2AC82BC83BC83BC4A
S31A00EAA72344BC45BC06AB848B0A82C98B099B8BA38BABCCB3CE3B
S31A00EAA738A34D928D928D8A8D8A4D828A828A8AC78B08A288A238
S31A00EAA74D88AA88AA88B249B28ABACCC30DBB0FAA8CA24BA24CB3
S31A00EAA762B28AAA4AAA47B248B20BBA0BD24AD20AD144D144E94A
S31A00EAA777430007E1030002E1020005E1030003E0C3000EE0C489
S31A00EAA78C0006E0C50004E0850006E8870002E0870002E8880064
S31A00EAA7A102E0890002E08A0002E08B0002E08D000AE88E8002FE
S31A00EAA7B6E08E0003E08D0002D88C0003D08C800BD08BC88BC8FA
S31A00EAA7CB8BC08AC08AC00003CAB80002C9B80004C9B08001C9DB
S31A00EAA7E00004A8C80002A088800CA0C8A088A0C8A0C8A088A022
S31A00EAA7F588000998C78001980005C6908003869086000C88C682
S31A00EAA80A000480C60018498600064987000749C7001149C80009
S31A00EAA81F0249C900084A0900044A0A80024A0B00054A4B0006F6
S31A00EAA8344A4C00044A4D00024A8D00024A8E0002428F00024224
S31A00EAA8499000023A9100023A5100023291801D329032D132CFF8
S31A00EAA85E3B103B4E3B4E3BCC43CC440A440B4449444944894CB2
S31A00EAA873894C0003C7548001C70004550600025D05807A64C5BF
S31A00EAA8886CC574C574C57CC57CC584C384C38CC48CC494C49C84
S31A00EAA89DC4A483A483B482AC82BC83BC83BC44BC45BC06AB84D0
S31A00EAA8B28B4B8B0A9B8BA3CCA38BABCCAB8EA34D9ACE92CE9279
S31A00EAA8C78E8A4D8A8A8A8A93089309A288A288AA88AA88B24915
S31A00EAA8DCB289BACCBACCBB0FAA8CA24BA24CB28AAA4AAA47B282
S31A00EAA8F148B20BBA0BDA4AD209D144D144E9430007E103000256
S31A00EAA906E1020006E1030002E0C30002E0C40002E8C4000AE09C
S31A00EAA91BC40002E0C50006E0850002E0860008E8870002E88810
S31A00EAA9300002E8890002E88A0002E88B0002E08D0002E88D00E0
S31A00EAA94508E88E0004E08D0004D08C8008D08BC88BC8CBC88BA2
S31A00EAA95A0003C0CA0002B8CA8001B80006C9B08001C90004A839
S31A00EAA96FC80002A088800CA0C8A088A0C8A0C8A088A0880009AC
S31A00EAA98498C78001980005C6908003869086000C88C6000480FE
S31A00EAA999C60018498600064987000249C700024987000449C73E
S31A00EAA9AE001049C8000249C900084A0900044A0A80024A0B00E5
S31A00EAA9C3054A4B00064A4C00044A4D00024A8D0002428E000211
S31A00EAA9D8428F0002429000023A9100023A510002329100023282
S31A00EAA9ED9080A632CF3B103B4D3B4E3B8C43CC440A440A444953
S31A00EAAA02444944894C894C874CC74CC754C755065506550555A7
S31A00EAAA17055D055D0564C564C574C574C57CC57CC584C384C39D
S31A00EAAA2C8CC48CC494849CC4A483A483B482AC81BC83BC83BC22
S31A00EAAA4144BC45BC06AB848B0B8B4B9BCBAC0DA3CBA38BAB8E7A
S31A00EAAA56A34D9ACE9ACE928E928D8A8A92CB93099B49A2C9A2FE
S31A00EAAA6BC9AA88AA88B249B289BACCBACCBB0FAA8CA24BA28C5C
S31A00EAAA80B28BAA4AAA47AA47BA0BBA4BDA4AD209D144D144E9E2
S31A00EAAA95430007E1030002E1020006E1030002E0C30002E0C474
S31A00EAAAAA0002E8C4000AE0C40004E0C50004E0850002E08600D1
S31A00EAAABF08E8870002E8880002E8890002E88A0002E88B00024B
S31A00EAAAD4E08D0002E88D0008E88E0004E08D0004D08C8001D0F9
S31A00EAAAE900038BC880018B0003C0CA0002B8CA8001B80006C9ED
S31A00EAAAFEB08001C90004A8C80002A088800CA0C8A088A0C8A097
S31A00EAAB13C8A088A088000998C78001980005C69080038690862A
S31A00EAAB28000C88C6000480C60018498600064987000249C700B5
S31A00EAAB3D034987000449C7000F49C8000249C900084A09000499
S31A00EAAB524A0A80024A0B00054A4B00064A4C00054A4D80104A27
S31A00EAAB678D4A8E4A8E428F428F42904290429100033A51000203
S31A00EAAB7C329200023291801C32D03AD03B0E3B4E3B8C438D43F7
S31A00EAAB91CB440B4409440A44494C8A4C875487000454C70002D8
S31A00EAABA654C600025CC500026CC5000274C580727C857C868486
S31A00EAABBB8384838C848C8494849C84A483A483B482AC82BC83C2
S31A00EAABD0BC83BC44BC45BC06AB848B0A8B0BA3CCAC0DA38BA32B
S31A00EAABE58BAB8EA34D9ACE9ACE928E928E92CB92CB9B099B4965
S31A00EAABFAA288A288AA88AA48B249B289BACCC30DBB0FAA8CA2B0
S31A00EAAC0F4BAA8CB28BAA8AAA48AA47BA0BC24BDA4AD209D14485
S31A00EAAC24D144E1430007E1030002E1020006E1030002E0C30093
S31A00EAAC3902E0C4000CE8C40002E8C50008E8850002E88600061E
S31A00EAAC4EE8870002E8880002E8890004E88B0002E08D0002E8DD
S31A00EAAC638D0008E88E0002E08D0002D88D0004D08C0004C88B54
S31A00EAAC780002C0CA0002B8CA0002B8C90006B0C90004A8C80051
S31A00EAAC8D02A088800CA0C8A088A0C8A0C8A088A088000998C7F4
S31A00EAACA28001980006C690000CC6880004C6808001C6001849EC
S31A00EAACB78600064987000249C700044987000449C7000E49C823
S31A00EAACCC000249C900084A0900044A0A80024A0B00054A4B004B
S31A00EAACE1064A4C00064A4D00024A8E0002428F00024290800232
S31A00EAACF6429100033A510002329200023291801E32CF3AD03B89
S31A00EAAD0B0E3B4E3B8C3B8D43CB43CB4409440944494C494C8772
S31A00EAAD204C875487000354C7000254C600025CC500026CC58070
S31A00EAAD3576748574C57C857C85848384838C848C8494849C8409
S31A00EAAD4AA483A483B482AC82BC83BC83BC44BC45BC06AB84835F
S31A00EAAD5F0A8B0AA3CBAC0DA38BA38BAB8EAB8D9ACE92CE928E74
S31A00EAAD74928E92CB9ACC9B099B49A288A288AA88AA48AA48B253
S31A00EAAD8989BACCC30DBB0EAA8CA24BAA8CB28BAA8AB248AA4768
S31A00EAAD9EBA0BC24BDA4AD209D144D144E1430007E1030002E1C3
S31A00EAADB3020006E1030002E0C30002E0C4000AE8C40004E8C5FD
S31A00EAADC80008E8850002E8860006E8870002E8880002E8890047
S31A00EAADDD04E88B0002E08D0002E88D0008E88E0002E08D000225
S31A00EAADF2D88D0004D08C0004C88B0002C0CA0002B8CA0002B876
S31A00EAAE07C90006B0C90004A8C80002A088800CA0C8A088A0C8DC
S31A00EAAE1CA0C8A088A088000998C78001980006C690000CC68842
S31A00EAAE310004C6808001C60018498600064987000249C70005B7
S31A00EAAE464987000349C7000E49C8000249C900084A0900044A48
S31A00EAAE5B0A80024A0B00054A4B00064A4C00064A4D800E428EE0
S31A00EAAE704A8E428F428F42904290429100033A510002325200D8
S31A00EAAE8502329180AF32903AD13B0F3B0F3B4E438E43CC43CCFB
S31A00EAAE9A43CA440A4C0A4C4A4C4754485487548854C754C75CF4
S31A00EAAEAFC65CC664C564C66CC56CC5748574867C867C86848402
S31A00EAAEC484848C848C849C849C84A483AC83B482AC41BC83BCAD
S31A00EAAED983BC44BC45BC06AB848B0A8B0B9B8BAC0CA38BA3CC59
S31A00EAAEEEB3CEAB8E9ACE928D928E928E9ACB9ACC9B099B09A229
S31A00EAAF0389A288AA88A248B248B289BACCC30DBB0EAA8DA24C01
S31A00EAAF18AA8CBA8BB28AB248B247C20BC24BDA4AD209D144D1CB
S31A00EAAF2D43E143D902E103E103D903D9000303E1000202E10094
S31A00EAAF420503E1800503E0C3E0C3000EE8C40002E8C50006E8FC
S31A00EAAF57850006E8860004E8870002E8880002E88A0002E88B2E
S31A00EAAF6C0002E88C0004E88D0008E88E0002E08D0002D88C009E
S31A00EAAF8102D08C0002D08B0002C88B0002C08A0002C0CA0002E1
S31A00EAAF96B8CA0002B8C90006B0C90004A8C80002A088800CA068
S31A00EAAFABC8A088A0C8A0C8A088A088000898C7800290C700074A
S31A00EAAFC090C6000C88C6000480C600184986000649870002498A
S31A00EAAFD5C700054987000349C7000E49C8000249C900084A093A
S31A00EAAFEA00044A0A80024A0B00054A4B00064A4C00064A4D0060
S31A00EAAFFF02428E0002428F000242908002429100033A510002EF
S31A00EAB014325200023291806832903AD13B0F3B0F3B4D434E4349
S31A00EAB029CC43CC43CA440A4C0A4C4A4C4754485487548854C7FF
S31A00EAB03E54C75CC65CC664C564C56CC56CC5748574857C867C8A
S31A00EAB05386848484848C848C849C849C84A483AC83B482AC4189
S31A00EAB068BC83BC83BC44BC45BC06AB848B4B8B4B9B8BAC0CA346
S31A00EAB07DCCABCCB3CEAB8E0003928D8041928E9ACC9B0C9B091D
S31A00EAB0929B09AAC9A289AA88AA48AA48B289BACCC30DBB0EB255
S31A00EAB0A78DA24CAA8CBACBB28AB248B207C20BC24BDA4AD209A6
S31A00EAB0BCD144D103E143D902E103E103D903D9000303E1000241
S31A00EAB0D102E1000503E1800503E0C3E0C3000EE8C40002E8C577
S31A00EAB0E60006E8850006E8860004E8870002E8880002E88A0025
S31A00EAB0FB02E88B0002E88C0004E88D0007E88E8009E08EE08D0B
S31A00EAB110E08DD88CD800038CD0800E8BD08BC88BC88BC08AC00E
S31A00EAB1258AC0CAC00003CAB88002C9B80006C9B08001C90004FC
S31A00EAB13AA8C80002A088800CA0C8A088A0C8A0C8A088A088003A
S31A00EAB14F0898C7800290C7000790C6000C88C6000480C60008B2
S31A00EAB164418600104986000B4987000349C7000849C8000251E6
S31A00EAB179C8000649C8000349C900074A0900044A0A80024A0B54
S31A00EAB18E00054A4B00064A4C00044A4D00044A4E0002424F00BC
S31A00EAB1A30242508001420003513A80015100043252801832910D
S31A00EAB1B83A913AD03AD03B0E3B0E434C438D43CB4BCB4C0A4CFC
S31A00EAB1CD0A00035448808A5488548754875C865CC664C664C6E0
S31A00EAB1E26C856C85748574857C457C458C448C848C4494859CAD
S31A00EAB1F7449C84A483AC83B442B482BC43BC42BC44BC45BC06AD
S31A00EAB20CB3C5830A8B4BA3CCA3CCA38BABCCAB8E9B0C9ACE9AFD
S31A00EAB221CE928E924D9ACBA2CCA3099AC8A288A288AA88AA4802
S31A00EAB236AA08BA89C30DC2CDBACEB28DAA4CAA8DB28BAA4AB2E8
S31A00EAB24B48B248C20BC1CAEA8BC987D144D103E143D9020006B1
S31A00EAB260D9030002E1030002D9030004E1030004E0C30002E8D0
S31A00EAB275C30004E8C40002F0C40006F0840008F0850002F0863C
S31A00EAB28A0004E8860002E8870002E8880002E88A0002E88B0081
S31A00EAB29F03E88C0003E88D0006E88E0003E08D8005D88DD88C81
S31A00EAB2B4D800038CD000038BC8800C8BC0CAC08AC0CAC0CAB851
S31A00EAB2C9C9B80007C9B08003C9A8C80004A8880002A088800CD9
S31A00EAB2DEA0C8A088A0C8A0C8A088A088000498C7800198000A35
S31A00EAB2F3C6908003869086000988C6000780C60008418600105E
S31A00EAB3084986000B4987000349C7000849C8000251C800064900
S31A00EAB31DC8000349C900074A0900054A0A00054A4B00064A4C65
S31A00EAB33200044A4D00044A4E0002424F000242508001420003F2
S31A00EAB347513A80015100043252801832913A913AD03AD03B0E99
S31A00EAB35C3B0E434C438D43CB4BCB4BCA4C0A00035448808A54B8
S31A00EAB37188548754875C865C8664C664C66C856C8574857485AD
S31A00EAB3867C457C458C448C848C4494859C449C84A483AC83B46D
S31A00EAB39B42B482BC43BC42BC44BC45BC06B3C5830A8B4BA3CC2B
S31A00EAB3B0A3CCA38BABCCAB8EA30C9ACE9ACE928E924D9ACBA3C5
S31A00EAB3C50CA3099AC8AA89A288AA88AA48AA08BA89C30DC2CD94
S31A00EAB3DABACEB28DAA4CAA8DB28BAA4AB248B248C20BC1CAEA13
S31A00EAB3EF8BC987D144D103E143D9020006D9030002E1030002CC
S31A00EAB404D9030004E1030004E0C30002E8C30004E8C40002F089
S31A00EAB419C40006F0840008F0850002F0860004E8860002E88718
S31A00EAB42E0002E8880002E88A0002E88B0003E88C0003E88D00CF
S31A00EAB44306E88E0003E08D8005D88DD88CD800038CD000038B05
S31A00EAB458C8800C8BC08AC08AC0CAC0CAB8C9B80007C9B080032C
S31A00EAB46DC9A8C80004A8880002A088800CA0C8A088A0C8A0C857
S31A00EAB482A088A088000498C7800198000AC6908003869086007A
S31A00EAB4970988C6000780C60008418600104986000B4987000380
S31A00EAB4AC49C7001049C8000349C900074A0900054A0A00024A56
S31A00EAB4C10B00034A4B00064A4C00044A4D00044A4E0002424F7D
S31A00EAB4D6000242500002425100023A510005325280B53A923AF7
S31A00EAB4EB913A9142CF4310434D434E4B8C4B8C4BCB4BCB540944
S31A00EAB5005409544854495C885C885C875C87648664866C866CF0
S31A00EAB515867C457C46844684468C448C44944594459C45A44578
S31A00EAB52AAC43AC43B442B482BC43BC42BC44BC44BC06B3C58358
S31A00EAB53F0A8B4B9BCBA3CCA38BA3CCAB8EA34C9ACE9A8E9A8ED5
S31A00EAB5549A4D9ACBA2CCA3099AC9AA89A288AA88AA48AA08BA3C
S31A00EAB56989CB0DC2CDBACEB28DAA4CB28DB28BAA4AB208B2480C
S31A00EAB57ECA0BC1CAEA8BC987D144D143D943D902D903D903D9F2
S31A00EAB59304D904D903D903E103E1000403D9000203E18001030B
S31A00EAB5A80004E0C30002E8C30004E8C4000AF0840006F08500A1
S31A00EAB5BD06F0860002E8870002E8880002E88A8007E88BF08B41
S31A00EAB5D2F08CF000038CE880068DE88DF08EF000048EE880049D
S31A00EAB5E78EE08DE000038DD88003CCD88C0003D08B8011C88B27
S31A00EAB5FCC88AC88AC0CAC08AC0CAC0CAB8C9B80003C9B0000207
S31A00EAB611C8B00002C9B08003C9A8C80004A8880002A088800C9B
S31A00EAB626A0C8A088A0C8A0C8A088A088000498C7000890C600AE
S31A00EAB63B0D88C6000780C60008418600104986000B49870003D6
S31A00EAB65049C7001049C8000349C900074A0900064A0A00044AAD
S31A00EAB6650B80024A4B00054A4C00044A4D00044A4E0002424F59
S31A00EAB67A000242508001420003513A8001510005325280663A6B
S31A00EAB68F923A913A913ACF42CF430D434D438C4B8C4BCB4BCBC2
S31A00EAB6A454085409544854495C885C885C875C87648664866CE1
S31A00EAB6B9866C867C457C46844684468C448C44944594459C45CA
S31A00EAB6CEA445AC43AC43B442B482BC43BC42BC44BC44BC06B312
S31A00EAB6E3C5830A8B0A9BCBA40CA38BA3CCAB8EA34D00049A8E73
S31A00EAB6F880479ACBA30CA3099AC9AA89A288AA88AA48AA08BA76
S31A00EAB70D8ACB0DC2CDBACEB28DAA4CB28DB28BAA4AB208B24865
S31A00EAB722CA0BC1CAEA8BC987D144D143D943D902D903D903D94C
S31A00EAB73704D904D903D903E103E1000403D9000203E180010365
S31A00EAB74C0004E0C30002E8C30004E8C40008F0840002E884000A
S31A00EAB76106E8850006F0860002E8870002E8880002E88A800716
S31A00EAB776E88BF08BF08CF000038CE880068DE88DF08EF0000403
S31A00EAB78B8EE880048EE08DE000038DD88006CCD88CD08BD0009B
S31A00EAB7A0038BC880028AC800038AC08006CAC0C9B8C9B8000318
S31A00EAB7B5C9B00002C8B00002C9B08003C9A8C80004A88800022F
S31A00EAB7CAA088800CA0C8A088A0C8A0C8A088A088000498C700B3
S31A00EAB7DF0890C6000D88C6000780C60008418600104986000BA6
S31A00EAB7F44987000349C7001049C8000349C900074A0900064A8D
S31A00EAB8090A00044A0B00024A4B00044A4C00024A0D00024A4DB4
S31A00EAB81E00044A4E0002424F000242508001420003513A800190
S31A00EAB8331100033253801A3A533A523A533A923A923AD042D083
S31A00EAB848430E430E4B4C4B8D4B8B538B00035409801B54495C42
S31A00EAB85D485C885C875C8764876487748674867C467C468446DC
S31A00EAB87284468C00034594000245A4802545AC44AC44B442B440
S31A00EAB88783BC43BC42BC44BC44BC06B3C5830A8B0A9B8BAC0D01
S31A00EAB89CA3CBA38BB38EAB8D00049A8E8047A2CCAB0CA309A22C
S31A00EAB8B1C9AA89A288B288AA48AA08BA8ACB0DC2CDC2CEB28D14
S31A00EAB8C6AA4CB28DBA8BB24AB208B248D20BC9CAEA8AC987D14E
S31A00EAB8DB43D143D943D902D103D103D104D104D904D904E1032A
S31A00EAB8F0E1000403D9000203E18001030004E0C30002E8C300D4
S31A00EAB90504E8C40002E883000AE8840004E8850006F0860002BB
S31A00EAB91AF087800AF048F088F04AF08AF04B0003F08C0002E81F
S31A00EAB92F8C8001E800038DF000048DE800028DE0800A8DD8CCFB
S31A00EAB944D88CD8CCD8CCD000048BC880078AC88AC0CAC08A00F4
S31A00EAB95904B8C90004B0C80003B0C98002A8C80004A888000244
S31A00EAB96EA088800DA0C8A088A0C8A0C8A088A088980004C7907C
S31A00EAB9830007C690000DC6880007C6808001C600084186001094
S31A00EAB9984986000B4987000349C7000249C8000249C7000C4973
S31A00EAB9ADC8000349C900074A0900064A0A00054A0B80024A4B93
S31A00EAB9C200044A4C00024A0D00024A4D00044A4E0002424F00C5
S31A00EAB9D702425000033A5180023A1100043253803932523A5329
S31A00EAB9EC3A913A923AD03AD0430E430E4B4C4B4C4B8B4B8B53DC
S31A00EABA01C95409540854495C485C885C875C8764876487748603
S31A00EABA1674867C467C46844684468C00034594000245A4802422
S31A00EABA2B45AC44AC44B442B483BC43BC42BC44BC44BC06B3C58D
S31A00EABA40830A8B0A9B8BAC0DA3CCA38BB38EB300048E9A80487B
S31A00EABA558EA2CCAB0DA309A2C9AA89A288B288AA48AA08BA8AA2
S31A00EABA6ACB0DCB0DC2CEB28DAA4CB28DBA8BB24AB208B248D25C
S31A00EABA7F4BC9CAEA4AC986D143D143E143D902D103D103D104BD
S31A00EABA94D104D904D904E103E1000403D9000203E1800103000F
S31A00EABAA904E0C30004E8C30006E8830008E8840004E8850006E6
S31A00EABABEF0860002F087800AF048F088F04AF08AF04B0003F078
S31A00EABAD38C0002E88C8001E800038DF000048DE800028DE0801B
S31A00EABAE8098DD8CCD88CD8CCD8CC0004C88B8001C800038AC086
S31A00EABAFD80018A0004B8C90004B0C80003B0C98002A8C80004C6
S31A00EABB12A8880002A088800DA0C8A088A0C8A0C8A088A08898FF
S31A00EABB270004C7900007C690000DC6880007C6808001C600086A
S31A00EABB3C418600104986000B4987000349C7000249C800034911
S31A00EABB51C7000B49C8000349C900074A0900064A0A00064A0BE8
S31A00EABB6680024A0C00034A4C00034A0D80024A4D00044A4E005A
S31A00EABB7B02424F00024250800842513A513A113A1100043253D9
S31A00EABB9080383A523A533A523A523A903AD042CE430F4B4C4BAF
S31A00EABBA54D4B8B4B8C4BC953C9540954095C485C485C875C87A9
S31A00EABBBA6C876C87744674867C467C4684468446000394458078
S31A00EABBCF2C9C45A445A445AC44AC44B442BC83BC43BC42BC4480
S31A00EABBE4BC44BC06B3C5830A830A9B8BAC0DA3CCA38BB38EB398
S31A00EABBF9CE9A8D00039A8E8047A2CCAB0DAB0AA2C9AA89A288BD
S31A00EABC0EB288AA48B208BA8ACB0DCACDC2CEB28DAA4CB28DBADA
S31A00EABC238BB24AB208B248D24BC9CAEA4AC986D143D143D9436A
S31A00EABC38D102D103D103D104D104D904D904E103E1000403D983
S31A00EABC4D000203E18001030004E0C30002E8C30008E8830008B9
S31A00EABC62E8840004E8850006F0860002F0878014F048F088F0D7
S31A00EABC774AF04AF04BF08CF04DF04DE88CE88C0004F08D0004A6
S31A00EABC8CE88D0002E08D8008D8CCD88CD0CCD0CC0004C88B8030
S31A00EABCA101C800038AC080018A0003B8C98002B0C90004B0C882
S31A00EABCB60003B0C98002A8C80004A8880002A088800DA0C8A028
S31A00EABCCB88A0C8A0C8A088A088980004C7900007C690000DC6A9
S31A00EABCE0880007C6808001C60008418600104986000B498700BA
S31A00EABCF50349C7000249C8000349C7000B49C8000349C90007D9
S31A00EABD0A4A0900064A0A00064A0B80024A0C00034A4C00044A6D
S31A00EABD1F0D80024A4D00034A4E0002424F00024250800842511C
S31A00EABD343A513A113A110004325380383A523A533A523A523A3D
S31A00EABD49903A9042CE430E4B4C4B4D4B8B4B8C4BC953C95409D1
S31A00EABD5E54095C485C485C875C876C876C87744674867C467C9D
S31A00EABD73468446844600039445802C9C45A445A445AC44AC44D6
S31A00EABD88B442BC83BC43BC42BC44BC44BC06B3C5830A830A9B95
S31A00EABD9D8BAC0DA3CCA38BB38EB3CF9A8D00039A8E8047A2CC76
S31A00EABDB2AB0DAB0AA2C9AA89A288B288AA48B208BA8ACB0DCA8B
S31A00EABDC7CDC2CEB28DAA4CB28DBA8BB24AB208B248D24BC9CA01
S31A00EABDDCEA4AC946D143D143D943D102D103D103D104D104D9DD
S31A00EABDF104D904E103E1000403D9000203E18001030004E0C3B6
S31A00EABE060002E8C30008E8830008E8840004E8850006F08600B6
S31A00EABE1B02F0878014F048F088F04AF04AF04BF08CF04DF04DC0
S31A00EABE30E88CE88C0004F08D0004E88D0002E08D8008D8CCD8B8
S31A00EABE458CD0CCD0CC0004C88B8001C800038AC080018A000339
S31A00EABE5AB8C98002B0C90004B0C80003B0C98002A8C80004A8D1
S31A00EABE6F880002A088800DA0C8A088A0C8A0C8A088A088980047
S31A00EABE8404C7900007C690000DC6880007C6808001C68006414B
S31A00EABE994541854185000441860011498600114987000249C735
S31A00EABEAE000D49C8000349C900054A090002520A00024A0A0050
S31A00EABEC302520A00054A0B00054A0C00044A0E00044A4E00026D
S31A00EABED84A4F80104250421042114211421242123A133A130070
S31A00EABEED043A1200023A5200024291000242CF00024B0E80337C
S31A00EABF02534D534E538B5BCB5BCA5C0A5C485C485C875C8764F8
S31A00EABF1747648774477447844684468C058C059C069C069C45A2
S31A00EABF2C9C45AC44AC45B444B4000344BC000243BC000344BC9B
S31A00EABF41805144930A930A93CB9C4D9C0B93CBBBCEC40F9A4D1D
S31A00EABF56A28E8ACE8ACD9B0C9B4CAAC9AAC9AAC8A287B289AA13
S31A00EABF6B88B209BA8BCB0DC2CDC30EB2CCAA8BB28BB28AAA49F2
S31A00EABF80B208B248CA0BCA0AEA4AC946D944D943E102D9020025
S31A00EABF950ED9030004E0C30002E8C30004E8C40002E8C3000A02
S31A00EABFAAE8840004E8850002F0850002F0860002F0870002F05B
S31A00EABFBF880002E8890002E88A0002E88B0002E88C0004F08EA1
S31A00EABFD40002E88E0002E88D0002E08D800CE0CCD88CD8CCD8F2
S31A00EABFE98CD0CCD08C0005C88A8005C08AC089C0000489B880DB
S31A00EABFFE01890004B0880005A8C88002A0C80004A0C700049812
S31A00EAC013C7000298C6000A90C6000E88C6000480C6000480C5B2
S31A00EAC028800641454185418500044186001149860011498700EF
S31A00EAC03D0249C7000D49C8000349C900054A090002520A000201
S31A00EAC0524A0A0002520A00054A0B00054A0C00044A0E00044AD8
S31A00EAC0674E00024A4F00024210000242110002421200023A139D
S31A00EAC07C00043A1200023A52803F3A91429142CF42CF4B0D4BBF
S31A00EAC0910E534D534E538B538B53CA5C0A5C485C485C875C870E
S31A00EAC0A66447648774477447844684468C058C059C069C069CF3
S31A00EAC0BB459C45AC44AC45B444B4000344BC000243BC80010444
S31A00EAC0D00003BC448050930A92CA93CB9C4D9C0C93CBBBCEC306
S31A00EAC0E5CF9A4DA28E8ACE8ACD9B0C9B4CAAC9AAC9AAC8A287B2
S31A00EAC0FAB289AA88B209BA8BCB0DC2CDC30EB2CCAA8BB28BB2FA
S31A00EAC10F8AAA49B208B248D20BCA0AEA4AC146D944D943E102F2
S31A00EAC124E102000ED9030004E0C30002E8C30004E8C40002E85B
S31A00EAC139C3000AE8840004E8850002F0850002F0860002F087EF
S31A00EAC14E0002F0880002E8890002E88A0002E88B0002E88C00A0
S31A00EAC16304F08E0002E88E0002E88D0002E08D800CE0CCD88C5B
S31A00EAC178D8CCD88CD08CD08C0005C88A8005C08AC089C00004CF
S31A00EAC18D89B88001890004B0880005A8C88002A0C80004A0C75C
S31A00EAC1A2000498C7000298C6000A90C6000E88C6000480C600CF
S31A00EAC1B70480C5800641454185418500044186001149860011E6
S31A00EAC1CC4987000249C7000D49C8000349C900054A09000252AD
S31A00EAC1E10A00024A0A0002520A00054A0B00054A0C00044A0E8A
S31A00EAC1F600024A4E00024A4F80084A104A0F42114211000442E8
S31A00EAC20B1200063A1300023A5280403A514291428F42D042CE2A
S31A00EAC2204B0E4B0E534E538B538C53CA5C0A5C485C485C475C3F
S31A00EAC235876447648774477447844684468C058C059C059C4638
S31A00EAC24A9C45A445AC44AC44B444B4440004BC438002BC040010
S31A00EAC25F03BC44000292CA804C8BCB9C4D9C0C93CBBB8EBBCF95
S31A00EAC2749A4DA28E8ACE8ACD9B0C9B4CAAC9AAC9AAC8A287B23E
S31A00EAC28989AA88B209BA8BCB0DC2CDC30EB28CAA8BB28BB28AD1
S31A00EAC29EAA49B208B248D20BCA0AEA4AC946D944D943E102E103
S31A00EAC2B3020006D9030006E1030006E0C30002E8C30004E8C4B2
S31A00EAC2C8000AE8840006E8850002F0850002F0860002F0870020
S31A00EAC2DD02E8880002E8890002E88A0002E88B0002E88C000414
S31A00EAC2F2F08E0002E88E0002E88D0002E08D800CD8CCD88CD8FF
S31A00EAC307CCD88CD08CD08B0005C88A8005C08AC089C00004898E
S31A00EAC31CB88001890004B0880005A8C88002A0C80004A0C70054
S31A00EAC3310498C7000298C6000A90C6000E88C6000480C600043A
S31A00EAC34680C58006414541854185000441860011498600114910
S31A00EAC35B87000249C7000D49C8000349C900054A090002520A5B
S31A00EAC37000024A0A0002520A00054A0B00054A0C00044A0E0003
S31A00EAC385024A4E00024A4F00024A0F800C42114210421242114B
S31A00EAC39A4212421200063A1300023A5280403A514291428F42E4
S31A00EAC3AFCF42CE4ACE4B0D534E538B538C53C95C0A5C485C4812
S31A00EAC3C45C475C476447648774477447844684468C058C059CD0
S31A00EAC3D9059C469C45A445AC44AC44B444B4440004BC430003D8
S31A00EAC3EEBC048052BC4492CA8AC98BCB9C4D9C0C93CBB38EBBC8
S31A00EAC403CE9A4DA28E8ACE8ACD9B0C9B4CAAC9AAC9AAC8A28791
S31A00EAC418B289AA88B209BA8BCB0DC2CDC30DB28CAA8BB28BB219
S31A00EAC42D8AAA49B208BA48D24BCA0AEA4AC946D944D943E10281
S31A00EAC442E1020006D9030008E1030004E0C30002E8C30004E804
S31A00EAC457C4000AE8840006E8850002F0850002F0860002F087CB
S31A00EAC46C0002E8880002E8890002E88A0002E88B0002E88C0087
S31A00EAC48104F08E0002E88E0002E88D0002E08D0004D88C00026C
S31A00EAC496D08B0005C88A8005C08AC089C0000489B880018900C8
S31A00EAC4AB04B0880005A8C88002A0C80004A0C7000498C7000221
S31A00EAC4C098C6000A90C6000E88C6000480C6000480C580064103
S31A00EAC4D54541854185000441860011498600114987000249C7F3
S31A00EAC4EA000D49C8000349C900054A090002520A00024A0A000E
S31A00EAC4FF02520A00054A0B00054A0C00064A0E00024A0F8008E4
S31A00EAC5144A104210421142110004421200083A1380403A513A9E
S31A00EAC529524290429042CE4ACF4B0E530F534C538C53CA5BCA73
S31A00EAC53E5C085C495C475C476447644774477447840684468CFD
S31A00EAC553058C059C059C06A405A445AC44AC44B443B4440003A6
S31A00EAC568BC438002BC030004BC04805392CA8AC98B8AA44D9CA6
S31A00EAC57D0C9BCBBB8EBB8E9A4DA28E92CE8ACD9B0C9B4CAAC9E6
S31A00EAC592B2C9AAC8A287B289AA88B209BA8BCB0DC2CDBB0DB240
S31A00EAC5A78CAA8BB28BB28AAA49B208BA48D20BCA0AEA4AC945B3
S31A00EAC5BCD943D903E102E102E103E1000403D9000603E18004A9
S31A00EAC5D103E0C3E00007C3E80006C4E8000684E8000885E80094
S31A00EAC5E60286E8801B86F086E887E887E888E888E88AE88AE8BF
S31A00EAC5FB8BE88BE88CE88CE88DE88D0004F08E0002E88E00026F
S31A00EAC610E88D0002E08D0003D88C800DD88BD08BD08BC8CAC8DA
S31A00EAC625CAC88AC800038AC0800289C0000489B88001890004C1
S31A00EAC63AB0880005A8C88002A0C80004A0C7000498C7000298FC
S31A00EAC64FC6000A90C6000E88C6000480C6000480C580064145C5
S31A00EAC66441854185000441860011498600114987000249C700A7
S31A00EAC6790D49C8000349C900054A090002520A00024A0A00027B
S31A00EAC68E520A00054A0B00054A0C00064A0E00024A0F00024299
S31A00EAC6A310000242110004421200083A1300023A51000242901F
S31A00EAC6B8804042CE42CF4B0E4B0E534C534C53CA5BCA54085CB2
S31A00EAC6CD485C475C476447644774477447840684468C058C0598
S31A00EAC6E29C059C06A405A445AC44AC44B443B444BC43BC43BCF5
S31A00EAC6F703BC030004BC048053930A92CA8B8A9C4D9C0C9C0B9F
S31A00EAC70CBB8EBB8E9A4DA28E92CE8ACD9B0C9B4CAAC9B2C9AAA2
S31A00EAC721C8A287B289AA88B209BA8BCB0DC2CDBACDB28CAA8A55
S31A00EAC736B28BB28AAA49B208BA48D24BCA0AEA4AC945D943D9AE
S31A00EAC74B03E102E102E103E1000403D9000603E1800403E0C367
S31A00EAC760E00007C3E80006C4E8000684E8000885E8000286E839
S31A00EAC775801B86F086E887E887E888E888E88AE88AE88BE88BA0
S31A00EAC78AE88CE88CE88DE88D0004F08E0002E88E0002E88D0067
S31A00EAC79F02E08D0003D88C0003D08B0002C8CA0002C88A000277
S31A00EAC7B4C08A0002C0890004B8890004B0880005A8C88002A0D3
S31A00EAC7C9C80004A0C7000498C7000298C6000A90C6000E88C6B9
S31A00EAC7DE000480C6000480C58006414541854185000441860060
S31A00EAC7F311498600114987000249C7000D49C8000549C9000336
S31A00EAC8084A090002520A00024A0A0002520A00054A0B00054A1D
S31A00EAC81D0C00064A0E00024A0F00024210000242110002421252
S31A00EAC8320002421300063A1400023A13803F3A123A524251429B
S31A00EAC84791428F42904ACF4B10534C534D538B53CB5C095C093F
S31A00EAC85C5C485C486C486C4874477447840684068C058C059CDF
S31A00EAC871059C05A405A445AC44AC44B443B4000343BC000203F8
S31A00EAC886BC000203C4800904C4049B0B92CA8B8A00039C0C8091
S31A00EAC89B40BBCEBBCF9A4DA28E92CE8ACD9B0C9B4CAAC9B2C9FB
S31A00EAC8B0AAC8A287B289AA88B209BA8BCB0DC2CDBACDB28CAAA5
S31A00EAC8C58AAA8BB28AAA49B208BA48D24BD20AEA4AC945D903AD
S31A00EAC8DAD9030004E1020002D9030004E103000CE8C3000AE827
S31A00EAC8EFC40004E8850008E8860002E8870002E8880002E88943
S31A00EAC9040002E88A0002E88B0002E88C0002E88D0004F08E00D6
S31A00EAC91902E88E0003E08D8006E08CD88CD88C0004D08B000315
S31A00EAC92EC8CA8014C88AC0CAC08AC0C9C089B8C9B889B8C9B0F3
S31A00EAC94389B0C80003B0880005A8C88002A0C80004A0C70004E5
S31A00EAC95898C7000298C6000A90C6000E88C6000480C600048091
S31A00EAC96DC58006414541854185000441860011498600114987DC
S31A00EAC982000249C7000D49C8000549C900034A090002520A00B5
S31A00EAC997024A0A0002520A00054A0B00054A0C00064A0E0002D2
S31A00EAC9AC4A0F0002421000024211000242128004421341D30041
S31A00EAC9C1063A1400023A13803F3A123A5242514291428F42902E
S31A00EAC9D64ACF4B10534C534C538B53CB5C095C095C485C486C30
S31A00EAC9EB486C4874477447840684068C058C059C059C05A405B4
S31A00EACA00A445AC44AC44B443B4000343BC000203BC000203C431
S31A00EACA15800904C4049B0B92CA8B8A00039C0C0002BBCF803CBD
S31A00EACA2A9A4DA28E92CE8ACD9B0C9B4CAAC9B2C9AAC8A287B270
S31A00EACA3F89AA88B209BA8BCB0DC2CDBACDB28CAA8AAA8BB28A66
S31A00EACA54AA49B208BA48D24BD20AEA4AC905D903D9030004E196
S31A00EACA69020002D9030004E103000CE8C3000AE8C40004E88522
S31A00EACA7E0008E8860002E8870002E8880002E8890002E88A0073
S31A00EACA9302E88B0002E88C0002E88D0004F08E0002E88E00033F
S31A00EACAA8E08D8006E08CD88CD88C0004D08B0003C8CA8014C812
S31A00EACABD8AC0CAC08AC0C9C089B8C9B889B8C9B089B0C800034D
S31A00EACAD2B0880005A8C88002A0C80004A0C7000498C700029860
S31A00EACAE7C6000A90C6000E88C6000480C6000480C58006414529
S31A00EACAFC418541850004418600134986000F4987000249C7000B
S31A00EACB110749C8000251C8800349C8510003C8490004C949805D
S31A00EACB2601C900034A0900064A0A00054A0B00054A0C00064A8B
S31A00EACB3B0E00024A0F000242100002421280024213000339D3FC
S31A00EACB50000531D4000239D480463A143A133A133A51425242B8
S31A00EACB655042904A904AD04B0D534D538B538C5C095C0A5C4891
S31A00EACB7A5C486448644874077448840684478C0694469C05A47D
S31A00EACB8F05A405AC45B444B444BC43BC43C443BC430004C40343
S31A00EACBA40002C404804FA34B92CA8B8AA40CA40C9C0CBB8EC380
S31A00EACBB9CF920CA24D92CE92CE9B0B9B0CB309B2C9AAC8AA8833
S31A00EACBCEB289B288B24AC28BCB0EC2CDBACDAA8BAA4AAA8BB2A5
S31A00EACBE38AAA49B208B248C9CADA4BE1C7C945D903E103E1010C
S31A00EACBF8E9000302E1000403E1800302E102000CE8C30006E874
S31A00EACC0DC40008E8850006E8860004E8870002E8880002E8891D
S31A00EACC220002E88B0002E88C0002E88D0002E88E0003F08E00B2
S31A00EACC3703E88E0004E08D0002D8CC0002D0CC8004D0CBD08B50
S31A00EACC4C0003C8CA0002C0CA8002C08A0004B8C90002B0C900F6
S31A00EACC6102B0C80002B0880005A8C88002A0C80006A0C700044A
S31A00EACC7698C7000C90C6000A88C6000A80C60003418500034143
S31A00EACC8B860013498600074987000B49C7000749C8000251C817
S31A00EACCA0800349C8510003C8490003C9498001C900044A0900E0
S31A00EACCB5064A0A00054A0B00054A0C00064A0E00024A0F0002B0
S31A00EACCCA4210000242128001410003D3398001D3000531D4008E
S31A00EACCDF0339D400023A13803B3A514252425042904A904AD0BF
S31A00EACCF44B0D534D538B538C5C095C0A5C485C486448644874A7
S31A00EACD09077448840684478C0694469C05A405A445AC45B44485
S31A00EACD1EB444BC43BC000443C4000303C4805204C404A34B926A
S31A00EACD33CA8B8AA40CA40C9C0CBB8EBBCF9A0CA24D92CE92CEEC
S31A00EACD489B0B9B0CB309B2C9AAC8AA87B288B288B24AC28CCB36
S31A00EACD5D0EC2CDBACDAA8BAA4AAA8BB28AAA49B208B248D1CAD1
S31A00EACD72DA4BE1C7C945D903E103E101E9000302E1000403E188
S31A00EACD87800302E102000CE8C30006E8C40008E8850006E886ED
S31A00EACD9C0004E8870002E8888013E889E88AE88BE88BE88CE8F5
S31A00EACDB18CE88DE88DE88EE800038EF000038EE880018E00049C
S31A00EACDC6E08D0002D8CC8008D0CCD0CBD0CBD08B0003C8CA000B
S31A00EACDDB02C0CA8002C08A0004B8C90002B0C90002B0C800027F
S31A00EACDF0B0880005A8C88002A0C80006A0C7000498C7000C903B
S31A00EACE05C6000A88C6000A80C600024185000341860011498648
S31A00EACE1A000A4987000A49C7000549C8000851C8800C51C949F9
S31A00EACE2FC949C951C951C949C90003520900054A0A8002520A48
S31A00EACE4400054A0B00054A0C00064A0E00024A0F000242110026
S31A00EACE59024212800941D339D339D439D3390004D5310004D5A0
S31A00EACE6E39803ED43A143A1242134251425142914A914B0E5385
S31A00EACE830E534C538D53CA5C0A5C095C0964486C487407744839
S31A00EACE988406844794059445A405A405AC45AC45B444B444BCEE
S31A00EACEAD43BC000343C4000503C4805003A34B92CA8B8AA40CC9
S31A00EACEC2A40C9C0CBB8EBB8E9A4CA24D92CE92CE9B0C9B0CB2EC
S31A00EACED7C9B2C9AAC8A287AA88B288B24AC2CCCB0EC2CDBACD92
S31A00EACEECB28BAA4AAA8BB28AAA49B208BA48D20ADA4BE1C7D176
S31A00EACF0145E103E103E901E9000302E1000403E1800302E10215
S31A00EACF16000CE8C30004E8C40006E0C50002E0850008E086002F
S31A00EACF2B02E8870002E8880002E8890002E88A0002E88B0002C0
S31A00EACF40E88C8002E88D0003E88E0003F08E0003E88E0003E02B
S31A00EACF558D8011D88DD8CCD88CD0CCD08BD0CBD0CBC8CAC800C5
S31A00EACF6A04CAC080018A0004B8C90002B0C90002B0C88004A883
S31A00EACF7FC8A8880005A8C88002A0C80006A0C7000498C7800204
S31A00EACF9490C7000B90C6000A88C6000A80C60004418600114913
S31A00EACFA986000B4987000D49C8000951C8000651C90004520963
S31A00EACFBE800C4A0A520A4A0A4A0A520A520A00054A0B00054A29
S31A00EACFD30C00064A0E00024A0F0002421100024212000239D3DB
S31A00EACFE8800439D439D3000631D5000239D5803F39D43A143A37
S31A00EACFFD123A123A51425142914A914B0E530E534C538D53CAAF
S31A00EAD0125C0A5C095C0964486C487407744884068447940594D0
S31A00EAD02745A405A405AC45AC45B444B444BC43BC000343C400D6
S31A00EAD03C0403C4800904C404A34B92CA8B8A0003A40C0002BB00
S31A00EAD0518E0002A24D000292CE00029B0C0002B2C9802FAAC8B2
S31A00EAD066A287AA88B288B24AC2CCCB0EC2CDBACDB28CAA8AAA9B
S31A00EAD07B8BB28AAA49B208BA48D20AE24BE1C7D145E103E1436B
S31A00EAD090E902E9000302E1000403E1800302E102000CE8C300DA
S31A00EAD0A504E8C40006E0C50002E0850008E0860002E8870002E3
S31A00EAD0BAE8880002E8890002E88A0002E88B8004E88CE88D0038
S31A00EAD0CF04E88E0003F08E0003E88E0002E08D800AD88DD88C26
S31A00EAD0E4D8CCD88CD0CC0003D08B0002C8CA0003C0CA8002C0E2
S31A00EAD0F98A0004B8C90002B0C90002B0C88004A8C8A888000505
S31A00EAD10EA8C88002A0C80006A0C7000498C7000290C7000A90FF
S31A00EAD123C6000B88C6000980C60003418600114986000B498714
S31A00EAD138800249C7000D49C8000951C8000751C90003520900A1
S31A00EAD14D02520A80014A00030A5200060B4A00050C4A00040E8D
S31A00EAD1624A00020F4A8013104A1042114211421241D239D339D4
S31A00EAD177D339D4399400063195000239D5000239D400023A13CC
S31A00EAD18C80343A114252425142924ACE4B0F534C534D53CA5B7B
S31A00EAD1A1CB5C095C096C086C4974087C0884078C07940594453B
S31A00EAD1B6A405A405AC45B445B444BC440004C4430002C403006C
S31A00EAD1CB02CC030002C4048006A34C92C98B4A0003A40C00026A
S31A00EAD1E0BB8E803FA28DA24D928D92CE9B0C9B0CB2C9B2C9AAB7
S31A00EAD1F5C8A287B288B289B24AC2CCCB0ECACDBACDB28CAA8BDB
S31A00EAD20AB28BB28AAA49B208BA49DA0AE24BE1C7D105E103E99A
S31A00EAD21F43E902E9000302E1000303E1800503E902E9020006C2
S31A00EAD234E8C30006E0C30004E0C40006E0C50002E0C60004E0C2
S31A00EAD249860004E0870003E0888013E888E889E889E88AE88ABB
S31A00EAD25EE88CE88CE88DE88DE800038EF080048EE88EF0000414
S31A00EAD2738EE8800F8EE08DE08DD88CD88CD8CCD08CD0CB0003E3
S31A00EAD288D08B0002C8CA0004C0CA0004B8C90002B0C90002B072
S31A00EAD29DC80007A8C88002A0C80006A0C7000598C7000390C738
S31A00EAD2B2000890C6000C88C6000880C6000241860011498600C8
S31A00EAD2C70A4987000349C7000B49C8000B51C8000551C9000511
S31A00EAD2DC52090004520A0004520B00034A0B00054A0C00044A30
S31A00EAD2F10E00024A0F00024A1000024211800C421241D239D31F
S31A00EAD30639D33994399400063195000231D5000239D400023A5D
S31A00EAD31B1300023A110002425100024ACE80284B4C534D53CA02
S31A00EAD3305BCB5C095C096C086C4974087C0884078C0794059494
S31A00EAD34545A405AC45AC45B445BC44BC440004C4438003CC437D
S31A00EAD35AC4000303CC800904CC04A34C92C98B490003A40C808A
S31A00EAD36F43BB8EB34DA28EA24D8A8D92CE9B0C9B0CB2C9B2C953
S31A00EAD384AAC8AA87B289B289B24AC2CCCB0EC2CDBACDB28CAA2A
S31A00EAD3998BB28BB28AAA48B208BA49DA0AE24BD987C905E102BA
S31A00EAD3AEE943E902E9000302E1000303E1800503E902E902004F
S31A00EAD3C306E8C30006E0C30004E0C40006E0C50002E0C600040C
S31A00EAD3D8E0860004E0870002E0880002E8880002E8890002E846
S31A00EAD3ED8A0002E88C0002E88D8001E800038EF080048FE88E51
S31A00EAD402F000048EE880058EE08DE08D0003D88C8002D08C0089
S31A00EAD41704D08B0002C8CA0004C0CA0004B8C90002B0C900028D
S31A00EAD42CB0C80007A8C88002A0C80006A0C7000798C78002903D
S31A00EAD441C7000890C6000C88C6000880C6800141001286490076
S31A00EAD4560B87490003C749000AC849000CC8510004C951800104
S31A00EAD46BC9000552090004520A0004520B00034A0B00054A0C1F
S31A00EAD48000044A0E00024A0F00024A1000024211000241D280AA
S31A00EAD4950839D439D3399439940006319500023995803C39D472
S31A00EAD4AA39D539D339D33A123A12425142524ACE4ACF4B0D53BC
S31A00EAD4BF4D53CA5BCB5C095C096C096C4974087C0884078C07C6
S31A00EAD4D494059405A445AC46AC45B445BC44BC440004C4430051
S31A00EAD4E902CC430004CC03801CA34C92C98B49A40CAC0DA40C87
S31A00EAD4FEBB8EB34DAA8EA24D928D92CEA30CA30C0003B2C980DE
S31A00EAD51332AA88B289B289B24AC2CCCB0EC2CDBACDB28CAA8B4D
S31A00EAD528B28BB28AAA48B208BA89DA0AE24BD987C904E102E98C
S31A00EAD53D43E901E901E902E9020004E1030002E902000CE0C378
S31A00EAD5520004E0C40006E0C50002E0C60004E0860004E0878084
S31A00EAD56704E088E8880004E8890002E88B0002E88C0002E88D0C
S31A00EAD57C0002F08E0002F08F8003E88EF000048EE880088EE050
S31A00EAD5918DE08DD88CD800038CD000028BD000028BC80005CA7F
S31A00EAD5A6C08001CA0004B8C90002B0C90002B0C80007A8C88004
S31A00EAD5BB02A0C80006A0C7000798C7000290C7000790C6000C6C
S31A00EAD5D088C6000880C600124986000A4987000449C7000A4998
S31A00EAD5E5C8000C51C8000451C9000652090004520A0004520B14
S31A00EAD5FA00034A0B00054A0C00044A0E00024A0F00024A100066
S31A00EAD60F024211000241D2800839D439D33994399400073195A4
S31A00EAD6248045399539D439D539D339D33A123A12425142524A32
S31A00EAD639CE4ACF4B0D534D53CA5BCB5C095C096C096C4974085A
S31A00EAD64E7C0884078C0794059405A445AC46AC45B445BC44BC82
S31A00EAD66345C443C444C443C4000343CC000203CC801F04CC034E
S31A00EAD678A34C92C98B49A40CAC0DA40CBB4EB34DAACEA24D8A7C
S31A00EAD68D8D92CEA30C9B0C0003B2C98032AAC8B289B289B24A41
S31A00EAD6A2C2CCCB0EC2CDBACDB28CB28BB28BB28AAA48B208BAAC
S31A00EAD6B789DA0AE24BD986C904E102E143E901E901E902E902F7
S31A00EAD6CC0004E1030002E902000CE0C30004E0C40006E0C50082
S31A00EAD6E102E0C60004E0860004E0870002E8880004E8890002DE
S31A00EAD6F6E88B0002E88C0002E88D0002F08E0002F08F8003E863
S31A00EAD70B8EF000048EE880088EE08DE08DD88CD800038CD08016
S31A00EAD720028BD000038BC80005CAC08001CA0004B8C90002B040
S31A00EAD735C90002B0C80007A8C88002A0C80006A0C7000898C777
S31A00EAD74A000290C7000690C6000C88C6000880C60008498600A6
S31A00EAD75F0851860008498700085187000849C7000251C7000CF0
S31A00EAD77451C8000751C9000352090004520A0004520B80044A89
S31A00EAD7890B520B00034A0C80015200030C4A00020D4A00040E43
S31A00EAD79E4A80130F4A0F4210421041D141D139D339D239D3391D
S31A00EAD7B3D300053194000339D5000239D4803F39D339D43A138F
S31A00EAD7C84213425342534A8E4ACE4B0D534E538C538C5BCA5CB5
S31A00EAD7DD0A64086C08740774478406840694069447A445A445CC
S31A00EAD7F2AC45B485BC45BC85C444C444C443C4000343CC0003D6
S31A00EAD80703CC805003B38D9ACA8B49A40CAC4CAC0CBB8EB34D59
S31A00EAD81CAACE9A4C928D9B0E9B0B9B0CB309B2C8AA88AA88B248
S31A00EAD83149AA48BA4AC2CCC2CEC2CEB2CDB28CB28BB28BB24AD2
S31A00EAD846AA09BA08C28AD1C8E24AD104D945E0C2E903E901E903
S31A00EAD85B000302E1000803E1000504E18001040004D8C40004E3
S31A00EAD870D8C50002D8C40004D8C50002D8C60004D8C70002D8BA
S31A00EAD885870002D8888017D889E089E08AE08AE08BE08BE88C36
S31A00EAD89AE88CE88DE88DE88EE800058EF080038FF08F0004E8CD
S31A00EAD8AF8E0002E08D0002D88C8002D08C0003D08B0002C88B80
S31A00EAD8C40002C8CA800FC0C9C089C0C9C089B8C9B889B8C9B89D
S31A00EAD8D90006C8B08001C80004A8C70008A0C7000498C700043A
S31A00EAD8EE98C6000C90C6000888C6000880C500084986000851A2
S31A00EAD9038600105187000849C7800251C7000D51C8000751C9B8
S31A00EAD918000352090004520A0006520B00024A0C0002520C0031
S31A00EAD92D024A0C00024A0D00044A0E00024A0F000242108004B5
S31A00EAD94241D241D1000439D300053194000339D5000239D48041
S31A00EAD9573F39D339D43A134213425342534A8E4ACE4B0D534EBE
S31A00EAD96C538C538C5BCA5C0A64086C08740774478406840694AF
S31A00EAD981069447A445A445AC45B445BC45BC85C444BC44C443B3
S31A00EAD996C4000343CC000303CC805503B38D9ACA8B49A40CAC38
S31A00EAD9AB4CAC0CBB8EB34DAACE9A4C928D9B0E9B0B9B0CB309FB
S31A00EAD9C0B2C8B288AA88B249AA48BA4AC2CCC2CEC2CEB2CDB2AC
S31A00EAD9D58CB28BB28BB24AAA09BA08C28AD9C8E24AD104D945CA
S31A00EAD9EAE0C2E903E901E901E102E1020008E1030006E1040039
S31A00EAD9FF04D8C40004D8C50002D8C40004D8C50002D8C60004FF
S31A00EADA14D8C70002D8870002D8880002E0890002E08A0002E0F2
S31A00EADA298B0002E88C0002E88D0002E88E0004F08E0002F08F05
S31A00EADA3E0004E88E0002E08D0002D88C8002D08C0003D08B0058
S31A00EADA5302C88B0002C8CA800FC0C9C089C0C9C089B8C9B889F0
S31A00EADA68B8C9B80006C8B08001C80004A8C70008A0C70004983B
S31A00EADA7DC7000498C6000C90C6000888C6000288C5000680C529
S31A00EADA92000849860008518600105187000851C7000E51C800AA
S31A00EADAA70551C9000552090004520A0006520B0006520C0002D2
S31A00EADABC4A0D00044A0E00024A0F00024210000241D1000239B4
S31A00EADAD1D2000239D300043194000339D4804639D539D439D4A9
S31A00EADAE639D33A133A134213425242534A8E4ACE4B0D530E531B
S31A00EADAFB8C538C5BCA5C0A6408640874077447840684068C067C
S31A00EADB109447A445A445AC45AC45BC45BC45C444BC44C443C4AC
S31A00EADB25430006CC038054B38D9ACA8B49A40CAC4CAC0CBB8EEE
S31A00EADB3ABB4DAA8E9A4C928D9B0E9B0B9B0CB309B2C8B288B289
S31A00EADB4F88B249AA48BA4BC2CCC2CEC2CEB2CDB28CB28BB28B72
S31A00EADB64B24AAA09BA08C28AD9C9EA4BD104D945E0C2E902E9BF
S31A00EADB7901E901E902E9020008E1030006E1040004D8C4000A65
S31A00EADB8ED8C50002D8C60004D8C70004D8880002E0890002E001
S31A00EADBA38A0002E08B0002E88C0003E88E0003F08E0004F08F93
S31A00EADBB80003E88E800CE08EE08DE08DD88CD88CD08C0003D024
S31A00EADBCD8B0002C88B0002C8CA800FC0C9C089C0C9C089B8C92B
S31A00EADBE2B889B8C9B80006C8B00002C8A80002C7A80008C7A0F4
S31A00EADBF70005C7980003C698000CC6900009C6888002C58800DC
S31A00EADC0C06C5808001C50008498600085186001051870008518B
S31A00EADC21C7000E51C8800851C9520951C951C9000552098002FD
S31A00EADC365A090004520A0006520B0006520C00024A0D00044AB8
S31A00EADC4B0E00024A0F00024210800C421141D139D239D239D304
S31A00EADC6039D3000431D4800239D4000339D5000239D400033ABE
S31A00EADC7513802D4213425242534A8E4ACE4B0D530E534C538C45
S31A00EADC8A5BCA5C0A6408640874077447840684068C069447A4D7
S31A00EADC9F45A445AC45AC000345BC800744BC44C443C4430006D2
S31A00EADCB4CC038054B38D9ACA8B49A40CAC4CAC0CC38EBB4DAAED
S31A00EADCC98E9A4C928D9B0E9B0C9B0CB309B2C9B288B288B24926
S31A00EADCDEAA49BA4BC2CCC30EC2CEB2CDB28CAA8BB28BB24AAA85
S31A00EADCF309BA08C28AD9C9EA4BD104D945E0C2E902E8C1E9012B
S31A00EADD08E902E9020008E1030006E1040004D8C4000AD8C50022
S31A00EADD1D02D8C60004D8C70004D8880002E0890002E08A000281
S31A00EADD32E08B0002E88D0002E88E0003F08E0005F08F0003E8A2
S31A00EADD478E800CE08EE08DE08DD88CD88CD08C0003D08B0002F1
S31A00EADD5CC88B0002C8CA800FC0C9C089C0C9C089B8C9B889B82E
S31A00EADD71C9B80006C8B00004C8A80008C7A00005C7980003C69E
S31A00EADD8698000CC690000AC6880006C6808001C60010518600CC
S31A00EADD9B105187000851C7000D51C88002520800085209000214
S31A00EADDB05A090004520A0006520B0006520C00044A0D00024A3D
S31A00EADDC50E00024A0F00024210000241D1800841D341D239D3CD
S31A00EADDDA39D3000839D400023A1400023A1300024212000242EA
S31A00EADDEF528034428E4A8F4B0E530E534C538D5BCA5C0B64084F
S31A00EADE04640974477447840684068C069447A445A445AC45AC46
S31A00EADE1945B445B445BC44BC44C443C4430004C4030002CC0323
S31A00EADE2E8054B38D9ACA8B49A40CAC4CAC0CC38EBB8EAA8E9AD7
S31A00EADE434C8A8D9B0E9B0C9B0CBB09B2C9B2C8B288B249B24997
S31A00EADE58BA4BC2CCC30EC30EB2CDAA8CAA8BB28BB24AAA09BA00
S31A00EADE6D08C28AD9C9EA4BD104D945E0C2E902E8C1E8C1E902C8
S31A00EADE82E9020008E1030004E1040004D9040002D8C40002D981
S31A00EADE97050008D8C50002D8C60004D8C70004D8880004E08AC7
S31A00EADEAC800BE08BE88CE88DE88DE88EE800038EF000038FF0BC
S31A00EADEC100038FE800028EE800028EE0800E8DE08DD88CD88CAA
S31A00EADED6D0CCD08BD0CBD000038BC88003CAC8CA0003C0C980A4
S31A00EADEEB02C0890003B8C98001B80006C8B00005C8A80007C769
S31A00EADF00A00005C7980003C698000CC6900010C6888001C600B0
S31A00EADF1510518600085187000851C7001451C800025208000790
S31A00EADF2A520900025A0980015A00050A5200060B5200050C5230
S31A00EADF3F80010C00044A0D00024A0E00024A0F00024210800C60
S31A00EADF54421241D141D341D239D339D3000839D400023A1400BE
S31A00EADF69023A1300024212000242528032428E4A8F4B0E530E63
S31A00EADF7E534C538D5BCA5C0B6408640974477447840684068CA4
S31A00EADF93069447A445A445AC45AC45B445B445BC44BC44C443FB
S31A00EADFA80007C4038054B38D9ACA8B49A40CAC4CAC0CC3CEC3A6
S31A00EADFBD8EAA8E9A4C8A8D9B0E9B0C9B0CBB09B2C9B2C8B2C872
S31A00EADFD2B289B249BA4BC2CCCB0EC30EB2CCAA8CAA8BB28BB2FF
S31A00EADFE74AAA09BA08C28AD9C9EA4BD104D945E0C2E902E8C12A
S31A00EADFFCE901E902E9020008E1030004E1040004D9040002D8D0
S31A00EAE011C40002D9050008D8C50002D8C60004D8C70004D8881A
S31A00EAE0260003E08A8010E08BE08CE88CE88DE88DE88EE88EF0E7
S31A00EAE03B8E0005F08F0002E88F0003E88E8011E08EE08DE08D03
S31A00EAE050D88CD88CD0CCD08BD0CBD000038BC88003CAC8CA006C
S31A00EAE06503C0C98002C0890003B8C98001B80006C8B00006C856
S31A00EAE07AA80006C7A00005C7980003C6980004C6908001C60026
S31A00EAE08F039106000590C6001088C6001051860008518700086A
S31A00EAE0A451C7001351C8000252080007520900025A0900025AB4
S31A00EAE0B90A0004520A0006520B0006520C00044A0D00024A0E7C
S31A00EAE0CE00024A0F00024A1000024211000241D2000241D30016
S31A00EAE0E30739D4800642144213421300044212000242520002AE
S31A00EAE0F84A8F80304ACE530F4B4C538D5BCA5C0B6408640974D0
S31A00EAE10D4774477C0684068C468C479C45A445AC45AC45B445B5
S31A00EAE122B445BC44BC44C404C4040004C4030002C4048054B353
S31A00EAE1378D9ACA8B49A40CAC4CAC4CC3CFC38EAA8D9A4C8A8D67
S31A00EAE14C9B0E9B0C9B0CBB09B2C9B2C8B2C8B289B249BA4BC2A7
S31A00EAE161CCCB0ECB0EB28CAA8CAA8BB28BB24AAA09BA48CA8A50
S31A00EAE176D9C8EA4AD104D945E0C2E903E901E901E902E90200A4
S31A00EAE18B08E1030002E1040008D9040004D9050004D8C5000252
S31A00EAE1A0D8C60004D8C70002D8C80002D8880002D8890002E0F0
S31A00EAE1B58A0002E08B0002E88C0002E88D0002E88E0006F08F84
S31A00EAE1CA0002E88F0002E88E0002E08E0002E08D0002D88C809A
S31A00EAE1DF05D0CCD08BD00003CBC88005CBC0CAC0CA0004C0C9E8
S31A00EAE1F40003B8C98001B80006C8B00006C8A80006C7A0000503
S31A00EAE209C7980003C6980004C6908001C600049106000490C6BA
S31A00EAE21E001088C60010518600085187000851C7001351C8008A
S31A00EAE2330252080006520900025A0900035A0A0004520A0006F7
S31A00EAE248520B0006520C00044A0D00024A0E00024A0F00024AB4
S31A00EAE25D1000024211000241D2000241D3000639D400024214C1
S31A00EAE2720002421300044212000242528034428F4A8F4ACE5399
S31A00EAE2870F4B4C538D53CA5BCB64086409744774477C0684066E
S31A00EAE29C8C468C479C45A445AC45AC45B445B445BC44BC44C476
S31A00EAE2B104C4040006C4038054B38D9ACA8B49A40CAC4CAC4CE3
S31A00EAE2C6C3CFC38EAA8D9A4C8A8D9B0E9B0CA30CBB09B2C9B24C
S31A00EAE2DBC8B2C8B289B249BA4BC2CCCB0ECB0EB28CAA8CAA8BD8
S31A00EAE2F0B28BB24AAA09BA48CA8AD9C8EA0AD104D945E0C2E9D4
S31A00EAE30503E901F102E902E9020008E1030002E1040008D904A5
S31A00EAE31A0004D9050004D8C50002D8C60004D8C70002D8C80096
S31A00EAE32F02D8880002D8890002E08A0002E08B0002E88C0002D3
S31A00EAE344E88D0002E88E0006F08F0002E88F0002E88E0002E08F
S31A00EAE3598E0002E08D0002D88C8005D0CCD08BD00003CBC880FA
S31A00EAE36E05CBC0CAC0CA0004C0C90003B8C98001B80006C8B0FE
S31A00EAE3830006C8A88001C80006A0C7000498C7000498C60004A0
S31A00EAE39890C600059106000390C6000688C600028906000288C6
S31A00EAE3ADC60006890600085186000D5187000951C7001051C802
S31A00EAE3C20004520800045209000A5A0900025A0A0002520A80E8
S31A00EAE3D7035A0A5A00050B5200060C5200030D5280010D0004C6
S31A00EAE3EC4A0E00024A1000024211000241D2000241D3000439BB
S31A00EAE401D4800839D341D44213421300044212804042514252B0
S31A00EAE416425142514A904A904ACE4B0F4B4D538E53CB5BCB6494
S31A00EAE42B0964096C4774487C067C468C468C479C059C45A445B3
S31A00EAE440AC45B445B445BC44B404BC04BC04C404C4040004C365
S31A00EAE455C48054B38DA30A8B489BCBAC4DAC4DC38EC3CFB2CEAF
S31A00EAE46A9A0C8A4C92CE9B0C9B0CB309B2C8B2C9B288AA48AAFC
S31A00EAE47F48BA8BCACDCB0EC30EB2CDAA8CAA8BB28BBA4AB249A4
S31A00EAE494BA08C289E1C9E20AD904D904E903E0C2F101E8C1E914
S31A00EAE4A902E9020008E1030002E1040006D904800AD905D90486
S31A00EAE4BED905D905D1050003D0C50004D8C60004D8C70002D810
S31A00EAE4D3C80004D8C90002E08A0002E08B0002E08C0002E88D19
S31A00EAE4E80004F08F0002F0900002F08F0004E88E0002E08E00BF
S31A00EAE4FD02D88D0002D88C8005D0CCD0CBD00003CBC88001CBDF
S31A00EAE5120003C0CA0003C0C90003B8C98001B80004C8B00008AA
S31A00EAE527C8A88001C80006A0C7000498C700039906000398C663
S31A00EAE53C000290C600059106000390C6000688C60002890600A8
S31A00EAE5510288C60006890600085186000C5187000951C70010EC
S31A00EAE56651C80005520800035209000B5A0900025A0A80015233
S31A00EAE57B00030A5A80040B520B5A00030B5200060C5200030D1A
S31A00EAE5905280010D00044A0E00024A1000024211000241D20084
S31A00EAE5A50241D3000439D4800839D341D442134213000442129F
S31A00EAE5BA802F4251425242514A514A904A904ACE4B0F4B4D5347
S31A00EAE5CF8E53CB5BCB640964096C4774487C067C468C468C4743
S31A00EAE5E49C059C45A445AC000345B4800B44B404BC04BC04C454
S31A00EAE5F904C4040004C3C48054B38CA30A8B499BCBAC4DAC4CDB
S31A00EAE60EC38EC3CFAACE9A0C8A4C92CE9B0C9B0CB309B2C9B299
S31A00EAE623C9B288AA49AA48BA8BCACDCB0EC30EB2CDAA8CAA8B9A
S31A00EAE638B28BBA4AB249BA08C289E1C9E20AD904D904E903E078
S31A00EAE64DC2F101E8C1E902E9020008E1030002E1040006D904DF
S31A00EAE6620004D9050002D1050002D0C50004D8C60004D8C7001D
S31A00EAE67702D8C80004D8C90002E08A0002E08B8008E08CE88C16
S31A00EAE68CE88DE88E0004F08F0002F0900002F08F0004E88E009E
S31A00EAE6A102E08E0002D88D0002D88C8005D0CCD0CBD00003CBDD
S31A00EAE6B6C88001CB0003C0CA0003C0C90004B8C90004B0C80031
S31A00EAE6CB08A8C88002A0C80005A0C7000498C700039906000374
S31A00EAE6E098C6000290C600059106000390C6000688C6000289AB
S31A00EAE6F506000288C60006890600085186000851C7000251875C
S31A00EAE70A000951C7001151C80002520800025A080002520800A3
S31A00EAE71F02520900085A0900085A0A00065A0B0006520C800270
S31A00EAE734524D0003520D0002520E00024A0F00024A1000024A7A
S31A00EAE74911000241D2000241D300023994000239D4000241D39B
S31A00EAE75E00024212000342118001420005514A0002904A802A21
S31A00EAE773CF4ACF4B4D538E53CB5BCB5C0964496C476C487C46C1
S31A00EAE7887C47844684479C459C45A445A445AC45AC45B444B412
S31A00EAE79D000304BC8001040003BBC40002C3C48054B38CA30A64
S31A00EAE7B28B499BCBAC4DAC4CC38EC3CFAACE9A0B824C92CE9B6E
S31A00EAE7C70C9B0CB309B2C9B2C9B288B249AA48BA8BCACDCB0E0C
S31A00EAE7DCC30EB2CDB28CAA8BB28CBA8AB249BA08C28AE1C9E25E
S31A00EAE7F10AD904D904F103E8C2F101F0C1E902E9020006E1035E
S31A00EAE8060002D9030008D9040006D9050004D8C60004D8C70021
S31A00EAE81B04D8C80002D8C90002D8CA0004E08B800CE08DE88D30
S31A00EAE830E88EE88EF08FF08F0005F0908002F0500004E88E0038
S31A00EAE84502E08E0002D88D8007D8CCD88CD0CCD00004CBC880E5
S31A00EAE85A01CB0003C0CA0002C0C90003B8C90002B0C90004B022
S31A00EAE86FC80008A8C80003A0C80004A0C7000398C7000299078A
S31A00EAE88400029906000298C6000290C600069106000290C60041
S31A00EAE8990688C600028906000288C600068906000851870011BF
S31A00EAE8AE51C7000651C88001590009C8518001C800035208008C
S31A00EAE8C3045A0880025208000B5A0900085A0A00045A0B0002C9
S31A00EAE8D85A4B00025A4C00025A0C0002524C0004524D000252EF
S31A00EAE8ED0E0002520F00024A1000024A11000241D2000241D3D1
S31A00EAE90200023994000239D4000241D3000442128001420006FB
S31A00EAE917514A0002904A802FCF4ACF4B4D538E53CB53CB5C09D3
S31A00EAE92C64496C476C487C467C47844684479C459C45A445A469
S31A00EAE94145AC45AC45B404B404BC04BC040004BBC40002C3C4AE
S31A00EAE9568054AB4CA30A8B499BCBB44DAC4CC38EC3CFAACE9A1C
S31A00EAE96B0B824C92CE9B0C9B0CB309B2C9B2C9B288B249B2493E
S31A00EAE980BA8BCB0DCB0EC2CEB2CDB28CB28BB2CCBA8AB209BADB
S31A00EAE99508C28AE1C9E20AD904D904F103E8C2F101F0C1E902AD
S31A00EAE9AAE9020006E1030002D9030006D9048004D905D9040093
S31A00EAE9BF06D9050004D8C60004D8C70003D8C80003D8C90002E1
S31A00EAE9D4D8CA0004E08B800CE08DE88DE88EE88EF08FF08F00D5
S31A00EAE9E905F0908002F0500004E88E0002E08E0002D88D80070A
S31A00EAE9FED8CCD88CD0CCD00004CBC88001CB0003C0CA0002C06E
S31A00EAEA13C90003B8C90002B0C90004B0C80009A8C80004A0C8D5
S31A00EAEA280003A0C7000298C70003990700029906800698C69165
S31A00EAEA3D0690C60008910600108906001551C7000751C80004E9
S31A00EAEA5259C8000851C80002520800035A08000B5A09000C5AE8
S31A00EAEA670A80025A0B00055A4B00065A4C0004524D802B524E75
S31A00EAEA7C520E520F520F4A104A104A114A1141D241D241D3418E
S31A00EAEA91D33994399439D439D441D341D3421242124251420054
S31A00EAEAA607514A0002914A802FCF4AD04B4D534E53CB53CB5C83
S31A00EAEABB0964496C486C487C467C47844684479C459C45A44573
S31A00EAEAD0A445AC45AC45B404B404BC04BC040004BBC40002BB46
S31A00EAEAE5C58054AB4CA30A8B49A40BB44DAC0CC38EC3CFAACE58
S31A00EAEAFA9A0C8A4C92CE9B0CA30CBB09B2C9B2C9B2C8B249B204
S31A00EAEB0F49C28BCB0DCB0EC2CEB2CCB28CB28BB2CCBA8AB209B4
S31A00EAEB24BA08C28AE1C9E20AD904D904F103E8C2F101F0C1E865
S31A00EAEB39C2E8C20004E1030002E8C30002D9030006D90400060F
S31A00EAEB4ED9050002D1050002D1060002D0C60002D8C70004D81E
S31A00EAEB63C80002D8C90004D8CA0002E08B0002E08C0002E88D4A
S31A00EAEB780002E88E0002F08F0004F0900002F0500002E88E0061
S31A00EAEB8D04E08E0002D88D0003D0CC8001D00004CBC88001CBD7
S31A00EAEBA20003C0CA0002C0C90003B8C90002B0C90004B0C800DB
S31A00EAEBB70AA8C88010A108A0C8A108A0C8A107A0C798C798C760
S31A00EAEBCC00049907000499060008910600108906001351C70094
S31A00EAEBE10751C8000659C80008520800035A08000D5A09000CA5
S31A00EAEBF65A0A00045A4B00085A4C00035A4D802A524D524E527A
S31A00EAEC0B4E524F524F4A104A104A114A1141D241D241D341D3BC
S31A00EAEC203994399439D439D441D341D34212421200084A5100C8
S31A00EAEC35024A9180304ACF4AD04B4D534E53CB53CB5C09644993
S31A00EAEC4A6C486C487C467C47844684479C459C45A445A445AC03
S31A00EAEC5F45AC45B404B404BC04BC040006BBC48054AB4CA2CACE
S31A00EAEC748B49A40CB44DAC0CC38EC3CFB2CF9A4C8A8C9ACE9BFB
S31A00EAEC890CA30CBB09B2C9B2C9B2C8B249B289C28CCB0DCB0E62
S31A00EAEC9EC2CEB28CB28CB2CCB2CCBA8AB209BA08C28AE1C9E2D0
S31A00EAECB30AD904D904F103E8C2F101F0C1E8C2E8C20004E1031B
S31A00EAECC80002E8C30002D9030006D9040008D9050002D9060012
S31A00EAECDD02D9070002D8C70004D8C80002D8C90003D8CA80162D
S31A00EAECF2E0CAE08BE08BE08CE08CE88DE88DE88EE88EF08FF080
S31A00EAED078F0004F0900002F0500002E88E0004E08E0002D88D61
S31A00EAED1C0003D0CC8001D00004CBC88001CB0003C0CA0002C0D0
S31A00EAED31C90003B8C90002B0C90004B0C8000AA8C80005A10871
S31A00EAED468001A100080799000306998003079907000C9106008F
S31A00EAED5B0A8906001051C7000651C8000A59C800085208000E38
S31A00EAED705A09000B5A0A00025A4A00055A4B00085A4C00045A70
S31A00EAED854D0002524E0002524F00024A1000024A11000249D221
S31A00EAED9A000241D300023995000239D4000241D3800442114250
S31A00EAEDAF1200074A5100034A9100024AD0802C4B4D534E538BEE
S31A00EAEDC453CB5C09644A6C486C4874467C47844684479C459C22
S31A00EAEDD945A445A445AC45AC45B404B404BC04B4040004BBC4D1
S31A00EAEDEE0002BBC58054AB4CA2CA8B49A40CB44DAC0CBB8EC31E
S31A00EAEE03CFB30FA24C8A8D9B0EA30CA30CBB09B2C9B2C9B2C839
S31A00EAEE18B289B289C28CCB0DCB0EC2CEB28CB28CB2CCBACCBAB6
S31A00EAEE2D8AAA09BA08C28AE1C9E20AD904D904F103E8C2F101B5
S31A00EAEE42F0C1E8C2E8C20004E1030002E8C30002D9030006D974
S31A00EAEE57040008D9050002D9060002D9070002D8C70004D8C8C4
S31A00EAEE6C0002D8C90002D8CA0002E0CA0002E08B0002E08C00D3
S31A00EAEE8102E88D0002E88E0002F08F0004F0900002F050000254
S31A00EAEE96E88E0004E08E0002D88D0003D0CC8001D00004CBC8A1
S31A00EAEEAB8001CB0003C0CA0002C0C90003B8C90003B0C9800876
S31A00EAEEC0B0C8B108B0C8A9080009A8C80005A1088001A10009A1
S31A00EAEED507990002069980050799079107000B9106000A8906F8
S31A00EAEEEA001051C7000551C8000959C8000A5A08000E5A0900D6
S31A00EAEEFF0A5A0A00025A4A00065A4B00085A4C00045A4D0002F4
S31A00EAEF14524E0002524F00024A1000024A11000249D20002419C
S31A00EAEF29D300023995000239D4000241D38004421142120006EA
S31A00EAEF3E4A5100044A9100024AD0802C4B4D4B4E538B53CB5C03
S31A00EAEF5309644A6C486C4874467C47844684479C459C45A445DD
S31A00EAEF68A445AC45AC45B404B404BC04B4040004BBC40002BBB1
S31A00EAEF7DC58054AB4CA2CA9349A40CB44DAC0CBB8EC3CFBB0FA9
S31A00EAEF92A24D8A8D9B0FA30CA34CBB09B2C9B2C9B2C8B289B20B
S31A00EAEFA789C28CCB0DCB0EC2CEB28CB28CB2CCBACCBA8AAA09D6
S31A00EAEFBCBA08C28AE1C9E20AD904D904F103E8C2F101F0C1E8C9
S31A00EAEFD1C2E8C20004E1030002E8C30002D9030006D904000871
S31A00EAEFE6D9050002D9060002D9070002D8C70004D8C80002D866
S31A00EAEFFBC90002D8CA0002E0CA0002E08B0002E08C0002E88DA6
S31A00EAF0100002E88E0002F08F0004F0900002F0500002E88E00C4
S31A00EAF02504E08E0002D88D0003D0CC8001D00004CBC88001CB3A
S31A00EAF03A0003C0CA0002C0C90003B8C90002B0C98004B109B0CC
S31A00EAF04FC80003B1088008A908A8C8A8C8A9080005A8C80006F3
S31A00EAF064A10800089907000299060002990780029107000B915D
S31A00EAF07906000A8906000951C7000759C7000251C8000E59C861
S31A00EAF08E00085A0900035A08000B5A09000A5A0A0002624B0022
S31A00EAF0A3065A4B00045A4C00045A4D00045A4E0004524E000216
S31A00EAF0B8524F00024A11800C4A134A1241D341D341D441D400BE
S31A00EAF0CD0341D3804E421342124A5242514A514A504A514A91D6
S31A00EAF0E24A904A904A50429042914AD04AD04B0E530E538C5316
S31A00EAF0F78C540A5C0A644864487446744784468C4694459C45A1
S31A00EAF10CA445A446AC45AC45B405AC05BC05B405BC05BBC40025
S31A00EAF12104BBC58054A30D9B0C8B8A9C0CAC4CAC0BC38DC38E2D
S31A00EAF136BB10A24D8A4D9ACFA30CA34DBB09B2C8B2CAB28AB293
S31A00EAF14B86B287CB0ACB0AC2CECB10B2CEB28EB2CAB2CABA88F1
S31A00EAF160AA46BA09C24BE20AEA4BD945D104E902E901F101F11E
S31A00EAF17500E8C1E8C10004E8C30002F0C38001E9000403E1800D
S31A00EAF18A0204E1000304D9000505D9800505D106D1060006D9BF
S31A00EAF19F070002D8C80004D8C90004E0CA0002E08C8014E08D00
S31A00EAF1B4E88DE88FE88FF050F050F051F051F091F0910003F0FC
S31A00EAF1C9908006F050E88FE88F0003E08E800BE08DD8CDD8CD4A
S31A00EAF1DED0CCD0CCD00004CBC88002CAC80003CAC08002C9C0E1
S31A00EAF1F30005C9B80003C9B08003C8B1080003B0C80007A908DE
S31A00EAF2080003A1080006A1070003990700099906000A910600BB
S31A00EAF21D07890600038905001059C7000F59C880025A08000879
S31A00EAF2325A0980025A08000D5A0900085A0A8002620A0007625D
S31A00EAF2474B00065A4C00045A4D00045A4E0004524E0002524F2D
S31A00EAF25C00024A11801C4A134A1241D341D341D439D439D34164
S31A00EAF271D341D3421342124A524A514A5100044A9100024A907B
S31A00EAF2868094429042914AD04AD04B0E530E538C538C540A5C64
S31A00EAF29B0A644864487446744784468C4694459C45A445A4466E
S31A00EAF2B0AC45AC45B405AC05B404B404B3C4B3C4BBC5B3C5BBFC
S31A00EAF2C5C5BBC5A30D9B0C8B8A9C0CAC4CAC0BC38DC38EBB10D0
S31A00EAF2DAA24D8A8D9ACFA30CA34DBB09B2C8B2CAB28AB286B241
S31A00EAF2EF87CB0ACB0AC2CECB10B2CEB28EBB0AB2CABA88AA474A
S31A00EAF304BA09C24AE20AEA4BD945D104E902E101F101F0C0E8CA
S31A00EAF319C1E8C10004E8C30002F0C30004E1030002E104000250
S31A00EAF32ED9040006D9050002D1060006D9070002D9080004D89B
S31A00EAF343C90004E0CA0002E08C8014E08DE88DE88FE88FF0503C
S31A00EAF358F050F051F051F091F0910003F0908006F050E88FE844
S31A00EAF36D8F0003E08E800BE08DD8CDD8CDD0CCD0CCD00004CB82
S31A00EAF382C88002CAC80003CAC08002C9C00006C9B80002C9B010
S31A00EAF3978009C9B108B108B0C8B0C80009A9088002A1080006D2
S31A00EAF3ACA1070003990700099906000B910600078906000289A6
S31A00EAF3C105001059C7000D59C800035A0800145A0900075A0A9D
S31A00EAF3D68002620A000A624B00045A4C00065A4D00065A4E0088
S31A00EAF3EB02524E0002524F801A52114A114A1349D341D441D3DE
S31A00EAF40041D5419539D441D441D342134A1200034A520004523F
S31A00EAF41591000252900002429100024AD0801F4B0E530E538C54
S31A00EAF42A538D540A5C0B644864497447744784468C4694459C58
S31A00EAF43F45A445A4000345AC800505AC04B4040003B3C4000294
S31A00EAF454B3C50002BBC5804EA30D9B0C8B8A9C0CAC4CAC0BC365
S31A00EAF4698DC38EC351AA4D928E9ACF9B0CA34DBB09B308B2CA9A
S31A00EAF47EB2CAB287B287CB0ACB0AC2CECB10B28EB2CEBB0ABB46
S31A00EAF4930ABA88B247BA09C24AD9CAEA4BD945D104E902E0C109
S31A00EAF4A8F1010003F0C10004E8C30002F0C30004E9030004E180
S31A00EAF4BD040002E1050004D9050002D9060002E0C70004D9070E
S31A00EAF4D20002D8C80004D8C90002E0CA0002E0CB0002E08C0027
S31A00EAF4E702E88D0002E88F800CF050F090F051F051F091F09160
S31A00EAF4FC0003F090801FF050E88FE88FE08EE08ED88ED88DD83C
S31A00EAF511CDD8CDD0CCD0CCD0CBD0CBC8CBC8CAC80005CAC00099
S31A00EAF52602C9B8800DC9B909B909B8C9B8C9B108B0C80003B19C
S31A00EAF53B088002B0C8000AA9080008A10700029907000C990611
S31A00EAF550000991060006890680028905000F59C7000C59C80015
S31A00EAF565055A0800105A0900055A0A80015A00054A62000A4B7D
S31A00EAF57A6200064C6280024D6200054D5A00054E5A00034E5249
S31A00EAF58F00024F52801A1152114A134A1341D441D33994399449
S31A00EAF5A439D441D441D342134A124A00035252000391520002A2
S31A00EAF5B9905280319042914A914AD04AD04ACE530E538C538C11
S31A00EAF5CE540A5C0B64486449744774478C468C4694459C45A4A2
S31A00EAF5E345A445AC45A445AC04AC040004B3C40002B3C50002C4
S31A00EAF5F8BBC58054A30D9B0C8B8A9C0CAC4CAC4CC38DC38EC352
S31A00EAF60D51AA8E928E9ACF9B0CA34DBB09B309B2CAB2CAB2879E
S31A00EAF622B287CB0ACB0AC2CECB10B28DB2CEBB0ABB0ABA88B258
S31A00EAF63747BA09BA4AD9C9E24BD945D905E902E0C1F101F0C0C7
S31A00EAF64CF0C1F0C10004E8C30002F0C30003E9038002E103009E
S31A00EAF66104E1040002E1050002D9050004D9060002E107000422
S31A00EAF676D9070002D9080004D8C90002E0CA0002E0CB0002E0EC
S31A00EAF68B8C8014E88DE88EE88FE88FF090F090F051F051F0917E
S31A00EAF6A0F0910003F090801CF050E88FE88FE08EE08ED88ED87D
S31A00EAF6B58DD8CDD8CDD0CCD0CCD0CBD0CBC8CB0003C8CA0004DF
S31A00EAF6CAC0CA0002B8C90004B9090006B108000AA9080008A145
S31A00EAF6DF0700039907000B9906000A910600068906000C59C770
S31A00EAF6F4000B59C800075A0800025A090006620900085A09003B
S31A00EAF709025A4980055A0A5A4A5A00084A6200084B6200064CB4
S31A00EAF71E6200074D6280014D00065A4E00025A4F000252508083
S31A00EAF73324525252124A134A1349D441D439953995399439D443
S31A00EAF74841D341D34A124A124A514A514A504A5000054A908013
S31A00EAF75D1E4AD14AD04AD04ACE530E4B4C538D540A540B6449E0
S31A00EAF77264497447744784468C4700039C450003A4450002AC54
S31A00EAF787040002ABC40002B3C40002B3850002B3C5804EA30D5D
S31A00EAF79C9B0C8B8AA40DB44CAC4CC38DC38EC351AA8E928E9B5B
S31A00EAF7B10FA30CA34DBB49BB09B2CAB2CAB287B287CB0ACB0AC9
S31A00EAF7C6C2CECB10AA8DB2CEBB0BBB0ABA88B247BA09BA0AD9F6
S31A00EAF7DBCAEA4BE146D905E902E0C1F1010003F0C10002E8C346
S31A00EAF7F00004F0C30004E8C38008E0C4E8C4E104E1040004E127
S31A00EAF805050004D9060002E1060002D9070004D9080002D8C9C3
S31A00EAF81A0002D8CA8023E0CAE0CBE8CBE8CBE08DE08DE88EE8AF
S31A00EAF82F8EE88FF08FF090F090F051F051F091F091F090F0005C
S31A00EAF8440390E88014CFE08FE08EE08ED88DD88DD8CDD8CDD0B2
S31A00EAF859CCD0CCD00004CBC88003CAC8CA0003C10A8002C0CA22
S31A00EAF86E0006B9098002B1090005B1080008A9080002A9070068
S31A00EAF88308A10700049907000A9906000C910600048906000A43
S31A00EAF89859C7000A59C800085A0800025A09000A620900035A7F
S31A00EAF8AD0900025A49000362490008624A0008624B0008624CDB
S31A00EAF8C20008624D0004628E00025A4E00025A4F80505A505275
S31A00EAF8D750525252524A134A1349D449D441D5419539D439D49A
S31A00EAF8EC41D341D3421242124A514A514A504A504A4F4A904A20
S31A00EAF9019052904A914AD14AD04AD04ACE530E4B4C538C53CA59
S31A00EAF916540B644964497447744784478C4700039C450003A494
S31A00EAF92B450002AC048004ABC3AB830004AB840002AB85805784
S31A00EAF940A30D9B0C938BA40DB44CAC4CC38DC38EBB10AA4D92AF
S31A00EAF9558EA310A34CA34DBB49BB09B2CAB2CAB287B2C7CB0A46
S31A00EAF96ACB0AC2CECB10AA4DB2CEBB0BBB0ABA88B287BA09BA5E
S31A00EAF97F09D9CAEA4BE186D945E902E0C1F101F101F0C1F0C14B
S31A00EAF994E8C3E80004C3F00005C3E88002C4E9000304E100035A
S31A00EAF9A905E18001050004D9060004E1070004D9080002D8C996
S31A00EAF9BE0003E0CA8021E0CBE8CBE8CBE08DE08DE88EE88EE837
S31A00EAF9D38FF08FF090F090F051F051F091F091F090F00003909A
S31A00EAF9E8E88016CFE08FE08EE08ED88DD88DD8CDD8CDD0CCD002
S31A00EAF9FDCCD0CBD00003CBC88003CAC8CA0004C10A0002C109BE
S31A00EAFA120005B9098002B1090004B108000AA9080008A10700C4
S31A00EAFA2706990700089906000C910600048906000E59C8000226
S31A00EAFA3C5A08000359C800075A0800025A09000E620980015A1D
S31A00EAFA510004496200084A62000A4B6200084C6200068D6200EB
S31A00EAFA66058E6200038E5A00024F5A8023505A505252525252D9
S31A00EAFA7B134A1349D349D341D541D541D4419441D241D342114E
S31A00EAFA9042114A504A5000034A4F0003528F80204A904AD05284
S31A00EAFAA5CF52CF4ACE530E4B4C538D53CB540B5C4964497447F2
S31A00EAFABA744884478C4700039C450002A445806AA444AC04ACF0
S31A00EAFACF04ABC4ABC4AB84AB84AB85AB85AB45AB85A30D9B0C1B
S31A00EAFAE4938BA40DB44CAC4CC38DC38EB2CFA24D928EA310A3CF
S31A00EAFAF94DA34DBB49BB09BACAB2CAB287BAC7CB0ACB0AC2CE0F
S31A00EAFB0ECB0FAA4CBACEBB0BBB0ABA88B287BA0ABA09D9CAEA80
S31A00EAFB234CE187D946E903E0C2F101F101F0C1F0C10006F0C37D
S31A00EAFB380004E8C30004E8C40002E9050002E1050004E10600A6
S31A00EAFB4D04E1070002E1080002D9098050E0C9D8C9E0CAE0CA8A
S31A00EAFB62E0CBE0CBE8CBE8CCE88DE88DE88EE88EF090F090F01B
S31A00EAFB7751F091F051F051F091F091F090F090E890E88FE0CF95
S31A00EAFB8CE0CEE08EE08ED88DD88DD8CDD8CDD0CCD0CCD0CBD033
S31A00EAFBA1CBC90AC8CAC8CAC0CA0003C10A0003C1090004B909B2
S31A00EAFBB68001B9000508B1000908A9000207A9000707A1000E29
S31A00EAFBCB0799800107000C910600048906000D59C800035A0844
S31A00EAFBE0000259C800075A0800025A09000D6209000462490008
S31A00EAFBF50A624A000A624B00026A4C0004624C0002628C00063E
S31A00EAFC0A628D0006628E802C5A8F5A8E5A8F5A4F5A515A50525A
S31A00EAFC1F52525252134A1349D349D341D541D541D441D441D287
S31A00EAFC3441D2421142114A504A5000034A4F0002528F8022526B
S31A00EAFC49904A904AD052CF52CF4ACE530E4B4C538D53CA540B84
S31A00EAFC5E5C4964497447744884478C4700039C450002A44580EB
S31A00EAFC736AA444AC04AC04ABC4ABC4ABC5AB84AB85AB85AB86CC
S31A00EAFC88AB86A30D9B0C938BA40DB44CAC4CC38DC38DB2CFA265
S31A00EAFC9D4D928EA310A34DA34DBB49BB09BACAB2CAB287BAC7E0
S31A00EAFCB2CB0BCB0BC2CECB0FAA4CBACEC34BBB0ABA88B288BAB0
S31A00EAFCC70AB209D9CAEA4CE187D946F143E0C2F101F101F0C1A8
S31A00EAFCDCF0C10006F0C30004E8C30004E8C40002E9050002E187
S31A00EAFCF1050004E1060004E1070002E1080002D909804AE0C9F0
S31A00EAFD06D8C9E0CAE0CAE0CBE0CBE8CBE8CCE88DE88DE88EE8FE
S31A00EAFD1B8EF090F090F091F091F051F051F091F091F090F090CF
S31A00EAFD30E890E88FE0CFE0CEE08EE08ED88DD88DD8CDD8CDD0C2
S31A00EAFD45CCD0CCD0CBD0CBC90B0003C8CA0003C10A0003C10917
S31A00EAFD5A0004B9090002B9080004B1080008A9080003A90700F2
S31A00EAFD6F08A107000D9907000C910600048906000259C70008D2
S31A00EAFD8459C800035A080003620800035A09001362090002623F
S31A00EAFD9949000B624A0007624B80026A4B00096A8C00046A8D80
S31A00EAFDAE80306A8E6A8D628D624D624D628D628E628E6A8E623B
S31A00EAFDC38E624E628E628F628F62905A4F5A505A505A525A52E4
S31A00EAFDD85A5352524A124A12000441D3800C41D14A124A104A67
S31A00EAFDED11420E420E00034A4E0003528E808D4A8F4ACF52CFC2
S31A00EAFE0252CF530E530E4B4C538D4BCA540B5C496449744774AC
S31A00EAFE178784868C879C459C85A445A485AC45A445AC05AC05F2
S31A00EAFE2CABC4ABC4ABC5ABC5ABC6AB86AB86A3869B0C9B0D9B2D
S31A00EAFE41CCA40DAC0BAC4CC3CEB34CB2CF91CB928EAB519B0C60
S31A00EAFE56A34DC38AB2C8BACAB2CAB287BAC8CB0AD34BCB0FC2A6
S31A00EAFE6BCFAA4CB2CEBB0BBB0ABA88BA88BA0AB209DA0BDA0BF5
S31A00EAFE80E187D946E903E943F9000302F1800302E8C30003E8D4
S31A00EAFE95C20002F0820004F0C30002F0C40002E8C40002E8C568
S31A00EAFEAA0002E9050004E9060004E1070002E1080002E10900AD
S31A00EAFEBF02E0CA0002E0CB0002E08C0002E88C0002E88E000287
S31A00EAFED4F08F0002F0900002F0910002F0510002F0910004E8F3
S31A00EAFEE9900002E08E0002E0CE0002D8CD0002D8CC0002D0CB7A
S31A00EAFEFE0002C8CB0002C8CA0002C10A0006C1090004B9090073
S31A00EAFF1302B9080004B1080006A9080002A9070002A90800024B
S31A00EAFF28A9070007A10700059907000A9906000E9106800259A7
S31A00EAFF3DC7000659C800065A080003620800025A090013620919
S31A00EAFF5280026249000B624A0006624B00036A8B000A6A8C001B
S31A00EAFF67046A8D8006624D628D628D00046A8E0005628E000294
S31A00EAFF7C628F0002629000025A9100025A52802B5253521252FA
S31A00EAFF91134A124A144A144A134A134A124212421042104A0FD9
S31A00EAFFA64A0F4A4E4A4E528E528F528E528F4A8F4A0003CF5204
S31A00EAFFBB801FCE530E4B4C534C4BCA540B5C49644974477488C0
S31A00EAFFD084868C879C459C85A485A4850003AC458007AC05ABE4
S31A00EAFFE5C5ABC5AB000485A3804F46A3469B0D9B0D9C0CA44D24
S31A00EAFFFAAC0BAC4CC3CEB34CB2CF91CB928EAB51A30CA34DC368
S31A00EB000F8AB308BB0BB2CABAC7BAC8CB0AD34BCB0FC2CFA24C15
S31A00EB0024B28EBB0BBB0ABA88B288BA0ABA09DA0BDA0BE187D9FD
S31A00EB003946E903E9430004F1028003F0C3E80003C3F00002C2D4
S31A00EB004EF00004C3F08002C4F00003C4E8800AC5E8C5E905E94D
S31A00EB006305E106E9000306E1000407E1000208E1802B09E10963
S31A00EB0078E0CAE0CAE0CBE0CBE0CCE0CCE88CE88CE88EE88EF0BC
S31A00EB008D8FF08FF090F090F091F091F051F051F091F0910004D5
S31A00EB00A2E8900002E08E0002E0CE0002D8CD0002D8CC0002D0A1
S31A00EB00B7CB0002C8CB8008C90AC8CAC10AC10A0006C10900048C
S31A00EB00CCB9090002B9080004B1080006A9080002A9070002A9D8
S31A00EB00E1080002A9070008A10700049907000A9906000E9106BD
S31A00EB00F6000559C800065A080005620800136209000D624A00D0
S31A00EB010B03624B80016200078B6A00098C6A00058D6A00058ED1
S31A00EB01206A00038E6280178E6ACE6ACF6ACF628F628E628F6279
S31A00EB0135D0629062905A515A500004525100024A1200024A5218
S31A00EB014A00024A5000024A4E8002420D00044A4D80074A8D525D
S31A00EB015F8D528D4A0003CE528021CE530D530D4B4C534C4BCA47
S31A00EB0174540B5C48648974877487848684869C849C84A484A47F
S31A00EB0189850003AC45806DAC05B406AC05ABC6A385A346A34584
S31A00EB019EA346A3469B0DA30D9C0CA44DAC0BAC4CC38DB30BB229
S31A00EB01B3CF91CB8A4DA310A34DAB4DC38ABB09BB0BB2CABAC8D4
S31A00EB01C8BAC8CB0ACB0BCB0FC2CFA20BB28DBB0BBB0BBA88B22D
S31A00EB01DD87BA0ABA0AD20CD20CE1C8D187E143E143F102E9022A
S31A00EB01F2F102E902E903E903E8C3E80007C3F00003C4F08001CC
S31A00EB0207C40004E8C50004E8C60004E1070002E1080002E10907
S31A00EB021C0002E0CA0002E0CB0004E88C0002E88E0002F08F0012
S31A00EB023102F0900002F0510004F0910002E8900002E88F000486
S31A00EB0246E0CE0002D8CD0002D8CC0002D0CB0002C8CB0002C9BA
S31A00EB025B0A0002C10A0006C1090002B9090004B9080005B108AF
S31A00EB02700006A9080005A9070009A107000B990700029906001F
S31A00EB02850E9106000359C800045A0800096208000D6209000356
S31A00EB029A62490010624A80016200088B6A000A8C6A00058D6A1B
S31A00EB02AF800D8D72CE6ACE6A8E6A8E628E6A8E00056ACF80120F
S31A00EB02C46A8F628E624E628F629062905A905A515A5000045231
S31A00EB02D95100025253801D52524A524A504A504A4F4A4F4A4D4D
S31A00EB02EE4A4D4A4C4A4D4A4C4A4D4A8C4A8D4A0003CE5280215E
S31A00EB0303CE530D530D4B4B534C53CA540B5C486489748774872E
S31A00EB0318848684869C849C84A485A4850003AC458068AC05AB01
S31A00EB032DC5ABC5AB85A3859B459B459B46A3469B0DA30D9C0CB3
S31A00EB0342A44DAC0BAC0BBB8DAACBB28E91CB8A4D9ACFA34DAB22
S31A00EB03574DC34ABB09BB0BBACABAC8BAC8CB0ACB0BCB0FC2CF1E
S31A00EB036CA20BB28DBB0BBB0BBAC8B247BA0ABA4AD20CD20CE133
S31A00EB0381C9D987E143E143F102E901F102E902E9030003E8C3B0
S31A00EB03960002F0C20002F0830002F0C30004F0C40004E8C5001A
S31A00EB03AB04E8C60004E1070002E1080002E1090002E0CA000229
S31A00EB03C0E0CB0004E88C0002E88E0002F08F0002F0900002F0A7
S31A00EB03D5510004F0910002E8900002E88F0004E0CE0002D8CD00
S31A00EB03EA0002D8CC0002D0CB0002C90B0003C90A0002C10A0051
S31A00EB03FF05C1090004B9090002B9080007B1080005A908000525
S31A00EB0414A9070009A107000A990700029906000E910600055A32
S31A00EB042908000B620800096209000662490004624A00056A4AC2
S31A00EB043E0004624A0003628A80026A8A00086A8B00086A8C8028
S31A00EB0453126A8D728D6A8D6ACD6ACD72CD6ACE6ACE6A8E00038C
S31A00EB04686ACE80186ACF72CF731073106A8F628E5A4D5A4D5AAD
S31A00EB047D4E628E628F628F0004629000045A9000025A91800CFC
S31A00EB049252904A4F4A4E4A4E4A4C4A4C00044A8C0003528C8052
S31A00EB04A702528D000452CD0002530C80154B4B538B4BCA540A6E
S31A00EB04BC5C48648974867487848584869C000384A4806585ACC4
S31A00EB04D145AC45AC05A4049B849B84A3859B459B459305930540
S31A00EB04E693069B0CA30D9C0CA44DA40BA40BBB4CA2CAAA8E99E5
S31A00EB04FBCC820C928EA34DAB8DBB4ABB09BB0BBB0BBAC8C308B7
S31A00EB0510CB0ACB0BC2CFC2CEA20CB28DBB0BBB0BBAC9B247BA6A
S31A00EB052509BA4ACA0CD24CE209D1C8E144E1440004E90280048E
S31A00EB053AE903E1020004E8C20002F8830004F0830002F08400D4
S31A00EB054F02F0C58004E8C5F0C50004E8C60004E1070002E10880
S31A00EB05640002E1090002E0CA0002E0CB0002E88C0002E88D005F
S31A00EB057902F08F0002F0908008F051F091F051F0510004F09128
S31A00EB058E0002E8900002E88F0002E0CE0002D8CE0002D8CD0075
S31A00EB05A302D0CC0002D0CB0002C90B0002C90A0002C10A000699
S31A00EB05B8C1090004B9090002B9080008B1080002A9080008A9C5
S31A00EB05CD070009A107000B9907800199000D069180010600037D
S31A00EB05E25A08000B62080008620900066249800162000D4A6A74
S31A00EB05F780044A628A6200048A6A00078B6A00048C6A00028C66
S31A00EB060C720008CD720005CE728017CF730F730F72CF6ACE62A5
S31A00EB06218E624D5A0D520C51CC520C5A4E0003628F000462D084
S31A00EB06368001620003905A8022904A504A4F4A4F4A0F4A4E4AB5
S31A00EB064B4E524D528D4A4C4A4C4A4B4A4B4A4C4A8C528C528C5F
S31A00EB06604A0003CD528085CD530C530D4B4B538C4BCA540A5C53
S31A00EB067548648974867487848584C6A484A484A485A485AC456F
S31A00EB068AA444A404A3C49B84A384A386A3859B469B459B469B9F
S31A00EB069F469ACCA30DA40DAC4EA40BA40BB34CA2CAB2CF9A0C5E
S31A00EB06B47A0B8A4DA34DAB8EBB49BB49BB0BBB0BBAC8BB08C220
S31A00EB06C9CACB0AC2CEC2CEB28DB28EBB0BBB0BC2C9B287BA09DA
S31A00EB06DEBA4ACA0BD24CE209D9C8E144E1440004E9028003E1F6
S31A00EB06F302E00004C2E88004C2F883F8000583F0000284F0804A
S31A00EB070802C5F00003C5E80003C6E88001C60004E1070002E1BD
S31A00EB071D080002E1090002E0CA0004E8CC0002E88D0002F08F86
S31A00EB07320002F0908008F051F091F051F0510004F0910002E804
S31A00EB0747900002E88F0002E0CE0002D8CE0002D8CD0002D0CC06
S31A00EB075C0002D0CB0002C90B0002C90A0002C10A0006C10900B2
S31A00EB077104B9090003B9080007B1080002A9080004A90780024F
S31A00EB0786A9470005A9070004A1470004A107000A99078003996A
S31A00EB079B47990009069100034691800146000D6208000762094E
S31A00EB07B0000462490003624A000D6A4A00046A8A00096A8B002E
S31A00EB07C5036A8C000272CC000A72CD000472CE802A730F72CFFB
S31A00EB07DA6ACE6A8E5A4D5A0C51CC49CB51CB520C5A0D624D62B9
S31A00EB07EF8E6A8F6AD06ACF6AD062CF628F5A8E524E0003524D84
S31A00EB080480C041CC420D420D4A4D4A4D524D4A8C4A8C424A42BC
S31A00EB08194A420A420A424A4A4A4A4B4A8B4A8C4ACC52CC52CC45
S31A00EB082E530C530C538B538C540A540A5C486488748674868485
S31A00EB08438584C5A484A484A485A485AC44A404A3C49BC3A3C47B
S31A00EB0858A3C5ABC6A3869B469B459B469B479ACCA34DA44DAC21
S31A00EB086D8EAC0BA40BBB4CA2CAB2CFA24D79CB8A4DA34DAB8E6A
S31A00EB0882BB49BB4ABB0BBB0BBAC8BAC8C2CAC2CAC2CEBA8EBA2D
S31A00EB0897CEBACEBB0ABB0BC2C9B287BA09BA0AC20BCA4CDA0969
S31A00EB08ACD1C8E184D944E942E942E902E902E103E102E0C3E0B5
S31A00EB08C1C3E8C2E8C20004F8830002F0830004F0848002E885BF
S31A00EB08D60003E8C50002E8C60002E1060002E1070002E10800FE
S31A00EB08EB02E1090002E0CA0004E8CC0002E88D0002F08F0002BD
S31A00EB0900F0908008F051F091F051F0510004F0910002E89000A6
S31A00EB091502E88F0002E0CE0002D8CE0002D8CD0004D0CC0002C2
S31A00EB092AC90B0002C90A0002C10A0006C1090004B9090003B9FF
S31A00EB093F080007B1080003A9088006A907A947A9070003A9476D
S31A00EB09540003A9070008A1470004990700089947800199000450
S31A00EB0969069100074691800146000C62080007620900056249B4
S31A00EB097E800162000F4A6A00048A6A00098B6A00038C6A800559
S31A00EB09938C72CC72CC000A72CD000472CE801C6A8E624D5A0C20
S31A00EB09A849CA498A49CB520C5A0C51CB5A4D6A8F72CF72D06AE2
S31A00EB09BDCF00036AD08008628F5A4E520D4A0C000341CC8010B2
S31A00EB09D2420D4A4E4A4E524E4A4D420C3A0A39C90004424A80C5
S31A00EB09E7A84A4A4A4B4A8B528C4A8C4ACC52CC52CC530C530CA0
S31A00EB09FC538B538C540A540A5C48648874867486848584C5A402
S31A00EB0A1184A484A485A485A444A4039BC39B83A3C4A3C4A386DF
S31A00EB0A269B4593058AC4930593069B0CA34DA44DAC8EAC4CA475
S31A00EB0A3B0BBB4CAACABB10A24D820C8A4DAB4DB38EBB49C34AC6
S31A00EB0A50BB0BBB0BBAC8BAC8C2CAC2CABA8EBA8EC30FBACFBB52
S31A00EB0A650ABB0BC2C9B288BA09BA09C20BCA4CDA0AD9C9E184A2
S31A00EB0A7AE144E942E942E902E902E903E103E8C3E8C3E8C2E86D
S31A00EB0A8FC20004F8830002F0830002F0840004E8840004E88554
S31A00EB0AA40002E1060002E1070002E1080002E1090002E0CA00F6
S31A00EB0AB904E8CC0002E88D0002F08F0002F0908008F051F091BB
S31A00EB0ACEF051F0510004F0910002E8900002E88F0002E0CE0078
S31A00EB0AE302D8CE0002D8CD0002D0CC800BD10CD0CCC90BC90B74
S31A00EB0AF8C90AC900030AC1000509C1000509B9000308B900062E
S31A00EB0B0D08B1000508A9000647A9800307A9070008A14700044F
S31A00EB0B22990700089947800199000406910007469180014600EB
S31A00EB0B370762080005620980026A0900036A498002620900033C
S31A00EB0B4C624980026A4900106A4A00056A8B0006728B80016A17
S31A00EB0B6100058C7200028C6A80018C000772CD8019730D7B0F9D
S31A00EB0B767B0E730E730E72CE6A8D624B5A0A520A51C949C949D5
S31A00EB0B8B0003C9518017C949C95A0C628D6ACF7310730F6ACE0A
S31A00EB0BA05A8D524C49CA49CA000541C9800649C941CB41CB00E5
S31A00EB0BB50441CA000241C900034A0980AD4A0A4A4A4A4A4A4B8B
S31A00EB0BCA524B4A4A528B5ACB52CA53095B4A63CA63CA63876B26
S31A00EB0BDFC874087C48840684078C4794888C4494449C459C459A
S31A00EB0BF4A446A406AC06ABC6B406ABC59B4493038B05930593EA
S31A00EB0C090793077B4A93CDAC10AC10B38EB38EBB8BB34AB34DE2
S31A00EB0C1EA2CB924D8A0DB34FBB90AB08BBCACB0ABAC8B309B3A2
S31A00EB0C3309B2CABACAD28DCA8CCACEC24DAB0DBB4FB30BA289AB
S31A00EB0C48C247C247C20BCA0BDA4BD20AD145D146E144D903D9EA
S31A00EB0C5D43D943D903D902E103E103E0C4E8C4E883E800048389
S31A00EB0C72F0000383F8802744F884F084F084E885E884E085E0A1
S31A00EB0C8785D846D846D886D887D888E0C8E0C9E0C9E0CAE0CA3B
S31A00EB0C9CE0CBE0CB0004E88D0002F0500004F0510004F05200B6
S31A00EB0CB102F0510002F0900002E88F0002E0CD0002D8CD0004A5
S31A00EB0CC6D8CC0002D0CB0002D10B0004C90A0004C10A0002C1A0
S31A00EB0CDB090007B9098001B9000308B1000348B1000208B10094
S31A00EB0CF00A08A9800108000AA147000499470002994600039967
S31A00EB0D0547000599460004910600049146000562080006620967
S31A00EB0D1A80026A0900046A490003624980026A49000F6A4A0081
S31A00EB0D2F056A8B0008728B0006728C000272CC80086A8C728CFF
S31A00EB0D4472CD72CD0003730D801472CD6ACD6A8D628C624B5AB2
S31A00EB0D594B5A0A51C949C9498900034988801849C951C9520AF3
S31A00EB0D6E520A730F72CF6A8E624D520C51CB49CA41CA000441DC
S31A00EB0D83C9800241C8000341C9000241CB000441CA000241C9E0
S31A00EB0D9800034A09809A4A0A4A4A4A4A4A4B4A4B528A528B5234
S31A00EB0DADCA528A53095B4B63CA640B63C863C86BC6740784472F
S31A00EB0DC28C478C068405944494449C459C45A446AC46B407B480
S31A00EB0DD707B406B406B407ABC6A3C8A3879B4893487B4A8BCDFF
S31A00EB0DECAC10AC10B38EB38EBB8BB34AB34DAB0C9A8E924DB353
S31A00EB0E014FBB90AB48BB8ACB0ABAC8B309B309B2CABACACA8DF3
S31A00EB0E16CA4CCACFBA4DAB0DBB4FB30BA2C9C247C246C1CACACF
S31A00EB0E2B0BE24BDA0AD105D105D944D9030003D902800DD102C2
S31A00EB0E40D8C3D8C3E0C4E0C4E883E8000483F0000383F8800F57
S31A00EB0E5544F884F084F084E885E885E085E0850004D846000227
S31A00EB0E6AD8870002D8880002D8898010D88BE08BE08CE08CE840
S31A00EB0E7F8DE88DF050F0500004F0510004F0520002F05100021B
S31A00EB0E94F0900002E88F0003E0CD8002D8CD0004D8CC0002D00E
S31A00EB0EA9CB0002D10B0004C90A0004C10A0003C1090007B9095E
S31A00EB0EBE8004B908B1080003B1488008B108B148B108A9480050
S31A00EB0ED303A9088002A9480005A908000BA14700039947000264
S31A00EB0EE899460003994700059946000291060006914600046282
S31A00EB0EFD080004620900026A0900076A49000F6A4A00066A8B8B
S31A00EB0F12000A728B80027B0E00037ACD000372CD801A7ACD72E8
S31A00EB0F27CD72CD7B0D7B0E730D72CD6ACC6A8C5A0A520A51C9E2
S31A00EB0F3C49C90003498880014100038849801FC851C951C95A3E
S31A00EB0F510A5A4A624B6ACD628C520B498941883988418941C98D
S31A00EB0F6641894189000639888005398939CA390005C941800117
S31A00EB0F7BC900044A0900024A4A00024A4B0002528B0002528A66
S31A00EB0F90808C530A634B63CA63CA638863C874087C498C488C33
S31A00EB0FA54884077BC683C483C593C593C6A3C7A407B407B44826
S31A00EB0FBABC47BC47BC49BC49B40BA389934A930A7B4A93CDACEB
S31A00EB0FCF10AC0FB38DB38DBB8BB34AB38DB34CAB109A8EAB0EB3
S31A00EB0FE4BBD0B349B389CB0AC2C9B309BB0ABACABACACA8CC243
S31A00EB0FF94BCACEBA4CAB0DBB4FBB0BAACAC247C247B9CAC20BAB
S31A00EB100EDA4BD20AD105C904D103D0C3D102D1020004D0C20095
S31A00EB102302D8830002E0C30002E8830002F0830002F883000264
S31A00EB1038F8440002F0840003E8858009E045E046E046D846D8A0
S31A00EB104D000346D0000247D0801F48D048D84AD84AE04CE08C90
S31A00EB1062E08DE88DF050F050F051F051F851F851F052F052008E
S31A00EB107704F0510002E8900002E88F0002E0CD0002D8CD0004E1
S31A00EB108CD8CC0004D10B0006C90A0002C10A0004C1090004B9A9
S31A00EB10A1098002B9480003B9080006B1480007A9488006A9478C
S31A00EB10B6A907A907000CA147000899470004994600029106007C
S31A00EB10CB069146000262080006620900086A49000C6A4A0003E7
S31A00EB10E06A8A8005728A6A8B6A000D8B720002CC7200058C72E9
S31A00EB10F50002CD728014CD7B0E7B0E72CD72CC6A8B624B5A0ABE
S31A00EB110A51C949884900038841000588498001C8000451C98022
S31A00EB111F185A0A5A4A41894189418841483948418841894189E6
S31A00EB11343948394800063988000339898001390004C9418004DB
S31A00EB1149C94209420003094A80010A00034A4A8090524A528B49
S31A00EB115E52CA52CA530A5B4B638A638A6BC9744A8C8A848A84DC
S31A00EB11730773C67B8583C67B8483C48BC59406A407AC48B44822
S31A00EB1188BC88C488BC48BC49BC49B40BA389934A8B09838B94C5
S31A00EB119D0DB410AC0FB38DB38DBB8BBB8AB34DB38DB3519A8E49
S31A00EB11B2A2CDBB90BB8AB389CB0AC2C9BB0ABB09B2CABACACA49
S31A00EB11C78CC20BCA8EBA0CAACDBB4FBB4CAACAC247BA47B9CA22
S31A00EB11DCC20ADA4BD20AC905C0C4D103D0C30004C8C10002D028
S31A00EB11F1820002D8830002E0830002E8830002F0830002F88355
S31A00EB12060002F8440002F0840004E8850002E0878007D887D896
S31A00EB121B46D847D8000347D0000248D000024AD8800E4BE04C33
S31A00EB1230E04DE04DF050F050F051F0000351F8800352F8520042
S31A00EB124504F0510002E8900002E88F0002E0CD0002D8CD000411
S31A00EB125AD8CC0004D10B0006C90A0002C10A0004C1090004B9D9
S31A00EB126F090002B9480002B9080006B1480009A9488005A9077C
S31A00EB1284A947A9000A47A1000A479900044699000646918001AE
S31A00EB1299460005620900026A0900096A4900086A4A00046A8AB4
S31A00EB12AE8002728A000C728B000772CC80086A8C728C72CD7A39
S31A00EB12C3CD00037B0D80187ACD6A8B624B5A4A520949C849876C
S31A00EB12D84187414741474187418700044988000449C8801449E1
S31A00EB12ED88418741474187498839463947394741873987000380
S31A00EB130239470004394800043989800939883989398939C93911
S31A00EB13170004CA418001CA0003420A80BF4A0A4A0B4A0A4A0B96
S31A00EB132C4A4A524B528A528A52CA634C6BCC740D848D8C8D8C99
S31A00EB13414B7BC96B466B457B8583C794089408A449A48AB48ADB
S31A00EB1356BCCAC4CAC4CACCCAC489BC4AC48BBC4EABCC930D8A0C
S31A00EB136BCB8B8B9C4DB44FAC0FB38CB38CBBCABB8AB34CB34CAE
S31A00EB1380B3519A8D9A8CBB90BBCBB38ACB0AC309BB0AB309B234
S31A00EB139589BACAD28CC20ACA8EB1CBA28CBB4FBB4CAACAC2478B
S31A00EB13AABA47B1CAB9CAD20BD20AC946C105D104D104C0C2C0C4
S31A00EB13BFC2C0C1C0C1C882C882D083D083D883D883E083E083AE
S31A00EB13D4E883E883F084F084F844F844F845F8000445F08004EB
S31A00EB13E945E887E8000447E0801D47D888D888D848D849D84A30
S31A00EB13FED84AD84CE04CE04DE04DF050F050F051F0510004F81F
S31A00EB1413520002F0510002F0910004E88F0002E0CD0002D8CDEA
S31A00EB14280004D8CC0004D10B0006C90A0002C10A0004C10900C2
S31A00EB143D02B9090002B9490004B9480006B148000AA9480002E0
S31A00EB1452A947000AA147800299470003994600029947000899EB
S31A00EB146746000691460003620900026A09000B6A4900076A4A00
S31A00EB147C80016A00038A72000C8B720004CC720005CC7A800169
S31A00EB1491CC00047B0D801472CC6A8B624A5A0951C951C8498823
S31A00EB14A6418741474147000441870003498800034187000249B2
S31A00EB14BBC88004498841870004394600063947000231470003C0
S31A00EB14D039488002398800043989800A39883989398939C93982
S31A00EB14E5C9000541CA0003420A00034A0A00024A4A00024A4957
S31A00EB14FA809552CA6B8D848E8CD08CCE7C4B6B8763066B457BAE
S31A00EB150FC78C489449A4CBACCBB4CCB50CBD0BBCCBC4CAC4CACC
S31A00EB1524CCCAC489C48BCD0CC4D0AC0D8B0C7A8A8B8B9C0DB45B
S31A00EB15390FABCEB38CB38CC3CAC3CAB38CAB0BAB50928D924BA0
S31A00EB154EB38FBBCBBBCACB0AC309BB0AB309B289BACAD28CC249
S31A00EB15630AC24DA98A9A4BBB4FC34DAACBC247BA47B1CAB1CAC2
S31A00EB1578D20AD20BD147C905D104D104C0C1C0C1C081C081C0E0
S31A00EB158D82C882C8000383D0000283D8801083E083E883F043FD
S31A00EB15A2F083F044F844F845F8000445F08001450004E0460002
S31A00EB15B702D8470002D8480002D8490002D84A0002E04C000274
S31A00EB15CCE04D0002F0500002F0510004F8520002F0510002F0E4
S31A00EB15E1910004E88F0003E0CD800AD8CDD8CCD8CCD90CD90C07
S31A00EB15F60004D10B0006C90A0002C10A0004C1098001C1000653
S31A00EB160B49B9800248B9000948B1000848A9800247A9000A4796
S31A00EB1620A10003479900024699000347990006469900064691BA
S31A00EB16358001460002620980026A09000B6A4900066A4A00030B
S31A00EB164A6A8A8002728A0008728B000372CB000872CC00057A1E
S31A00EB165FCC801172CD72CC6A8C624B59C94987390630C5490099
S31A00EB167405874180078749884988418600034187000241860098
S31A00EB1689024187800649C84187418700043946800539063946A4
S31A00EB169E39000345310002463980134739473147394839483906
S31A00EB16B34939893989394939490003398A0002398B000841CCBF
S31A00EB16C8000349CC00034A4A80AE5A8B6B8D845094908C908CC2
S31A00EB16DD4D7C0C738973898C0A9C8CACCDAD0DB4CDB50DB50D44
S31A00EB16F2BD0DBD0CBCCBC4CABCC9C509C4C9C4CCCD0DC490A309
S31A00EB1707CC8ACC828B838A940CAC0EA3CDB38BBBCBC40AC40A76
S31A00EB171CBBCCAB0AAB0F928D8A4BAB4FBBCBBBCBC30AC30ABB82
S31A00EB173109AAC8B248BACADA8CCA0AC24DA9499A0ABB4FC38D80
S31A00EB1746B2CBBA48BA48B1CAA9CACA0AD24BD1C8C146C104B820
S31A00EB175BC3B882B882B082B082B882B883C083C083C883C8835C
S31A00EB1770D083D083D883D883E883E883F084F0840004F8450018
S31A00EB178502F8468028E847E846E847E046E047E047E048E04826
S31A00EB179AD849D849E04BE04BE04CE04CE04DE04DF010F050F0CF
S31A00EB17AF51F8510004F8520002F0510002F0910004E88F000209
S31A00EB17C4E0CD0002D8CD0002D8CC0002D10C0004D10B0006C997
S31A00EB17D90A8001C9000409C1000349C1000349B9000348B900D2
S31A00EB17EE0A48B1000448A9000447A9000A47A1000447998002B1
S31A00EB180346A100044799000746990004469180014600026A0917
S31A00EB1818000B6A4900066A4A00026A8A0003728A0008728B0058
S31A00EB182D0A72CC00067ACC80107B0D7ACD72CC6A8B624A5A0980
S31A00EB184251C849C8000541870003414700044186801F414641EC
S31A00EB18578649C749C84146394631053105394539463906310500
S31A00EB186C31453945394639000346318009473106314731473920
S31A00EB188148000539490002398A0002398B8002398C000941CCAA
S31A00EB1896000249CC00024A4A8013528A6B4D84509CD28C907C9E
S31A00EB18AB0D844D8C8E9CCEA500030EAD80730DA4CCB50DB50D7E
S31A00EB18C0B50CB50DBD0CBD0CC50AC50ACD4ACD0ACD0DCD0DB419
S31A00EB18D54E9B8B8ACD930D7B498BCBA3CDA3CCB38ABBCBC40B17
S31A00EB18EACC0BC40DA30AA30F928D8A4BAB4FBBCBBBCBC30AC367
S31A00EB18FF0AB309AAC8AA48BACADA8CCA0BC20CA149920ABB4F9C
S31A00EB1914C38EB2CBBA48BA48B1CAA9C9CA0AD28CD9C9C146C073
S31A00EB1929C4B0820004B0810002B8820002C0830003C883800E30
S31A00EB193ED083D883D883E043E883F084F0840004F8450002F8E9
S31A00EB1953468007F087F047E847E8000347E0801B48E048D849A6
S31A00EB1968D849E04BE04BE04CE04CE84EE84EF010F050F051F8C5
S31A00EB197D510004F8520002F0510002F0910004E88F0002E0CDD5
S31A00EB19920002D8CD0002D8CC8004D90CD10C0004D10B0006C90D
S31A00EB19A70A8001C9000409C1000349C1000349B9000348B90002
S31A00EB19BC0A48B1000548A9000347A9000B47A100034799000261
S31A00EB19D147A1000347990007469900044691800146000A6A4900
S31A00EB19E600066A4A00026A8A8002728A0008728B800A72CB7A87
S31A00EB19FBCB72CB728B728B000772CC80427ACC7B0C72CC72CB95
S31A00EB1A1072CC72CC7B0C7ACC72CC72CC6A8B6ACC72CC6A8C5A52
S31A00EB1A250951C849C8414639464987394649C83945418739465D
S31A00EB1A3A41874186394539453986418741C741C7000631050048
S31A00EB1A4F023106805728C43945394731463105310631473147C3
S31A00EB1A64314831483949418A418A31493109314A394B394B3902
S31A00EB1A794C394C398E418E398F398E398F398F418E41CE418D35
S31A00EB1A8E398C49CC5A4E4A095A8B6B4D841094919CD29CD19CB0
S31A00EB1AA3D1A4D0A4D0A50FA500030FAD80730EAD0EB50DB50D2C
S31A00EB1AB8BD0DBD0DC50CC54CC54BC54BC50ABD0AC50DD54EC443
S31A00EB1ACDD0A3CC8ACC828B8B8A940B9B8BAC0DB38AC40CC40A03
S31A00EB1AE2D44BCC4EB34BA30F820B928C9ACDC40CBBCCCB8BBB9B
S31A00EB1AF70AAB09A2C8AA48BACADACDC1C9C24DA14889C9B30E0F
S31A00EB1B0CC38EB30DBA89B248AA0AA189CA4BBA0ADA4AB0C5A095
S31A00EB1B2142B0830005A882801EA883B083B083B883B883C08332
S31A00EB1B36C083C843C883D843D843E844E844F044F0440004F81E
S31A00EB1B4B450004F0470002E8470002E0480002E04A0002E04B60
S31A00EB1B600002E84D0002E84E8001F0000451F8000352F8000302
S31A00EB1B7552F0800E90F090E88FE88FE8CEE8CEE10DE100030D51
S31A00EB1B8AD900030CD980010C0004D10B0002C90A8004C94AC9F2
S31A00EB1B9F0A0004C94A0008C1498002B9490003B948000AB14882
S31A00EB1BB40003A9480008A9470009A1470002A146000D99460079
S31A00EB1BC903914600066A4900086A4A0002724A80046A8A728A95
S31A00EB1BDE000B728B800572CB7ACB7A0007CC72800DCC7ACC7B19
S31A00EB1BF30C72CC6A8B6A8B72CB000372CC8036834E7B0D72CCED
S31A00EB1C086A8C624A51C841474146394641873905498739054930
S31A00EB1C1D873946418741863986394539463986418639863946AC
S31A00EB1C32310531053106000339468006310528C539450003312C
S31A00EB1C4705801A3987418839883107394839483148290729089A
S31A00EB1C5C3149398B398A394B0003394C802C394D398E398F397B
S31A00EB1C718F4210398F398E41CF520E49CE49CC418C528B6B0D3F
S31A00EB1C8684109CD3A513A4D39CD19CD1A510A5110004AD0F0021
S31A00EB1C9B02B50E8098B50DBD0DC54EC54EC54DC50CC50BC54BF1
S31A00EB1CB0CD8CCD4BCD4DC50CAC0D934A8ACC930D8B8993CB9B39
S31A00EB1CC58BAC0DB38AC40CCC0AD44BCC4EAB4A928D79CA8A4B8D
S31A00EB1CDA9ACDC40DBC0CC34BC30AB309A2C8B288BACAD28CC225
S31A00EB1CEF0ACA4DA1498989AACDC38EBB4DC28AB248AA0AA1C99E
S31A00EB1D04C24BBA0ADA0AB106A842B0C4A8C3A883A882A882A87D
S31A00EB1D1983A883B083B083B883B883C083C083C883D083D883BB
S31A00EB1D2ED884E884E884F045F0850004F8450004F0470002E86B
S31A00EB1D43470002E0480002E04A0002E04B0002E84D0002E84E61
S31A00EB1D588001F0000451F8000352F8000352F0800E90F090E8AF
S31A00EB1D6D8FE88FE8CEE8CEE10DE100030DD900030CD980010CD1
S31A00EB1D820004D10B0002C90A0006C94A0008C1498002B94900F7
S31A00EB1D9703B948000BB1480002A9480008A947000AA1478001E0
S31A00EB1DACA1000D46990003469180014600046A4900086A4A8010
S31A00EB1DC102724A0003728A0008728B000272CB0006728B000513
S31A00EB1DD672CC0002730C80027B0C000372CC8042730C7B0C7BBB
S31A00EB1DEB0C72CC72CC6A8B624A5A0951C84987414639464146F0
S31A00EB1E003946418631054187310549C7418649C7394539453946
S31A00EB1E1546398639463946310529053146310528C528C50008D1
S31A00EB1E2A3106804D28C628C52907394828C7394941CB418B4A8F
S31A00EB1E3F0D628F628F524E414C414C394E394E394F394F39900D
S31A00EB1E5441D13990399041CF41CF418D418D520D624E734E8CCC
S31A00EB1E6910A4D3AD14AD14ACD3A4D2ACD2AD11AD11AD000410BA
S31A00EB1E7EB580070FB510BD0DC54D0003C54E8071C50EC54DC5C1
S31A00EB1E934ECD8EC50CB48CA44A938B83098B0C934D8B8993CB0E
S31A00EB1EA8A38BB40DBB8AC40CD44BDC8CD44EA309820B6949821A
S31A00EB1EBD0B9ACEC40EBC0DBB4AC34BAB09A2C8B2CABB0ACA4B8A
S31A00EB1ED2CA4ACA4DA1498188A28CBB8FBB8FBACBB249A20A9965
S31A00EB1EE7C9BA4BBA0AD24BB947A084B0C5A8C4A8C4A0C4A0C30E
S31A00EB1EFCA083A0000383A8801F43B083B083B883C083C083D016
S31A00EB1F1183D083E084E084E885E885F045F045F846F846000369
S31A00EB1F26F8470003F0470002E8480002E84A8010E00BE84CE83F
S31A00EB1F3B0DE84DE84FF04FF811F8510006F8520002F052000200
S31A00EB1F50F0900002E88F0002E0CE0002E10D0002D90D0004D92D
S31A00EB1F650C0002D10B8004D14BD10B0008C94A8001C90007495B
S31A00EB1F7AC1000349B9800248B9000B48B1000448A9000747A928
S31A00EB1F8F000647A1000446A1000E4699000246918001460007DF
S31A00EB1FA46A4A0003724A0006728A0008728B800472CB7ACB00B7
S31A00EB1FB9037ACC80017A0003CB728005CC730C7B0C00057B0DBA
S31A00EB1FCE801272CC7B0C7B0D7B0D730C6A8B62495A094146009D
S31A00EB1FE3053905801539464186414639054187310541873946D0
S31A00EB1FF849C7418731000445398007463145290528C4000529CD
S31A00EB200D05803229063106310628C531053906394731073147E7
S31A00EB202249CA628D731083928C148C148C1594158BD47B5273F5
S31A00EB20371372D36AD362924A11398F0003314F80163990418F45
S31A00EB204C418F41CD5A4F7B5294159C93A4D3AD14AD140003ADB9
S31A00EB2061138002B5530004B5118001B5000350BD8001500006F5
S31A00EB2076C54E0002CD4E8066BD0CA4498B478B478B4A8B4A8BBF
S31A00EB208B0D8B0C93CA9C0BABCCB40DBBCBC40CD48BE4CDD44EE7
S31A00EB20A0A30979CA694879CAA30FBC0EBC0DBB4BCB8CAB09A25F
S31A00EB20B5C8BB0ABB0ACA4BD28BCA8DA98A7988924BBB8EBBCF26
S31A00EB20CABACBAA49A20A99C9BA0ABA0AD24BC188A084A884A0AC
S31A00EB20DFC4A0C4A0C30003A0830002A8838020A843B083B88324
S31A00EB20F4B883C083C083C843C843D843D843E044E844F045F064
S31A00EB210945F846F8460003F8470003F0470002E8480002E84A2D
S31A00EB211E8010E84BE84CE84DE84EE84FF04FF811F8510006F893
S31A00EB2133520002F0520002F0900002E8CF0002E8CE0002E10D2D
S31A00EB21480002D90D0004D90C0002D10B0002D14B0008C94A00A9
S31A00EB215D02C9490006C1490002B9490002B948000CB148000448
S31A00EB2172A9488006A987A947A9870003A9470006A1470008A116
S31A00EB218746000C994600036A4A8002724A000C728A000A728B1D
S31A00EB219C80107ACB7ACC7ACC72CB728B728B6ACB72CB000672BB
S31A00EB21B1CC801472CB72CC72CC6A8B5A094987414539053946A4
S31A00EB21C63946000339058002394500033946800E3945418739C4
S31A00EB21DB4549C73945418739460004314500043105800A208402
S31A00EB21F02905394739473107000328C600023107805039485AAD
S31A00EB22050C730F83928BD38BD3941483926B115A4E49CC418BB2
S31A00EB221A418B41CC390B414B49CE520F49D0418F39D041D13960
S31A00EB222FCF398F41CD52507B519C55AC95ACD5AD15AD14ACD3E1
S31A00EB2244A4D3ACD2AD13B513BD53B512BD120006BD51809FC579
S31A00EB22594FC54EC510C550CD52C551BCD0B48F9BCC8B4A7B096F
S31A00EB226E83098B4C934C8B0D82CC9BCB9C0BB40DB40DC40BC420
S31A00EB22830CD48BDCCCD48FA309718A718A820CA350BC0EB3CE71
S31A00EB2298C38CC3CCA3099AC8BB0ABB4ACA4BCA8BC24DB1CB791C
S31A00EB22AD898A0AB38EBBD0B2CBA249A20A99C9AA0ABA4BCA4BFE
S31A00EB22C2C1CA98849843988398839083908398839883A084A03E
S31A00EB22D784A883A884B084B8C4C0C4C0C5C8C4C8C4D084D084AD
S31A00EB22ECE084E085E885F085F046F0000346F8800247F8000316
S31A00EB230147F0801949F048E84AE84AE80CE80CE80EE84EF04FCE
S31A00EB2316F04FF811F811F8120005F8520002F0510002F0900052
S31A00EB232B02E8CF0002E0CE0002E10D0002D90D0004D90C00047E
S31A00EB2340D14B0008C94A0002C9490006C1490007B9480009B17A
S31A00EB2355480004A9470004A9870002A9470002A1470002A1870C
S31A00EB236A0003A1470007A146000C99468002724A000F728A0060
S31A00EB237F08728B00027ACC801072CB728B6A4A620959C851C7E9
S31A00EB239452085A0800035A09804C5A0851C851C85A095A0951AA
S31A00EB23A9C849874146390541464987414641874186414639465E
S31A00EB23BE41464146394639464187394649C73105418731053151
S31A00EB23D30531453145310531052905290531053106290531057A
S31A00EB23E83106000328C5805831474188520B628D72CF8391947A
S31A00EB23FD139C5494148392628F5A4D4A0C49CC398B394A41CCC3
S31A00EB24125A4F83537B137B547B145A9341D0314F294E318E4A5B
S31A00EB2427116B1283D6A496AD18ACD6A494AD14AD14ACD3AD134E
S31A00EB243CB513B554B513B512BD52BD520003BD510003C55100F2
S31A00EB245102C54F806AC550CD91C552BCD0A40D938B83098B4A3F
S31A00EB24668B8B8B4A8B0B830B8B0D934E9C0C9C0BB40DABCCC49D
S31A00EB247B0CC40CD48BDC8CD48FAB0A718A79CB820CAB51B3CD57
S31A00EB2490B3CDC3CCBB8BA3099AC8BB0ABB0ACA4BC24AB20BB2C9
S31A00EB24A50B81C981C9AB4EBBCFB28BAA49A20A9A09A9C9B24B21
S31A00EB24BACA4BCA0B98440003904300029083000298830002A0AC
S31A00EB24CF838046A042A043B083B084B8C4C0C4C8C4D0C4D8C5D5
S31A00EB24E4D8C5E085E085E885E885F046F045F846F846F847F893
S31A00EB24F947F048F048F049F049E84AE84AE80CE84CE80EF04EF4
S31A00EB250EF04FF04FF811F811F8120007F8520002F0900002E870
S31A00EB2523CF0002E0CE0002E10D0002D90D0004D90C0004D14B52
S31A00EB2538000AC94A0006C1498002B9490003B9480002B98800A5
S31A00EB254D02B9480008B1488002A9480003A9470005A987800663
S31A00EB2562A947A187A1470003A1870004A1470005A146000C99CB
S31A00EB257746000D728A000C728B804C6A8A6A4959C8518749460B
S31A00EB258C49464145418641864986498641864146414639454174
S31A00EB25A1464987498741463945414651C75A0941464186418632
S31A00EB25B6414641464186418639464186418739454187310439C1
S31A00EB25CB46290400043105805A290528C428C428C53105310623
S31A00EB25E0310628C628C6310749C95A4C628D6ACF83518B927B5E
S31A00EB25F55173107310628F520C394A520C628F6AD06AD173116F
S31A00EB260A7B938BD48BD48393839483946B14525039CF39CF3950
S31A00EB261FCE63139456A4D8A4D4A494A4D2ACD30003AD13800122
S31A00EB2634B5000354BD800313B5120003BD5280A1C552C551C555
S31A00EB264951C591C591CD50CD50C552BD11B4919C0F8B8E830DD6
S31A00EB265E830C8B8D93CE8B4D830C82CC934F9BD1A44D9C0CB41E
S31A00EB26730DABCCCC4DCC0CDC8CDC8CDCD0AB4B79CB820C820D19
S31A00EB2688AB51B38DAB8DC3CDAB0A9B08A309B30AB30AC24AB10D
S31A00EB269D87A189B20B81CA81C9A34DB38FB28BAA8AA24B9A0A00
S31A00EB26B2A189B20BC20BCA4C988490449083908388838883909C
S31A00EB26C783908398439843A002A042A042A843B042B083C08308
S31A00EB26DCC083D084D084D884D8000385E8802945E845F806F858
S31A00EB26F106F847F847F848F848F049F049E84AE84AE80CE80C21
S31A00EB2706F00EF04EF04FF04FF811F811F8120005F8520002F0B6
S31A00EB271B920002F0900002E8CF0002E8CE0002E10D0002D90D5B
S31A00EB27300002D90C0002D94C0004D14B0004C94A8001D1000408
S31A00EB27454AC9000249C9000549C1000349B9000248B9000388C5
S31A00EB275AB9000288B1800548B188B1880004B1488002A94800D6
S31A00EB276F03A9470007A9870004A1870003A1860008A146000AEB
S31A00EB27849946000B728A0005728B000472CB0004728B800F5145
S31A00EB2799C7518749464946494549465186510005874980398723
S31A00EB27AE4186414641454146498749C74987414641454146493D
S31A00EB27C3874186498749874146414641864186394641873946C0
S31A00EB27D841873104394628C43145310429040003310500032857
S31A00EB27EDC4000328C580063948520B6ACE00037B50000272CF85
S31A00EB2802804C624D51CB5A0D6A8F520D28C8624E839394569446
S31A00EB28171583D48BD48BD583D49C158BD483958BD57B9562D36C
S31A00EB282C529252516B54841794969C979C94A4D4ACD3ACD3AD15
S31A00EB284114AD14B554B554B513B513BD53BD530003BD528079EF
S31A00EB2856C552C551C551C591C591CD90CD90C511AC8E93CE8BD7
S31A00EB286B4C8B4D8B8E8B8D938E8B4D830C830C8B0D9B90A3D1C4
S31A00EB2880AC8EA40CB40EABCDD48ECC4DE4CDDCCCE4D1B34B792E
S31A00EB2895CB820C820CAB51AB8DAB8DC3CCA2C99AC8A349B30AE5
S31A00EB28AAB30AC24AA1069107B20B820A79C9A30DB38FB2CBB274
S31A00EB28BF8BA24B9A0A9988AA0AC20AD28CA0C598000384908064
S31A00EB28D403838883000490430002A0438042A843A043A842A88F
S31A00EB28E942B842B842C042C043D043D844E045E845E846E846D1
S31A00EB28FEF806F806F847F847F848F848F049F049E84AE84AE81C
S31A00EB29130CE80CF00EF04EF04FF04FF811F811F8120005F85299
S31A00EB29280002F0920002F0900002E8CF0002E8CE0002E10D0042
S31A00EB293D02D90D0002D90C0002D94C0004D14B0004C94A000265
S31A00EB2952D14A0002C94A0004C9490005C1498006B949B948B9E8
S31A00EB2967480004B9880004B1880004B1480002A9480002A947BE
S31A00EB297C0008A9870004A1870002A1860008A146000499468076
S31A00EB2991029986000599460008728A802472CB7ACB728B728A18
S31A00EB29A66A8A72CB7ACB7ACB72CB7ACC7ACC72CB6A8A5A0849CB
S31A00EB29BB4638C44145414500034146800A4145394539053945F4
S31A00EB29D0418500064186801431043945418539453944310439F8
S31A00EB29E5443945394439450005418680414187310531053146F7
S31A00EB29FA3106310531052905310539063105394649C9418828D9
S31A00EB2A0FC52085310628C73107418A628E73116AD05A4E5A4E30
S31A00EB2A2441CE314C28C9290A39493149520B830003D28B80033D
S31A00EB2A39D38BD3000493D480038BD4830003D48B8019D48394B0
S31A00EB2A4E8BD49415A456A456A454A495ACD4B4D5B514B515BDFC
S31A00EB2A63540003BD140003BD558092BD56C556BD15BD16C55630
S31A00EB2A78C557BD16B4D5B4D5BD54AD139C508BCD8B8C93CD9B30
S31A00EB2A8DCE9BCE9B8E9B8E8B0D82CC934C9B8EA3CDAC4EAC8C2A
S31A00EB2AA2AC8BB44CBC4DCC8CD4CEDD0CDD0CD4D0C44E7A0B7A6D
S31A00EB2AB70B824DA310AB8CB38DAB0BAB0BA2C99A88C34EB2CC8D
S31A00EB2ACCB2CB898691C49205A24D91CB8A0EB353AB8A9308AA29
S31A00EB2AE1899A479948B20BC20DC1CDD1CB9845A081A041984037
S31A00EB2AF69040884288428045804500049083000290438014A0CC
S31A00EB2B0B43A084B044B044C004C045D005D046E046E04600066F
S31A00EB2B20F0470002F0488011F04AF049E80BE80BE80EF00EF070
S31A00EB2B3510F050F8000353F0000353F8801352F853F091F0918C
S31A00EB2B4AF08FF08FE8CEE8CEE8CDF0CD0004E10C0004D94C008F
S31A00EB2B5F03D14B8001D100054AC9000249C9800A89C949C9895C
S31A00EB2B74C949C989C9000389C1000388C1000688B9000548B150
S31A00EB2B89000788B18001880009A9870009A1870004A1470002A5
S31A00EB2B9E99470002A187800C998799479946994699879987009D
S31A00EB2BB308728A80286A49728A728B728B72CB7ACB72CB728A0C
S31A00EB2BC86A8A6A4A62095A086209624A6A4A6A8A59C851C74159
S31A00EB2BDD463904000330C400093104000228C300023104000214
S31A00EB2BF228C380083103310439454185000341868008394539B4
S31A00EB2C07463946290400043105803E290528C529053105310627
S31A00EB2C1C49C9628C6ACD520A41883948314829073108418A41E7
S31A00EB2C318B394A3109310920CA290B28C928C941CB62CF7B91D2
S31A00EB2C468C138C128C128BD38BD3000493D480068BD483938308
S31A00EB2C5B9400038BD480138B948BD49C55A456A495ACD6B4D53D
S31A00EB2C70B4D5B514B5000314BD000254BD000255BD801556BDB4
S31A00EB2C8556C597C596BD56B4D59C12838F834F8B909C50000304
S31A00EB2C9AA491809CAC90A48F9C0E938DA3CF9BCF8B0D7ACB935E
S31A00EB2CAF4C9B8EA40DAC4FAC4BAC8BBC8DC4CED50EDD0EDD4DFD
S31A00EB2CC4DD4DD510C44E7A4C7A4C8A4DA310B38DB38DAB0BA3FA
S31A00EB2CD90AA2C8A2C8C34EB2CCB2CB898689C489C49A4C89CB28
S31A00EB2CEE8A0EB353B3CBA349B2CAAA899988A9CAC1CDC20DD266
S31A00EB2D030CB0C7A082A081988098809082908288458045884254
S31A00EB2D18884390839083904390439843A044B044B044B804C0FB
S31A00EB2D2D44D005D045D846E046F006F0070004F0470002F048CC
S31A00EB2D428010F04AF049E80BE80BE80EF00EF010F0500005F079
S31A00EB2D57538016F853F052F852F091F091F08FF08FE8CEE8CE4A
S31A00EB2D6CE8CDE8CD0004E10C0004D94C0004D14B0004C94A8026
S31A00EB2D8108C989C949C989C9490004C9890002C1890004C1888D
S31A00EB2D960006B9888004B188B148000AB188000AA9870009A113
S31A00EB2DAB870003A147000299470002A187800C99879947994639
S31A00EB2DC09947998799870009728A000272CB8008728A6A8A6AC7
S31A00EB2DD54A624900055A0880185A0962495A095A0941864145E3
S31A00EB2DEA30C428832082208228C330C4000328C2000528C30044
S31A00EB2DFF032082000528C3000341868012414539453905310565
S31A00EB2E14310528C4290429052905000528C5803649886A8C7B23
S31A00EB2E290E730F72CE6ACE6B0E6ACF5A4D49CB418A398A310966
S31A00EB2E3E2908310928C9394B314A314B5A8E83D3941494138C9E
S31A00EB2E53138C138BD38BD3000493D4802494158BD48BD49415EC
S31A00EB2E689416941593D48BD49414A456ACD6B517B516B516B510
S31A00EB2E7D15B515B514BD140003BD558002C5550003BD568092FD
S31A00EB2E92B514A4939411834F7B0E834F8BD0A451ACD2B512BD16
S31A00EB2EA713BD12B4D1AC509C0E9BCF938E830D830C938D9BCFE4
S31A00EB2EBCA40EAC4FAC4AB48BC4CECD0FDD0EDD0EDD0CDD0CD543
S31A00EB2ED110BC8E824D828D824D9B10AB8DB3CDAB0AA2C9A2C807
S31A00EB2EE6A2C8C34EAA8AAA8A91C6898389C49A4C89CA8A0EB3CF
S31A00EB2EFB13B3CCA34BBB4BB30A99899988B9CCC20DDA0CC9CA7E
S31A00EB2F10C985C185C183B942A903A0C2904488038841884100E9
S31A00EB2F25049082000298830002A0440002B0440002C04500028E
S31A00EB2F3AC8460006E8470002E8480002E84A0002E80C800CE87E
S31A00EB2F4F0EF00EF010F050F012F0120004F0530002F05200029F
S31A00EB2F64F0910002F0D00002E8CE0002E8CD0004E10C0004D9E7
S31A00EB2F794C0004D14B8001D100044AC900028AC9000589C900D1
S31A00EB2F8E0389C1000388C1000688B9000388B1000287B10005E2
S31A00EB2FA388B1000287B1000B87A9000B87A180098799869986F9
S31A00EB2FB8A187A187000699860003728A0004728B800A7A8B7A95
S31A00EB2FCDCB728B6A4959C70003518680104986518751C751C821
S31A00EB2FE259C851C74146310400092883000728C3800828C228B4
S31A00EB2FF7C328C220C2000328C3801C310328C341864186414588
S31A00EB300C394539043104310430C428C428C42905290500052844
S31A00EB3021C58016520A7B0E83908390839183917B5072CF5A4D68
S31A00EB303649CB418A0003394A8012418B41CD41CD418C520E7315
S31A00EB304B518BD48C1394140004941300029414000394158028DF
S31A00EB30608C1594159C569C569416941594159C14A496B517BDCD
S31A00EB307558BD16B516B515B515BD14BD54BD55C555C55600039F
S31A00EB308ABD5580B4B5159C52838F834F93D1A453ACD4B515BDFC
S31A00EB309F14BD54C554BD53BD12B4D1AC509C0E830D8B4E938E59
S31A00EB30B4938FA40FA3CF9BCDA40EAC4AB48CCCCFD50FDD0ED441
S31A00EB30C9CDD4CBD50CDD51BC4E828D8ACE828D9B10B3CDB3CD5B
S31A00EB30DEA30A9AC9A2C8AB09C34EA24AAA8991C791C491C49AF2
S31A00EB30F34C89CA81CDAAD2AB8BAB8BC34CBB4BA1CA9148B9CC24
S31A00EB3108C20DD20CE24DE249E248DA46D206C1C6B14498C5902F
S31A00EB311D4488828882908288829042904298839883A043A04398
S31A00EB3132A844B044B845C045C845C846E006E0060004E847009B
S31A00EB314702E8480002E8490002E80C800CE80EF00EF010F05067
S31A00EB315CF012F0120004F0530002F0520002F0920002F0D00098
S31A00EB317102E8CE0002E8CD0002E10C0002E14C0004D94C800121
S31A00EB3186D900044BD1800B4AD14AC94AC94AD18AC98A0006C9B7
S31A00EB319B890003C1890004C1880007B9880008B1880002B18748
S31A00EB31B0000CA987000BA18780089987A187A1879987000599F4
S31A00EB31C58600027A8B0003728B0003728A80226A4962085187E1
S31A00EB31DA4105390439044145414541464145390430C430C328CA
S31A00EB31EFC3288320822883000428C3800620C320822082000C77
S31A00EB320428C3800228C400033104800B414639453905310431FF
S31A00EB321904300004C4288005C529052905000328C58014290632
S31A00EB322E31065A4B7B508BD193D28BD2730F520B418A000339EF
S31A00EB3243498021414A418B51CD520E520E524E520D5A4E7B51F3
S31A00EB32588BD3941394149413941394149414940003159C80E479
S31A00EB326D1583948BD493D594158BD58B948BD39414A455AC97FE
S31A00EB3282B517BD17BD16B516BD16BD56BD55BD55BD56C556BD13
S31A00EB329756BD55BD15B515B515A49394119411AC94BD56C59733
S31A00EB32ACBD56BD13BD14BD13B4D2AC91A44F93CE834C834D934F
S31A00EB32C1D0A411A412A41093CE938CA40FB44BBC8CD4CFD50F17
S31A00EB32D6DCCDDCCDD50CDD0CDD51BC4D82CE930F828D9310AB50
S31A00EB32EBCEABCDA3099AC8A2C7AB08C34DA249AA899A079A0301
S31A00EB33009A04A24C91CA818DA2D1AB8DAB8DBB4BBB4BAA4A915E
S31A00EB331587B18BC20CD20BE28DE248E248E246E246D206C9C4CC
S31A00EB332AB945A90398C298C19081908088418841904290829811
S31A00EB333F439843A044A044A844A845B085B086D046D00005472C
S31A00EB3354D8801748D848E04AE04AE00CE00CE80EE80EE850E864
S31A00EB336950F012F0120004F0520002E8528010E891F091E8D046
S31A00EB337EE8D0E90EE8CEE90DE8CD0004E14C0004D94C0004D10A
S31A00EB33934B8003D18AD100034AC9000789C9000389C1000388F3
S31A00EB33A8C1000888B9000288B1000288B9000788B1800287B19D
S31A00EB33BD000A87A9000E87A100028799000486998001878018B5
S31A00EB33D27ACB7A8B728A728A6A4A6A49624962096249620851D0
S31A00EB33E7C7414500033904801038C3390430C3288220422082EA
S31A00EB33FC28822883000328C38002208300042082000920830011
S31A00EB34110428C3800628C43104310400033945800231040003AF
S31A00EB342630C4000228C4800228C500032905000228C5803C294A
S31A00EB343B05310639076A8D8BD183906A8D5A0B51CB49CA418A53
S31A00EB3450418A418B49CB520D520D5A4E5A4E520E62905A4F4A78
S31A00EB34650D62CF8BD38C1383928BD28BD28BD38BD300048BD438
S31A00EB347A802183938BD48BD58BD58B9483938BD49C15ACD7B4FA
S31A00EB348FD7B517B517BD16BD16BD56BD57BD000356C5000256C8
S31A00EB34A4BD000255BD801915ACD4B4D4B515B515BD56BD56BD24
S31A00EB34B915ACD4B4D2AC92A44F93CE00038B8D8082834C9BD009
S31A00EB34CEA452AC53A41293CE830C834BA44FB44BBCCCD4CFDD95
S31A00EB34E310E50EE50EE54DE54DDD51B44D82CE93507A4D8B0FC6
S31A00EB34F8ABCEA3CDA309A309AB08AB08C34DA249B289A2079AAE
S31A00EB350D049A04A24C91CA798CA291AB8DBBCEBB4BB30AB28BD4
S31A00EB352299C8A98ABA0CC9CAE28DEA89EA89EA87EA87DA47D28C
S31A00EB353706C1C6B945A944A903A1039881904188418841904179
S31A00EB354C000498438008A044A844A845A8450003D006801AD025
S31A00EB356146D847D847D808D808D809D809E00CE00CE80EE80E9A
S31A00EB3576E80FE8100003F0120002F0528016F012E851E811E865
S31A00EB358B91E891E8D0F0D0E90FE90EE90DE90D0004E14C0004A8
S31A00EB35A0D94C0002D94B0002D18B0004D18A0008C9890002C100
S31A00EB35B5890004C188000CB9880006B1880002B187000AA9873A
S31A00EB35CA000EA18700029987000299860002998780226A4A6AA0
S31A00EB35DF496A4962096208620859C859C86209620851C74145F6
S31A00EB35F4390438C330C3288228C300032883800428C328830049
S31A00EB3609042082000318828006208220C328C30004208280025A
S31A00EB361E2083000528C300033104801139454186418739463985
S31A00EB36330530C428C428C4300003C4288005C528C52905000339
S31A00EB364828C5801C290631063907624C7B10628D414939084911
S31A00EB365D8A5A0C49CB51CC520C520C0005520D80125A4E520C8E
S31A00EB3672418B628E835183917B5083928B9200038BD380208B25
S31A00EB3687938393835394158C15941593D58BD48BD49415A496C2
S31A00EB369CB518B518B517B517BD170003BD570002C5570006C522
S31A00EB36B15680B0B515BD15BD56BD56C556BD56ACD49C52B492E9
S31A00EB36C6AC519BCE8B8C8B8C93CE9C109C10A452A4539C529343
S31A00EB36DBD0834C6A8A7B099C0EBC4BC4CCDD0FE550ED4FED4FF8
S31A00EB36F0E54EE58ED551B40C82CE9350724D82CFA3CE9BCDA389
S31A00EB370548AB49B349AB08BB0CA28ABAC9A247A243A243AA8B75
S31A00EB371A91C8814C9A50AB4EBBCFBB4CAB0ABB0CA209A148B24D
S31A00EB372F0AC9C9DA4BFACBF2CAF2C8F2C7EA87E246DA05D1C4D2
S31A00EB3744C9C5C9C5C184B143A8C2A081984198419842984298A1
S31A00EB375943984398449844A045A0850003B846801AC046C047E2
S31A00EB376EC047C848C848D009D009D00BD84CD80DE04EE04FE05B
S31A00EB37834F0003E8110002E8518016E011D850D810E090E0D102
S31A00EB3798E8D0E910E90FE90EE90DE90D0004E14C0002D94C0047
S31A00EB37AD02D94B0002D18B0005D18A8002C98A0007C989000301
S31A00EB37C2C1890004C188000CB9880003B1880005B187000AA9F1
S31A00EB37D787000AA1870002A1860002A18700069986000559C895
S31A00EB37EC000359C7801451864986414530C328823082288328D2
S31A00EB38018228C32883000320828005288328C3280007C32000D7
S31A00EB3816028220800183000828C38002310400033945800B410D
S31A00EB382B8649C7520941463905300006C4280005C5288039C54F
S31A00EB384029063106394741884989498A51CB5A0C520B498A4933
S31A00EB38558B49CB51CC520C520D5A4D5A4E5A4E49CC394A31092B
S31A00EB386A418B6ACF73107B508BD29413941300039414801E937E
S31A00EB387FD48B948B939C5694158BD48BD4941494159C56AC9753
S31A00EB3894BD18BD18B517BD170004BD570002C5570002C5560091
S31A00EB38A903C59780D4CD97CDD8C556B4D4B4D4C556C597ACD43B
S31A00EB38BE93D0A410AC50AC50A450AC90AC91AC92A4519C119C0C
S31A00EB38D31193D0834F7B0B62496AC88B8CBC8BC4CDDD0FE55036
S31A00EB38E8ED4FED4FE54DDD4DD551AC0C82CE9351724D82CEA342
S31A00EB38FDCE9B8DA348AB89B389AB08BB0CAA8ABB0AAA47AA84E2
S31A00EB3912AA84B2CC9A09794C9A4FAB4DBBCFBB8CA2C9C30DA20C
S31A00EB39274A9947B1CACA0ADA4BF2CAF28AF2C7F287F287EA87A8
S31A00EB393CE287E246DA47DA47D207C9C5B944A8C2A08298419851
S31A00EB39514298429843984398449844A045A045B806B806B846A2
S31A00EB3966B846C047C047C848C848C809C809D00BD00BD80DD81A
S31A00EB397B4EE00FE04FE8100003E8110002E0110002D810801079
S31A00EB3990E090E091E0CFE910E90FE90FE90EE90D0004E14C009A
S31A00EB39A502D94C0002D94B0002D98B0006D18A0008C9890002AC
S31A00EB39BAC1890005C188000BB9880003B1880005B187000AA9F7
S31A00EB39CF87000BA1878002A1860003A18700059986000259C71E
S31A00EB39E4000259C8800859C751C751875186000530C300023918
S31A00EB39F904800A414541463945310428C300032082800C28C373
S31A00EB3A0E208220C328C328C320C300032082000228C3000220C0
S31A00EB3A2383802A28C328C431043105394531043104394652086D
S31A00EB3A38628A6ACB6ACB5A09414630C430C4310530C528C53117
S31A00EB3A4D053106000428C5801E20C528C631074148498951CA27
S31A00EB3A625A0B51CB51CA49CA498A418A49CB520C5A0D00045ADA
S31A00EB3A774D80347B11839293D4941493D38BD394149C55A45542
S31A00EB3A8C9C55941494148BD493D49414941594159C97A4979431
S31A00EB3AA1158BD39414A496ACD7B4D7B5170003BD580003C558B8
S31A00EB3AB68007C557C558C598C5000598CD8005D8CDD8C5970060
S31A00EB3ACB03C55680A6BD55B4D4C514BCD3B491AC91A490A45005
S31A00EB3AE09C519C509C118BD0834E72CC6A896A897B088B8AC4AE
S31A00EB3AF58CCD0DDD50E550ED4FED4FE58EE54DDD92AC0D830F2C
S31A00EB3B0A8B507ACE7A8E9BCD9BCDA348A348B389B389B2CCBB33
S31A00EB3B1F0CC30ABAC8B2C4AA83A248B2CA818C9A0FA30DB38F94
S31A00EB3B34BBCDAB0AC34DBB0C9947A188D24BC20AEA8AF2CBF262
S31A00EB3B4988F288F2C7EA86EA85F2C6F247EA47EA47E206D9C602
S31A00EB3B5ED985D185C945C946B904A884A0439803A043A044A0C2
S31A00EB3B7344A0450003A8460002B0470002B8488010B809B849E5
S31A00EB3B88C00BC84BC84CD04DD88ED88E0004E050801FD04FD09A
S31A00EB3B9D0FC84FD04FC84ED8D0E110E150E10EE10EE90DE94DF3
S31A00EB3BB2E14CE14CE14BE100034BD900038BD980018B0004D137
S31A00EB3BC78A0002C98A8001D1000789C9000289C1800D88C1C884
S31A00EB3BDCC188C1C8C188C1C8B9C8000CB9880008B187000BA97D
S31A00EB3BF1870006A1870003A1860003A1878001A10004869980FF
S31A00EB3C06018680025187000451C7800C51864986498651875989
S31A00EB3C1BC75A0800056249800A6A8B624949C7394528C3000522
S31A00EB3C30208280091882184118411882200003C3288005C431F5
S31A00EB3C45043104000531058024394541875208624A628B6ACBF3
S31A00EB3C5A6ACB6A8B5209394630C4288428842084288420842000
S31A00EB3C6F8428C5000428C6802631073907414849894989414917
S31A00EB3C844149418949CA628E6A8E72CF73107B517B52839283F6
S31A00EB3C99938B938BD30004941480289C549C559C559C549C1450
S31A00EB3CAE94149C159C559C56A456A497A498A49794158BD4948C
S31A00EB3CC315ACD6B518B517B5180004BD58800BC558C598C557C4
S31A00EB3CD8C558C598C5000598CD0002D8CD000297C580A196C5BC
S31A00EB3CED96BD56BD15CD54C514BD13B4D2A490A44F9C109C1087
S31A00EB3D029411838F72CC6A8B62886A897B498BCBCD0DD54EE5F8
S31A00EB3D1750E550E54FED4FED8EE58EDD92B40D82CE830F7A8EA9
S31A00EB3D2C728D938D9B8DA348A348B389B389BB0CBB0CCB4AC297
S31A00EB3D41C9C305BAC4B28ABACB818C91CE9ACCAB4FC3CDB34B52
S31A00EB3D56C34DBB0CA188A188CA0AC20AE249EACBF2C8F2C8FA50
S31A00EB3D6BC7F2C7EA85F2C6F247F247EA47EA07E207E1C6D9C6E8
S31A00EB3D80D186D187C946B906B084A044000398030002A0450023
S31A00EB3D9502A8460002B0460002B0070002B809800CC00AC00BA3
S31A00EB3DAAC80CC84CD04DD04E0004E0508003D050D000030FC86F
S31A00EB3DBF80164ED08FE10FE150E90EE10EE90DE94DE14CE14C2E
S31A00EB3DD4E14BE100034BD900038BD980018B0004D18A0002C918
S31A00EB3DE98A8003D18AD1000689C9800989C1C9C189C1C8C1888B
S31A00EB3DFE0005C1C8000BB9888002B1880005B1878003B1C7B141
S31A00EB3E13000D87A9000687A1000286A1000387A1000486998047
S31A00EB3E280186800A51C759C75A08620862090003624980206A5C
S31A00EB3E3D8A72CB72CB72CC72CB6A8A628A62896A8A5A4951C786
S31A00EB3E524145310428C328832883000320828008208328C33182
S31A00EB3E6704394500043946802839453105310428C428C33104B3
S31A00EB3E7C394649C85A4A628A628B628B6A8B730D6ACC5A4A49AE
S31A00EB3E91884147414739470003310600023107801A28C6208572
S31A00EB3EA628C631073907494851CA5A0B5A0B624C72CE83508BEE
S31A00EB3EBB9100038B9280088BD28BD39413941400039C1300020A
S31A00EB3ED09C14800A9C55A455A4559C149C1400039C550003A4D4
S31A00EB3EE5968028ACD8A4979C5694158C149414A496B518BD181B
S31A00EB3EFABD58BD58BD17BD18BD58C559C599C558C558C598CDFA
S31A00EB3F0F990004CD988008CD97CDD8CDD8CD970003C596809D95
S31A00EB3F24C555CD55CD55C554BD13ACD19C5094109410838F731A
S31A00EB3F390C62895A496A877B0993CAA44CD54EDD8FE550DD5035
S31A00EB3F4EE54EED4FE58EE58EDD92B44D7ACE7ACE728E724D93C6
S31A00EB3F638D9B8DA388A388B38AB38ABB0CC30DD38BCB4ACB847A
S31A00EB3F78CB44C30AC30A89CC898C928CAB4FC3CDBB8CBB4DB386
S31A00EB3F8D0CAA09A188B188C20AE24BEACCF28AEA8AF2C8F2873B
S31A00EB3FA2EA84F2C5F246F246F247F206EA07E9C6E1C7E1C7D98A
S31A00EB3FB787D987D187C905B084A000030298000345980003465D
S31A00EB3FCCA0803347A047A848A848B009B049B84AB84BB84BC014
S31A00EB3FE14CD04ED08ED08FD08FC88EC04EB84DB80DB84CC88ECC
S31A00EB3FF6D90EE14FE14EE14DE94DE94D0004E14B0004D98B80CD
S31A00EB400B01D900058AD180018A0008C9898008C9C9C989C1C91A
S31A00EB4020C1C90004C1C80002B9C80002C1C8000AB9888002B1F7
S31A00EB4035880003B1878009B1C7B187B1C7B187B1000D87A900EB
S31A00EB404A0687A18001860004A1878001A10003869980018600C4
S31A00EB405F026A4980066A8A728A728B000372CB00026A8A0002FB
S31A00EB4074624900025A08000251C7800B49874986414531042810
S31A00EB4089C3280003822080078228C331044186000349C7800B13
S31A00EB409E41C741863946310528C4280003832080418330C43175
S31A00EB40B3053946418749C85A09628A628B628B72CD730D6ACC8C
S31A00EB40C8628C628B5A4B49C949C941883947310628C628C639B9
S31A00EB40DD4849CA728E72CE7B0F7B0F72CF7B0F83508B91000470
S31A00EB40F28BD200028B9200028BD3000293D380029C1300039CB4
S31A00EB41071400029C540002941400029C550003A45680149C568C
S31A00EB411CA4979416941594159C559C55A496B518BD180003BDE8
S31A00EB4131588020BD18BD58C559C559C558C558C598CD99CD9808
S31A00EB4146CD99CDD8CDD8CD97D5D8D618CDD70004C5960002CDF2
S31A00EB415B558031CD95C554B513A49194508C0F730C628B5A4952
S31A00EB4170624972C88B8BAC4CBD0FD54EDD8FE550E550E54EED71
S31A00EB41854FE58EED8EDD92B44D7A00038D7280A54D934CA3CE49
S31A00EB419AA388A388B38AB38ABB0CC34DDB8CD38BD385D385CB38
S31A00EB41AF8BC34A920D898C924BAB4FBB8DBBCDBB4DB30CBA8B0B
S31A00EB41C4A1C8A947C20AE24BEACDF28AEA89F2C7EA87EA84F273
S31A00EB41D985F246F246F206F206EA06E9C6E1C7E1C6D986D9874E
S31A00EB41EED988D147C106B084A043A0039044904498059845A00F
S31A00EB420346A046A007A007A808A808A809B009B00AB00AB80B3A
S31A00EB4218B80BC80DC84DC84EC88EC84EC04EB80DB00CB00CC066
S31A00EB422D4DD10EE14FE94EE14DE94DE94D0004E14B0006D98BC4
S31A00EB42420004D18A0002C98A0002C989800BC9C9C989C9C9C9A4
S31A00EB425789C9C9C90003C9C10003C8C10002C8B90003C8C10055
S31A00EB426C03C8B9800388B9C80003B9888003B9C8B9000488B1FE
S31A00EB42818001870004B1C70002B1870002A9870002A9C70009CC
S31A00EB4296A987000AA1878006A18699869986000272CB80407264
S31A00EB42AB8A6A8A6A4A6249624962085A085A0851C751C75208CD
S31A00EB42C05A0851C749864146390530C328822041204120422801
S31A00EB42D58239054145498751C8520849C74186394528C428C42D
S31A00EB42EA00042083803C28C328C42883208328C331043946495E
S31A00EB42FFC852095A495209628B72CD6ACC628C624B520A418876
S31A00EB431439483107310628C631073948520B6ACE7B0E7B0F83E1
S31A00EB43290F834F00048350800683908B918BD100038BD2800CD9
S31A00EB433E93D29413939293D29C14A45400049C14802293D394EB
S31A00EB4353149C55A456A496A4569C559C55941694159415A49718
S31A00EB4368ACD7ACD7ACD6BD58B5170003BD588004BD59BD58001F
S31A00EB437D04C5598001C5000399CD0003D9CD800898D5D9D61804
S31A00EB4392CDD8CD000396C5808195CD96CD55C555BD54B553A463
S31A00EB43A7D28C10838E5A4952495A476A8983499C0BBCCCD58F60
S31A00EB43BCCD4ED54EDD4FE550E54FE54FE58EE58EDD92B44D722C
S31A00EB43D14D724D7A8E724E934DA40FA388A388B38AB38ABACC29
S31A00EB43E6C34EE3CCDBCCDBC4DBC4D3CACB49A28E898B8A4AABB8
S31A00EB43FB0EB38CC3CEBB4DB30CC2CCAA09A948C20BD20BE28ECB
S31A00EB4410EACCEA8BF2C9F2C9EA85EAC50004EA468007EA06E15B
S31A00EB4425C6E1C6E1000386D9801686D186C946C105B084A8437A
S31A00EB443A90448844884490449046900003469880024898000390
S31A00EB444F48A0802749A049A849A849B00BB00BB84CB88CB88DC1
S31A00EB4464B08DA84CA80BA80AB04BC0CCD94EE98DE14DE94CE94C
S31A00EB44794C0004E18B0004D98B0002D98A0005D1CA8001D100C2
S31A00EB448E08C9C98001C9000CC1C80008B9C80002B1C70002B1F9
S31A00EB44A3870006B1C70007A9C78006A987A986A9860004A9874F
S31A00EB44B88002A1870003A1860002A1870006A18600026A49809E
S31A00EB44CD3C624962085A0851C751C7518651C751C749C751C7D7
S31A00EB44E251C749C6414531043083288220412041288238C449E4
S31A00EB44F78651C8624A624A5A4952084987394530C428C300039B
S31A00EB450C2083000228C300032083000220828036208328C43159
S31A00EB452105414641874187520A5A0A5A0A51C9498841473907A1
S31A00EB453630C62085208528C63107418949CB628D6ACF6A8D72AA
S31A00EB454B8D72CE830F8B91000393D280038B918B0003D29300F5
S31A00EB456003D28B8017D293D29C13A454A455A4549C14941494A3
S31A00EB45751493D394149C550004A496800E9C558BD58C159C567D
S31A00EB458AACD7AD17ACD70003B5178004BD17BD580007C5590000
S31A00EB459F03CD990003CDD980A4CDD8D619D618D5D8CDD7CDD769
S31A00EB45B4CD96C595CD96C555BD13B513ACD29C9083CF734C5222
S31A00EB45C94852086248730A93CBAC8ECD4EDDD0CD4ECD4EDD4F61
S31A00EB45DEE550E54FE54EE58DE58ED592B44D724D6A0C7A8E723F
S31A00EB45F34E934CAC0FA389A389B38BAB8AB2CCC30EE3CCE3CC62
S31A00EB4608E405DBC5D3CBCB49B31089CB820A9ACCAB4CC3CEC31D
S31A00EB461D8DBB0CC2CCB24AA989B9CAC189DA4CE28BE28BF309BE
S31A00EB4632F309EAC5EA85EA87EA86EA46EA46EA06E1C6E1C6E108
S31A00EB464786E186D9860003D146801DC946B8C5B08498859045B8
S31A00EB465C88448804904590469846900698479807980898000328
S31A00EB467108A0800909A049A80AA80AA80B0003B04C8014A84B83
S31A00EB4686A00BA80AA80AB84AD10DE98DE98DE94CE94C0006E102
S31A00EB469B8B0002D98B0002D9CB0006D1CA0008C9C90002C1C9BB
S31A00EB46B0000AC1C80009B9C80009B1C70009A9C70005A98700B8
S31A00EB46C502A1870002A1860003A1870005A186000259C700061D
S31A00EB46DA51C700034986802A4145390430C328822041284228F3
S31A00EB46EF8330C441055187624972CB7B0C72CC72CC6A8B5A08EE
S31A00EB4704414630C328832883000428C480252883208320821842
S31A00EB47194220832083288328C428C430C43105394651C94988FB
S31A00EB472E4147390630C528842000038528800D853107418952E7
S31A00EB47430C628D6ACE72CF00038B9000058B9100039412800292
S31A00EB475893D200048BD18016A413A453A454A454A4559C149326
S31A00EB476DD493D39C149C159C560003A49600029C5580C08C15A8
S31A00EB47829C56A497A497ACD7ACD7B517ACD6B517BD17BD58BD03
S31A00EB479758BD59C559C55AC59AC559C559CD99CD9ACDD9CDDABC
S31A00EB47ACD5D9D5D9D5D8D619D618D5D8D617D617CDD7C596CDCE
S31A00EB47C196BD14ACD29C50944F8C0E7B8E738D62CA5A896288A2
S31A00EB47D6834BAC8CC54FDD8EDDCFD58ECD8EDD4FDD50E54EDD85
S31A00EB47EB4EE58DEDCED592B48E724C6A0B7A8E724D8B0BA3CEA3
S31A00EB4800A3C9A3C9B38BAB4AB28CBB0DDB8BE3CCE404DBC4D332
S31A00EB4815C9CB48C3929A0C820A9A8CAB0CC3CECBCEBB4CBACCA6
S31A00EB482AB28BB1CAA989B98ACA0DD20AC9C9DA47E288E285E242
S31A00EB483F850003E287802AE246E206E206E1C6D9C6D986D986DC
S31A00EB4854D186D145C945C105C105B904A10698C5884488448876
S31A00EB4869458845904688060004900700029807000298480002B3
S31A00EB487EA0098020A00AA04AA04BA04B984A980AA0499808A8CC
S31A00EB489308C8CCE18DE98DE94CE94CE18CE18C0004E18B0002E9
S31A00EB48A8D98B0002D9CA0004D1CA0002D1C90008C9C90002C169
S31A00EB48BDC90004C1C80002B9C80004C1C80009B9C88001B900CB
S31A00EB48D208C7B1000BC7A9000387A9000487A1800986A187A1AE
S31A00EB48E787A1C7A1870004A186000351C7800151000486498049
S31A00EB48FC018600034145802D390428822041208228C3498659FC
S31A00EB4911C86A4A72CC7B0D7B0D7B0C7ACC6A8A6A8B628A5208DA
S31A00EB4926414528C32883288328C42800048320000283288033A9
S31A00EB493BC428C430C428C420831842208228C43105414730C5A8
S31A00EB495028C428C528C520842084288530C628C6310849CA6214
S31A00EB49658D730F7B5083518B90000393D100029391804893D2C9
S31A00EB497A9C129412941293D293D18BD193D29C139C53AC95A430
S31A00EB498F54A454A414A4549C1493D38B939C55A455A496A49694
S31A00EB49A4A4569C55941494149C57ACD8B518ACD7A496AD17B558
S31A00EB49B917B517BD17BD570003BD588012C559C59ACD9AC55981
S31A00EB49CEC559CD99CD9ACDD9D5DA0004D5D90003D61880B6DEEC
S31A00EB49E318D617CDD6C555B4D39C518BCF83CD7B8D7B8D83CE8D
S31A00EB49F87B4C62CA6AC88B8CBD0EDDD1E60FDDCFDDCFD58EDD77
S31A00EB4A0D4FDD4FDD4EDD0DDD8DEDCEDD92BC8E724C620B7A8E02
S31A00EB4A22720D82CA9B8EABC9A3C9B38BAB4AAA8BBB0DDB8BE341
S31A00EB4A37CCDBC4D383CB89C348D3D3A24D8A4A9A8CAB0CC3CE82
S31A00EB4A4CCBCFBB4DBACCB28BB1CBA148C1CCCA0DC188A8C6B9C6
S31A00EB4A6143C9C5DA44E285E286E286E246E246E206DA06E1C66A
S31A00EB4A76D9C5D985D985D186D145C105C104C105C145A9479894
S31A00EB4A8BC69085884488048845880588050003900600029007D9
S31A00EB4AA00002980780269848A009A0099809A00AA04AA04A98E0
S31A00EB4AB50A9009A0499808A007C0CBE18DE98DE94CE94CE18CE2
S31A00EB4ACAE18C0004E18B0002D98B0002D9CA0006D1CA0008C98C
S31A00EB4ADFC90002C1C90004C1C80002B9C80004C1C8000AB9C854
S31A00EB4AF40008B1C7000AA9C70004A9870004A187800AA1C7A1CF
S31A00EB4B0987A1C7A187A1C60003A18600035186800A498649453D
S31A00EB4B1E414541044104000338C380223903414551C76A8A7B98
S31A00EB4B330B7B0D7ACD7ACC72CC728B6A4B624A5A49628A5A09CE
S31A00EB4B48418731450004290400022882800C288328C330C43006
S31A00EB4B5DC430C530C4000420848012208528C5290631071885D5
S31A00EB4B721085188520C620C60004208580FF31064989624C7AE6
S31A00EB4B87CE834F8B9093D1939093D093D193D1939293D29BD3C3
S31A00EB4B9C9C149C139C1493D38B9283918B919C13AC95A3D6AC3C
S31A00EB4BB117AC16A4169BD39BD39C13A454A4969C5594569496A9
S31A00EB4BC694998C587C187C17AD19A519A4D89C97A497A4D7AD1B
S31A00EB4BDB17B518BD18ACD7B4D8C55AC55BBD19C51BD5DDCD9AFE
S31A00EB4BF0C559BD59C5DAC61AC5DAC5D8CE19CDD7CE17D618D69C
S31A00EB4C0517CE19CE1AC65CBE1BA5538C918C0F83CF838E7B4CEE
S31A00EB4C1A7B4C8BCD6287734A9C4CB50FCD90DDD1E5D0E590E509
S31A00EB4C2F92E591DD4FD54ED54CD54CDD8EDDCEDD91C50E720716
S31A00EB4C447248724A6A09828CA390A389BC4CBBCDA30BAA8BC3DE
S31A00EB4C598EC2C9E3CDDBC8E3C8D3C6D3C7DC4CCB8AA28AA28A36
S31A00EB4C6E9ACCAB4EBB8EBBCEBB0CAA8AAA0AAA0AB1801D8ACA0A
S31A00EB4C834DD24DB94AA884B0C4B902B0C1C9C6D207DA08D207CD
S31A00EB4C98D207D208DA080003D1C78036D187C946C905C945D11C
S31A00EB4CAD05C905B108A0C7988588448804880488058845880526
S31A00EB4CC288058006800688068806800680068846884688078878
S31A00EB4CD74788080003884880107807884880069047C14AD1CC49
S31A00EB4CECE18BE18C0004E1CA0004D9CA0002D1CA0006D1C90056
S31A00EB4D010AC9C90004C1C90002C1C8000AB9C8000CB1C7000FD9
S31A00EB4D16A9C78002A9870003A1C78008A187A1C7A187A1C60063
S31A00EB4D2B03A186800851C7518641453904000438C3800A4986C6
S31A00EB4D4059C76A4972CB7B0B00037B0C8024728C728B728B6A47
S31A00EB4D554B6A4A624A62495A4949C849C74186398639453144C5
S31A00EB4D6A290320C3204228420003208280182083288328842011
S31A00EB4D7F83208428C528C528C628C628C520C520C600051885F7
S31A00EB4D9480FF208528C628C54188624B7B0E83508B9093919376
S31A00EB4DA9D193D093D093D193D19BD39C139C149C14A41493D30A
S31A00EB4DBE8B918B919413A454A4539C13AC17AC17A416A3D59B1F
S31A00EB4DD3D4A414A454A455941494149456945684166B545B1471
S31A00EB4DE85AD373528C15AD19AD199C969455A4D6B559C559BD28
S31A00EB4DFD18BD19C55AC55ABD19BD1ACD5CCD5AC559BD59C5DAB4
S31A00EB4E12C61AC5DAC619CE19CE17CE18D617CE17C619CE1AC62B
S31A00EB4E271BBE1B8C91844F7BCE7BCE7B8D7B4C834C8BCE9C8FED
S31A00EB4E3CAD11BD51CDD2DDD1DE12EDD1E590E592E592DD8FDDFD
S31A00EB4E514ED54CD54DDD8EE5CEDD91CD0F72477247724A7209B9
S31A00EB4E6682CC9B8FA389BC4CBBCDA30BAA8BC38EC30AE3CDE37E
S31A00EB4E7BC8E409DC08E408E44CD40BB30CA28A928BA30DBB8D9D
S31A00EB4E90BB8EBB0CB2802DCAB24BB20AB18AB9CCD20DD20DC9E3
S31A00EB4EA588B906B101B0C1A081A8C2B944C185C9C7D208D1C7CD
S31A00EB4EBAC986D1C7D1C7D187C9460003C905800EC8C4A907A0D1
S31A00EB4ECFC69045884488048804000488050006800600028806B1
S31A00EB4EE4000288070002880800028048801078078048800688F6
S31A00EB4EF947B909D1CCE18BE18B0004E1CA0004D9CA0002D1CA42
S31A00EB4F0E0006D1C9000AC9C90005C1C98001C1000AC8B9800184
S31A00EB4F23C8000DB1C7000FA9C70007A1C70003A18600043904E2
S31A00EB4F3880574145518659C7620872CB7ACB7B0C7B0C7ACB726E
S31A00EB4F4DCB728A728A6A4A6A4A624A62095A0959C851C851C866
S31A00EB4F6249C7498641463905310428C320821841208328832814
S31A00EB4F77C428C428842083204320832084288428C528C528C617
S31A00EB4F8C20C52085200003851800038520801D8528C53106499E
S31A00EB4FA1C9624C7B4F8B9193D1939193D193D1939093909391F3
S31A00EB4FB693D100039C13804A93D393D2835183508B929C13A433
S31A00EB4FCB949C5393D2A414A4149BD39BD39C13A454A455A45513
S31A00EB4FE0941594558C1883D663164A53421442544A125A94737D
S31A00EB4FF5568C199C999C9A9C989C98AD1AAD19B519B55900047B
S31A00EB500ABD5A8010C55AC559BD9AC59BC61BC61BC619C6190085
S31A00EB501F03CE1880B5CE17C61AC65AB61BAD9A6B4E630D6B0CD0
S31A00EB5034730D834C8B8DA40DBCD0D5D2DE13DE52DE12DDD1DD8F
S31A00EB5049D1E5D1DDD1E5D2E592E590DD8FDD8DDD8DDD8EE5CF2A
S31A00EB505EDD90D54F7A887A4772497A4982CC930DA38AB44CBBA4
S31A00EB5073CDAB4BAA8ACB8ECB4AE40DEC09E409EC49EC49E44C65
S31A00EB5088DC4CC38CA2488A4A9B0DB38DB38DBB4CB30BB28BAA19
S31A00EB509D49BA0CB1CAC1CBD24DDA4BC989C185D1C7B904B9030A
S31A00EB50B2B0C2A882B0C3C145C986C9C6D186D1C7D186C946C9E7
S31A00EB50C745C905C105C0C498C698859044884488048800030450
S31A00EB50DC80000405800008068000020780801308800878077894
S31A00EB50F10780068046A087C18BE9CDE1CC0004E1CA0004D9CA3A
S31A00EB51068002D1CA0007D1C9000AC9C98002C1C90005C1C800AF
S31A00EB511B08B9C80002B9C70006B1C78002B1C80008B1C7000D7D
S31A00EB5130A9C70007A1C78006A1C6A186A186800C3904414551BF
S31A00EB51458662086A8A7ACB0003830C80097ACB728A62496208CA
S31A00EB515A5A0003086200030962803C095A0951C849C7498641B9
S31A00EB516F86390528C318411841184220C228C341464987520801
S31A00EB518452084988390628C4208328C528C5208520841884204D
S31A00EB5199842085208518851800038520800C8528C6394749C954
S31A00EB51AE72CE7B0F830003908B000290938018D193D093D093A9
S31A00EB51C3D19BD29C139C1393D393927B10835193D29400041350
S31A00EB51D89C80011300039BD380049C13A4130003A45480409CEF
S31A00EB51ED5694157BD66B134A5339D139D342544A1241D14210E5
S31A00EB520262D484179CDA9C989457A4D8AD19B519B519BD59C587
S31A00EB52179BBD5AB518C55AC559BD9AC59BC5DBC61BC619C619DF
S31A00EB522C0004CE188023C65AC61AADDA9D185ACC52CB5A4A626A
S31A00EB52418A7ACA8B8DB48FCD92DE12DE13DE52D611DDD1DD005C
S31A00EB525603D1E5808592E5D2E5D0E5D0E5CEDDCEDD8EDDCED598
S31A00EB526B50D55082887A477A497A8A82CC8ACCA38AB40CBBCD1D
S31A00EB5280AB4BA249C38ED34BEC4EEC0AEC09EC89F48ADC4BE4B5
S31A00EB52954CCBCD9A48824A9ACCB34DB34DBB4CBB4BBA8BAA0916
S31A00EB52AAC24CB1CAB98ACA0DDA4BC9CAC986D1C7DA48D1C6B94A
S31A00EB52BF04A881A041A882B904C145C986D186D186C945C90515
S31A00EB52D4C105C0C4B88390859044884400038804000280040085
S31A00EB52E904800500048006000278060002800600028007000318
S31A00EB52FE7807800E7006800680069005B90AEA0DE1CC0004E13A
S31A00EB5313CA0006D9CA8002D2090005D1C90002D2090008C9C9AE
S31A00EB53280002C1C90006C1C80006B9C80002B9C70006B1C700DD
S31A00EB533D03B1C80007B1C7000CA9C70009A1C78002A1C6801009
S31A00EB53526A8A728A7ACB7B0C7B0C7ACB72CB728A00056A49805C
S31A00EB53670862496208620851C700035A08800851C84986414546
S31A00EB537C390400032041802C284230C3414551C86249628B6AE0
S31A00EB5391CC6ACD628C520A4188310620C420C520841884184464
S31A00EB53A618441884208520C628C500032084800C28C539475A97
S31A00EB53BB4B730E834F834F0003830F80FF834F8B4F8B4F9391BE
S31A00EB53D093D19BD29BD293D293928B928B92835193D39C54A407
S31A00EB53E5559C1393D394139C5493D19C129C53A4539C549C53EA
S31A00EB53FA945594548C167B9562D54A123193299331D63A173A85
S31A00EB540F16421642564A975AD76B5984198C5B8C589CDAA5191F
S31A00EB5424A519AD5AB59BB59AA518BD5ABD5ABD9ABD9BBDDBC626
S31A00EB54391BC61AC61ACE18CE18C618CE19C65BBE1A9D9984D678
S31A00EB544E63515ACF5A0B51CA6A0682C9B3CACCCDDD8EE5CFE625
S31A00EB546310E60FDE10DE10DDD1DDD1DD91E5D2E610EE11E60FF7
S31A00EB5478DDCEDD8EDD8DD550DD908AC882878289828A8ACB82D3
S31A00EB548D8AA38AABCBBB8CAB4BA248C38CDB8BF44DF449EC099D
S31A00EB54A2F489F489E40AEC4BD3CCAA87820992CCA34CAB4DB392
S31A00EB54B74CB38CBB0BAA89AA0AA9C9B9CBC20CD280070CC9CBFA
S31A00EB54CCB948B0C60003C144801AC103B0C2B0C1A881B0C1C9B7
S31A00EB54E144C985C985C945C105C105B0C4A88300038844800A53
S31A00EB54F688438044804480047804000380450009780500027895
S31A00EB550B0600027006801070476806704670468004A108D1CC31
S31A00EB5520DA0C0004E1CA0004D9CA0002DA0A0006D2090008CAB0
S31A00EB5535090002C9C80006C1C80002C2088001C10006C8B900B0
S31A00EB554A02C7B90010C7B1000BC7A90006C7A10004C6A180017C
S31A00EB555FC6805B830C7B0C7ACB72CB728A6A496249624862495E
S31A00EB5574624862086248624962085A0859C751C751C74987419B
S31A00EB5589463904288320411801204230C349865A086A8A72CBBD
S31A00EB559E7B0C7B0D730D6ACC5A4B49C939472905208418841885
S31A00EB55B34318441884188418852000038518802F84208428C6F9
S31A00EB55C8394849C95A4B72CD834F7B4F7B0E7B0E834F8B4F8B81
S31A00EB55DD4F834F830E834F8B908B918B918350835083518B519B
S31A00EB55F2000693D380FF93D28BD294129C53A494AC94A4949C25
S31A00EB56075394148C137B946B135294421131D331D431D631D626
S31A00EB561C3A164A574A974A5742544A556315739773957C178C37
S31A00EB5631579498A518B59AB59AAD59BD1ABD5AB55ABD9ABDDBA3
S31A00EB5646C61BC61ABDD9C618C618C619CE19BE5BB5D98D1874C5
S31A00EB565B556B525AD0520A498961C572489B47ABC9CD0CDD8E65
S31A00EB5670E60FE650DE11DE10DDD1D5D1DD91E5D2E610EE11E6D8
S31A00EB56850FDDCEDD8ED58DDD90DD908AC98AC88ACA8ACB8ACB1B
S31A00EB569A828A9B49A38AB38CAB4B9A47C34CDB8BEC0DF449F438
S31A00EB56AF49F489F449E40AE44BD3CCC3097A098A4A9ACBAB4DB6
S31A00EB56C4BB8CBB8CBB0CBACBAA0AB20AB9CBB98AC9CBD20CD18C
S31A00EB56D9CBC149B8C3B903C144C144C143B0C2A881A881B90331
S31A00EB56EEC144C945C144C105B9800504B0C4A8830003884480A8
S31A00EB57030E884380448044800480048045804500067805000228
S31A00EB57187005000278050002780600027006801070466806707B
S31A00EB572D05700580049086C14ADA0C0003E20A800FE1CADA0A64
S31A00EB5742D9CADA0AD9CADA0ADA0ADA000609D2000809CA800554
S31A00EB575709C9C9C2080005C1C80003C2088001C10007C8B98042
S31A00EB576C02C7B90010C7B1000DC7A90004C7A10003C6A1800159
S31A00EB5781C680166A8A6A496A49624962486248624962496A4964
S31A00EB5796620859C700055186803749864145390328C2288228A3
S31A00EB57AB8230C339045A0862497ACB830D834D7B0C7ACB728BCB
S31A00EB57C05A4B49C9314720C51884188418441043184418441818
S31A00EB57D584180004852080218528C5310649885A4B6A8D72CD93
S31A00EB57EA72CD7ACE830F830F834F8B4F8B4F834F830E7ACE00DD
S31A00EB57FF047B0F805A7B10835083518B9193D38B9283518351C3
S31A00EB581483928B928BD393D39C549C549C95A4959C95941483F2
S31A00EB5829D47B936B546B145295421331D43215321732163A58AE
S31A00EB583E3A583A573A5742974A974A964A9653155B56639673B1
S31A00EB5853D77C5894DA9D5CA59DAD1A0003B55B8040B5DBBE1CF7
S31A00EB5868BE1BB5DAC619C619BE59BE19AE1B9DD97D1864555B3E
S31A00EB587D1452D25A4D520C72078A89A306AB47C447D509E5CD26
S31A00EB5892EE0EE650E60FD5D0D5D0DDD1DDD1E60FDE0F0004DD80
S31A00EB58A7CD805CE5D0DD908AC893099B0B930A8ACA8A898AC846
S31A00EB58BC9B09BB8CB38CA247C38BDB8AE3CBEBC8EC08EC08ECEB
S31A00EB58D107EC09E409DBCADBCA824A824992CAAB8DBBCDBB8CA4
S31A00EB58E6BB4BBB4BB28AB249B1CAA989B98BCA0DDA50E290D144
S31A00EB58FBC7C945B903B903B902B8C20003B0C18016B902C1445B
S31A00EB5910C144B905B904A8C4A083888488448843804300038099
S31A00EB592544800C7804784478447845784570450003700500020F
S31A00EB593A704500047005000268058010604560056004684578A7
S31A00EB594F057805A0C7CA0D0008DA0A0004DA090006D2090006D8
S31A00EB5964CA090002CA080004C2080002C1C80005C2080003B9B2
S31A00EB5979C80005B9C7000FB1C7000CA9C70002A9C60006A1C6FA
S31A00EB598E000362490002620880095A085A0759C75A08590004CE
S31A00EB59A3C751802DC651864986310328C22081208130C34986AB
S31A00EB59B86A8A7B0C830D834D830D7B0C728B624962085A08394A
S31A00EB59CD8831062084184300041884801F20851885188418449D
S31A00EB59E21844208520C628C65A0A51CA51CA5A0B624C6A8D72D4
S31A00EB59F7CE7B00040F8380190F7ACE72CD728D728D7B0F7ACECC
S31A00EB5A0C72CE7ACF83508B9293D393D30003835100027B50802B
S31A00EB5A210883929C14A496A49500039C5480FF945594147B932E
S31A00EB5A3673126B546B5452D53A12299331D4321632173A583AD6
S31A00EB5A4B58425842984AD852D8531752D75B1653165B145B55B1
S31A00EB5A60639573D68498951AAD1AB55BAD5BAD5BB59BBE1CBE65
S31A00EB5A751BB5DAC619C65ABE19B619A5DA9D987517645563552B
S31A00EB5A8A5B146A8F628E8AC99B0BAB46A346B3C5CC88DD8CEEC8
S31A00EB5A9F0EE650E650DE52DE11E611E611DDCFDDCED5CCD58C21
S31A00EB5AB4DDCDDDCEE5D1DD9093099B4AA34C9B0B92CA8ACA822C
S31A00EB5AC94692C8BB8CBBCDA287C38BD389D389DB86EBC8E3C67C
S31A00EB5ADEE3C6EC09DBC8D389EC4C8A8B824A9289AB8DC3CDB376
S31A00EB5AF38CB30ABB4BB28AB24ABA0AB1CAB98BB9CCC9CDD20EA8
S31A00EB5B08E249C986B903B903C103B902B0C1B0C0A880B8C1B9EB
S31A00EB5B1D03B904B905B904A8C4A08390848844884480800143C8
S31A00EB5B32000480440002784400027845000470050002704500F8
S31A00EB5B470470050002680500026005800C60046805784570037C
S31A00EB5B5C9045CA0D0008DA0A0004DA090006D2090006CA09000A
S31A00EB5B7103CA080004C2088002C1C80005C2088006B9C8BA08E8
S31A00EB5B86B9C80006B9C7000EB1C7000DA9C78001A90006C6A178
S31A00EB5B9B8001C680036249620003085A802108620859C75186BE
S31A00EB5BB04945498651C651C74986390428822041208128C24180
S31A00EB5BC5455A48730B0003834D80367B0C72CC728B6A4A62090B
S31A00EB5BDA51C84946410520C518841043188420C520C5188418E9
S31A00EB5BEF441885188418441844208531074189520B414851C9D4
S31A00EB5C04624B00036A8C803472CE835072CE7B0E7B0F7B0E83CE
S31A00EB5C190F834F830F7B0F7B107B0F7B108B9193D38BD28B91ED
S31A00EB5C2E835183927B517B1183518BD394149C55A45600039CCB
S31A00EB5C4357801D94167B946B126312735473966B964AD432118A
S31A00EB5C583213325432553A963A973A0003974280EAD742D74B98
S31A00EB5C6D184B1853585B595B99639963D963D96BD96C1A8C9801
S31A00EB5C8294999D1AA55CADDCADDCAE1BAE1BB61AB619AE19AE7F
S31A00EB5C9719961A85996D595CD75B974B155AD063118B0C8B0C09
S31A00EB5CACA347B388BC06CC88DD4AE5CBDDCDDDCDDDCEDE0FDE16
S31A00EB5CC10FDDCFDDCDDDCDDDCCDDCCE5CEE60EE5D1DD8F9B4ACE
S31A00EB5CD69B8AA38CB3CD9B0B82487A478A89AB0AAB4BBB4AB34D
S31A00EB5CEB09E40AD388DB86DB86DB85DB45D345D345DB87E38822
S31A00EB5D00AB4C92488206BBCDC3CEBBCDAB0AC38DBB0BB2CAB2AA
S31A00EB5D154AA9C9B18BB1CBC1CEC1CEDA09D1C9D1C7C986C94485
S31A00EB5D2AC143C142C102B901B901B903B943B945B945A8C5A86C
S31A00EB5D3FC4908490848884884388448043804480447844780050
S31A00EB5D54044470800904700468046844684400046805000260F9
S31A00EB5D690580236045580458046045680468048086A149E28B55
S31A00EB5D7EC9C9D209E24BDA09DA09E24ADA0ADA09DA000509D212
S31A00EB5D93800208D2000A08CA000C08C2000308BA000407BA80F2
S31A00EB5DA801070005B9C7000AB1C7000FA9C70002A1C70003A159
S31A00EB5DBDC6807562085A0751C65186518651C74986494559C700
S31A00EB5DD24986410430C3308230C3390441045A08628972CB7B98
S31A00EB5DE74C834D834C7B0C72CB6A8A6A8A620959C84987390585
S31A00EB5DFC30832842188420C420C5188410430802184428C610CC
S31A00EB5E1143188420C528C6314741894A0A524B624B5A4B5A0BEF
S31A00EB5E26624B6A8C6A8C6A8D72CD6A8D72CE7B00030F83800DD3
S31A00EB5E3B4F834F7B0F83107B107B108B5100048B9280107310FD
S31A00EB5E5083518BD394149C559C559C569C5500039416801A83E3
S31A00EB5E659462D1524F5290631273966B554A9431D132133A54FC
S31A00EB5E7A32553A9600044297805742D74AD74B184B1853585B11
S31A00EB5E8F99639963D963D96BD96C1A741A8C578C988CD99D1A85
S31A00EB5EA49D5BA59CADDAADDBB619B619AE19A6198DDA859865A3
S31A00EB5EB9185CD763D8535662D163118ACB82CB92C59B069B4296
S31A00EB5ECEB3C5C4C8DD4AD58CD5CCDDCEE600030FDE80320EDD83
S31A00EB5EE3CDDE0DDE0DE60EE60EE5D1DD90A38BA38BAB8DB3CEF6
S31A00EB5EF89B0B82887A478A89A30AA30ABB49B309E40BD389DBE0
S31A00EB5F0D86DB86DB85DB000345D3805646D347BB8D8A488A4730
S31A00EB5F229ACACC0FB34CBB4CBB4BC30CBB0BBA4BAA09A98AA905
S31A00EB5F378AB98DB98DDA0ADA0ADA08DA08D1C6D185C984C9843B
S31A00EB5F4CC142C142B943C144B945B945B105A8C490849084887A
S31A00EB5F618488438844804380448044784478000444708009045B
S31A00EB5F7670046804684468440004680500026005801E6045587A
S31A00EB5F8B045804604568046004784588C7DA4AD209DA0ADA4A28
S31A00EB5FA0DA09DA09E20A0004DA090003D2090002D208000BCAD3
S31A00EB5FB508000BC2080002BA080006BA070004B9C7000AB1C778
S31A00EB5FCA000FA9C70002A1C70003A1C680464945518659C751E2
S31A00EB5FDFC74945410449455186410438C33082308238C349864F
S31A00EB5FF4624972CB7B4C834D838D834D730C6A8B624A5A495A2B
S31A00EB60090951C84987390528C420432043184220C51884188339
S31A00EB601E00041884802820841884188428C54188624C6ACD6A53
S31A00EB6033CD5A4B6A8D5A0B49C951CA624C6A8D6A8C624C6A8D2C
S31A00EB604872CE7B1000047B0F800272CE0003835100038B9280C0
S31A00EB605D0C839183927B108B929414941400039415808693D4F7
S31A00EB60729C5883966AD252504A0F525063137B9673D76B55426F
S31A00EB60879331D032123A5332543A943AD43AD43AD542D542D600
S31A00EB609C43164B174B1853595B995B9A63DA63DA6BDB6C1B7490
S31A00EB60B15C7C587C587C9984D9851A8D5B9D9A9DDBA61AA61ABD
S31A00EB60C69E5A9E1A7DDA6D9855594D184C183B9642D142D062F9
S31A00EB60DB8C5A4B6A0572057A419304AC46C4C8CD49D58ADDCBBB
S31A00EB60F0E60CE60DE60D0004E60C0002E60E8024EE11E5D0A3EB
S31A00EB6105CBABCCABCDABCD930B828982498A8A9B0AA30ABB4984
S31A00EB611AB349EC4BDC0ADB87DB860004DB458044D344D304CB02
S31A00EB612FCC9A4792069207BB8DBB4DC38DB30CBB4CBB0BBACBDB
S31A00EB6144AA49A18AA189A98BB1CCD20BD20CE24BE24BE248DA43
S31A00EB615907DA05DA05D183C983C144C144C145B945B105A8C4AB
S31A00EB616E0003908300038843000280430002784400047044000C
S31A00EB6183026844000260440004680400026004801C5844500361
S31A00EB6198504458446044580468047045C1C8D24ADA4AD209DA32
S31A00EB61AD09DA4A0006DA090002D2080002CA48000ACA08000DFD
S31A00EB61C2C2088002BA080007BA070003B9C7000AB1C70009A94A
S31A00EB61D7C70003A9C60002A9C70002A9C60004A1C6808459C717
S31A00EB61EC49453904414449864986410430C3288230C34145590B
S31A00EB6201C76A8A7B0C834D8B8E7B0C730B6ACB628A5A495A0841
S31A00EB621652085208498741463105208318021842288330C5206A
S31A00EB622BC518831043188420C520C518841043208439885A4C5A
S31A00EB62406ACD628C5A4B628C730E5A0B51C94989520A6A8C720A
S31A00EB6255CD6A8D6A8D72CE7B0F7B0F72CE6A8D6A8E72CE72CE85
S31A00EB626A8B928B5200038B9280567B517B107B108B9293D39346
S31A00EB627FD48B938BD3941494158B937B95629249CE49CE5A913D
S31A00EB62947B5583D78C187BD76B55425231D032533A9332943A3D
S31A00EB62A9943AD43AD43AD542D542D64B174B174B585359539902
S31A00EB62BE5B9A63DA63DA6C1B6C1B745C00047C99803C7CD985DE
S31A00EB62D3198D188D5995989DD996198DD86D995D1744D744D7BA
S31A00EB62E843D73314324F320E51C949C961C461C4720082839B06
S31A00EB62FD83B446C508D549DD8ADDCAE60DE60D0004E60C000247
S31A00EB6312E60E8024EE12E5D1AC0CAC0CABCDA38D930A828882F6
S31A00EB63278A8A8A9ACAA30ABB8ABB49F48CEC8CE3C8DB8700046F
S31A00EB633CDB45804AD345D304C38CB2C9818592079A89C3CEBBAA
S31A00EB63518DBB4DBB0BBB0BBACCB28AA9CAA189A94BB18CC18A4A
S31A00EB6366D20BE24BE28BEA49E248E206E206D9C4D1C4C984C14D
S31A00EB637B84C145B945A8C5A8C4908490839083000388430002B1
S31A00EB63908043000278440004704400026844000260440004680E
S31A00EB63A50400026004801C5844500350035844604458046003AB
S31A00EB63BA6804A945D24ADA4ACA09DA4AE24A0006DA090002D263
S31A00EB63CF080002CA48000ACA08000EC2080008BA070002B9C7AD
S31A00EB63E48002B207000AB1C70009A9C70002A9C60003A9C78019
S31A00EB63F901A90004C6A18001C680E0518649454104390438C300
S31A00EB640E30C338C341455186620872CA834D8B8E8B4D830C7ACD
S31A00EB6423CB6ACB628A5A09520851C849C74187418628C428C43A
S31A00EB6438208418431042184320C5290618431883188418831859
S31A00EB644D43184328C439475A4A628B6A8C6A8C624B520951C9A0
S31A00EB646249C8520A5A0B5A4C6A8D72CE6ACE6A8E6ACE6A8E6ABB
S31A00EB6477CE628E5A4D5A4C628E72CF73108B93835283517B110D
S31A00EB648C7B1073107B10835193D393D38BD38BD393D494158382
S31A00EB64A194731149CD49CD524F6B1283D694588C187B9673978F
S31A00EB64B66355425332113A543A9432543A9542D442D442D5421A
S31A00EB64CBD542D64B1753575358535853985B9863D963D86419AA
S31A00EB64E06C596C5A00037499803A74DA74D97D1A7D187D188580
S31A00EB64F55785987DD87597555744D62CD72CD63C5723D52AD17B
S31A00EB650A1A4F320C320C5208520962446A858303A406C4C6D5CD
S31A00EB651F48E586E5860004E60B0002EE4B8074EE0EEE4EEE52BC
S31A00EB6534E611B40DB40DA3CD9B8C82C97A48828B828B92CA9B33
S31A00EB65490BBB8ABB8AF4CDECCCF44AEC09E387DB86DB45DB4500
S31A00EB655EDB44DB03CB49C30899C699C691C8C34EC34EC38FB31D
S31A00EB65730BB30BBB0BBB0BB24AA1C8A189A18AB14AC18CD20CED
S31A00EB6588DA4DE28AE249E247E206DA05D9C4C984C143B944B9BB
S31A00EB659D04A8C4A88400039083800E90438843884380438043C9
S31A00EB65B27843784300057044800668046044604400046804000A
S31A00EB65C7026004802058445003500350435844584460046004F3
S31A00EB65DC98C3C209DA8ACA08DA49DA4ADA09DA080004DA09006A
S31A00EB65F102D2480002CA48000BCA08000BC2080002C207000BEC
S31A00EB6606BA078002B2070004B1C70002B2070004B1C70005A931
S31A00EB661BC70009A9C60004A1C68036498649454144410438C3F7
S31A00EB6630390459C772CB830C834D8B4D834D830C72CB6A4962E2
S31A00EB664548624A5A0951C849C74987394628C42082184218423E
S31A00EB665A18430003188300021884804E20841843104218432801
S31A00EB666FC539475A4A730D6ACD628B520A49C951C949C949882D
S31A00EB66844147628C6A8D730F7B0F72CE624C5A0C5A4C5A0C5ADD
S31A00EB66990C520C51CB5A0C6ACE7B107B51835272D06A8F6A8F77
S31A00EB66AE6ACF73108351000393D380FF93D494148BD47B5262D1
S31A00EB66C34F49CD49CD62908394941694578C1783D77B966356F1
S31A00EB66D85AD43A533A123A953A9432543A9542D442D442D5423E
S31A00EB66EDD54B164B175357535853585B985B9863D963D8641935
S31A00EB67026C196C596C58749974997CDA7D1A7D1A7D187D187D3E
S31A00EB67175785587D9875574D1744D62CD72CD7449834173B532E
S31A00EB672C22D13A0C3A0C52085A0962446A457AC19384BC84D56F
S31A00EB674147E586E586DDCADDCBE60AE60BEE4BEE4BEE4EEE4E1B
S31A00EB6756EE52EE11B44EB44EA38D934B7A897248824A7A4A8A15
S31A00EB676B899B0BBB8ABB8AF4CDECCCFCCCF48BF409E3C7E385A0
S31A00EB6780DB45DB44D303CB49C307B2C991849A09AA4AC38FC3E4
S31A00EB67958FBB4CB30BBB0BBB0BBA8BAA09A1899949B14AB98BDB
S31A00EB67AAC9CBD24CE24AE24AE247E206DA05D1800EC4C943C1FF
S31A00EB67BF03B904B0C3A884A08398000383900002438800024392
S31A00EB67D4800002437880014300057044800668046044604400CB
S31A00EB67E904680400026004801C58445843500350035803584464
S31A00EB67FE600460048841B186D249D249DA49DA4A0006DA090067
S31A00EB681302D2480003CA488004CA08CA480009CA08000CC20835
S31A00EB6828000CBA078004B207B1C70005B2078004B1C7B2070075
S31A00EB683D04B1C70003A9C70008A9C60004A1C680607ACB518688
S31A00EB685230C3494572CA8B4D830C7ACB834D830C7ACB728A6ACD
S31A00EB68674962485A085A0851C849C741863945310428831842CC
S31A00EB687C1001104210421883188418C418841084104420C418CE
S31A00EB68918320C439875A4A6ACC6ACD6ACD49885A0A624A49C8A0
S31A00EB68A6390539065A0A830E0004730F80586ACE5A4C520B528F
S31A00EB68BB0B49CB51CB51CC520C5A4D6ACF731073106A8F624E92
S31A00EB68D0624E6A8F731083518B9293D38BD38B928B9383926A27
S31A00EB68E5D0520D49CD520E7B518C139C5694558C1683D5735500
S31A00EB68FA6B1452934A533A133A1342963A5632563A98000342F6
S31A00EB690FD580E14AD64B165317535753575B975B985BD763D7BC
S31A00EB6924641664176C566C576C99749A74DA74DB751A751B7DA7
S31A00EB6939597D597D987D9875986D984D5845172D182D1834D757
S31A00EB694E34973C152B53328F2A4E420B420B5A475A477282831D
S31A00EB696304ABC1C484DD43ED84DD89DDC9E5C9E60AEE0BEE4B09
S31A00EB6978EE4DEE4EEE12E611B44EB44EA3CD934B7A8972487A22
S31A00EB698D4B720A8A899B0BBBCAB38AECCCEC8CFCCCFCCCFC4ABC
S31A00EB69A2F409EBC7E385DB44DB43D347CB06C2C9998599C99A0B
S31A00EB69B709BB0EC34FC34DB30BAAC9BB0ABB0BAA89A1C999886C
S31A00EB69CCB14BB14CC18BCA0CDA4AE24AE247DA06D9C5D183C996
S31A00EB69E143C102B8C3B0C3A884A083988398839043900003438E
S31A00EB69F6888002438000044378800D4370447004704368436059
S31A00EB6A0B44604400046804000260038003500358000343508084
S31A00EB6A20150458446004600478009904CA49DA8AD209DA49E287
S31A00EB6A354A0003DA098007DA48DA08D248D2000848CA0003088F
S31A00EB6A4ACA800248CA000348C28001080003C2070008C20800B4
S31A00EB6A5F0DBA070008B2070005B1C70003A9C70003A9C600023E
S31A00EB6A74A9C70003A9C60003A1C680707ACB728A72CB830C8350
S31A00EB6A890C7B0B7B0C8B4D72CB728A6A8A6249620859C751C79C
S31A00EB6A9E51C74986414531042883184218411842208320841839
S31A00EB6AB3831883188418C520C520C518C5184331065A4B730EE7
S31A00EB6AC8730E628B49C841876A8C49C830C530C551C86A8B7B07
S31A00EB6ADD0D7B0D8350730F6ACE72CE72CF6ACE628D624D000337
S31A00EB6AF2520C804A5A4D628E6ACF628F5A4D51CC51CD624E73B0
S31A00EB6B07108B928B938392839183917B5173116ACF51CD418B8D
S31A00EB6B1C629094169414945494559415941683D562D34A0F42E3
S31A00EB6B3111421131D23A1342963A56325642D8000342D5801AEC
S31A00EB6B464AD64B165317535753585B975B9863D7641764166C89
S31A00EB6B5B176C566C57000374DA80B974DB751A751A7519751985
S31A00EB6B707D587D586D9865574D5845172D182D1834D73CD844C6
S31A00EB6B855733D43AD0324F420B4A0B5A475A4772827B039B80B0
S31A00EB6B9AB402D4C2E544D588DD89DDC9E609EE0AEE4BEE4DEECE
S31A00EB6BAF4EEE11E611B44EBC8EA3CE934B7A897A897A4B720ABA
S31A00EB6BC48A899B0CBBCBBB8AECCCEC8CF48BF48BFC8BF44AF45F
S31A00EB6BD907E386E384DB84D347D348BA88AA478947A20AAA8C66
S31A00EB6BEEBB0EC38DAACBA288B2CAC30CB2CAAA0AA1C9B14BA95F
S31A00EB6C034BB94AC1CBDA09DA4AE206D9C6D9C4D183C143B90273
S31A00EB6C18B0C3B0C3A884A80003839800024390000343880004F7
S31A00EB6C2D4378800D437044700470436843604460440004680498
S31A00EB6C4200026003801E500358435044504450045004580458D7
S31A00EB6C570470009082CA08DACBD208D209E24A0003DA09000271
S31A00EB6C6CDA480002D2480007CA488009CA08CA48CA08CA48CAB0
S31A00EB6C81000348C2000208C2000207C2000708C2800108000D02
S31A00EB6C96BA070009B2070005B1C70002A9C70003A9C60002A969
S31A00EB6CABC70003A9C60003A1C680268B0D8B0C8B0C8B0D830DAC
S31A00EB6CC082CC728B728B624962095A095A0949C8418739063161
S31A00EB6CD505210618C5188400031043808B184318831843184307
S31A00EB6CEA288430C528842042288330C4624C72CE7B0E5A4B41F9
S31A00EB6CFF484147498851CA30C539064948624B7B0E834F7B0E7D
S31A00EB6D1472CD8B0C82CC7A8C7A8C72CE72CE6ACF628F528F5A64
S31A00EB6D298F524E41CC398B398B418B418A49486A4D83518B92D0
S31A00EB6D3E731273116B1273536B5363124A0E314A418B72D09B54
S31A00EB6D53D4A415A4169C159C57A49884185AD331D129D1321309
S31A00EB6D6832133254320003553A80FB953A9642D542D542D6432D
S31A00EB6D7D164B164B56535653575B975B9763D763D864176C184D
S31A00EB6D926C5874596CD874D87D187D197D187D18851885587D8E
S31A00EB6DA7587D986DD865974D564D563D563D5525552D953D153F
S31A00EB6DBC34D44392330F4A4C420C62096209724582869342A3C1
S31A00EB6DD1C4BC84CD46E5C4E5C4E5C5E605E607EE48EE8BEE8BA9
S31A00EB6DE6E64EE64EBCCDAC8C8B4C8B4B724B7A8B724B6A4B8A13
S31A00EB6DFB4A9B0CCB8BDBCDEC4AF48BEC89E489E488DC88EC0848
S31A00EB6E10E3C7EB47E347DB45D2C4D307DB4899459986AA0BB25F
S31A00EB6E254CCB91C30FB28CAA4BBACAC30BBAC8A20591CB898AD0
S31A00EB6E3A994AA18BC1CBCA0DE1C9D9C8D983D142C100C100B1F3
S31A00EB6E4F03A8C2A084A0859882988298839842904390428843EE
S31A00EB6E648843804380437843784300047042000268430002609C
S31A00EB6E79430002600300025803000250030004500400025044CB
S31A00EB6E8E802058435043A188BA4BE28BD209EA49E208DA47DAA2
S31A00EB6EA347CA87CA47CA48CA48D209D2090008CA480002C24840
S31A00EB6EB80006C247000AC2070006BA07000AB207000EAA0700A9
S31A00EB6ECD08A9C7000282CB000282CC80FF7ACB724A6A496A49C2
S31A00EB6EE25A0859C849C74146390630C528C42083084308431027
S31A00EB6EF7431084188420C42084208428C42083180218022043D0
S31A00EB6F0C3946628B838E7B0F624C498839063907414841473930
S31A00EB6F2106414751C96A8C72CD7B0D7B0D7B0E834F8B0C8B0CF4
S31A00EB6F36830D7ACC72CE72CE6B107311631141CD2909290A31E8
S31A00EB6F4B0928C83109418A6A4D7ACE83117B11731173116B129E
S31A00EB6F6062D1524F398C314A41CD72D093D4A455A4559C15A419
S31A00EB6F7556A4588BD55AD341CF29D131D1321332133254325594
S31A00EB6F8A3A553A953A95429642D542D542D64B164B164B5753FF
S31A00EB6F9F5653575B975B975BD763D864176C186C5874596CD8C7
S31A00EB6FB474D87D187D197D187D18851885587D587D986DD86528
S31A00EB6FC9974D964D563D563D5525952D953D153480B1D54BD35A
S31A00EB6FDE3B51528D4A4C6209620972447A858B019B83AC43C5C3
S31A00EB6FF305DD83DDC4E5C5E605E607E607E64AEE8BEE4EEE4F01
S31A00EB7008C50EAC8C8B4C8B4B728B7ACC6A4B6A4B8A4AA30CCBCF
S31A00EB701D8BE40EF48BF4CCECC9EC89E488E488EC49E408EB881B
S31A00EB7032EB47E346D305DB49D307AA079985A20BAA0BBACFC3AA
S31A00EB704710BACDAA4BB289C30BBAC9AA469A0C91CB994A998B32
S31A00EB705CC18BC9CCD9C8D9C8D983D142C100C100B103B0C2A054
S31A00EB707184A08498829882988398829043904388438843804309
S31A00EB708680437843784300047042000268430002604300026061
S31A00EB709B0300025803000250030006500400025843801C88C55A
S31A00EB70B0BA4BDA4ADA4AE208E208DA47DA47CA87CA47CA48CA39
S31A00EB70C548D209D2090008CA480003C2480005C247000BC207BE
S31A00EB70DA0005BA07000AB207000EAA070008A9C7801B7A8A82CF
S31A00EB70EFCB830C82CB728A620859C851C749874146390530C4CC
S31A00EB7104208320000342188001840003188380931843104318E9
S31A00EB711943104218421843208339465A0A72CD730D6ACC4989D9
S31A00EB712E4148394739474147390730C630C55A0A6A8C7B0E83B9
S31A00EB71430E7ACD7ACD7B0D8B4E82CD82CD830E830E730F730F85
S31A00EB71586B106AD0420D314A20C920C828C828C849CC731083E6
S31A00EB716D117B1172D172D06B126AD15A914A0F398D210A290BD9
S31A00EB71825A918BD5941694159C169C57A4988C176B133A1031EC
S31A00EB71978F29D1321232133213325432553A553A0003954200EB
S31A00EB71AC02D5428005D54B164B160003535680165B965B975B28
S31A00EB71C1D763D764176C186C5874996CD874D87CD800037D186B
S31A00EB71D680CE851885587D587D986D9865575556555645563D12
S31A00EB71EB55359535954555451554544412530F428D5A495A494C
S31A00EB720072457A868AC29343ABC3BC45DD43E584E5C5EE05E634
S31A00EB721506E606E608EE49EE4DEE4DC50DA44A8B0A8309724A49
S31A00EB722A7A8B6A4B6A4A8A49A30CD3CCE44EF48BF4CCECCAECBC
S31A00EB723FC9E4C9E4C9EC89EC49F3C9EBC8EBC7E386EBCACB066C
S31A00EB7254C2C9A1C5A209A1C9A20BC30FCB4FB28CAA49B2CBBB2C
S31A00EB72690AB288A24B9A0A994A9949B14AB98BD189D189D1853C
S31A00EB727EC904C102C102B903B0C2A883A043A082A08298829885
S31A00EB729382908390428843884380438043784378437043000346
S31A00EB72A870420002684380026043000360030004580300025045
S31A00EB72BD03000450048013500258437002AA0AD24AE28BD1C7A9
S31A00EB72D2E249DA47DA000347D2000248D2800349D2490008CA9F
S31A00EB72E7480003C2480005C247000BC2070005BA07000BB207E0
S31A00EB72FC000DAA070008A9C7801882CB830C8B0C82CC728B629E
S31A00EB73110849863904390538C428C4208300041842806E1042FB
S31A00EB73261043188318831043104318832084184339475A4A7202
S31A00EB733BCD7B0E72CD49C828C4310630C630C630C5288430C501
S31A00EB7350518972CD7B0E72CD72CD7ACD830E830E7B0D7ACD825D
S31A00EB7365CD7ACC7ACD830E8351730F524E418B20C82909290929
S31A00EB737A20C83109524E7B518BD383517B1172D06AD062905AF9
S31A00EB738F4F39CE0003294C80274A0F7B948C1683948BD49C5611
S31A00EB73A49416839462D24A0F31CF39D0321231D2321332143288
S31A00EB73B95432553A553A000395420002D5428021D64B164B16FE
S31A00EB73CE53565356535753965B975BD763D764176C1874587437
S31A00EB73E3996C9774D87CD800037D1880B7851885587D587D9835
S31A00EB73F86D986557559655564596455535953595455645566495
S31A00EB740DD654946390530F628A624A72457A868AC29303A38210
S31A00EB7422B404D542DD83EDC5EE05E5C5E5C5DE08E608E64DDE57
S31A00EB74370CB48B93877AC97AC8724A728A6A8B6A4B8A499B0C89
S31A00EB744CD38BE40DEC8BF48BECCAECC9ECC9E4C9F489F489FC32
S31A00EB74610AF409F408F408EC0ADB48CB0BB247A1C999C899CA10
S31A00EB7476BACECB4FBACDAA49AA8ABAC9BAC9AA4C9A0A998A9964
S31A00EB748B49A909B14AC989D189C945C104C102C102C103B8C2C2
S31A00EB74A0A883A883A082A000038298800A83908288438843807C
S31A00EB74B543800003437880014300037042000268438002604305
S31A00EB74CA00036003000458030002500300045004802050025008
S31A00EB74DF4368019147DA4AE28BD1C7E249DA47DA47D288D2471A
S31A00EB74F4D248D248D249D2490008CA480004C2480004C2478073
S31A00EB750901CA000B07C2000407BA000C07B2000C07AA8001070E
S31A00EB751E0008A9C7800E830C8B0C8B0C830C7ACB6A494986004E
S31A00EB7533032882800320832000044218801B421042188320C453
S31A00EB754820831843184320C431055A4B730D7B4F628C41880024
S31A00EB755D033106807230C52084204430C64188520A6A8C7B0E65
S31A00EB7572830E7ACD728C7ACC830E8B4E830D7ACC7B0F7B0F7330
S31A00EB758710730F6ACF524D314A18C820C920C820C8314A5A8F1C
S31A00EB759C83938B9372D07B5373126AD25A90420F318D210C19A5
S31A00EB75B10C190C31CF5AD37BD784177BD683D58BD663144A10AE
S31A00EB75C6298E318E31D131D129D22A122A130003325480113A7D
S31A00EB75DB543A954294429542D542D543154B164B0003565300FC
S31A00EB75F003965B807DD763D764176C176C5874996C9774D87CF9
S31A00EB7605D87CD87D178518851785588598859875976D565D56ED
S31A00EB761A5D564D964D55459445544D554D5565155CD45C115312
S31A00EB762F905B0B5ACB728772878A838AC4AB44BBC6D502E5447D
S31A00EB7644EDC5F605EDC5E5C4E5C6E606EE4BDDC9AC487AC3721F
S31A00EB7659877287728972896A8B6A8A8A899B0BD38BE40DF48B45
S31A00EB766EF48BECCA0003ECC9805CF489EC89F449F449F448FCA9
S31A00EB768389EBC9E3C8CB09C2C8A1C799C6A209AA4BBACDC30EFC
S31A00EB7698B2CBA24AAA89BACBB289AA48A1899947A109A14AB946
S31A00EB76AD8BC18CC148B907B904C105C104B8C3B8C2B8C2A8C215
S31A00EB76C2A0C1988198819882908288428842804380420003786F
S31A00EB76D74300037042000268430002604300036003000358039F
S31A00EB76EC0006500300025002800F60017884CA4AD28BDA48DA92
S31A00EB770149DA48DA000548D2000249D2000848CA000548C200D8
S31A00EB77160647C2000607C2000807BA000B07B2000207AA00024D
S31A00EB772B06AA000707AA8001070008A9C700028B0C0002830CC6
S31A00EB774080307B0C72CB51C730C3184120412042204218821894
S31A00EB7755821842184228C420C4208318421843290549C9628BA3
S31A00EB776A7B4E6ACD520A3106000428C58070204420843906520C
S31A00EB777F0A6ACD72CD6A8C624B7ACD7ACD7B0D7B0D7ACD830D6C
S31A00EB7794830D830E7B0F834F7B10624D418A28C818C818C8209D
S31A00EB77A9C920C9314B5A90839383947B527B117B536AD15A5089
S31A00EB77BE49CE294C20CA18CB210C190C318E52916314735573C6
S31A00EB77D35462D25250420F314D294D31CF31D1299029D23A94BD
S31A00EB77E80004325480033A543A0003954280FFD542D54B154BD6
S31A00EB77FD164B565356539653965B965BD763D763D764176C17BF
S31A00EB78126C5874586C9774D77CD87CD87D1785188517855885BB
S31A00EB782798859875976D565D965D9655964D56459445944D550F
S31A00EB783C4D5565155D1564525C11634C5B0B7287728782438A3F
S31A00EB785183A303B385D4C2DD43EDC4F605EE05E5C5DDC6E5C683
S31A00EB7866E60AD589AC48728272877286728A72896A8A6A8A8A8C
S31A00EB787B899B0BCB8BDC0DF48BFCCDF4CAECC9ECC9E4C9F489FF
S31A00EB7890F489FC4AF449F448FC48E3C8EC09C2C8CB09AA08A121
S31A00EB78A5C7A20AA209AA8BBB0DBACCA249A249B2CBB28AAA49BA
S31A00EB78BAA9C999489909A10AB14AB98BC148B908C105C105C1D2
S31A00EB78CF03C0C3C103C944B103A8C2988198819082908288421E
S31A00EB78E488428043804280437843784370437042704280036814
S31A00EB78F943680003436000020360000303580007035080150284
S31A00EB790E480268026002B9C8CA4AE28AD248DA48DA48D28800A4
S31A00EB792303D2480002D2490002D2480009CA480004C2480006D9
S31A00EB7938C2470003C2078006C247C207C2470008BA07000BB28D
S31A00EB794D070012AA078017830C8B0C830C7ACB7B0C7B0C6A8AD7
S31A00EB79624986204120412082200004821800024218809642205A
S31A00EB79774230C449C8628B7B0E838F520A3947208420843106E0
S31A00EB798C31062085104339474989520A5A0A5A0A628C72CD7BA8
S31A00EB79A10E72CD7ACD830E830E7ACD7ACD830D830E6B1062CFCF
S31A00EB79B6520D394A20C81887188820C91888318B62D07B9483B9
S31A00EB79CB937312731183525A924A10318E294C190C18CC190D9C
S31A00EB79E0214E214E298E31CF3A114A51425139CF294D29902933
S31A00EB79F58F29D032112A1229D12A133A942A53325332543A546A
S31A00EB7A0A3A00049442803FD542D54B154B15535553565396536A
S31A00EB7A1F965BD65BD663D66417641664176C5774586C96749724
S31A00EB7A347CD77CD784D78517851785578597859775976D5665CB
S31A00EB7A495665965D96555500045554804B5D1455145CD25C92DB
S31A00EB7A5E63CD5B8C6AC86A8882448A85AAC6BB48D482DD04ED7B
S31A00EB7A7384F5C6F5C5EDC4E584DD84E5C7DD87B4887AC072851C
S31A00EB7A886A4472896A486A896A898A889B0AC349DBCBF44BFC13
S31A00EB7A9DCCF4CAF40004C9EC804BC9F489F449FC48F407EC082B
S31A00EB7AB2EBC8CB07CB07C2C9AA06AA08AA08AA4ABACCB2CCA23E
S31A00EB7AC74A9A4AA28BC289BA88AA09A18799499109A14BA14CA1
S31A00EB7ADCB14BB14BB948B908C0C4C0C4D143E185B944B102A018
S31A00EB7AF1C10003988180049082884100048042000278430002CE
S31A00EB7B0670430002684300026842800A604260026003580358C9
S31A00EB7B1B430003580300045003800F480250025802580288C441
S31A00EB7B30BA4ADACBCA000A48D2000948CA000748C2000A47C279
S31A00EB7B45000247BA000607BA000907B2800706B206AA06AA0609
S31A00EB7B5A0008B2070008AA078017830C8B0C830C7ACB7B0C8310
S31A00EB7B6F4D7B0C6A8A288328822083200004821880134220821B
S31A00EB7B8430C449C872CC838F7B4E5A4A394628C50004208480A5
S31A00EB7B9956184420C5394749885A4B6A8D6A8C6A8C72CD72CDF8
S31A00EB7BAE6A8C7ACD72CD7ACD7ACD830E830E7ACD7ACD5A8E41EE
S31A00EB7BC3CB20C81886188720C818C9188820C94A4F7353735355
S31A00EB7BD873127B5272D1624E41CE290C18CA18CB210D214D219C
S31A00EB7BED0D214D0003214E0002298E0002294E8002318E00042E
S31A00EB7C0229D0801129D132132A132A122A53325332543A543AEA
S31A00EB7C17000494428093D543154B154B155356535653965B9661
S31A00EB7C2C5BD65BD763D66417641664176C576C576C9674977C37
S31A00EB7C41D77CD784D78517851785578597859775566D56655623
S31A00EB7C5665965D965555555455544D544D135514551464D364D0
S31A00EB7C6BD26C0E638D73096AC882458A86B306C389CC82DCC360
S31A00EB7C80E544F5C5F5C5EDC4DD84DD43D546D586BCC97AC17287
S31A00EB7C958562036A486A486A896A898A8892C9BB08CB4AEC097B
S31A00EB7CAAFC8BFCCAF4CA0004ECC9804AF489F449FC89EBC6FC5A
S31A00EB7CBF4AEBC8DB48CB07DB4BB247A1C7AA08AA8BB28BAA8BED
S31A00EB7CD4AA4BA24A9A4AC2C9BA88B24AA1C899499109990BA1F2
S31A00EB7CE94BB14BB14BB948B908C0C4C0C4D944EA06C184B9433A
S31A00EB7CFEA0C200039881000290820004804200027843000270F9
S31A00EB7D13430002684300026842800A60426002600358035843E7
S31A00EB7D280003580300045003801248025043580160427001BA0B
S31A00EB7D3D4ADACBCA08D2880009D248000ACA480004C248800454
S31A00EB7D52CA48C248000AC2470002BA470006BA070008B2070071
S31A00EB7D6702B2060002AA060008B2070008AA0700038B0C800115
S31A00EB7D7C8B00044C8380520C5A4930C3184128C3310418821804
S31A00EB7D914228C44987730D8BD0730D51C841463105288428C524
S31A00EB7DA628842084208428C5310749C9520B5A4A624B628B6AA7
S31A00EB7DBB8C6A8C6ACC72CD7B0E730E72CD72CD7B0E834F7B0F5E
S31A00EB7DD06A4C51CA200003C9180002881880158918C918C9391D
S31A00EB7DE5CD529173536B136290524F418C290A0003190C0003E6
S31A00EB7DFA190D0002194E0003214F0002218F0003298F000321F0
S31A00EB7E0FD100032A1200022A530002325380083A533A9442939F
S31A00EB7E244294000342D400024B1500034B55800A535553955BEF
S31A00EB7E39D663D7641700036C5780E37457749774967CD77CD60A
S31A00EB7E4E84D785178517855785578D9785577D5675566D566D15
S31A00EB7E63566555655565545D5355135512551355135D125D1269
S31A00EB7E785C0E5C0E734B6B0A8AC89309B34AC38BC403CC85DDCF
S31A00EB7E8D05E546EDC4EDC5E583DD42D545D545BCC793826A435C
S31A00EB7EA259C162066A475A066A8892889AC9B245BA86DB46F48C
S31A00EB7EB709FC89FCCAF509F4C9EC88F488F489F448F407F40717
S31A00EB7ECCF408F408F3C9EBC8E349DB49B206B206AA49B24AA2F8
S31A00EB7EE14B9A0A9A0BA24CB207BA48BA8AB24999CA9148890A50
S31A00EB7EF6890AA14CA18DB18BB14AB8C6B906D145D9C7C185B9AF
S31A00EB7F0B44A8C2A0819881908088419041888288428042804286
S31A00EB7F207842784270427000044268000242600002026000040B
S31A00EB7F3502588020435003500248025003504348025002500147
S31A00EB7F4A60009187CACBC289D289D289DA48DA000348D2800189
S31A00EB7F5F88000DCA480006C2480006C2470003BA478004BA070D
S31A00EB7F74BA470007BA070008B2070002B2060002AA060002B25D
S31A00EB7F89070006AA070002B2070006AA0780448B0C8B4C8B4CB9
S31A00EB7F9E8B0C830C830C7B0C7B0C730C49C72042100018412997
S31A00EB7FB30452096B0C834E72CC5A094146310528C428C4208447
S31A00EB7FC82084288428C53106394749C9520B628C624B628B00C8
S31A00EB7FDD036A8C801A6ACC72CD730D72CD72CD7ACE7B0E72CD88
S31A00EB7FF2624B494830C618C818C800031888000218C980121865
S31A00EB8007CA39CD4A4F524F41CD394B314A290920880003190C5A
S31A00EB801C0003190D0002194E0003214F0002218F0003298F00EC
S31A00EB80310321D100032A1200022A530002325380083A533A942C
S31A00EB804642934294000342D400034B1500024B55800A539553A6
S31A00EB805B965BD663D7641700036C57800C7457749774967CD71E
S31A00EB80707CD684D70003851780D185578D9785567D5675566D87
S31A00EB8085566D566555655565545D5355135512551355135D12F1
S31A00EB809A5D12644F5C0E734B6B4A92C99B0AB30ABB4ABC03CC94
S31A00EB80AF44D4C4E545ED84EDC5E583DD42D544D544BCC7938251
S31A00EB80C46A4359C259C662065A06620782068A47AA04B245D2CE
S31A00EB80D9C5E347F448FC89F4C9F4C8EC88EC88F489F448EC07E4
S31A00EB80EEEC07F408F408F3C9EBC8E38AE38ABA88BA47B24AB267
S31A00EB81038AA24B99C9920A9A4BAA06B247B24AB249A1CA914937
S31A00EB8118890A890A910B994CB14AB18BC147C988D986E1C7B96A
S31A00EB812D84B103A081A0819881988190819081888288428082A8
S31A00EB814280427842784270427000044268000242600002026029
S31A00EB81570003025800024358801E43500248025003504348027B
S31A00EB816C5002500158008145C249C28AD289D289DA48DA000340
S31A00EB818148D2800488CA48D2000B48CA000848C2000447C200B2
S31A00EB81960647BA000607BA000A07B2000206AA800406B207B2AB
S31A00EB81AB000607AA000207B2000607AA80010780408B0C934CE7
S31A00EB81C08B4C8B0C830B82CB830C830C834D6A8A498631044149
S31A00EB81D586628A7B4D7B4E6ACC418728C428C53105208420438D
S31A00EB81EA2084288430C539474988520A5A4B624C6A8C00036AE7
S31A00EB81FF8B00026A8C80166ACC6ACD72CE730F730F6ACF628D88
S31A00EB821449CB31082086104500041089801A10C918CA18CA192F
S31A00EB82290A210B294C210B18CA108918CA20CA18CA190C000426
S31A00EB823E190D0004194E8002214E0003218F00022190800821A9
S31A00EB8253D021D121D121D200032A1280083212325232533253E5
S31A00EB826800033A93000342D40002431400024B1480204B5453DB
S31A00EB827D5553955BD65BD6641664166C576C566C57745774974A
S31A00EB82927C967CD67CD684D60004851680658D5685567D557D45
S31A00EB82A715755575556D156D156D5465135D135CD2551255127F
S31A00EB82BC5D125D1264905C4F738C6B8C934C9B8DAB4CAB4CB4A0
S31A00EB82D106BC47CCC6D507E585ED86E583DD42CD02CD03BC86EB
S31A00EB82E69B82728361C159C459C5620559C4798381C4A983BA78
S31A00EB82FB04D243DA85F3C7FC08FC000488F4000248F400020784
S31A00EB8310F4805207F3C7F3C8F3C7F388EB88D2C8CA87BA89BA95
S31A00EB832589A24B99C991CB9A0CA1C8AA09AA49AA4AA20999C869
S31A00EB833A8949894888C9890AA14BA98CC1CBC1CCC9C9C9C9B99F
S31A00EB834F45A8C3A082A082988298819082908288818841808209
S31A00EB83648000034278800242700005426880014200036002804B
S31A00EB8379335802584260436084584350024802500248434802F2
S31A00EB838E5042484248006083A207BACAD289D289DA48DA48D2A9
S31A00EB83A348D248CA88CA88D248D2000A48CA000848C200044769
S31A00EB83B8C2000B47BA800207BA000607B2000406B2000206AA81
S31A00EB83CD8001060003B2070005AA070002B2070006AA07803887
S31A00EB83E28B0C934C934C8B0C830C830B830C834D834D7B0C7264
S31A00EB83F7CB72CB7B4D834E6ACB49C728C42083208431053105FB
S31A00EB840C2083204328C53946414749C95A0A0004624B00026ADD
S31A00EB84218B801C6A8C72CC72CC72CD6ACD72CD72CE6A8D520C72
S31A00EB8436418928C718861846184600041089801810C918CA1825
S31A00EB844BCA190A108918C918C9108918CA210B290B210B0004D8
S31A00EB8460190D0004194E8004214E214F0003218F00022190803C
S31A00EB84750829D021D121D121D200032A120002325200023253DD
S31A00EB848A00023A9380024293000342D40002431400024B148073
S31A00EB849F204B5453955B955BD65BD6641664166C576C566C57A2
S31A00EB84B4745774977C967CD67CD684D60004851680B48D5685A1
S31A00EB84C9567D557D15755575156D156D15655465135D135CD2CC
S31A00EB84DE54D254D25CD15CD1648F5C4F7BCD7BCD9BCDA3CDB339
S31A00EB84F38CB38CBC06BC07C445CC86D504E545DD83DD42CD0287
S31A00EB8508CD02B4859B82728361C151845184620559C4794281C7
S31A00EB851DC4B183BA04CA03D244EB85F3C7F447F447F488F48827
S31A00EB8532F448F447F408F408F407F3C7F387EB87EB48EB48DBF2
S31A00EB854708D2C7C28ABA89AA4B99C991CB9A0CA1C8A1C8A20928
S31A00EB855CAA09A20A9A09918A9189910A890A990AA14BB98BC120
S31A00EB8571CBC188C188B904A8C30003A082800D98829081908191
S31A00EB85868881888180828000034278800242700005426880013A
S31A00EB859B4200036002803358026042608468845843500248027D
S31A00EB85B050024803480250425042480050019145BACAD289D29A
S31A00EB85C589DA48DA48D248D248CA88CA88D248D2000A48CA0003
S31A00EB85DA0948C2000347C2000C47BA800307B2470006B207002D
S31A00EB85EF04B2068002AA060004B2070004AA070002B207000665
S31A00EB8604AA078002930C0003934C00038B0C00028B4D000383C2
S31A00EB86194D804872CC5A08390528C32084208428C52084208301
S31A00EB862E20843106418851C951C95A0A624B624B6A4B624B62EC
S31A00EB86434A6A8A6A8A72CB72CC72CD72CD6ACE6ACD520C41CB2D
S31A00EB8658294918C710871087108818C900031089000210C9802D
S31A00EB866D01100003CA188001CA0003190B8008190C210C190CA0
S31A00EB868210CB0003190D0005194D8004214E218E0004218F002D
S31A00EB86970221D0000221D1800B2A112A122A11321232523200BF
S31A00EB86AC03523A8017923A933AD342D342D442D4431443144BFC
S31A00EB86C1144B545354539500035BD50002641600036C56801E5F
S31A00EB86D6749674977C967CD684D684D685168516851585158D7A
S31A00EB86EB5585557D157D147D150003751480686D1465146513BF
S31A00EB87005CD354D254D15CD15CD1644F648F7C4F7C4F93CE8B77
S31A00EB8715CD9B8C9B4CA388A3C8ABC5AC06BC83CD05DD43DD437A
S31A00EB872ACD02CCC2B4449B817A8361C0518351836183618381C9
S31A00EB873F4291C4B983C1C3D9C2E203EB04F345F3C6F406F44748
S31A00EB8754F447F407F406FBC8F3C8F3C7F3860004F3468034E36A
S31A00EB876908DAC7CAC9C289AA4B99C989CA920B99CB99CB99C912
S31A00EB877EA209A2089A089A0899C899CA9149910A910AA14BA9F3
S31A00EB8793CCB1CCA98BB0C5A8840003A083800E98829081904112
S31A00EB87A8888188818082804100047842000270420003684200D7
S31A00EB87BD036002800A58026042608468846084000350020002C0
S31A00EB87D24802000248420002400080177903AA89CA89CA89DAC3
S31A00EB87E748DA48D248D248CA87CA87D248D2000A48CA000A48F2
S31A00EB87FCC2000247C2000D47BA800747B246B246B2060004B270
S31A00EB8811460004B2060005B207800CAA07AA06AA06B207B20792
S31A00EB8826AA070005AA060002930C0002934C0002934D00038BF4
S31A00EB883B4D801E834D8B4E834D5A082883184130C328C528C5A0
S31A00EB885020C518832084394749C951C900035A0A800162000404
S31A00EB88654B6A80254B728B72CB72CC7ACC72CD6A8C5A4C520B72
S31A00EB887A290820C7188710461087108810C818C91089108900D1
S31A00EB888F0410C9000210CA8004210B190B000618CB0003190D44
S31A00EB88A40004194D8006194E218E218E0003218F801521CF21C0
S31A00EB88B9D021D021D121D12A112A122A11321232523200035213
S31A00EB88CE3A8017923A933AD342D342D442D4431443144B144BCE
S31A00EB88E35453955B9500035BD50002641600036C56801B74964A
S31A00EB88F874977C967CD684D684D685168516851585158555858E
S31A00EB890D157D147D0004147580B9146D14651465135CD354D1A1
S31A00EB892254D15CD05CD16C906C908450844F8BCD834C8ACA8235
S31A00EB8937CA8B05930693439B43ABC1BC83D502DD43D503CCC28B
S31A00EB894CB4449B817A8361C05183518359425982814291C4B904
S31A00EB896182C183D1C1DA02DA82EAC4E384EB85EBC5EC06EC0667
S31A00EB8976EBC5EB87EB87EB86EB46F345F345F346F346EB48E3CD
S31A00EB898B07CACACACAB28B99C981898189998A998A99C899C8FC
S31A00EB89A09A079A079A089A08A1CB918A910A88CA990AA18CB156
S31A00EB89B5CCBA0CB0C5A884A043A0839883988290819082888122
S31A00EB89CA88818082804100047842000270420003684200036059
S31A00EB89DF028033580260426043688460845842500250024802E6
S31A00EB89F448034042404248414000688199C7CA89CA89DA48DA7A
S31A00EB8A0948D248D248CA87CA87D248D2000A48CA000C48C2002B
S31A00EB8A1E0E47BA000247B2000646B2800506B246B2060006B257
S31A00EB8A33070002AA070002B2078002AA070005AA060003930C3E
S31A00EB8A488034934C934D934D8B0C830C8B0C8B0D8B4E8B4E6A64
S31A00EB8A5D4A3905288230C320C528C528C629063988520A5A0A7E
S31A00EB8A72520A624A624A620A624B6A4B0003728B000472CB80BB
S31A00EB8A8717628B520A398931071086108610871087108910C9C3
S31A00EB8A9C08C908000489100003C9100004CA100003CB10800640
S31A00EB8AB1CC190D194D1100030D1900034D1900024D2100038EC3
S31A00EB8AC62100028F21803BCF21D021D029D129D12A112A1132CF
S31A00EB8ADB113212325132513A523A523A923A923AD342D342D452
S31A00EB8AF042D4431343144B14535553955BD65BD55B945BD564EA
S31A00EB8B0515641600036C568018749674977C967CD684D684D651
S31A00EB8B1A85158516851585158555851500047D14806475147402
S31A00EB8B2FD46D146D1465135CD3549154915C905CD1751174D115
S31A00EB8B448490848F8BCE7B8C7ACA72897A8682C78B048B049B63
S31A00EB8B5980B403C4C1D502D543CCC2B444A3C282C46A015183FB
S31A00EB8B6E51426142614281019183B942C142D181D981DA01E22B
S31A00EB8B8382E303E343E384E384EB85E3840004EB46805BF34571
S31A00EB8B98F304F305F305EB07E2C6D2C9D2C9BA8CA1C981498125
S31A00EB8BAD48914B918C91C891C991C592059A069A06A20999C895
S31A00EB8BC2894A890A890B914CA1CDAA0EC989B907A884A08498B6
S31A00EB8BD78398439082988288828881808280417842784178420B
S31A00EB8BEC78427042700004426800030260802F4258025842604F
S31A00EB8C0183608458435002500248434843380138014881400036
S31A00EB8C1658007903CA8ACA89DA48DA48D248D248CA87CA8700C3
S31A00EB8C2B03D2480009CA48000CC248000FBA470002B2470007E3
S31A00EB8C40B246000AB2078002AA070005AA0680309B4C930C93C2
S31A00EB8C550C934C9B4D934D8B0C7ACB938E8B0D830D8B4D7B0DE1
S31A00EB8C6A624941453083290631063947418841C949C9520A5A9F
S31A00EB8C7F0A0003624B80086A4B728B728C728C0004728B801A64
S31A00EB8C946A8A5A0A418720C510031886188610881088108910AD
S31A00EB8CA98908C910CA00031089800210C9000510CA800F18CA4A
S31A00EB8CBE18CB190C190C10CC110C190D1100030D1900034D19C1
S31A00EB8CD300024D2100038E21803F8F21CF21CF21D021D029D16F
S31A00EB8CE829D12A112A1132113212325132513A523A523A923A6B
S31A00EB8CFD9242D342D342D442D443134B144B5453555B955BD66C
S31A00EB8D125B9553945BD56415641600036C56800C749674977C7F
S31A00EB8D27967CD684D684D60004851580048555851500047D147F
S31A00EB8D3C8064751474D46D146D1465135CD3549154915C905CC1
S31A00EB8D519185527D128C908490940F83CD7B0B7289728682C740
S31A00EB8D668B4493459B80ABC2BC80C4C1D543CCC2B444A3C28B89
S31A00EB8D7B056A01518351426183618281018942B941C142D140F9
S31A00EB8D90D181D1C0DA41DAC2DB02DB43DB44E344E3440003EBED
S31A00EB8DA5468022EB45EB04EB04EAC4EAC4E2C6DA85D2C9D30AF7
S31A00EB8DBABACCA20981898148890B894B918891C9000491C580FA
S31A00EB8DCF3399C999C8914B890A80CA890B914CA18DE24CC989D0
S31A00EB8DE4B106A8849883984290829883888288818082808280ED
S31A00EB8DF9427841784278427042700004426800030260802F42DF
S31A00EB8E0E58025802604360845843500250024843504338013855
S31A00EB8E23014882404148006041CA8ACA89DA48DA48D248D248F5
S31A00EB8E38CA87CA870004D2480008CA48000CC2480010BA470033
S31A00EB8E4D02B2470006B246000AB2078002AA070005AA068002F9
S31A00EB8E628B4D00048B4C00028B4D8022934D8B4C934D8B4D83E9
S31A00EB8E770C8B0C830B6A0849044987498751C85A0959C851C8AF
S31A00EB8E8C5A096A4B00056A4A8015728B7A8C7A8C62CF5A8E4A0E
S31A00EB8EA14D318A18C7104610461800038710000388100003895F
S31A00EB8EB6100004C9100004CA100002CB10800BCB110B110B1967
S31A00EB8ECB0C110C110C0003190D0002194D8006214E194E214EFF
S31A00EB8EE00003218E0002218F800A21CF29CF29CF21D02A100093
S31A00EB8EF5032A11000332510002329200023A9280023AD200038E
S31A00EB8F0A42D300024B13000253548001530003945B800BD463BB
S31A00EB8F1FD4641464146C146C5500037495800C7C957CD584D5F4
S31A00EB8F3484D5851585150004851400067CD3805A64D365136CC3
S31A00EB8F49D364D2649064907C9185128CD18CD194D18CD0844F3F
S31A00EB8F5E73CC634A5AC962C862C87AC87B0993069B47B3C3C42F
S31A00EB8F7345CD01C4C1BC81AC0092C27A0071446903710279029A
S31A00EB8F8890C29902B903C143D142D142D982E1C2E242EA83EA97
S31A00EB8F9DC20003F3030004F3058058F2C5F2C4F285F284F245AE
S31A00EB8FB2F245DA47DA46B247A9C689C689C5718A718A798981C3
S31A00EB8FC78A918891C9998799879986998799889147810881081D
S31A00EB8FDC814A898BA9CCBA4EC20DA10998469846A0849844906E
S31A00EB8FF1819081808080808082808280437802000370420002F0
S31A00EB90066841800D6801600260025842580258425800050250C4
S31A00EB901B801F0350034002400238424042480048019104D30CD5
S31A00EB9030D248DA89D247D247CA86CA860009CA888001CA00063F
S31A00EB904587C2800487CA48CA000348C2000747C2000747BA00D0
S31A00EB905A0E47B2000307B2800107000CAA0680028B4D00048B20
S31A00EB906F4C00028B4D8012934D8B4C934D8B4D8B4C934D934D3D
S31A00EB908482CB6A48000351C800035A09802362096A4A624A6A8D
S31A00EB90994A6A4A728B7ACC7ACC7A8B724B524D41CB314918C784
S31A00EB90AE1046104610871800038710000288100004891000048C
S31A00EB90C3C9100004CA100002CB10800BCB110B110B190C110C43
S31A00EB90D8110C0003190D0002194D0003214E0003218E0002219D
S31A00EB90ED8F000329CF800422102A1000032A11000232518005BB
S31A00EB910232523292320003923A0003D3428004D34B134B000303
S31A00EB911754530003945B801DD463D4641464146C146C54745518
S31A00EB912C749574957C957C9584D584D585158515000485140086
S31A00EB9141067CD30002651380BB64D2649264906C917CD185121D
S31A00EB91568D128D1294D18C90840E6B8C630A52C862C862C8727E
S31A00EB916BC87AC88AC69307ABC2BC04C4C1C4C1C481B440A344B3
S31A00EB91808A81798471037101710188C19102B902B943D102D152
S31A00EB919542D141D982DA01E242EA82EAC2F302F302EB05EB0544
S31A00EB91AAEAC5EAC4F2C4EAC4F284F284EA45EA45DA47DA46B2C1
S31A00EB91BF47AA068A0689C6798A718A7989818991889188998778
S31A00EB91D499879946998699889988918A8949810A7909A18BB25D
S31A00EB91E94DC24EB18BA087984698449843908190818881808000
S31A00EB91FE8081808180437800034270801242684168416801608A
S31A00EB92130260025842580258425800050250801F03500340027D
S31A00EB92284002384240424800480180C3BA8AD289D289D247D249
S31A00EB923D87CA86CA870009CA888001CA000687C2800487CA48F1
S31A00EB9252CA000348C2000747C2000747BA000E47B2000407B263
S31A00EB9267800107000BAA0600028B4D00028B4C00038B4D801A96
S31A00EB927C934D8B0C830C8B0C8B4C934D934D8B4C830C624A5A4C
S31A00EB9291095A0962090003624A801E6A4B6A8B6A4B6A4B6A8CA9
S31A00EB92A6728D728C6A4B620B314921071086084508451086003B
S31A00EB92BB0310870003108800041089000410C9000410CA00021E
S31A00EB92D010CB0002110B8008110C190C110C190C0003190D80EA
S31A00EB92E503194D1900044E2100038E2180038F218F000329CF1F
S31A00EB92FA800922102A102A112A112A000451320003923A8012F1
S31A00EB930F9242D242D342D343134B535354535453945300039475
S31A00EB93245B8001D40003641480146C146C547454749574957CEE
S31A00EB9339947C957CD484D584D4000485148002851300067CD37C
S31A00EB934E00026CD2800B6C9164916C9174D17CD2850003128DA5
S31A00EB93638045128490740E638C530A4AC95AC85AC76A8872C8C9
S31A00EB937882C68AC7A343ABC5BC41BC82C482BC41B3C5A30292D3
S31A00EB938D0481828102810299029902B902C103D102D102D14160
S31A00EB93A2D942D9C1E202E2820003EAC20003EAC40003EAC300B8
S31A00EB93B702EA830002EA440002E2468012C247BA06A1C699C5C7
S31A00EB93CC818A79897948794881480003898800028987802C91E0
S31A00EB93E1889189918A9189814981089149A20BBA4EBA4DB14ACB
S31A00EB93F6988790449044908290828881808080418041804280B9
S31A00EB940B43000370428014704168426801604160015842580215
S31A00EB94205842584250420003500200025003801C48034002406D
S31A00EB9435424042480148017041A1C7DACBCA48D288D288CA8706
S31A00EB944AD2870009CA888001CA000787C2000448C2000547C2B1
S31A00EB945F000947BA001047B2000207B2800107000BAA060006F0
S31A00EB94748B4D0002934D80228B0C830B830C8B4C8B4D8B0C8B11
S31A00EB94890C8B4C72CC6A8B62096209624A6A8B6A8B6A4B6A8BB1
S31A00EB949E00036A8C800A6A4B5A0A49884147188600031045805D
S31A00EB94B308188718C7108710460004108800041089000410C92A
S31A00EB94C8000410CA000210CB0002110B0004190C0003190D80F3
S31A00EB94DD03194D1900044E2100028E2100028F210003CF2980B6
S31A00EB94F20AD02A102A102A112A112A000451320003923A8009A7
S31A00EB95079242D342D343134313000353540002539400025B9472
S31A00EB951C801E5BD4641464146C146C546C547454749574957C36
S31A00EB9531947C947CD484D584D484D4000385148002851300067B
S31A00EB95467CD300026CD2806064916C9174D27D12851285128437
S31A00EB955BD185128CD17C90740D638B530A530A5AC85AC76A87DC
S31A00EB95706AC8828682C69B02A383B400B400BC41BC82C406B390
S31A00EB958584A287920591C49184A143A143C103C103C902C8C28D
S31A00EB959AD141D141D1C1DA02E281EA82EAC2EAC2EAC4EAC400B6
S31A00EB95AF04EAC30002EA830002EA440002E246801ACA47C206C9
S31A00EB95C4AA06A1C689CB818A794879488147814789878988896F
S31A00EB95D98800038947802889498989898A898A89089189B1CC57
S31A00EB95EEBA4EB9CCA1099885988488818881808180808081787B
S31A00EB9603418042804300047042801268426801604260015842A3
S31A00EB961858025842584250420003500200025003801C48034853
S31A00EB962D02404240424801480168008904E30BCA08D288DA882E
S31A00EB9642CA87D2870009CA888001CA000787C2000448C200056F
S31A00EB965747C2000947BA001147B2000307B28001070009AA06F3
S31A00EB966C00068B4D0002934D803B8B4D8B4C8B4C934D934D8BAC
S31A00EB96814C8B4C934D8B4D7ACC6A4A6209624A6A8B6A8C6A8B17
S31A00EB96965A4B6A8C6ACE6ACE520C394820851004104510451071
S31A00EB96AB8610861887180003871000048810000489100004C946
S31A00EB96C0100004CA108001CB0003110B0004190C0002190D00FA
S31A00EB96D502194D8002214D0003214E0003218E8003218F2100BF
S31A00EB96EA03CF298001CF00032A1080022A110004325100033A71
S31A00EB96FF92000242D2800642D34B134B130004535400035B94C9
S31A00EB9714800263D400036C1480016C000354748003947495003B
S31A00EB9729037C94000384D4000284D300028513800E7CD37CD2AE
S31A00EB973E7CD37CD37CD274D274D10003749180027CD20003854E
S31A00EB975313804B7D127CD27CD16C505C0D538C4B4B4B4B53087D
S31A00EB976852C8628862C97A877A8892C49B45ABC2ABC3BC02C436
S31A00EB977D43CC05BBC4B305AA83AA05AA05B984B984D144D1446C
S31A00EB9792D903D102D101D941D1C1D9C2E241E2000382EA80060F
S31A00EB97A7C2EAC2E2C2EA0004C2E28044C2EA83E283EA44E2446C
S31A00EB97BCDA46DA05CA05C1C599C991888188814779487948790C
S31A00EB97D1897989798A79898189794881478148894891898149F1
S31A00EB97E6814891CAAA4DB24DA1CA910691058882800003818835
S31A00EB97FB800682804180428000044270801041684268416042E1
S31A00EB981060016002600158425800050250801F0350034802485E
S31A00EB982502400240024801480158007083CACAC249D289D28985
S31A00EB983ACA87CA870009CA888001CA000787C2000448C200037F
S31A00EB984F47C2000B47BA001247B2000507B28001070006AA06F7
S31A00EB986400058B4D0003934D00038B4D0005934D8020934E8B72
S31A00EB98794D7ACB6A4A624A6A8B6A8C6A8B6A8C628C5A4B49C97C
S31A00EB988E310720851844184400041086800808461046108718CA
S31A00EB98A3870004108800041089000410C9000410CA8008110BA0
S31A00EB98B8190B110B190B0004190C0002190D0002194D800221EA
S31A00EB98CD4D0003214E0003218E8003218F210003CF298009CF7D
S31A00EB98E22A102A102A112A110004325100033A92800C42D2425E
S31A00EB98F7D34B134B134B14535300035354801853535B945B9411
S31A00EB990C63D4641464146C146C546C5474547494749500047CD5
S31A00EB992194000284D4000284D3800485137CD300047CD2806854
S31A00EB993674D274927491749174D17CD285138553855385137DE5
S31A00EB994B127CD17490640E5BCD4B8B434A430A5B0852C8628802
S31A00EB996062C87A877A878AC49305A382ABC2BC02C443CC05BB0C
S31A00EB9975C4BB05AAC4B246B205C1C5C1C5D985D985E184E144F9
S31A00EB998AD141D942D181D9C1DA41E242E281EA81EA82EA8200D9
S31A00EB999F04E2C2801FE2C3E2C2EA84EA83EA44E244DA46DA46C3
S31A00EB99B4CA06C9C59A0A99C98989818879887900034871800276
S31A00EB99C949790003898180264881478107810781897948894966
S31A00EB99DE9A0CB24DAA0CA188994790C388828880888188828027
S31A00EB99F341804280000442708001410003684280096042600239
S31A00EB9A08600158425800050250801F03500348024802400240A3
S31A00EB9A1D024801480158006841B1C6C289D289D288D287CA878D
S31A00EB9A320009CA888001CA000787C2000448C2000347C2000B13
S31A00EB9A4747BA001347B2000507B28001070005AA0600058B4D34
S31A00EB9A5C0003934D80308B4C934D8B4C830C8B0C938D938D8BF2
S31A00EB9A714C934D934D8B4D7ACB6A8B6A8B6A8C628B628D4A0AB6
S31A00EB9A862908188508451045108718C700041086000210468082
S31A00EB9A9B0210870005108800041089000310C9000410CA800AAE
S31A00EB9AB018CA190B190B110B190B0004190C8002190D00031959
S31A00EB9AC54D0002214D0002214E0004218E000429CF00042A1080
S31A00EB9ADA0004325100023A9180063A9242D242D200034B1380D7
S31A00EB9AEF02531300045353801E5B93639363D463D363D36C13BB
S31A00EB9B046C146C547454749474947C537C937C937C94000584BD
S31A00EB9B19D300027CD280717C9274D274D2749274927C9084906C
S31A00EB9B2E84D28D138D548D548553851374D26C905C4F53CE4BB0
S31A00EB9B43CD438C3B4B330A4B094B085A885AC97289728982C7D2
S31A00EB9B588AC79304A385BC04C445D405CBC4C343BB02C245C23A
S31A00EB9B6D05C9C5C9C4E185E185E985E985E143E183D9C2E20322
S31A00EB9B82E242EA42EA82EA82F2C2F2C2EAC2EB000402E3801E2F
S31A00EB9B9702F2C4EA83EA43EA03EA04EA04E204E1C4B208A9C7F8
S31A00EB9BAC99C89187818979896900034961802C4A718A718A81AB
S31A00EB9BC1898148810678C57189714879898A0B9A8DA28DAA4BF3
S31A00EB9BD6A20AA18691038881888190828841804280000442703D
S31A00EB9BEB80394168426841684160416002600158025801500215
S31A00EB9C005001500250025003500248024802400240024801481B
S31A00EB9C15015000500180C3BACACA89C289D288CA870009CA883C
S31A00EB9C2A8001CA000787C2000448C2000347C2000B47BA00145F
S31A00EB9C3F47B2000507B28001070004AA0680019300044D8B003C
S31A00EB9C54054D93803D8E934D82CB830C938E938E8B0C8B4D93DA
S31A00EB9C698E938E830D728B6A8B6A8B624B418831061885104431
S31A00EB9C7E1046188610860845104610461087188718C818871098
S31A00EB9C938710470003108800051089000310C9000410CA800A70
S31A00EB9CA818CA190B190B110B190B0004190C0004194D00022196
S31A00EB9CBD4D8002214E0004218E8002298F000429CF00042A103C
S31A00EB9CD20004325100023A9180103A9242D242D34B134B134BAC
S31A00EB9CE714531353130003535380065B9363D463D4000363D3D3
S31A00EB9CFC00026C1300027454800B74947C537C937C937C947C0B
S31A00EB9D110004D3840002D27C800392749100037492806A74918F
S31A00EB9D267C5084918D12955395548D54855485136C915C4F4BA1
S31A00EB9D3BCD4B8D438C438C3B4B334A4B084B0852885AC972893E
S31A00EB9D50728982868AC78AC29B44BBC4C446D445CC04CB84C30A
S31A00EB9D6543CA46C245C9C5C9C5E185E185E944E944E984E9C442
S31A00EB9D7AE203EA04EA83EA83F2C3F2C3F2C2FB02F303F303002F
S31A00EB9D8F04EB43804FF2C4EA83EA43EA03EA04EA04EA05E1C420
S31A00EB9DA4B208A9C899C999C881CA798969496149614959496175
S31A00EB9DB90869498189818989478106690769487989820B9A8DA8
S31A00EB9DCEAACFBACDB2CCB2089944888188818882884180428053
S31A00EB9DE3000442708003416842000368418030600260015802DD
S31A00EB9DF85801500250015002500250035002480248024002400A
S31A00EB9E0D0248014801500050006800C2CACA89C288D2C8CA47DF
S31A00EB9E220009CA888001CA000787C2000448C2000347C2000B1F
S31A00EB9E3747BA001447B2000507B28001070004AA0600038B4D42
S31A00EB9E4C000A934D0003938D0003934D80198B4D7B0C6A8A49EB
S31A00EB9E61C83906208518841045104510861087108708000787AF
S31A00EB9E761000068810800189000610C9000410CA800218CA000D
S31A00EB9E8B03190B0005190C0004194D8006214D214E214E000440
S31A00EB9EA0218E000529CF00032A108002321000033250800832D0
S31A00EB9EB5513A513A9142D200034B1300024B1280025312000342
S31A00EB9ECA5353800A53525B9363D363D463D300046C1300026C3B
S31A00EB9EDF538002745300047C93000284D300037CD280017C0027
S31A00EB9EF407917480110E8CD195539D548D54851374D2645043D1
S31A00EB9F09CE000343CD80333BCC3B8C338B334B4308430852C903
S31A00EB9F1E52C96A896A897A887A8882848AC6A304C408DC47CB81
S31A00EB9F33C5D383CB42D286CA85D205D1C4E184E1000385E980B6
S31A00EB9F481684E984E1C3EA04EA43F284FAC4FAC4FB03FB43FB24
S31A00EB9F5D84FB000384F3807344F344EA82EA82F243F242F20361
S31A00EB9F72F1C3F1C3E9C3CA06C1C6A9C7A98689898988718A6958
S31A00EB9F878A594A594A614961497147714881478187694859075E
S31A00EB9F9C594871CA8A8D9B0FAB0DAB0DC2CB994588819081909D
S31A00EB9FB181884180828042784278417042704170416801684103
S31A00EB9FC6680160416041584258415842580150025001000648D3
S31A00EB9FDB020002400280104801508350008145C2CAC289D28946
S31A00EB9FF0D2890009CA888001CA000787C2000388C2000448C2BF
S31A00EBA005000E47BA001147B2000507B28001070004AA0600033F
S31A00EBA01A8B4D0010934D80198B4D830D6A4A414720432085181B
S31A00EBA02F841045104508461086088708000787100006881080C6
S31A00EBA0440189000610C9000310CA000218CA0002190B000619A7
S31A00EBA0590C0003194D0002214D0002214E0004218E000529CFFB
S31A00EBA06E00032A10800232100003325080143A513A913A92426E
S31A00EBA083D24B134B124B124B134B1353120004535300025B9332
S31A00EBA098000263D38001640005136C80055374537C5300037C34
S31A00EBA0AD93000284D3000284D200027CD180017C000591748093
S31A00EBA0C214918CD19512955395137CD274916450540F438D43E2
S31A00EBA0D700038D3B80B08C3B8C338B334B4308430852C952C92D
S31A00EBA0EC62896A897A877A8782848AC59B03C407DC47D405DBF9
S31A00EBA10184CB42D286D285DA05D1C4E184E185E985E985E18498
S31A00EBA116E984E1C3E1C3EA43F243FA83FAC4FB03FB03F343FBC4
S31A00EBA12B44F384F384EB43E302EA82EA82F243F202F203F1C33F
S31A00EBA140E9C3E9C3CA06C1C6B1C7A98789C98989718A698A610F
S31A00EBA1554A614A61496149690771477947814769886148618987
S31A00EBA16A71CA824C92CDAB0DB34EBA8A91458841908190818841
S31A00EBA17F41888280427842784270427041700003416880110148
S31A00EBA1946041604158425841584258015002500100064802006A
S31A00EBA1A9024002800C4801504250007104BA89C2CA000BCA8814
S31A00EBA1BE8001CA000787C2000388C2000448C2000E47BA001185
S31A00EBA1D347B2000607B28001070003AA0600038B4D0005934DD3
S31A00EBA1E800088B4D0002934C0002934D80168B4E728B414720BA
S31A00EBA1FD432085208518861085084608460886000710870006CE
S31A00EBA2121088000610C9000410CA000218CA0002190B000619C8
S31A00EBA2270C0003194D0003214D8002218D0003218E8002298E30
S31A00EBA23C000429CF80022A0F000432100002325080173A503A40
S31A00EBA251513A91429142D24AD24AD24B124B124B1353125300FC
S31A00EBA26603535B8009925B935B9363D363D300036C1380116C5F
S31A00EBA27B126C13745374537C527C527C927C937C0003D28480B0
S31A00EBA29026D27C917CD17CD1749174907450749074919D539DC6
S31A00EBA2A5538D137C916C505C0F4BCE438E3B8D3B8D3B00048C47
S31A00EBA2BA3380578B334A4309430952C952C9628862897288727D
S31A00EBA2CF887A8682879284BBC9DC49D407DBC5CB43D2C5D284C3
S31A00EBA2E4DA04D1C3E184E184E985E985E184E184E183E1C4EA9F
S31A00EBA2F903F243FA43FA84FB03FB03F303FB43F384F344EAC3E1
S31A00EBA30EDA81EA42EA420003F202804BE9C2EA02E9C2D9C4D91C
S31A00EBA323C4C1C6C185A1C8998779897949698A614A6149614964
S31A00EBA338610861486948714869886988618969CA6A0B7A4C9ACF
S31A00EBA34DCDAB4FAA098904904190819081904180828081784282
S31A00EBA3627842780003417000024168801501604160415842589A
S31A00EBA377015802580158015001484148410004480200034002DD
S31A00EBA38C800E380148005882A1C7C30BCA89CA890009CA88802B
S31A00EBA3A101CA000787C2000488C2000348C2000E47BA001147D9
S31A00EBA3B6B2000207B2000247B2000207B28001070003AA060043
S31A00EBA3CB038B4D0008934D00048B4D80228B4C934D934C8B4DDD
S31A00EBA3E0934D938F830D5A0A3906184420841886188610860868
S31A00EBA3F546088710C70006108700061088000610C9000310CABF
S31A00EBA40A000218CA8006190A190B190B0005190C0004194D00E3
S31A00EBA41F03214D0004218E800229CE000329CF00022A0F000460
S31A00EBA43432100002325080083A503A913A914291000342D2804A
S31A00EBA4490C4AD24B135313531253535B5300035B93801E5B92EC
S31A00EBA45E639363D363D36C136C136C126C126C537453745274DC
S31A00EBA473527C527C927C92000384D280247C917CD17C9174903F
S31A00EBA4887450745074917CD295128CD17C91744F5C0F53CE4B48
S31A00EBA49DCE438E3B8D3B8D0003338C80A6338B338A334A43095E
S31A00EBA4B2430952C952C962886289728872887A467A868A84B3D8
S31A00EBA4C788DC48D407E3C5D343DAC5D284DA04D203E184E184D8
S31A00EBA4DCE985E985E184E184E183E1C3EA02EA03F243FA43F28F
S31A00EBA4F1C2F2C2F303F303F343EB03E282DA40EA42EA42F20215
S31A00EBA506EA02F202E9C2EA02EA02D9C4D9C4C9C6C1C6A9C9A189
S31A00EBA51BC8818A7989698A618A61496149610861086907690781
S31A00EBA530614861485989618961C96A0A8A4A9ACD998780C3903B
S31A00EBA545419082908190418082808100037842801E7841704113
S31A00EBA55A70416841684160416041584258015802580158015067
S31A00EBA56F014841484100044802000240028010404238004800AF
S31A00EBA58448008944C30BCA49CA890009CA888001CA000787C292
S31A00EBA599000488C2000348C2000E47BA001147B2000207B2008D
S31A00EBA5AE0347B2000307B2800307AA0600038B4D000B934D00EF
S31A00EBA5C3028B4D801E9B4D934C8B0C8B4D938E938E7ACD624AAF
S31A00EBA5D8208420441885208618861046108600031087000A10F4
S31A00EBA5ED88000610C9800A10CA18CA10CA190A190A0003190B74
S31A00EBA6020004190C0005194D0002214D0003218D0002218E00EC
S31A00EBA6170229CE000229CF00032A0F0002320F000232508008BF
S31A00EBA62C3A503A903A914291000442D180114AD24B125313535C
S31A00EBA6411253525B535B935B925B000392638003D26BD30005E8
S31A00EBA6566C120003745280687C527C927C92849284D184D17CA9
S31A00EBA66B917C917490744F6C4F74907CD185127C907C906C500D
S31A00EBA680640F540F4BCE43CE43CE3B8D338D338C338C3B8B33C4
S31A00EBA6958B3B4A334A430943094AC84AC8628762886A876A87C1
S31A00EBA6AA7A477A478A45AB8ADC0AD3C9E3C7D346D305D2C4D29F
S31A00EBA6BF44D203D984D9840004E1850002E1848018E9C3F203B8
S31A00EBA6D4FA03FA43EA82F2C3F304F304EAC3E282E242E201001F
S31A00EBA6E904EA020002E2020002DA42804FE9C3E983D9C5D9C455
S31A00EBA6FEB9C7B186918889477149714961496149590959496189
S31A00EBA713496149694861075948598959C959C971C97A0A9145D9
S31A00EBA7288083904198829081884180828081788278427842787A
S31A00EBA73D417041704168416800044160802901584158015801C8
S31A00EBA7525001484148415002500248024802400340034043302D
S31A00EBA76701404138007082B289CA49CA890009CA888001CA00F9
S31A00EBA77C0787C2000588C2000288BA8001870004BA470004BA29
S31A00EBA791870006BA470010B2470002B2070004B2470004B207B6
S31A00EBA7A600038B4D0005934D0003938D0005934D80249B4D93C6
S31A00EBA7BB4D8B4C8B0C8B4E8B4E834E7B0D394728C5188518852B
S31A00EBA7D0188610460846108610871087000A1088000610C9807C
S31A00EBA7E50810CA18CA18CA190A0004190B0004190C0004194DEA
S31A00EBA7FA0003214D0002218D0002218E000329CE000229CF0093
S31A00EBA80F032A0F0002320F0002325080053A503A913A00039198
S31A00EBA824420002D142801BD14AD24B125313531253535B525B79
S31A00EBA839535B925B92639263D363D263D200056C12000374520B
S31A00EBA84E00027C5280047C917C9200037C91807E7C90744F7444
S31A00EBA8634F745074907CD17CD1744F6C0E640F640F540F4BCE9F
S31A00EBA87843CE3BCE338D338D338C334C334B338B3B4A334A4381
S31A00EBA88D0943094AC84AC85A8762876A876A8772467A478A4558
S31A00EBA8A2AB4AD40ACBC9E3C7D346DB05D2C4DA44D203E184D9DF
S31A00EBA8B784E185E145E985E185E184E184E9C2E9C3F202FA03A5
S31A00EBA8CCEA81F282F2C3EAC3E282DA41E201E2010004EA020010
S31A00EBA8E102E2020002DA020002E983804BD9C5D9C4B9C7B9C739
S31A00EBA8F699C9918871897149614A6149614959496149614969CF
S31A00EBA90B4861475948598959C95189614769478904808390411E
S31A00EBA920988290418841808180817882788278427842704270F1
S31A00EBA93541684168000441608029015841580158015001484156
S31A00EBA94A4841500250024802480240034003404330014041404B
S31A00EBA95F00604099C6CA49D28A0009CA888001CA000787C2008E
S31A00EBA9740588C2000288BA8001870004BA470004BA870006BA38
S31A00EBA989470002B2470002BA47000CB2470002B2070005B247C5
S31A00EBA99E0003B20700038B4D0009934D0004938D80028B0C00F6
S31A00EBA9B303934D80188B4D8B4E8B4F834E628C418820862085C5
S31A00EBA9C81886188510451046000B1088800210C8000610C900C7
S31A00EBA9DD0318CA8002190A0004190B0003190C8002194C0004AF
S31A00EBA9F2194D0003214D0002218D0002218E000229CE00022903
S31A00EBAA07CF00032A0F0003320F800832103A503A503A9000034F
S31A00EBAA1C4291800F42D14AD24AD14B124B12531253525300046D
S31A00EBAA31525B801D9363D36BD363D263D26C126C126C116C126D
S31A00EBAA466C127452745174517C517C5200047C91805C7490743C
S31A00EBAA5B4F6C4F744F7490749074506C4F6C4F640E5C0E5C0F9F
S31A00EBAA7054104BCE3BCE3BCE338D338D334B2B4B334A334A3BA8
S31A00EBAA85493B494309430952C852C862C762C7728772C77247F5
S31A00EBAA9A7A878A46AB4ACBCBCB8ADB89D348DB05D2C4D244CA30
S31A00EBAAAF03D9C4D9C40004E1850002E1848008E982E9C3F1C241
S31A00EBAAC4F9C20003EA828071E242DA01DA01E1C1E202E9C2E97D
S31A00EBAAD9C2E1C2E1C2DA02DA02CA42CA42F182F182E183E183F1
S31A00EBAAEEC9C6C1C6A1C8A18781898188698A6149594A594A5174
S31A00EBAB034A594A694869485989618951894948590558C588C4FF
S31A00EBAB1880839882988288408840808180818082808278427838
S31A00EBAB2D41704270417041684160416001604160000401588044
S31A00EBAB422101484148415001500150024802400340033843306A
S31A00EBAB574238014041500078C3C249CA8A0009CA888001CA006C
S31A00EBAB6C0787C2000588C2000288BA8001870004BA470004BA35
S31A00EBAB81870006BA470002B2470003BA47000BB2470002B20782
S31A00EBAB960006B2470002B20700038B4D000A934D0003938D8097
S31A00EBABAB1B82CB934C9B8E938E8B4E8B4E8B8F8B8F83905A4B75
S31A00EBABC02907208520861800038610000B88108001C800061061
S31A00EBABD5C9000218CA0002190A0004190B0003190C8002194C71
S31A00EBABEA0004194D0003214D0002218D8003218E210003CE298D
S31A00EBABFF8006CF29CF2A0F2A00050F320003503A8016904291D4
S31A00EBAC143A90429142D14AD24AD24B124B125312535253000437
S31A00EBAC29525B80819363D36C1363D263D26C126C126C116C12CE
S31A00EBAC3E6C127452745174527C517C527C917C917C907C907400
S31A00EBAC534F6C4F6C4F744F7C9074906C0F5BCD640E5BCD53CE05
S31A00EBAC685C0F54104BCF3BCE3BCE338D2B4C2B4B2B4B334A3318
S31A00EBAC7D4A3B4933494B0A4B0A53095B096AC86B087AC87AC8F4
S31A00EBAC9272477A878A46AB4ACB8AC389DB88D348DB05D304D295
S31A00EBACA744CA03D9C4D9C40003E1858085E145E183E183E1829D
S31A00EBACBCE982F1C2F1C2EA82E242DA41DA00DA01DA01E1C1E103
S31A00EBACD1C1E181E181E1C1E1C1DA01DA02CA02CA02F182E98287
S31A00EBACE6E183D983C9C6C1C6A9C8A1C881898189698A694959A6
S31A00EBACFB4A5909510A510A6948694859895989498841075084DE
S31A00EBAD1050C588C4808498829882884088408081808180828090
S31A00EBAD2582788278417042704170426841604160016041600032
S31A00EBAD3A04015880210148414841500150015002480240034041
S31A00EBAD4F03304238433800404250006041C248CA890009CA88AB
S31A00EBAD648001CA000787C2000588C2000288BA8001870004BAF5
S31A00EBAD79470004BA870006BA470002B2470003BA47000BB2473E
S31A00EBAD8E0002B2070006B2470002B207000D934D0003938D80BA
S31A00EBADA320938E8B8D8B8D938E938D8B4D934D938E938F82CDAE
S31A00EBADB851CB30C61847208818C91888000610870005188800B9
S31A00EBADCD0318C9000218CA000210CA000218CA0002190A0004CF
S31A00EBADE2190B0002190C80011900034C2100034D1980054D21BA
S31A00EBADF78D218D0003218E8001210003CE290002CF298001CF83
S31A00EBAE0C0005320F00023A50000242908006429142904290009D
S31A00EBAE21044AD180044B104B1100045B5180015B0003916380CE
S31A00EBAE3609916BD26BD26BD16BD100046C110003745080067C40
S31A00EBAE4B507C917C910003745000026C5080046C4F644F00031D
S31A00EBAE60640F00025C0E80015B0003CE5380718E438D438D3BB3
S31A00EBAE758D334C2B4B2B4C3B0C3B0B430B430B63496BCB7BCC8C
S31A00EBAE8A7BCC8BCC8C0D9B8C8B4B92C88A88A287B34ACB8ACBDC
S31A00EBAE9F8AD349D38ADAC8D2C7D246CA05D1C4D184D984D984E4
S31A00EBAEB4E143E144E184E183E143E183E183E1C4D9C4D9C4D1EA
S31A00EBAEC9C3D182C9C2C9C2C201C201BA01BA01B201B201A9C18B
S31A00EBAEDEA9C10003AA028054A9C1A1C2A1C199C399C3918591F3
S31A00EBAEF38489C889877949710860CA60CA610C690D694A6109E5
S31A00EBAF08618A618A510640C460C260C388C188C198809880907B
S31A00EBAF1D81904088828042788278828082808278827882704273
S31A00EBAF3268416841680160010003604200025801000450028027
S31A00EBAF4704484240020003404200023801801D40014801480005
S31A00EBAF5C7145B34DCAC8CA87D287CA87CA07D248D289CA47CA8B
S31A00EBAF7188CA000488C2800588CA48CA480006C287000EBA876B
S31A00EBAF860002BA470012B2470008AA46000D934D0003938D802F
S31A00EBAF9B20938E8B8D8B4D938D938D934D934D934E93908B4FA1
S31A00EBAFB06A8E498A28C8188718881889000610870005188800BE
S31A00EBAFC50318C9000218CA000210CA000218CA0002190A0004D5
S31A00EBAFDA190B0002190C80011900034C2100034D1980054D21C0
S31A00EBAFEF8D218D0003218E8001210003CE290002CF298001CF89
S31A00EBB0040004320F8010324F3A503A5042904290429142904251
S31A00EBB019D000034AD100024B118002531100055B51800E5B91D4
S31A00EBB02E639163916BD16BD26BD16BD100046C1100037450807B
S31A00EBB0430A7C507C917C917450745000036C4F0004640F8007D3
S31A00EBB058640E5C0E5C0E5B0003CE5380458E438D438D338D2B4F
S31A00EBB06D4C2B0B2B4B3B0B330B430B4B0C73CB7C4D8C4E8C4D02
S31A00EBB082940E9C4EA3CD938C92C99288A2C8B34ACB4ACB4AD3D4
S31A00EBB09749D38ADB08D2C8D246CA05D1C4D184D984D9840006FF
S31A00EBB0ACE1438003D983E1000383D1801382C982C181C181B9C6
S31A00EBB0C1C1B9C1BA01B1C1B1C1A9C00005A9C10002A1C1803BB8
S31A00EBB0D6998199829982918489847946898781CB798A690B6010
S31A00EBB0EBC960CC690D614A6109618A618A510648C560C361031E
S31A00EBB10088C188C198809880908190408882804280000482785C
S31A00EBB115800182000370428010684268416001600160426001D4
S31A00EBB12A5801580100045002802B4842400240424042384238EA
S31A00EBB13F0138014001480140006904A2CBCAC7C287CA87D287A8
S31A00EBB154D247D248D288CA47CA88CA000488C2800588CA48CA04
S31A00EBB169480006C287000EBA870002BA470012B2470008AA46F4
S31A00EBB17E000D934D0003938D800A938E8B4D8B4C8B4D938D0069
S31A00EBB19303934D0002938F800C8B9172CD418A2086188720C8D0
S31A00EBB1A80005108700021088800118000388108001C8000310DB
S31A00EBB1BDC9000218C98001100003CA188005CA190A190A0005D0
S31A00EBB1D2190B0002194C0003214C0002194D0004218D0002213F
S31A00EBB1E78E8001210004CE298002CF2A00050F3280054F3A5018
S31A00EBB1FC3A5000034290000242D0800F4AD04AD14AD04B11534D
S31A00EBB2111153515311530004515B800D915B91639163D163D1B5
S31A00EBB2266BD16BD100046C11000274108001740003507C800857
S31A00EBB23B5074506C4F6C0F6C00030F6400020E5C804E0E5BCE70
S31A00EBB2505C0E540E53CE53CD53CE538D438D438D334C2B4C2B29
S31A00EBB2650B2B0B330B3B0B4B0C534D7C0C8C8E948E944E9C4E97
S31A00EBB27A9C4EA3CD938C9ACA9AC9AAC9BB4AC34AC34ACB4ADB0C
S31A00EBB28F8BDB09DAC8D287CA46D1C5C9000384D9000443D980E0
S31A00EBB2A40683D983D143D1000342C1800E82C182B981B981B15C
S31A00EBB2B9C1B1C1A9C0A90003C0A10004C1A10002C199000281A1
S31A00EBB2CE918033828982818381437104794579897989694B6195
S31A00EBB2E30A590B590B61496149618A618A510648C568C3710465
S31A00EBB2F890C190C198809880908190410003808200027882801B
S31A00EBB30D0178000341708012427082708268426042600158014F
S31A00EBB322600158015800030150802E0250024842480240424027
S31A00EBB3374238014002400140014801400058838A08C2C8C28708
S31A00EBB34CCA47CA87D288D288CA48CA48CA88CA000488C28005D2
S31A00EBB36188CA48CA480006C287000EBA870002BA470012B2478E
S31A00EBB3760008AA46000D934D0003938D8020938E8B8E8B4D8B8C
S31A00EBB38B4D934D938D934D934D8B4E938F93D18B505A4E310894
S31A00EBB3A0188820C8000510870002108880011800038810800134
S31A00EBB3B5C8000310C9000218C9000418CA0002190A0005190BD7
S31A00EBB3CA0002194C0003214C8003194D1900058D2100028E2140
S31A00EBB3DF0004CE298002CF2A00040F3280060F3A4F3A503A00CB
S31A00EBB3F40490428002D0420003D04A800AD04B115311535253BA
S31A00EBB40911530004515B000491638007D163D06BD16BD100032B
S31A00EBB41E6C11000374100003745080046C4F6C0F0004640E80AD
S31A00EBB433025C0E00035BCE8002540E000353CD8048538E538DEB
S31A00EBB448438D438D334C334C2B0B2B0B330B3B0B4B4C5B8E846C
S31A00EBB45D4D8C8E948E944E9C4E9C0EA3CD938CA30A9B0AB3094D
S31A00EBB472BB4BC34AC309CB09D38BDB09DB08DA87D246D1C5C924
S31A00EBB487C4D184D1440006D9438017C942C901B900B901B94196
S31A00EBB49CB941B981B981B180A980A9C0A90004C0A1000280A148
S31A00EBB4B1803D8099C199819181918089828941814379427145B7
S31A00EBB4C668C460C660C7694B718B694C590A61496149618A619F
S31A00EBB4DB8A50C548C57104794590C190C19880988090819041D8
S31A00EBB4F00003808200027882800178000341708008427082707C
S31A00EBB505826842680003426080044258015800030150802E028C
S31A00EBB51A5002484248024042404238014042400140014801403B
S31A00EBB52F0050017105C2C8C2C7CA87CA87D288D247CA47D248FC
S31A00EBB544CA88CA000488C2800588CA48CA480006C287000EBA4F
S31A00EBB559870002BA470012B2470008AA46000D934D0003938D4F
S31A00EBB56E0002938E00028B4D8018934D938D938D934D938E8B96
S31A00EBB5834E8B8F8B8F730E49CA2907208600071088000210899C
S31A00EBB598000710C9000318CA0003190A0005190B0002194C80B2
S31A00EBB5AD08214C194C214C214D0006218D8002298D000529CEFB
S31A00EBB5C2800231CF0003320F00033A4F80013A0004904200049C
S31A00EBB5D7D04A8027D04B10531153515B505B515B505B515B90E1
S31A00EBB5EC5B91639063916390639063D063D06BD06C106C116C9A
S31A00EBB601110003740F80107410745074106C0F640F63CE63CE00
S31A00EBB616640E00055BCE000353CD0003538D8003438D430003EF
S31A00EBB62B4C3380394B330B3B0B430B5B8D6C0F8C4D948E9C8E3C
S31A00EBB6409C8EA44EA44EA3CDA3CDA34BA30BB30ABB4BC30BBB2E
S31A00EBB6550ACB0AD34CDB0AD309D2C8CA87D206C9C5D185000386
S31A00EBB66AD144801CD143D144C944C943B902B8C1A8C0A901A9F8
S31A00EBB67F41B141A981A981A180A180000499C0804599C1998067
S31A00EBB6949981998191C191818981898181828181794271426928
S31A00EBB6A94458C24842484359076989698A618A59895989618A49
S31A00EBB6BE594950C550C57904810598829882A080A040908190E2
S31A00EBB6D3418000078278800742708270427082000368420002A1
S31A00EBB6E860420002580100045001802748024801400240023814
S31A00EBB6FD014042400140014801400048005882BA87C2C9CA8879
S31A00EBB712C287D288D288CA47D2000588C2000987C2000F87BA60
S31A00EBB727800247BA001347B2000746B2800146000D934D0003D7
S31A00EBB73C938D0003938E00028B4D8019938D938E938D938F8B42
S31A00EBB7514E834E8B8F839062CD398920C61889180007881080F7
S31A00EBB7660189000710C9000318CA0002190A0006190B00051921
S31A00EBB77B4C8002214D0006218D8002298E000529CE800631CF1D
S31A00EBB790320F320F00033A4F80023A50000442908001420005FB
S31A00EBB7A5D04A8019D0531053115B505B515B505B515B915B91CE
S31A00EBB7BA6390639163906390000363D000026BD080026C10004B
S31A00EBB7CF05740F00026C0F000363CE00065BCE000253CD0003E7
S31A00EBB7E4538D80054B8D438D4300034C33805A4B330B3ACB43E2
S31A00EBB7F90C638E74518C4D8C4D948E9C8EA44E9C4EA3CDA3CDCE
S31A00EBB80EAB4BA30BB30ABB4BC34BBB0AC30ACB4BDB09D309DA7D
S31A00EBB823C8D288D206C9C5D185D184D144D144D143C943C1439E
S31A00EBB838C102B0C1B080A0C0A8C0A900A900A940A940A180A1F8
S31A00EBB84D00088099803E809181918189818981818281417142E6
S31A00EBB862710258C258C24883404240444885594969CB618A6179
S31A00EBB8778A61CA594950C559068105810598829882A080A040C0
S31A00EBB88C90819041800007827800038270800E82684268426892
S31A00EBB8A1826882604260425800040150802801480248014002C6
S31A00EBB8B6400240014042400140014801400140004801A1C4C2CB
S31A00EBB8CBC9CAC9BA47D288D288CA47D2000588C2000987C200E2
S31A00EBB8E00F87BA800247BA001347B2000746B2800146000D931D
S31A00EBB8F54D0003938D80338B4E938F938E8B4D8B4C8B4D938D67
S31A00EBB90A938D938E938D8B8E8B8E8BCF7B4E5A8B418718C918DB
S31A00EBB91FC818C81888108910881089108908C9080006C910803F
S31A00EBB93405C918CA18CA0004190A0004190B0002194B000419A9
S31A00EBB9494C8002218C0005218D0002298D000229CD000329CE20
S31A00EBB95E8006320E320F320F00043A4F0004428F00024AD0001D
S31A00EBB973054B10800553105350530004505B8002905B000490E0
S31A00EBB988630003D0630002D06B800DD0740F740F6C0F740F6C16
S31A00EBB99D0F6C0F000463CE00065BCE000253CD0002538C0002B1
S31A00EBB9B2538D8060434D434C3B4C334C330B330B3ACA430B6B71
S31A00EBB9C78E8451944D944D9C4D9C4EA44E9C0DA3CDA3CCAB4C11
S31A00EBB9DCA30BB30BBB4CC34CBB0BC2CBC30BD30AD30AD2C9CAA3
S31A00EBB9F188D247CA07C986C985C945C945C144C144B103A8C2FD
S31A00EBBA06A081988090C098C199019901994199410005918080DA
S31A00EBBA1B0291C000039181804A918089818981818181817982CF
S31A00EBBA30794169426101488150C148C340813001304248C4599B
S31A00EBBA45476189618969CA618961066147890578C4A082A082A6
S31A00EBBA5AA041A041908190817882788280828082788278810017
S31A00EBBA6F0478820002708200026842800F6882604260426041D5
S31A00EBBA84580158015001500003014800020240801F014842406F
S31A00EBBA99013800480148014000400078C1B2C8CACABA47CA88C2
S31A00EBBAAED2C9CA47CA88000EC287000EBA870002BA47001AB21F
S31A00EBBAC347000D934D0003938D80338B4D938E938E8B4D830CF2
S31A00EBBAD88B4C938D938D8B4D938E8B8F8B8E8BD08BCF730D5A96
S31A00EBBAED4A20C920C918C918C8108910881089108908C908003A
S31A00EBBB0206C9108003C918CA0005190A0004190B0002194B007A
S31A00EBBB1704194C8002218C0005218D8002298D000329CD0003A9
S31A00EBBB2C29CE8006320E320F320F00043A4F0004428F00024A26
S31A00EBBB41D00003531000024B10000353108001530004505B8002
S31A00EBBB5602905B000390630002D0638014CF63D063CF63CF7463
S31A00EBBB6B0F6C0F6C0F740F6C0F6C0F630006CE5B0003CD5B0099
S31A00EBBB8002CD53800FCC538C538C538D538D434D434C334C0026
S31A00EBBB9503330B80483ACA430B6BCE8491948E948E9C4E9C8EA9
S31A00EBBBAAA44EA40DA3CDA3CDAB4CA30BAB0BBB4CC34CBB0BBA21
S31A00EBBBBFCBC2CBD30AD30AD2C9D289D248CA07C986C985C944E3
S31A00EBBBD4C945C144B903A8C2A08198409840000390C0800499F1
S31A00EBBBE90091000003914080018900068091000280898057816D
S31A00EBBBFE898181818181798271416942610150C150C14882404D
S31A00EBBC13813842384238433843618961CA6A0A69CA69486948A2
S31A00EBBC2889057883A082A082A041A041908190817882788280F1
S31A00EBBC3DC280827882784170417882788278C37082708268421C
S31A00EBBC52684100046042000258010002500100024801802448B8
S31A00EBBC67024002400148424001380048014842400040005800A4
S31A00EBBC7CAA87CACAB247CA89D2C9CA47CA47000EC287000EBAD5
S31A00EBBC91870002BA47001AB2470010934D0004938E8002938D59
S31A00EBBCA60003938E80019300038D8B00028E8B80158E834D7BBC
S31A00EBBCBB4D4A0C2908188720C82109108808881909000610C9D5
S31A00EBBCD0000218C9800219090006190A0004190B800A194B198F
S31A00EBBCE54C214C194C214C0004218C80012100038D290005CDF0
S31A00EBBCFA298001CE0003320E8006320D3A4E3A4E0005428F00DE
S31A00EBBD0F024ACF000653100002535000035B50800A5B905B8FF8
S31A00EBBD245B9063D063D0000663CF00036BCF80016B0003CE6333
S31A00EBBD390002CE5B0003CD5B0005CD5300048C5380674C534CD4
S31A00EBBD4E4B4C434C3B4C3B0C330B32CA42CA534C73CF8451946B
S31A00EBBD634E944E9C4E9C4EA40D9C0DA3CDA3CDAB4CA30BAB0B41
S31A00EBBD78B34CC34DBB0CBACCBACBC2CAD34BDB0BCACACA49CAE3
S31A00EBBD8D48C9C7C1C6C186C186B145A8C398C2908288818881E4
S31A00EBBDA280C188C180C188C18901894189818981000489800012
S31A00EBBDB7048981803C89C281817981798171826941590150C074
S31A00EBBDCC48C148C1408138813841304030013000388440C56179
S31A00EBBDE189724B79C958C66802704390429882A081A04190819A
S31A00EBBDF6904100057882000378810002704100027082800368E9
S31A00EBBE0B826800034260801482688260826041584150004801ED
S31A00EBBE205001480248024800040140010003400080105000790D
S31A00EBBE3544BACABAC9CAC9C248D2C9CA880006C2870002C28897
S31A00EBBE4A0008C2870010BA870003BA47000AB2470002B24680CF
S31A00EBBE5F09AA46B247B247B246B2000446AA8001460010934D9D
S31A00EBBE740004938E0004938D00028B4D801A8B8D8B8E8B8E8B36
S31A00EBBE89CF8B8E838E5A4E394A18C818C818C9108808880007BF
S31A00EBBE9E10C9000218C9800219090006190A0003190B000219D3
S31A00EBBEB34B80011900044C2100048C2100038D290004CD29804F
S31A00EBBEC80FCD31CE320E320E320F320E3A4E3A4E0005428F00B2
S31A00EBBEDD024ACF8002530F000353100002530F000253500003EE
S31A00EBBEF25B50800A5B905B8F5B8F63D063D0000663CF00046B49
S31A00EBBF07CE000363CE80025BCE00045BCD000453CD0004538C54
S31A00EBBF1C0002534C80674B4C434C3B4C3B0B330B32CA42CB530A
S31A00EBBF314D73CF8451944E944E9C4E9C4EA40D9C0DA3CDA3CDD4
S31A00EBBF46AB4CA34BAB0BB34CBB0CBB0CBACBBACBC2C9CB0AD390
S31A00EBBF5B0BCACACA49CA48C9C7C186C186B945B104A0C39082D6
S31A00EBBF709041884188418080808080C080C18100890189418989
S31A00EBBF854181808100058089803F8189818181818179817981A3
S31A00EBBF9A69416941590150C048C148C04081388138413040303F
S31A00EBBFAF01300030433043490659896147508568027083904199
S31A00EBBFC49041A041A0419081884100057882000378810002709D
S31A00EBBFD94100027082800368826800054260800A826082584229
S31A00EBBFEE584150415000030148800202480005014001801240A2
S31A00EBC0030150007102B248C2CACA89C248D288CA470006C287D6
S31A00EBC0180002C2880008C2870010BA870003BA47000AB247002D
S31A00EBC02D03B2460003B2478001B2000446AA8001460012934D36
S31A00EBC0420002938E8002938D00038B4D80208B8D8B4D8B8D8B25
S31A00EBC0578E938E93CF93CF93CE730F520B310820C618C718C753
S31A00EBC06C10C810C8000410C9000418C9800219090007190A008E
S31A00EBC08102190B0003194B0003214C0004218C8002298C0003D1
S31A00EBC096298D000429CD800E31CE320E320E3A0E3A0D3A4E428E
S31A00EBC0AB4E0005428E00034ACF0005530F800A534F53505B4F70
S31A00EBC0C05B505B4F00035B8F0002638F000663CF00046BCE00CF
S31A00EBC0D50263CE80025BCD00035B8D80065BCD538D53CD0003EC
S31A00EBC0EA538D0004538C0002534C00024B4C00023B0B800C3B44
S31A00EBC0FF0A32CA4ACB638D7C108C510004940E00029C0D000274
S31A00EBC114A3CD8030AB8CA34BAB0BAB4CBB4CB30CB2CCAACBBAC0
S31A00EBC129C9C2CACB0BCACACA8AC249C1C8B987B187B146A10455
S31A00EBC13E9083808280427841784200037881800678C1790181FB
S31A00EBC15301000481410002818180018100034189804141798150
S31A00EBC1688181798171416141590048C048C040C140C138813825
S31A00EBC17D81384130403000300030023001304340C548C4384390
S31A00EBC192500160838041804198409840884188418082808200AB
S31A00EBC1A7057881800A70817041704168417042000368828002ED
S31A00EBC1BC604200036041800A6081608260825842504100054890
S31A00EBC1D1010005400180104000508191C6BB0CC289C289CA887A
S31A00EBC1E6C2470006C2870002C2880008C2870010BA870003BA50
S31A00EBC1FB47000BB2470002B2460003B2470002B2460003AA4610
S31A00EBC2100011934D8002938D0003938E00038B4D0002938E0073
S31A00EBC225068B8E800C8391730E4A0B290718C718C7000610C9B1
S31A00EBC23A000418C9800219090007190A0002190B0003194B00BE
S31A00EBC24F03214C0004218C8002298C0003298D000329CD80055A
S31A00EBC26431CD31CE3200030E3A80054E3A4E424E0004428E801B
S31A00EBC279024A8F00044ACF0004530F800C534F53505B4F5B503B
S31A00EBC28E5B4F5B4F00045B8F8002638F000563CF000563CE8007
S31A00EBC2A3016300048D5B00078D5300038C5300024C5300024C8D
S31A00EBC2B84B80110C3B0B3B0B3B0A32CA4B0B63CE84108C5100D3
S31A00EBC2CD04940E00029C0D0002A3CD8029A38CA34BAB0BAB4C35
S31A00EBC2E2B34CB30CB2CCB2CCBA89BACAC2CACACACA8AC249C294
S31A00EBC2F708B987B186A90598C48842800003417880614170819F
S31A00EBC30C78817080788178C0790179007940814181418140819F
S31A00EBC3214081418141894189417940798179817141610158C0E5
S31A00EBC33648C048C040C140C13881388038403040300030003006
S31A00EBC34B0228012802304338423002480058427800804190408D
S31A00EBC360904088418841808280820005788180057081704170DC
S31A00EBC375000341680003826800034260000341608007816082F6
S31A00EBC38A5842504200044801000540018010400048007903BB9F
S31A00EBC39F0BBA88CACACA88C2470006C2870002C2880008C28770
S31A00EBC3B40010BA870003BA470011B2470002B2460002AA460038
S31A00EBC3C910934D0002938D0004938E00028B4D0003938E801A9F
S31A00EBC3DE8B8E8B4E8B4E8B8E8B8E8B8F838E6ACC4188210718F2
S31A00EBC3F3C618C81908000410C9000218C9000220C900041909AC
S31A00EBC4080004190A8002190B0003194B0004214C0004218C00D8
S31A00EBC41D03298C800D29CC29CD29CD31CD31CD320E3200030E74
S31A00EBC4323A80054D3A4D424E0004428E00054ACE0002530E008D
S31A00EBC44702530F0002534F00045B4F00025B8F00035B8E8002DF
S31A00EBC45C63CF000463CE0002638D8005638E638D6300058D5BCB
S31A00EBC47100078D5300028B5380524C534B534C534C4B0C4B0C56
S31A00EBC4863B0B3B0B3ACA3ACA530B6BCF8C108C108C0E8C0E9484
S31A00EBC49B0E940E9C0D9C0DA3CD9BCDA38B9B4BA30BA34BB34C12
S31A00EBC4B0B34CB30CAB0CB2CAB2CAC2CAC2CBCACBC28ABA09B1AB
S31A00EBC4C5C8A947A10588C4800003427000028270000481708029
S31A00EBC4DA0AC170C179017901794179000641818041417940793D
S31A00EBC4EF8079817141590150C048C148C140C140C1388138812B
S31A00EBC5043841304038003000380230012801300228422801384F
S31A00EBC519004041684070418840884088419041888288820005FF
S31A00EBC52E788100037041000468418002604100036882801560A8
S31A00EBC5438158405800584160826083584350024802480148005B
S31A00EBC558050140801101380038006081A28ABA88CB0ACA88CA55
S31A00EBC56D880010C2870010BA870003BA470012B2470003B2468C
S31A00EBC5820010934D8002938D0005938E00028B4E80048B4D8B39
S31A00EBC5974E00048B8E0002938E00028B8F800C7B4F5A4B31497F
S31A00EBC5AC20C618C81908000410C9000218C9000220C9000419DA
S31A00EBC5C1090004190A0004194B0003214C0005218C0003298C02
S31A00EBC5D6800329CC290003CD31800FCD320E320E3A0E3A4E3AD7
S31A00EBC5EB4D3A4D424E0003428E80044ACE4ACF00044ACE8009B9
S31A00EBC6004B0E530E530F530F5300084F5B80074E5B8E5B8E63A7
S31A00EBC6158E000363CE8002638E0004638D00045B8D0005538D25
S31A00EBC62A0003538C0002538B0002534B8020534C530B4B0C4B69
S31A00EBC63F0B3B0B3B0B3ACA3ACA530C740F8C518C108BCE8BCE49
S31A00EBC6548C0E940E00049BCD8027A34B9B4A9B0AA34BB34CB379
S31A00EBC6694CB30CB30CBACAB2CABA8AC2CBCACBC28ABA09B1C813
S31A00EBC67EA14698C58883800003427000028270000481708007C2
S31A00EBC693C170C171007101000479410004814100027940800EFF
S31A00EBC6A8714171405901590048C148C140C100033881802838C7
S31A00EBC6BD413040380030003802300128023002284228024000C3
S31A00EBC6D240416800704088008840884188418882888200057856
S31A00EBC6E781000370410002684100036041803668816882688355
S31A00EBC6FC68815840580058006042608360835842504250424899
S31A00EBC711424801400140013801380140003800580089C6BA8941
S31A00EBC726CB0ACA88CA880010C2870010BA870003BA470014B220
S31A00EBC73B478002B2460010934D0004938D0002938E00028B8EE5
S31A00EBC7508023834D8B4E8B8E938F938E938E938F938F8B8E932A
S31A00EBC7658E8B8F730D4A0B31471908190810C9100003C918804A
S31A00EBC77A07CA18CA20CA20CA000419090004190A0004194B80FD
S31A00EBC78F0D214B214C214C218C218B218B2100058C2980018C64
S31A00EBC7A4000431CD80013200030E3A80194E3A4D3A4D424D42C9
S31A00EBC7B94E428E428E4ACE52CF52CE4ACE4ACE52CE0003530E7F
S31A00EBC7CE8003530F5300064F5B00044E5B00048E5B00088D5BF3
S31A00EBC7E300058D5300038C5300028C4B80038B4B8B0003534B2B
S31A00EBC7F88068530B4B0B4B0B3B0B430B3ACA3ACA5B0C740F8C37
S31A00EBC80D1083CF83CF8BCF8BCE8C0E93CE93CE9BCD9BCD9B8B6C
S31A00EBC822934A9B0AA34BAB4CAB4CAB0CAB0CBB0BB2CAB28ABA0C
S31A00EBC837CBCACBC28ABA09B1C8990690C4784378427042704346
S31A00EBC84C68836883684168426881688170C170C171017101792C
S31A00EBC8610100037941802281018141810181017940794069400E
S31A00EBC876690059015900490148C1408138813882384138410027
S31A00EBC88B05380100023002801820422001300038416040604031
S31A00EBC8A0800080408800884088418842000578810003704100BD
S31A00EBC8B502684100056041800A60426081604058415841000449
S31A00EBC8CA584200025843800650424842404100034001801838FA
S31A00EBC8DF00404048006082BA89C2CAC287CAC8C287C287C28625
S31A00EBC8F4C286000CC2870010BA870003BA470015B2470010939B
S31A00EBC9094D0004938D0002938E80088B8E938E834D8B4E000326
S31A00EBC91E938F0002938E8015938F938E93CE93D08B8F62CE39AF
S31A00EBC933C92109210810C9100003C9188007CA18CA20CA20CA0E
S31A00EBC948000419090004190A0004194B800D214B214C218C2100
S31A00EBC95D8C218B218B2100058C2980018C000431CD8001320053
S31A00EBC972030E3A80134E3A0D3A4D3A4D424E428E4A8E4ACE539B
S31A00EBC9870F52CF000352CE0002530E8004530F5B0F00065B4FF4
S31A00EBC99C00025B4E8008534E5B4E5B8E5B8E00045B8D80025B7D
S31A00EBC9B14D00055B8D8008538D538C538D538D0003538C00035A
S31A00EBC9C64B8C00024B8B0003534B805A530B4B0B4B0B3B0B43AE
S31A00EBC9DB0B3ACA3A895B0C7C0F8C1083CF83CE83CF8BCE8BCE4F
S31A00EBC9F093CE93CE9BCD9BCDA38C9B4B9B0BA34BAB4CAB4CAB6D
S31A00EBCA050CAB0CBB0BB28AB249BA8AC28BBA4AB1C9B1C890C58E
S31A00EBCA1A888478437002704270436883688268416841000368E6
S31A00EBCA2F81800670C170C070C00004790100048101801A794012
S31A00EBCA4471406900690059015901490148C140813881388238F6
S31A00EBCA594138410005380180133002280120011801300038410E
S31A00EBCA6E5800604078008000030088800301884100047881807D
S31A00EBCA83027081000370410002684100046041803C5801580049
S31A00EBCA9860406081688260815841580158025842588358835060
S31A00EBCAAD43504248424041400140013800404148005000BA898D
S31A00EBCAC2C2C9C247CAC8C287C287C286C286000CC2870010BA07
S31A00EBCAD7870003BA470005B2478002B287000FB247000A8B4D2B
S31A00EBCAEC00028B8D0008938D0006938E00048B8E80288B8F9369
S31A00EBCB01CF8B8E938E93D0938F834F6A8C498A2886310920C835
S31A00EBCB16108810C811091109110A110A190919090003190A8055
S31A00EBCB2B0C194A214A214A194A214A194A0003214B0002218B71
S31A00EBCB400004218C8006298C29CC29CC000331CD0006320D8053
S31A00EBCB55103A0C3A4C3A4D428D428D4A8E4ACE4ACE0003530E6D
S31A00EBCB6A800452CE530D0003530E0003530D0002534D00035BFA
S31A00EBCB7F4D80085B8E5B8D5B4D5B4D00045B8D00055B8C800161
S31A00EBCB945B00094C5300024B5380224C534C4B4C4B4B434B436D
S31A00EBCBA90B430B430A430A3AC942884ACA738D84108C0F7B8E7A
S31A00EBCBBE838D830004CE8B8028CE93CD9BCE9BCD938C9B0B9B7A
S31A00EBCBD34CAB4DA30CAB0CAB0CB28CB2CCB28CB28BB28CB28C48
S31A00EBCBE8A24A918770C4700003836880024268000342600003DD
S31A00EBCBFD81600002816880058170C170C10004710100047141D2
S31A00EBCC120004594080175941510048C148C048C1408140813829
S31A00EBCC2781384138413041300003412800030120010002280038
S31A00EBCC3C800B4801484260426842780178000301808002418090
S31A00EBCC51000441780002417000044168000441608013415000F7
S31A00EBCC665841608268C368C36082584150005842000358828035
S31A00EBCC7B2B5042500148014000400140015082300081C5B34B54
S31A00EBCC90BAC8B2C8C287C287CA87CA87C287C287BAC8BAC8C216
S31A00EBCCA588C2001187BA000E87B2000D47B2000247AA800147E5
S31A00EBCCBA000A8B4D00028B8D0008938D0005938E00078B8E000A
S31A00EBCCCF02938E0002938F801C8B907B0E520B3908290820C821
S31A00EBCCE418C818C9110910C9090A110A190919090003190A807E
S31A00EBCCF90C194A214A214A194A214A194A0003214B0002218BA2
S31A00EBCD0E0004218C800C298C29CC29CC29CD31CD31CD0005321A
S31A00EBCD230D800C3A0D3A4C3A4D424D428D4A8D00034ACE0004C9
S31A00EBCD38530E8002530D0003530E0004530D0002534D00025BEB
S31A00EBCD4D4D80045B8E5B8D00045B4D00025B8D0012534C80086F
S31A00EBCD624B4C4B0B434B430B0003430A80113AC94288530A7384
S31A00EBCD778D84108C0F7B8E838D830003CE8B802ACD8BCD93CDD3
S31A00EBCD8C93CD9B8D934C9B0B9B4CAB4DA30CAB0CAB0CB2CCB268
S31A00EBCDA18CB28BAA4BAA8BAA8B9A09898770C47000038368809F
S31A00EBCDB6024268000342600003816000028168800181000470E1
S31A00EBCDCBC1000271010002714100026941000459408017514107
S31A00EBCDE0510048C148C048C14081408138813841384130413014
S31A00EBCDF500034128000301200100022800801040014842604181
S31A00EBCE0A684278017801800180010006784100027041000468A6
S31A00EBCE1F410004604100035841803D608260C368C36082584123
S31A00EBCE345041608260C3608358425001480150414001400240F7
S31A00EBCE490038006902A2C9B2C8B2C8C287C287CA87CA87C28764
S31A00EBCE5EC287BAC8BAC8C288C2001187BA000E87B2000D47B2D6
S31A00EBCE73000247AA800147000A8B4D00028B8D0008938D0005D5
S31A00EBCE88938E80068B8E8B4E8B4E00048B8E802293CF938F8B64
S31A00EBCE9D8F938F93D18B906A8E51CA290828C8210921091109BD
S31A00EBCEB210C91109110A19090005190A0002214A8006194A21AB
S31A00EBCEC74A194A0003214B0003218B0003218C8002298C0003B0
S31A00EBCEDC29CC800631CC31CD320C0004320D800A3A0D424D42B7
S31A00EBCEF14D428D4A8E00064ACE0004530E0006530D0004534DBA
S31A00EBCF0680045B8E5B8D00065B4D0007534C8002534B000A53FF
S31A00EBCF1B4C80064B4B4B0B430B0004430A804E3AC942895B4B71
S31A00EBCF307BCE840F83CF7B8E7B8D838D83CD83CD8BCD8BCD93C9
S31A00EBCF45CD93CD9B8D934C930B9B4CA34DA34CAB0CAB0CB2CC62
S31A00EBCF5AAA8BAA4AA24AAA4AA24A91C8814670C468C36883680A
S31A00EBCF6F8360826082604260420004608100036881801368C1A4
S31A00EBCF8468C068C16901710169416901610061005900044051B6
S31A00EBCF99801601510148C148C040C1408140813881384138416A
S31A00EBCFAE30413000034128801B412000200120002800280040A3
S31A00EBCFC301404158016042700170018001800100067841000345
S31A00EBCFD870410003684100046041804358425001500050416062
S31A00EBCFED8268C360C3608258425842588258835882588250425D
S31A00EBD0025042400148423000484150408A06B2C8B2C8C287C2F3
S31A00EBD01787CA87CA87C287C287BAC8BAC8C288C2001187BA00F6
S31A00EBD02C0E87B2000D47B2000247AA800147000A8B4D00028B87
S31A00EBD0418D0008938D0004938E800F93CF8B8E8B4E8B4E8B8E3A
S31A00EBD0568B8F8B8E8B00038E93801A8F93CF93D193D07B506A6B
S31A00EBD06B8E3949310821092109110910C911091100070A19805A
S31A00EBD080094A214A194A214A194A0003214B0004218B800121FA
S31A00EBD09500038C290002CC290003CC318001CC0003320D000255
S31A00EBD0AA3A0D8008424D428D428D4A8E00044ACE00024ACD80F7
S31A00EBD0BF0C52CE530E530E530D530D4ACD0004530D0004534D9E
S31A00EBD0D400035B4D8002534D000A534C0005534B0005534C8019
S31A00EBD0E902530C00034B0B8032430B430A430A3B0A42CA3AC999
S31A00EBD0FE4ACA638C7C0E840F83CE7B8D7B8D838D83CD83CD8B70
S31A00EBD113CD8BCD93CD93CD9BCD938C9B0B9B4CA34C0003A30C7C
S31A00EBD1288004B28BAA8B0003A24A80169A098987790570C468B9
S31A00EBD13DC36883688360826082604260420003604100026081C4
S31A00EBD152000368818029688068C169017101694169016100617F
S31A00EBD1670051405140510051405101510148C148C040C1408147
S31A00EBD17C40813881380003413080010100032841801A200020BF
S31A00EBD19101200028002800380040015801584170017001800159
S31A00EBD1A680010003784080017800064170000241680002416049
S31A00EBD1BB8011406041580058415001500050005842608200039B
S31A00EBD1D060838031504148005001588360C45883504248425055
S31A00EBD1E5433800484140006903B2C8B2C8C287C287CA87CA876C
S31A00EBD1FAC287C287BAC8BAC8C288C2001187BA000E87B2000DE7
S31A00EBD20F47B2000247AA800147000A8B4D00028B8D0008938D41
S31A00EBD2240004938E800393CF9300048E8B80258F8B8E8B8E8B59
S31A00EBD2394E938F93CF93CF93D093D08B918350520C418A2108B4
S31A00EBD24E20C819091909110911090007190A0002194A80042146
S31A00EBD2634A194A0003214B0005218B8002298C000529CC0002C5
S31A00EBD27831CC8009320C320D320D3A0D3A00034D4280078D4205
S31A00EBD28D8D4A8E4ACE00054ACD800452CD530D00034ACD0003E2
S31A00EBD2A2530D0005534D00025B4D0002534D8002534C000353BE
S31A00EBD2B70C0006534C0002534B0002530B0003534B0003534C7D
S31A00EBD2CC00044B0B0003430A801A42CA42C942C952CA638D8466
S31A00EBD2E10F840F7BCE7B8D7B8D838D83CD83CE00038BCD8013AD
S31A00EBD2F693CD9BCD938C934C9B4CA34C9B0CA2CCA2CCAA000366
S31A00EBD30B8BA2800D8B9A4A89C87946710568C468C4000460832E
S31A00EBD320000260420004584100046081000260C1800E6901695D
S31A00EBD33502694161015900590051400003510000025101800772
S31A00EBD34A48C140C040C140000381380003413000034128801B5C
S31A00EBD35F4120002001200028002800380038015001504168011A
S31A00EBD374680178017801000370400007704100026841804B6017
S31A00EBD38941604060415800500150415041500150415041584244
S31A00EBD39E588260C358825041504158825883588350825083500B
S31A00EBD3B3424841400048005040AA88B2C9C288C288CA87CA87AE
S31A00EBD3C8C287C287BAC8BAC8C288C2001187BA000E87B2000D17
S31A00EBD3DD47B2000247AA800147000A8B4D00028B8D0008938D72
S31A00EBD3F20004938E800593CF93CE9300058E8B80218F834D8B8C
S31A00EBD4078F93CF93CF8B908B908B918B916B0F520C31492108E3
S31A00EBD41C19091909110911090008190A8006194A214A194A00B0
S31A00EBD43103214B0005218B8002298C000629CC801831CC320CD0
S31A00EBD446320D320D3A4D3A4D3A4C3A4D424D428D428D4A8E0042
S31A00EBD45B0A4ACD0004530D0006534D0006530C0006534C000294
S31A00EBD470534B00054B0B0002530B8002534B00034B0B0003439E
S31A00EBD4850A803442CA3AC942C942C9530A6BCD840F7C0F7B8E02
S31A00EBD49A7B8D838D83CD83CE83CE8BCD838D8B8C8BCD9BCD93B0
S31A00EBD4AF4C930B934C9B0C9B0C9ACC9ACB0003A28B800E9A4AF3
S31A00EBD4C4920981467105710568C468C400046083000260420031
S31A00EBD4D90458418002604100046081000260C1800A690161012F
S31A00EBD4EE6101590058C00004510000025101800B48C140C040E8
S31A00EBD503C140813881380004413080010100032841801A200092
S31A00EBD51820012000280028003000380048005001600068017042
S31A00EBD52D01780100047000000570410003684100046041804340
S31A00EBD54250005041584158415001500050015041608360C368DF
S31A00EBD557C4608350414801504258835083504258C34040484058
S31A00EBD56C40009205B2C9C288C288CA87CA87C287C287BAC8BA63
S31A00EBD581C8C288C2001187BA000E87B2000D47B2000247AA80BE
S31A00EBD5960147000A8B4D00028B8D0008938D0005938E802E93BC
S31A00EBD5ABCE93CF8B8E8B8E834E8B8E8B8F834E8B8F93CF8B8FAD
S31A00EBD5C08B8F938F8BD08B9083916ACD41CB3148210821081978
S31A00EBD5D50819090008190A8005194A214A1900034A2180014B55
S31A00EBD5EA0005218B8002298B000329CC000229CB801829CC31A8
S31A00EBD5FFCC320C320C3A0C3A4D3A4D3A4C3A4C424D428D4A8D49
S31A00EBD61400074ACD00024ACC00024ACD0002530D8002530C007E
S31A00EBD62903530D000A530C0006534B000C4B0B0003430A800257
S31A00EBD63E42CA000342C980444289530A6BCD840F7BCE7B8D7B49
S31A00EBD6538D838D838E83CE83CE838D838C838C8B8C938C8B4B47
S31A00EBD6688B0B930B9B0C9B0C9ACC9ACCA2CCA28B9A8B920A7999
S31A00EBD67D8769056905710668C560C46084000360838014588343
S31A00EBD6925843584258425841584258415882588158810004580F
S31A00EBD6A7C1802059015101510050C05100490049005101510188
S31A00EBD6BC490140C140C040C14081388138810004304100032849
S31A00EBD6D1418022200020012000280028003000300148004801CD
S31A00EBD6E65801580168017001700070007001700100047041003B
S31A00EBD6FB046841000460418003504158000341508027015000DF
S31A00EBD710500050015041588260C460C3504248415042588250E9
S31A00EBD72583508358C35082484048407102AAC90004C288000275
S31A00EBD73AC2870002BAC78003C288C2001187BA000E87B2000DE8
S31A00EBD74F47B2000247AA800147000A8B4D00028B8D0008938DFC
S31A00EBD7640004938E80128B8E938E93CF8B8E834D834D8B8E8B0F
S31A00EBD7798F8B8E00048B8F801693D08BD08B9094127B4F524C67
S31A00EBD78E398A29492108190821490008190A8005194A214A1915
S31A00EBD7A300034A2180014B0005218B800229CB000329CC000225
S31A00EBD7B829CB801E29CC31CC320C320C3A0D3A4D3A4D3A4C3A56
S31A00EBD7CD4C424D428D4A8D4ACE4ACD4ACE00034ACD00034ACC5B
S31A00EBD7E200024ACD00084B0C0002530C00034B0C0003530C00AC
S31A00EBD7F7024B0B0002530B000E4B0B0002430A000242CA0003B0
S31A00EBD80C42C980264288530A6BCD840F7BCE738D7B8D838D838F
S31A00EBD8218E83CE838D838C7B8C838C838C8B4C830B8ACB8B0B8E
S31A00EBD83600049B0C8016A2CCA28C9A4A8A09714660C468C47120
S31A00EBD84B4668C560C46084000360838008588358435842584244
S31A00EBD8600003584100055881000258C1000350C0800248C00090
S31A00EBD875034900801251004901490140C140C040C1408138816E
S31A00EBD88A38800004304100032841801A200020012000280028B4
S31A00EBD89F0030003001480048015800580168016801000370009B
S31A00EBD8B4800970017041704168417000044168000441600002A5
S31A00EBD8C94158800541500050000003504100034800801C480196
S31A00EBD8DE588260C360C3504248015083588358C358C3480050CD
S31A00EBD8F3815840AAC90004C2880002C2870002BAC78003C288BA
S31A00EBD908C2001187BA000E87B2000D47B2000247AA80014700FD
S31A00EBD91D0A8B4D00028B8D0008938D0005938E00048B8E8026F7
S31A00EBD9328B8F93CF93CF8B8F93CF93CF8B8E8B8E93CF93D08BB1
S31A00EBD9478F8BD08BD07B505A8C398A2908210718C700041909C3
S31A00EBD95C800F190A214A194A1909214A214A194A1900034A2163
S31A00EBD97180018A0003218B8002298B000529CB8014320C31CCF8
S31A00EBD986320B320C320C3A0C3A4D3A4D3A4C424C0004428D00A7
S31A00EBD99B04428C00054ACC0003530D0002530C00064B0C000474
S31A00EBD9B04B0B00024B0C800153000F0B4B800B0B42CA42CA4398
S31A00EBD9C50A430A42CA000342C9801742894AC9634B73CE7BCE3E
S31A00EBD9DA738D7B8D840E838E838E7B8D7B00038D8300028C83E4
S31A00EBD9EF80174B834B8B0B934C934C930C930C9B0D9ACC9ACC7C
S31A00EBDA048A4A698600046105800660C458C458840003588380EF
S31A00EBDA190458435043000650420002508200025081000248C18B
S31A00EBDA2E800948C048C14900490141000400498012014901401A
S31A00EBDA43C140C1388138813081308030403000034028018001BB
S31A00EBDA5828000300208001010003200000022801800B380038B2
S31A00EBDA6D01500050016001600007016801800260000004684150
S31A00EBDA82000260410002604000075041803048015041480148A6
S31A00EBDA970048005041588358C360C44801504250825082504087
S31A00EBDAAC508168C28184CB0AB288C287CAC9BA87C287C3080034
S31A00EBDAC114BA870015B2870006B2470002AA47000A8B4D0002E6
S31A00EBDAD68B8D0008938D0004938E00028B8E8003938E93000390
S31A00EBDAEB8F8B00028E8B801F8F93CF938F8B8E8B8E93CF93D057
S31A00EBDB008B8F8B908BD083D16B0E4A0B31892108210700051944
S31A00EBDB15090003194A0002214A0003194A800C214A218A218B7A
S31A00EBDB2A218A218B298B000829CB800C320B320C320C3A4C3AE9
S31A00EBDB3F4D424D0004428D0005428C00054ACC0003530D80015F
S31A00EBDB545300070C4B00050B4B00020C4B00070B4B80010A007E
S31A00EBDB69084B0B000242CA0002430A000442C980174289530A2D
S31A00EBDB7E6B8C73CE7BCD738D738D7BCE838E838E7B8D7B000330
S31A00EBDB938D8380298C838C8B8C834B8B4C934C930C930C92CC01
S31A00EBDBA89B0C928B8A8B79C8614558C458C460C458C460C460BB
S31A00EBDBBDC4588400035883800258430007504280075081508204
S31A00EBDBD250815000038148800AC048C1490049014100410003F5
S31A00EBDBE70049801201490140C140C138813881308130803040CD
S31A00EBDBFC30000340280180012800030020800101000320000016
S31A00EBDC11022801800B380038015000500158016000070168011B
S31A00EBDC268002600000046841000260410002604000075041008C
S31A00EBDC3B054801801B48415042588358C4588348424841484270
S31A00EBDC5058C258C268C168C2BAC9BA000388C2000287C28001F1
S31A00EBDC65C80014BA870015B2870006B2470002AA47000A8B4D7A
S31A00EBDC7A00028B8D0006938D80048B8D938D0004938E00028BF6
S31A00EBDC8F8E000393CF802A8B8E834E834D8B8F8BCF8B8F8B8E91
S31A00EBDCA48B8E93CF93CF8BCE838E93CF9411838F62CD4A0A3166
S31A00EBDCB9482907214A2149000419090002214A0005194A80029B
S31A00EBDCCE214A0004218A8002298A000829CB0002320B8006320E
S31A00EBDCE30C3A4C3A4C0007428C8006424C428C428C00054ACC83
S31A00EBDCF880064B0C530D530D00064B0C00054ACB00094B0B00B3
S31A00EBDD0D024B0A00044B0B00044B0A800442C94309000542C91B
S31A00EBDD22804E42894A885B4B73CD73CD738D738D7B8D7BCD8397
S31A00EBDD378E7B8E7B8D7B8D838D83CD838D838D8B8D8B8C8B4CB9
S31A00EBDD4C8B4C934C8B0C930C930C8A8B7A4A6987590550C450BB
S31A00EBDD61C458C450C458C558C558C45884508450830003504359
S31A00EBDD7680024843000448428007488250824881480003814014
S31A00EBDD8B8009C140C14101410140C00003410000024101000239
S31A00EBDDA040C10002388180053081308030000440280180012895
S31A00EBDDB5000300208001010003200000022801800C3000380180
S31A00EBDDCA400148015001504100066801000260010003604180F1
S31A00EBDDDF02684100046040000750418032480148004801484142
S31A00EBDDF44841480148415082588358C450424841484150815040
S31A00EBDE098260816081A207BA89C2C8BA88C287C2C8BAC7BAC742
S31A00EBDE1E0013BA870015B2870006B2470002AA47000A8B4D0088
S31A00EBDE33028B8D0006938D00028B8D0002938E80088B8E938EAA
S31A00EBDE488B8E8B8E000393CF00028B8E8006834D8B8F8B8F0098
S31A00EBDE5D038B8E801693CF93CE93CE8B8E93CF94118BD07B50A3
S31A00EBDE7262CD41CA290800031909800121000309198002492167
S31A00EBDE8700054A1900024A2100028A2180038B218B000929CB5C
S31A00EBDE9C0002320B8002320C00033A4C0003424C0006428C0093
S31A00EBDEB1024ACC800C42CC4ACC4ACC4B0C4B0D4B0D00044B0C2B
S31A00EBDEC600024ACC00064ACB00064B0B00044B0A80024B0B0096
S31A00EBDEDB054B0A00024ACA000842C980124A89634C7BCE73CD21
S31A00EBDEF0738D73CD7BCD7B8D7B8E00047B8D0003838D80208B49
S31A00EBDF058D8B8C8B4C8B4C934C930C930C92CC828B720961461A
S31A00EBDF1A510558C5590558C450C4000358C5800458C45084006C
S31A00EBDF2F0550430006484200024081800C4080408138C140C1FA
S31A00EBDF4439014101000340C0800441004101000340C100023813
S31A00EBDF5981800530813080300004402801800128000300208072
S31A00EBDF6E010100032000800F2001280130003000400048015076
S31A00EBDF830150000301600003016800050160000241600003402B
S31A00EBDF98600100075041800648014800480100034841802648B0
S31A00EBDFAD0148415042508358835083508248404000584068C275
S31A00EBDFC29184BAC9CAC9BA87C2C8C2C8BA87C2C70013BA8700BB
S31A00EBDFD715B2870006B2470002AA47000A8B4D00028B8D000404
S31A00EBDFEC938D80038B8D9300038D8B80028E9300048E8B000204
S31A00EBE0018E9380028F9300038F8B80218E8B8F8B8F8B8E8B8FA1
S31A00EBE0168BCE8B8E8BCE93CE8BCE93CE8BCF8BCF8BD07B4F5AEB
S31A00EBE02B4C3988000319090002214A000219098006214A1949D9
S31A00EBE04019490003194A8006214A218A218A000729CB8004321A
S31A00EBE0550B29CB0004320B00033A4C00023A4B00033A4C0005E7
S31A00EBE06A428C000242CC800842CB4ACB4ACC4ACC00034B0C00A2
S31A00EBE07F034ACC00054ACB8001420004CB4A8001CB00064B0AE5
S31A00EBE09400024ACA00034B0A80014A0005CA428002C93A0004B3
S31A00EBE0A9C9420002C94A800BC952C9638C7BCE73CD738C000368
S31A00EBE0BE7BCD800C7B8D7B4D734D734D7B8C7B8D0004838C0016
S31A00EBE0D3028B4C800E934C8B0C8ACC82CB724A61C85146000348
S31A00EBE0E85105801650C550C450C558C558C550C55084508348CA
S31A00EBE0FD4348434883000348430004484200024041000238812A
S31A00EBE112800C30C138C138C1390140C040C0000440C10002381F
S31A00EBE127C100023881000230810004284000022800000220000B
S31A00EBE13C801720012000180118012001200128003001380040C0
S31A00EBE15101480148000901600100026000000360400002600064
S31A00EBE1660006504100034841000348010002484180244801408C
S31A00EBE17B014801588258C458C348814000504060C28103AA88D2
S31A00EBE190CAC9BA88C2C8C288BA86BAC70013BA870015B287007D
S31A00EBE1A506B2470002AA47000A8B4D00028B8D0004938D00055D
S31A00EBE1BA8B8D00038B8E80019300048E8B80368E938F93CF939F
S31A00EBE1CFCF838F838E8B8E8B8F93CE8B8E8B8D93CE93CF8BCE77
S31A00EBE1E48B8F8B8F8BD183906ACE520B214A19091909214A21C2
S31A00EBE1F94A190919092100044A1900024A21800B8A218B218B30
S31A00EBE20E29CB29CB29CA000329CB800231CB0004320B00023245
S31A00EBE2230C00033A4C80023A0B00043A4B8002424C0006428C2C
S31A00EBE2388004428B4ACB00054ACC80014A0009CB420003CB4A66
S31A00EBE24D8001CB001042CA00043AC9000242C900024AC98004B6
S31A00EBE2625B0A6B8C000373CD00027BCD80067BCE7B8D7B4D002E
S31A00EBE27703734C00037B8C8004834C838C00038B4C800B8B0C77
S31A00EBE28C82CB7A4961C859464900030551802F0550C448C450EE
S31A00EBE2A1C450C558C558C5508450835043508348844883484335
S31A00EBE2B6484348424842404240423841384138803881308000AC
S31A00EBE2CB0330C1000240C0000440C1000238C10002388100029A
S31A00EBE2E0308100042840000228000002200080172001200018DF
S31A00EBE2F50118012000200028002800380038014801480009016D
S31A00EBE30A60010003600000026040000260000006504100024864
S31A00EBE31F41803050414841480048014841484148014000480079
S31A00EBE334480150825904590350C250405040708199C6C288C281
S31A00EBE349C9C2C8C287BA86BAC70013BA870015B2870006B247D0
S31A00EBE35E0002AA47000A8B4D00028B8D0004938D00028B4D00CC
S31A00EBE373048B8D00078B8E80148B8F93CF93CF838F834E838E02
S31A00EBE3888BCF93CE8B8E8B8D000393CE00028BCF80178BD18B65
S31A00EBE39DD07B4F6A8D3A0D214A19092149214A190919092100DB
S31A00EBE3B2034A1900024A2100028A2180138B218B298A218A219C
S31A00EBE3C78A298A29CA29CA29CB29CB0008320B00053A4B8004F2
S31A00EBE3DC3A4C428B0005428C8004428B42CB00044ACC00034258
S31A00EBE3F1CB8006428B428A428A000442CB800842CA42CB4ACBA9
S31A00EBE4064ACB001042CA00043AC9801C42C842C94AC94AC96B96
S31A00EBE41B8C6B8C738C73CD7BCD73CD7BCD7C0E7B8E7B8D0003CB
S31A00EBE430734C803A7B4C7B8C7B8C834C838C8B4C8B4C8B0C8BEA
S31A00EBE4450C7A8A6A085146490548C449055105510548C448C44C
S31A00EBE45A488450C458C550C550844883488350845084488400CC
S31A00EBE46F034843000340420002384100023081800E3080308177
S31A00EBE48428C030C138C038C040C0000340C1000338C100033096
S31A00EBE499810004284000032800801B2000200120001801180137
S31A00EBE4AE2001200128002800300038014001400158000801602A
S31A00EBE4C30100076000000550410003484180015000034148006C
S31A00EBE4D8020148000201408021014801400040005082590358BF
S31A00EBE4EDC35881504060407903B207C2C9C288BA87BAC7BAC710
S31A00EBE5020013BA870016B2870005B2470002AA47000A8B4D009D
S31A00EBE517028B8D0004938D00028B4D00048B8D00088B8E0002A7
S31A00EBE52C8B8F802E838F834E838E8BCF93CE8B8E8B8D93CE8B55
S31A00EBE5418D93CE93CF93CF8BD18BD08390730F4A8F318B19091F
S31A00EBE5561909214A190919090003214A800C194A214A218A215A
S31A00EBE56B8B218B29CB0005218A800629CA29CB29CB0008320B29
S31A00EBE58000073A4B8006428B428C428C0003428B800842CB4A6B
S31A00EBE595CC4ACC42CC000342CB0002428B8004428A3A8A000499
S31A00EBE5AA42CB800842CA42CB42CB4ACB001042CA00043AC980F8
S31A00EBE5BF6242C842C94AC94AC973CE6B8C6B8C73CD7BCD738C03
S31A00EBE5D4738D7C0E838E7B8D734D734C734C7B4C7B8C7B8C8308
S31A00EBE5E94C838C8B8C8B4C8B0C82CB72496187490548C448C4F6
S31A00EBE5FE51055146510548C450C4488350C458C558C550845077
S31A00EBE61383508350845084488448434843404300034042000217
S31A00EBE62838410002308100023080000228C0000338C080034066
S31A00EBE63DC0400004C1388001C10003308100042840000328004D
S31A00EBE652800620002001200000031801800F200128002800308F
S31A00EBE66700380140014001580008016001000760000005504133
S31A00EBE67C00074841000240008024400148414801400038004057
S31A00EBE691004841508260C2610358006880A9C5CACABA87BA471E
S31A00EBE6A6C2C7BAC70013BA870015B2878002B2470004B287808A
S31A00EBE6BB06B247AA47AA47000C8B4D00088B8D000B8B8E800AC6
S31A00EBE6D08B8F8BCF8BCE8B8E8B8E00038BCF80028B8E00068BBC
S31A00EBE6E5CF000293CF80176ACE520B31892908214821491949B0
S31A00EBE6FA1909194A194A214A21000A8A290004CA318005CB3268
S31A00EBE70F0A320A00043A0B00063A4B0003424B8002428B000605
S31A00EBE7244ACC000242CB0002428B0006428A001042CA000642C5
S31A00EBE739C900023AC9000242C900024288803452C9634B7BCD6E
S31A00EBE74E7BCD7B8D7B8C7B8D7B8D83CE83CE7B8D734D7B4D7BB1
S31A00EBE7634D834C7B4C830B834C8B4C834C830C834D830D72CC9D
S31A00EBE7785A0949870003490600034905000648C5800E50C548C7
S31A00EBE78DC54884408448834883408300034043800738433842D6
S31A00EBE7A2304230000342280003812880048130C1300008C1388F
S31A00EBE7B7802CC13080288028402040204120412801280120019A
S31A00EBE7CC2001180118001840180020402040200028003000301D
S31A00EBE7E1003800380004005000090158000240580002405000E0
S31A00EBE7F606415000020148000441480002014001800640004064
S31A00EBE80B024002000338008019404048C1510260C360C370C29B
S31A00EBE820BB0BBA88BA88CAC7C286C288C2000488BA000D87BA2F
S31A00EBE835001B87B2000286B2800186000C8B4D00088B8D000B39
S31A00EBE84A8B8E80048B8F8BCF00048B8E00028BCE80028B8E00A4
S31A00EBE85F078BCF801993CF7B50628D41CB314821082108194964
S31A00EBE8741909194A194A214A2100058A290002892900038A2908
S31A00EBE889800CCA29CA31CA31CB320B320A3200050B3A00064B03
S31A00EBE89E3A00034B4280078B4A8C4ACC4ACC00034A8C800642F5
S31A00EBE8B3CB428B428B0008428A000D42CA000842C900023AC9F5
S31A00EBE8C8000242C90002428880165AC96B8C7BCD7BCD7B8D7BAE
S31A00EBE8DD8C7B8D7B8D83CE83CE7B8D00037B4D8018834C7B4CF6
S31A00EBE8F2830B834C834C830C830D830D7B0D6A8B51C841460028
S31A00EBE90703490600034905000648C5800850C548C5488440841A
S31A00EBE91C00034883000240438009384338423842304230000305
S31A00EBE93142280003812880048130C1300008C138802EC0308085
S31A00EBE946288028402840204020412801280120012001180118CD
S31A00EBE95B0018401800204018402000200030003000380038007E
S31A00EBE97048000300500007015801000358000002500080025026
S31A00EBE985010005504180045001480100044841802B4801400115
S31A00EBE99A40004000400240023801380038003840408048816069
S31A00EBE9AFC3610370C2AA89C2C8BA87CAC7C286C288C20004889A
S31A00EBE9C4BA000C87BA001B87B2000386B2800186000C8B4D00CC
S31A00EBE9D9088B8D000B8B8E80058B8F8BCF8B00038E8300048ECA
S31A00EBE9EE8B0007CF8B801BCF8391734F5A8C39C921481907196D
S31A00EBEA0348214919491949214A214A294A0003298A00022989E4
S31A00EBEA180003298A000229CA800231CA0003320B00053A0B0046
S31A00EBEA2D023A4B00023A0B00033A4B0002424B8002428B0003AC
S31A00EBEA424A8C0005428B000B428A000B42CA000842C900023AE9
S31A00EBEA57C9801E42C9428942884288630A73CC7BCD7BCD7B8DA4
S31A00EBEA6C7B8C7B8D7B8D7BCE83CE7B8E00037B4D8018834C7B3D
S31A00EBEA810C7B0C834C830C834C834D830C72CC62494987414630
S31A00EBEA960003490600034905800348C5400003C5488001C400B2
S31A00EBEAAB0348C50002488400024883800B4083404338433842F4
S31A00EBEAC0304230000342280002412800038128800181000430F4
S31A00EBEAD5C1000338C1803D38C038C138C03080288028402840B0
S31A00EBEAEA204020402801280120012001184118001840180018D9
S31A00EBEAFF40184020002000300030003800380048004800500089
S31A00EBEB14500150005000050158010005580000025001000450A7
S31A00EBEB294180045001480100054841800C40014000400040026A
S31A00EBEB3E400240010003380080164000404158C360C470C391B9
S31A00EBEB53C7C2C9BA88CA86C286C2880004C2870003BA880004B0
S31A00EBEB68C2870006BA87001AB2870004B248000C8B4D00088B4F
S31A00EBEB7D8D000B8B8E800B8B8F8BCF8BCE8B8E838E8300038E4B
S31A00EBEB928B0002CE8B0007CF8B8013D183906B0E524B318921CE
S31A00EBEBA70819492189194919490003214A0002294A0005298AF5
S31A00EBEBBC8001290003CA318001CA0003320B00093A0B00033A95
S31A00EBEBD14B0002424B8006428B4A8C4A8C0004428B0010428AB8
S31A00EBEBE6000642CA000742C900034289800E3A893AC942893ADE
S31A00EBEBFB8842884AC96B4B00037BCD00047B8D80067BCE83CE82
S31A00EBEC107B8E00037B4D80187B4C7B0C7B0B834C830C834C830E
S31A00EBEC254D7B0C6A8A51C84187394600064905000240C5000264
S31A00EBEC3A40C48024408448C448C548C5488448844883488340D4
S31A00EBEC4F83404338433842304230022842284228412841000476
S31A00EBEC6428818008308030C030C030C1000438C0802F38C1381C
S31A00EBEC79C0308030802840284020402040280128012001200151
S31A00EBEC8E1841180018401800184018402000200028003000381F
S31A00EBECA300380003004801000250008001500003015801000562
S31A00EBECB8580000025000000350010003504180045001480100A6
S31A00EBECCD054841000240018009400040014001400040000400A1
S31A00EBECE2380180165042588368837904C2C9BA88C286C286C269
S31A00EBECF788C287C2870009BA880005BA87001CB2870003B2481A
S31A00EBED0C000C8B4D00088B8D000B8B8E80088B8F93CF8BCF8BF0
S31A00EBED21CE00038B8E80048BCE8BCF00038BCE00058BCF00020E
S31A00EBED368BD0800C7B8F62CD420A318821482148000421490072
S31A00EBED4B02214A0002294A0003298A8001290004CA318006CA31
S31A00EBED60320A320A3200060B3A00050A3A00024B3A00024B4259
S31A00EBED7580038B4A8C0003428B8004424B428B0003428A000235
S31A00EBED8A3A8A0005428A800242890007428A000B428900023ABC
S31A00EBED9F8980163A883A893A89428842884A885B0A738C7C0EB3
S31A00EBEDB47BCC7BCC00047B8D00027BCD80207B8E7B4D7B4C7BC2
S31A00EBEDC94D7B4C7B0C7B0C7B4C7B0C834D834D72CB5A49498784
S31A00EBEDDE4146394600064105000240C5000240C4801740844035
S31A00EBEDF3C448C548C548C44084408340833883388330433000CD
S31A00EBEE080442288001420003204100032081000228808023304E
S31A00EBEE1D8030C138C038C138C038C038C138C0308130802880A3
S31A00EBEE32284020402040280128012001200003011801000318E7
S31A00EBEE47000002200000022800000230010002400000024800BA
S31A00EBEE5C800350005000030158010007580000045001800250AA
S31A00EBEE7141000350010005484100054001000240008018400117
S31A00EBEE863800380238014002480360436083B248BAC9C2C6C201
S31A00EBEE9B86000DBA880004BA87000EB2878002B247000EB2874E
S31A00EBEEB00002B285000C8B4D00088B8D000B8B8E80028B8F005F
S31A00EBEEC5048BCF00038B8E00058BCE00048BCF00028BD0800E26
S31A00EBEEDA83D17B8F5ACD420A218919482189000321490002211C
S31A00EBEEEF4A0002294A0003298A8001290006CA318004CA320A73
S31A00EBEF043200030A3A00020B3A00050A3A00024B3A00024B42E8
S31A00EBEF1900048B4200024B4280018B00033A8A800A3A4A3A8AED
S31A00EBEF2E3A8A428A428A00033A89000442890003428A000842D3
S31A00EBEF438900023A8900043A8800023A8900024288803852C950
S31A00EBEF58634B73CD7BCD7BCC7BCC7B8D7BCD7B8D83CD7BCD7B84
S31A00EBEF6DCD838E7B4D7B4C7B4C7B0C730C7B0C7B4C7B0C7B4CC8
S31A00EBEF827B0C6A8A51C841864146414600054105000240C500CE
S31A00EBEF970340C400024084000248C4800F4884408440834083F4
S31A00EBEFAC388338423043300004422880014200042041000220CF
S31A00EBEFC1810002288000023080000230C0000338C08015388033
S31A00EBEFD63081308028802840204020402801280120012000036E
S31A00EBEFEB0118010003180000022000000228000002300100026A
S31A00EBF00040000002480080075000500150005000080058010057
S31A00EBF015045001800850415001504150010005484180044801F9
S31A00EBF02A40410003400100024000800240010003380000024099
S31A00EBF03F020002580280089184BAC9C2C6C286000DBA8800042A
S31A00EBF054BA87001BB2870004B285000C8B4D00088B8D000B8B4C
S31A00EBF0698E800A8B8F8B8E8BCF93CF8BCF00058B8E00038BCEC6
S31A00EBF07E00068BCF801C8C1083CF734E528B31C92147298921CF
S31A00EBF0934821492149214A214A294A294B000329898005298AB1
S31A00EBF0A829CA290005CA318001CA0003320A00023A0A00023242
S31A00EBF0BD0A00033A0A00043A4A0003424B0003424A8002428A07
S31A00EBF0D200053A4A00023A8A8002428A00053A89000342890005
S31A00EBF0E70C3A8900043A8800024288800B424842885B0A738C7F
S31A00EBF0FC7BCD7300048C7B0004CD8380098D838E7B4D7B4C73CB
S31A00EBF1114C0003730C80127B4C7B4D730C6ACB5A4949C741461B
S31A00EBF1263946418600064105800240C5000340C400034084807C
S31A00EBF13B0940C44084408438833800038330800143000528425D
S31A00EBF15000052041800220810003288000023080000638808095
S31A00EBF1650330803000044028800201280004012001000218006A
S31A00EBF17A0004200080082800280130013001000440008007481D
S31A00EBF18F004801500150000301580100055800000650018004FB
S31A00EBF1A4504150010006484100024041800148000500408001E2
S31A00EBF1B90100033800800E3802480248026881AA89BAC7BAC79A
S31A00EBF1CE0005BA870008BA880004BA87000DB2870002B2480024
S31A00EBF1E310B287000C8B4D00088B8D000B8B8E800B8B8F838EFF
S31A00EBF1F88BCE8BCF8BCF8B00038E8300038E8B0003CE8B0005E8
S31A00EBF20DCF8B800DD08BD07BD0630D424B3188298900032149C9
S31A00EBF2220002214A8005294A294B21000689298003C929C900F6
S31A00EBF2370431CA0007320A00023A0A00053A4A0002424A000230
S31A00EBF24C3A4A0002424A00053A4A00023A8A8002428A00063ACD
S31A00EBF2618900024289000C3A8900043A88800F42883A88424817
S31A00EBF2764289634B73CD7BCD7300038C7B80018D000483CD8032
S31A00EBF28B0A7B8D838E7B4D734C734C0003730C80127B4C7B0CB2
S31A00EBF2A0730C628A52084186394539464186000641058002400A
S31A00EBF2B5C5000340C40006408480013800048330800143000584
S31A00EBF2CA284200062041000328800002308000063880800D3095
S31A00EBF2DF80304028402840204028012800040120010002180078
S31A00EBF2F4000420008008280028013001300100044000800748A2
S31A00EBF30900480150015000040158010004580000065001800380
S31A00EBF31E5041500003014800034148000241408002414800059D
S31A00EBF333004001000438000002480180085000AA89BAC7BAC7FF
S31A00EBF3480012BA87001EB287000F8B4D00078B8D00098B8E806D
S31A00EBF35D068B8F8BCE8BCE00068B8E802A8BCF93CF8BCF8B8EE0
S31A00EBF3728B8E93CF93CF8BCF8BCE940F8BCF8BCF83CF83CF5AB0
S31A00EBF387CC39C8298829882989214821490003214A00062989A6
S31A00EBF39C800B29C929CA29C931CA320A3A00060A3200030A3A0F
S31A00EBF3B1000A4A3A000C493A0010893A0005883A8019884A89AB
S31A00EBF3C63A4742485B0A738C7BCD7BCD7BCC7B8C7B8C838C835B
S31A00EBF3DBCC000383CD800683CE838D7B4C0004730C80186B0CCD
S31A00EBF3F0730C734D6ACB524941C73946394539464186414541F6
S31A00EBF4054500044105000438C40002388400044084800130003B
S31A00EBF41A0383288001420003284380052842204220000342282F
S31A00EBF42F0004812880018000033081801238803881408040C1B1
S31A00EBF444408040804081388038800003304000023000800230BA
S31A00EBF45901000928000004300100044000000248000002500165
S31A00EBF46E0006580100025800000650018003480150000501481E
S31A00EBF4838002414800064140010003400000043800800A3801AE
S31A00EBF49840006902B308AB070013BA87001CB2878002AAC500BC
S31A00EBF4AD0F8B4D00078B8D00098B8E80028B8F00078B8E802ACB
S31A00EBF4C28BCE838E8BCE8BCF8B8E8B8E8BCF93CF8BCF8BCE94F2
S31A00EBF4D70F8BCF8BCE83D08C10738F5ACC31C9298821492149D7
S31A00EBF4EC0004214A00062989800829C929CA29C931CA0008325F
S31A00EBF5010A00033A0A00093A4A80043A493A0900103A49000A3F
S31A00EBF5163A8900063A888008428842484A89634B00047BCD00BB
S31A00EBF52B027B8C800283CC000383CD000283CE8006838D7B4DFC
S31A00EBF5407B4C0003730C00026B0C8008730C628B5208418600EE
S31A00EBF555033945800639464145414500044105000438C40002D2
S31A00EBF56A388480094084388440844084300003832880014200AD
S31A00EBF57F0328438005284220422000034228000481288001808C
S31A00EBF594000330818006388038814080000340C10002408180BF
S31A00EBF5A908388138803040304000083041000228010006300128
S31A00EBF5BE000440000002480000025001000258010006580000AD
S31A00EBF5D3045001800348015000070148800241480007414001DD
S31A00EBF5E80003400000033800800A400048005880A2C7B3080091
S31A00EBF5FD13BA87001CB2878002AA85000F8B4D00078B8D00099F
S31A00EBF6128B8E80028B8F00058B8E00028BCE80328BCF834D8B5D
S31A00EBF6278E8BCE8B8E8B8E8BCE8BCF8BCF93CE93CF8BCF8BCE41
S31A00EBF63C8BCF8C0F83CF738E4A4B39C821482948298A2989218A
S31A00EBF6514A218A00062989000329C9800231C90003320A000254
S31A00EBF66631C98006320A3209320900033A0A00053A4A80043ADE
S31A00EBF67B493A4A00033A4980023A0900103A4900083A8900080B
S31A00EBF6903A88800B42484A885ACA6B8C7BCD7B0003CD83000298
S31A00EBF6A58C830002CC830004CD83801E8D834D7B4C730C730CEB
S31A00EBF6BA6B0C6B0C62CC62CC524A41C839463145314539453141
S31A00EBF6CF0003454100030539800105000538C4000538848001A2
S31A00EBF6E43000038328800782288328432843000728420002281D
S31A00EBF6F9410002304100023881000340810006488180064081C2
S31A00EBF70E404038400008404100083801000440010002480100A3
S31A00EBF72304500100025801000450000004500100084801000234
S31A00EBF73848410007404100044000000338000002408080047283
S31A00EBF74D049B490014BA87001CB287000F8B4D00078B8D000915
S31A00EBF7628B8E80028B8F00048B8E80028BCE00038BCF80308364
S31A00EBF7774D8B8E8BCF8BCF8B8E8B8E8BCE8BCF8BCE93CF8BCF78
S31A00EBF78C8BCE83CE8BCF83D083CF630D420A2948214829892165
S31A00EBF7A149214A298A00072989000329C9000531C98002320A90
S31A00EBF7B60003320900033A0A00043A4A00033A4900033A0980F4
S31A00EBF7CB01320010493A0006893A0009883A8008884248528969
S31A00EBF7E0634B730003CD7B8004CC83CC7B00038C838001CC003E
S31A00EBF7F50483CD801F834D7B4D7B4C730C6B0C6B0C62CC62CBF4
S31A00EBF80A5A8B4A09398731463145394639453100034541000359
S31A00EBF81F0539800105000438C4000338840003388380013000F1
S31A00EBF834038328800782288328432843000728420002284100BA
S31A00EBF84902304100023881000340810006488100024081000D28
S31A00EBF85E4041000840010002480100045001000258010004508B
S31A00EBF873000004500100084801000240010007404100054000D9
S31A00EBF88800033800800638406141A34A0013BA87001CB2878089
S31A00EBF89D02A249000F8B4D00078B8D00098B8E80028B8F0004B0
S31A00EBF8B28B8E80028BCE00038BCF8004838E8B8E00038BCF00F4
S31A00EBF8C7028B8E80088BCF8B8E93CF93CF00038BCE000283CFB1
S31A00EBF8DC80117B8F5A8B31C82947214821482189218A290003EA
S31A00EBF8F189218003892988000429898001290006C9318001C900
S31A00EBF9060003320980023A0A000C3A090004324900123A490094
S31A00EBF91B023A8800043A4800043A88800A42475ACA738C7BCE57
S31A00EBF93083CD00037B8C80107B8B7B8C838C83CC83CD83CC7B62
S31A00EBF9458C7B8C00037B4C800E730B6B0C6B0C62CC5A8B4A4ABE
S31A00EBF95A41C8000331468005398639453100034539000305396F
S31A00EBF96F800104000538C480023884000438830004288300045C
S31A00EBF98428430003284200033042000330410002384180094078
S31A00EBF9998140414081488148000581500002814880014100032E
S31A00EBF9AE4840000250408002484000034800000E4801000D5030
S31A00EBF9C3010009480100044001000540410006400000023800A0
S31A00EBF9D80002408080046141A34A0013BA87001BB28780029199
S31A00EBF9ED92000F8B4D00078B8D00098B8E80028B8F00058B8EA0
S31A00EBFA0200028BCE802E8BCF8BCE8B8E8B8E8BCF8BCF8B8E8BB8
S31A00EBFA178E8BCE8B8E93CE93CF93CF8BCF8BCF8C0F8C10841045
S31A00EBFA2C6B4D4A4B3188214821480003218900032188800229F8
S31A00EBFA418800042989000529C9000231C90005320900063A0905
S31A00EBFA5680063209320832080003320900053249000C3A490028
S31A00EBFA6B083A488001320003483A0002883A800B884A88630BBC
S31A00EBFA807BCD7BCE7BCD00037B8C80107B8B838C838C83CC8317
S31A00EBFA95CD83CC7B8C7B8C00037B4C800E6ACB62CB6ACC5ACB2C
S31A00EBFAAA524A41C83987000331460002398600033945000339F9
S31A00EBFABF0580023904000438C4800238840003388300023083CC
S31A00EBFAD4000428830004284300032842000330420003304100B8
S31A00EBFAE9023841800940814041408148814800068150800D811A
S31A00EBFAFE484148414840484050404840000448000002504100E9
S31A00EBFB130C48010004500100065000000250010003480100034A
S31A00EBFB28480000044801000440010006404100064000000238F6
S31A00EBFB3D00800640806141A34A0013BA87001BB287800299D456
S31A00EBFB52000F8B4D00078B8D00098B8E80028B8F00078B8E8049
S31A00EBFB67328BCE8BCF838E834D8B8E8BCF8BCE8B8E8BCE8B8E7B
S31A00EBFB7C8B8E93CF93CF940F8BCF8C0F8C0F84107BCF630D42E3
S31A00EBFB9109298829882189214800052188000229888004298959
S31A00EBFBA62988000329C9000229C8000231C90008320900023A45
S31A00EBFBBB090002320900033208000432090005324900023A497D
S31A00EBFBD000063A4800023A4900063A480004324880023A480018
S31A00EBFBE5033A88800F5ACA6B4C7BCD7BCD7B8C7B8C838C7B00C3
S31A00EBFBFA038C83802FCD8BCD83CD83CD7B8D7B8C7B4C834D7B5E
S31A00EBFC0F4C6ACB62CB62CB528B4A093187318629462946314521
S31A00EBFC243186398639853945394500033905800339043800036E
S31A00EBFC39C4308003C4388400043083800230430004288300046F
S31A00EBFC4E2843800328022800054230800641304138413800030D
S31A00EBFC634140800941484150415081504100055081000250416B
S31A00EBFC7880025040000C50000003480000044801000850010027
S31A00EBFC8D044800000250010002480100044800000448010004EA
S31A00EBFCA240010007404100064000800A3800408040806141BBAE
S31A00EBFCB78A0013BA87001BB287000F8B4D00078B8D00098B8EED
S31A00EBFCCC80068B8F8BCE8BCE00068B8E80308BCF834D7B4C839D
S31A00EBFCE18E8BCF8BCF8BCE8BCF93CF93CF8BCE93CF8BCF8BCEF6
S31A00EBFCF683CF8BCF83CF8C1073D04A8B29C929C9218919480067
S31A00EBFD0B05218800022988801229892988298829C929C929C816
S31A00EBFD2029C829C931C90008320900023A098002320900053284
S31A00EBFD3508000432090004324900023A4900063A4800023A4970
S31A00EBFD4A00063A480004324880023A4800033A88800B630B7378
S31A00EBFD5F8D840E7BCD7B8C7B00048C838001CC00038BCD0002F8
S31A00EBFD7483CD80247B8C7B4C838D7B4D6ACB5A8B5A8B524A4113
S31A00EBFD89C8294629462945294531453146398539863945000406
S31A00EBFD9E390580033904380003C4308003C43884000330830079
S31A00EBFDB3023043000428830004284380032802280005423080EB
S31A00EBFDC806413041384138000341408005414841504100045014
S31A00EBFDDD8100025881000250818006504150405040000A500060
S31A00EBFDF20004480000044801000850010004480000025001007A
S31A00EBFE070248010006480000044000000A404100054000000246
S31A00EBFE1C3800800640806141A3080013BA87001BB2877F7F7FF0
S31400EBFE317F7F050000454E445F58494D47000063
S70500E8000012
